2d0e03 00000020 682d0e43
[  423.673177] KGSL_DIAG      00000020 682d0e63 00000020 682d0e83
[  423.673188] KGSL_DIAG      00000020 00000000 00000000 00000002
[  423.673200] KGSL_DIAG      00000de1 00000000 00000000 00000000
[  423.673212] KGSL_DIAG  +0ed8 T3 op=0x22 cnt=3 hdr=c0022200
[  423.673223] KGSL_DIAG      00000000 00004085 00000004 00000000
[  423.673235] KGSL_DIAG  +0ee8 T3 op=0x2d cnt=13 hdr=c00c2d00
[  423.673247] KGSL_DIAG      00010078 682d0ea3 00000020 682d0ee3
[  423.673258] KGSL_DIAG      00000020 682d0f03 00000020 682d0f23
[  423.673270] KGSL_DIAG      00000020 2e2078c8 2e20ef50 36c8bd68
[  423.673281] KGSL_DIAG      2e2078c8 00000000 00000000 00000000
[  423.673293] KGSL_DIAG  +0f20 T3 op=0x22 cnt=3 hdr=c0022200
[  423.673305] KGSL_DIAG      00000000 00004085 00000004 00000000
[  423.673316] KGSL_DIAG  +0f30 T3 op=0x2d cnt=5 hdr=c0042d00
[  423.673328] KGSL_DIAG      0000008c 3f800000 00000000 00000000
[  423.673339] KGSL_DIAG      00000000 00000000 00000000 00000000
[  423.673351] KGSL_DIAG  +0f48 T3 op=0x2d cnt=7 hdr=c0062d00
[  423.673363] KGSL_DIAG      00010078 682d0f43 000002c0 682d1203
[  423.673374] KGSL_DIAG      000002c0 2c3fc5a0 000000c4 00000000
[  423.673386] KGSL_DIAG  +0f68 T3 op=0x2b cnt=26 hdr=c0192b00
[  423.673398] KGSL_DIAG      00000000 00000018 00254003 00001000
[  423.673409] KGSL_DIAG      c2000000 00001007 00001000 c4000000
[  423.673421] KGSL_DIAG      00000008 00002000 00000000 1b480000
[  423.673433] KGSL_DIAG      00253fff 00000008 11481000 40253fc8
[  423.673445] KGSL_DIAG      00000008 14070000 00310000 8b010102
[  423.673456] KGSL_DIAG      14070000 002c0000 ab010000 148f803e
[  423.673468] KGSL_DIAG      00000000 e2000000 00000000 00000000
[  423.673480] KGSL_DIAG  +0fd4 T3 op=0x2d cnt=2 hdr=c0012d00
[  423.673491] KGSL_DIAG      00040316 0000028f 00000000 00000000
[  423.673503] KGSL_DIAG  +0fe0 T3 op=0x2d cnt=2 hdr=c0012d00
[  423.673514] KGSL_DIAG      00040180 10038001 00000000 00000000
[  423.673526] KGSL_DIAG  +0fec T3 op=0x2d cnt=13 hdr=c00c2d00
[  423.673538] KGSL_DIAG      00000080 3b000000 00000000 00000000
[  423.673549] KGSL_DIAG      00000000 00000000 bb2aaaab 00000000
[  423.673561] KGSL_DIAG      00000000 be2a0000 3f76aaab 3f800000
[  423.673572] KGSL_DIAG      00000000 00000000 00000000 00000000
[  423.673584] KGSL_DIAG  +1024 T3 op=0x22 cnt=5 hdr=c0042200
[  423.673596] KGSL_DIAG      00000000 00004006 00000084 682d14c0
[  423.673607] KGSL_DIAG      00000108 00000000 00000000 00000000
[  423.673619] KGSL_DIAG  +103c T3 op=0x2d cnt=5 hdr=c0042d00
[  423.673630] KGSL_DIAG      00000080 3f800000 00000000 00000000
[  423.673642] KGSL_DIAG      00000000 00000000 00000000 00000000
[  423.673654] KGSL_DIAG  +1054 T3 op=0x2d cnt=13 hdr=c00c2d00
[  423.673665] KGSL_DIAG      00010078 682d15e3 00000020 682d1623
[  423.673677] KGSL_DIAG      00000020 682d1643 00000020 682d1663
[  423.673689] KGSL_DIAG      00000020 00000006 2e20a300 00000010
[  423.673700] KGSL_DIAG      00000000 00000000 00000000 00000000
[  423.673712] KGSL_DIAG  +108c T3 op=0x2b cnt=32 hdr=c01f2b00
[  423.673724] KGSL_DIAG      00000000 0000001e 02556003 00001000
[  423.673736] KGSL_DIAG      c2000000 00001009 00001000 c4000000
[  423.673747] KGSL_DIAG      0000000a 00002000 00000000 1b481000
[  423.673759] KGSL_DIAG      00263e88 00000000 15482000 40263e88
[  423.673784] KGSL_DIAG      00000000 11583000 40263e88 00000000
[  423.673796] KGSL_DIAG      11484000 40253fc8 00000008 14070000
[  423.673807] KGSL_DIAG      00003100 eb020403 14070000 00002c00
[  423.673819] KGSL_DIAG      eb010400 140bc03e 00c0c000 e2000000
[  423.673831] KGSL_DIAG  +1110 T3 op=0x2d cnt=2 hdr=c0012d00
[  423.673843] KGSL_DIAG      00040316 0000028f 00000000 00000000
[  423.673854] KGSL_DIAG  +111c T3 op=0x2d cnt=2 hdr=c0012d00
[  423.673866] KGSL_DIAG      00040180 10038004 00000000 00000000
[  423.673885] KGSL_DIAG  +1128 T3 op=0x22 cnt=3 hdr=c0022200
[  423.673896] KGSL_DIAG      00000000 00004085 00000004 00000000
[  423.673908] KGSL_DIAG  +1138 T3 op=0x2d cnt=13 hdr=c00c2d00
[  423.673920] KGSL_DIAG      00010078 682d1683 00000020 682d16c3
[  423.673931] KGSL_DIAG      00000020 682d16e3 00000020 682d1703
[  423.673943] KGSL_DIAG      00000020 36c8bd68 2e2078c8 2c671450
[  423.673955] KGSL_DIAG      2e2078c8 00000000 00000000 00000000
[  423.673966] KGSL_DIAG  +1170 T3 op=0x22 cnt=3 hdr=c0022200
[  423.673978] KGSL_DIAG      00000000 00004085 00000004 00000000
[  423.673989] KGSL_DIAG  +1180 T3 op=0x2d cnt=13 hdr=c00c2d00
[  423.674001] KGSL_DIAG      00010078 682d1723 00000020 682d1763
[  423.674013] KGSL_DIAG      00000020 682d1783 00000020 682d17a3
[  423.674024] KGSL_DIAG      00000020 36b97a30 36c8bf60 00000001
[  423.674036] KGSL_DIAG      00000015 00000000 00000000 00000000
[  423.674048] KGSL_DIAG  +11b8 T3 op=0x22 cnt=3 hdr=c0022200
[  423.674059] KGSL_DIAG      00000000 00004085 00000004 00000000
[  423.674071] KGSL_DIAG  +11c8 T3 op=0x2d cnt=2 hdr=c0012d00
[  423.674082] KGSL_DIAG      00040209 00000000 00000000 00000000
[  423.674094] KGSL_DIAG  +11d4 T0 reg=0x0c00 cnt=1
[  423.674105] KGSL_DIAG  +11dc T3 op=0x46 cnt=1 hdr=c0004600
[  423.674116] KGSL_DIAG      00000006 00000000 00000000 00000000
[  423.674128] KGSL_DIAG  +11e4 T3 op=0x52 cnt=4 hdr=c0035200
[  423.674140] KGSL_DIAG      000005d0 00000000 5f601000 00000001
[  423.674152] KGSL_DIAG  +11f8 T3 op=0x26 cnt=1 hdr=c0002600
[  423.674163] KGSL_DIAG      00000000 00000000 00000000 00000000
[  423.674187] kgsl kgsl: |kgsl_yamato_rbbm_intrcallback| rbbm read error interrupt: c00005fc
[  423.674200] KGSL_DIAG  RBBM_STATUS=0x00000000
[  423.674210] KGSL_DIAG  CYCLECTR[0x0ee2]=0x1502c2c2
[  423.674219] KGSL_DIAG  LRZ_VSC_CONTROL[0x2209]=0x00000001
[  423.674230] KGSL_DIAG  SQ_GPR_MANAGEMENT[0x0d00]=0x0007f010
[  423.674249] kgsl kgsl: |kgsl_yamato_rbbm_intrcallback| rbbm read error interrupt: c0003000
[  423.674263] KGSL_DIAG  VSC[0x0c00]=0x00000000
[  423.674273] KGSL_DIAG  VSC[0x0c01]=0x00000108
[  423.674351] KGSL_DIAG  VSC[0x0c02]=0x660b4080
[  423.674368] KGSL_DIAG    vis-stream @0x660b4080:
[  423.674379] KGSL_DIAG      0000002c 00000008 00000008 00000018
[  423.674390] KGSL_DIAG      00000018 00000008 00000008 00000018
[  423.674401] KGSL_DIAG      00000000 00000000 00000000 00000000
[  423.674412] KGSL_DIAG      00000000 00000000 00000000 00000000
[  423.674422] KGSL_DIAG      00000000 00000000 00000000 00000000
[  423.674433] KGSL_DIAG      00000000 00000000 00000000 00000000
[  423.674443] KGSL_DIAG      00000000 00000000 00000000 00000000
[  423.674454] KGSL_DIAG      00000000 00000000 00000000 00000000
[  423.674465] KGSL_DIAG  VSC[0x0c03]=0x00000000
[  423.674475] KGSL_DIAG  VSC[0x0c04]=0x00000000
[  423.674484] KGSL_DIAG  VSC[0x0c05]=0x00000000
[  423.674495] KGSL_DIAG  VSC[0x0c06]=0x01200000
[  423.674512] KGSL_DIAG  VSC[0x0c07]=0x660b5000
[  423.674529] KGSL_DIAG    vis-stream @0x660b5000:
[  423.674540] KGSL_DIAG      4d06c8e6 a2807e74 844cc899 c8844cc8
[  423.674552] KGSL_DIAG      4cc8844c 844cc884 c8844cc8 4cc8844c
[  423.674563] KGSL_DIAG      844cc884 c8844cc8 0000874c 00000069
[  423.674574] KGSL_DIAG      00000000 00000000 00000000 00000000
[  423.674584] KGSL_DIAG      00000000 00000000 00000000 00000000
[  423.674595] KGSL_DIAG      00000000 00000000 00000000 00000000
[  423.674613] KGSL_DIAG      00000000 00000000 00000000 00000000
[  423.674624] KGSL_DIAG      00000000 00000000 00000000 00000000
[  423.674634] KGSL_DIAG  VSC[0x0c08]=0x00040000
[  423.674652] KGSL_DIAG  VSC[0x0c09]=0x01100400
[  423.674669] KGSL_DIAG  VSC[0x0c0a]=0x66cf5000
[  423.674686] KGSL_DIAG    vis-stream @0x66cf5000:
[  423.674697] KGSL_DIAG      3603de7b 00003080 842634a1 45139ad0
[  423.674708] KGSL_DIAG      2e0059de 00000000 a1094d68 d0842634
[  423.674719] KGSL_DIAG      d740139a 0000e014 a145139a 428b2634
[  423.674731] KGSL_DIAG      8226b468 162d5ab4 00a4458b 00000000
[  423.674742] KGSL_DIAG      00000000 00000000 00000000 00000000
[  423.674752] KGSL_DIAG      00000000 00000000 00000000 00000000
[  423.674763] KGSL_DIAG      00000000 00000000 00000000 00000000
[  423.674774] KGSL_DIAG      00000000 00000000 00000000 00000000
[  423.674784] KGSL_DIAG  VSC[0x0c0b]=0x00040000
[  423.674802] KGSL_DIAG  VSC[0x0c0c]=0x01100401
[  423.674820] KGSL_DIAG  VSC[0x0c0d]=0x66d35000
[  423.674836] KGSL_DIAG    vis-stream @0x66d35000:
[  423.674847] KGSL_DIAG      90c900c4 0000f802 405ab468 a4458b16
[  423.674858] KGSL_DIAG      000069d1 00000040 00000000 00000000
[  423.674869] KGSL_DIAG      00000000 00000000 00000000 00000000
[  423.674879] KGSL_DIAG      00000000 00000000 00000000 00000000
[  423.674890] KGSL_DIAG      00000000 00000000 00000000 00000000
[  423.674901] KGSL_DIAG      00000000 00000000 00000000 00000000
[  423.674911] KGSL_DIAG      00000000 00000000 00000000 00000000
[  423.674922] KGSL_DIAG      00000000 00000000 00000000 00000000
[  423.674933] KGSL_DIAG  VSC[0x0c0e]=0x00040000
[  423.674950] KGSL_DIAG  VSC[0x0c0f]=0x01200800
[  423.674968] KGSL_DIAG  VSC[0x0c10]=0x66d75000
[  423.674984] KGSL_DIAG    vis-stream @0x66d75000:
[  423.674995] KGSL_DIAG      72ddf77d 13322113 21133221 32211332
[  423.675007] KGSL_DIAG      0b702c03 000000a0 a8844aa8 3c23804a
[  423.675017] KGSL_DIAG      0000c01b c0bb012a 00000000 00000000
[  423.675028] KGSL_DIAG      00000000 00000000 00000000 00000000
[  423.675039] KGSL_DIAG      00000000 00000000 00000000 00000000
[  423.675049] KGSL_DIAG      00000000 00000000 00000000 00000000
[  423.675060] KGSL_DIAG      00000000 00000000 00000000 00000000
[  423.675071] KGSL_DIAG      00000000 00000000 00000000 00000000
[  423.675081] KGSL_DIAG  VSC[0x0c11]=0x00040000
[  423.675099] KGSL_DIAG  VSC[0x0c12]=0x01200002
[  423.675116] KGSL_DIAG  VSC[0x0c13]=0x66db5000
[  423.675133] KGSL_DIAG    vis-stream @0x66db5000:
[  423.675144] KGSL_DIAG      066cdff7 ac1b6a5b 13322147 27133221
[  423.675155] KGSL_DIAG      8c08a01b 00000060 842634a1 42139ad0
[  423.675167] KGSL_DIAG      a1094d68 00872634 10202020 49760000
[  423.675178] KGSL_DIAG      5c415c41 49760000 06ff5c41 00000000
[  423.675189] KGSL_DIAG      6c002e42 73006900 0f007400 00005400
[  423.675200] KGSL_DIAG      ffffffff ffffffff 0000ffff ffffffff
[  423.675235] KGSL_DIAG      61007001 6b006300 0f006100 00675400
[  423.675246] KGSL_DIAG      005f0065 00610063 00000063 00650068
[  423.675257] KGSL_DIAG  VSC[0x0c14]=0x00040000
[  423.675276] KGSL_DIAG  VSC[0x0c15]=0x01100402
[  423.675294] KGSL_DIAG  VSC[0x0c16]=0x66df5000
[  423.675311] KGSL_DIAG    vis-stream @0x66df5000:
[  423.675322] KGSL_DIAG      90c900c4 0000f802 2634a133 719ad084
[  423.675340] KGSL_DIAG      73ba1000 00000000 6842139a 34a1094d
[  423.675351] KGSL_DIAG      9ad08426 00005d74 00000000 00000000
[  423.675362] KGSL_DIAG      00000000 00000000 00000000 00000000
[  423.675372] KGSL_DIAG      00000000 00000000 00000000 00000000
[  423.675383] KGSL_DIAG      00000000 00000000 00000000 00000000
[  423.675394] KGSL_DIAG      00000000 00000000 00000000 00000000
[  423.675405] KGSL_DIAG      00000000 00000000 00000000 00000000
[  423.675415] KGSL_DIAG  VSC[0x0c17]=0x00040000
[  423.675433] KGSL_DIAG  VSC[0x0c18]=0x01100403
[  423.675451] KGSL_DIAG  VSC[0x0c19]=0x66e35000
[  423.675467] KGSL_DIAG    vis-stream @0x66e35000:
[  423.675478] KGSL_DIAG      fa0c78ef 0000c000 00000000 00000000
[  423.675488] KGSL_DIAG      00000000 00000000 00000000 00000000
[  423.675499] KGSL_DIAG      00000000 00000000 00000000 00000000
[  423.675510] KGSL_DIAG      00000000 00000000 00000000 00000000
[  423.675520] KGSL_DIAG      00000000 00000000 00000000 00000000
[  423.675531] KGSL_DIAG      00000000 00000000 00000000 00000000
[  423.675542] KGSL_DIAG      00000000 00000000 00000000 00000000
[  423.675552] KGSL_DIAG      00000000 00000000 00000000 00000000
[  423.675563] KGSL_DIAG  VSC[0x0c1a]=0x00040000
[  423.675580] KGSL_DIAG  VSC[0x0c1b]=0x01200802
[  423.675598] KGSL_DIAG  VSC[0x0c1c]=0x66e75000
[  423.675615] KGSL_DIAG    vis-stream @0x66e75000:
[  423.675626] KGSL_DIAG      6a0ca8e6 122aa112 a1122aa1 2aa1122a
[  423.675637] KGSL_DIAG      00a96c2f 0000002e 00000000 00000000
[  423.675648] KGSL_DIAG      00000000 00000000 00000000 00000000
[  423.675658] KGSL_DIAG      00000000 00000000 00000000 00000000
[  423.675669] KGSL_DIAG      00000000 00000000 00000000 00000000
[  423.675679] KGSL_DIAG      00000000 00000000 00000000 00000000
[  423.675690] KGSL_DIAG      00000000 00000000 00000000 00000000
[  423.675701] KGSL_DIAG      00000000 00000000 00000000 00000000
[  423.675712] KGSL_DIAG  VSC[0x0c1d]=0x00040000
[  423.675729] KGSL_DIAG ==== end ts=83370 ====
[  423.675849] KGSL_DIAG ISSUEIBCMDS pid=2600 ts=83372 numibs=1 dwords=146 draws=27 bins=0
[  423.675902] KGSL_DIAG ISSUEIBCMDS pid=2600 ts=83374 numibs=1 dwords=156 draws=27 bins=0
[  423.675952] KGSL_DIAG ISSUEIBCMDS pid=2600 ts=83376 numibs=1 dwords=156 draws=27 bins=0
[  423.676001] KGSL_DIAG ISSUEIBCMDS pid=2600 ts=83378 numibs=1 dwords=156 draws=27 bins=0
[  423.676049] KGSL_DIAG ISSUEIBCMDS pid=2600 ts=83380 numibs=1 dwords=156 draws=27 bins=0
[  423.676098] KGSL_DIAG ISSUEIBCMDS pid=2600 ts=83382 numibs=1 dwords=156 draws=27 bins=0
[  423.676146] KGSL_DIAG ISSUEIBCMDS pid=2600 ts=83384 numibs=1 dwords=156 draws=27 bins=0
[  423.676196] KGSL_DIAG ISSUEIBCMDS pid=2600 ts=83386 numibs=1 dwords=156 draws=27 bins=0
[  423.676245] KGSL_DIAG ISSUEIBCMDS pid=2600 ts=83388 numibs=1 dwords=156 draws=27 bins=0
[  423.676293] KGSL_DIAG ISSUEIBCMDS pid=2600 ts=83390 numibs=1 dwords=156 draws=27 bins=0
[  423.676343] KGSL_DIAG ISSUEIBCMDS pid=2600 ts=83392 numibs=1 dwords=156 draws=27 bins=0
[  423.676398] KGSL_DIAG ISSUEIBCMDS pid=2600 ts=83394 numibs=1 dwords=156 draws=27 bins=0
[  423.676445] KGSL_DIAG ISSUEIBCMDS pid=2600 ts=83396 numibs=1 dwords=2 draws=0 bins=0
[  423.683995] KGSL_DIAG ISSUEIBCMDS pid=2600 ts=83399 numibs=1 dwords=1152 draws=25 bins=0
[  423.684017] KGSL_DIAG IB 0x67619d20 dwords=1152 depth=0
[  423.684031] KGSL_DIAG  +0000 T3 op=0x2d cnt=5 hdr=c0042d00
[  423.684045] KGSL_DIAG      00000080 3f800000 00000000 00000000
[  423.684059] KGSL_DIAG      00000000 00000000 00000000 00000000
[  423.684073] KGSL_DIAG  +0018 T3 op=0x2d cnt=13 hdr=c00c2d00
[  423.684086] KGSL_DIAG      00010078 682d17c3 00000020 682d17e3
[  423.684098] KGSL_DIAG      00000020 682d1803 00000020 682d1823
[  423.684111] KGSL_DIAG      00000020 00000006 2e20a300 00000010
[  423.684123] KGSL_DIAG      00000000 00000000 00000000 00000000
[  423.684137] KGSL_DIAG  +0050 T3 op=0x2b cnt=32 hdr=c01f2b00
[  423.684149] KGSL_DIAG      00000000 0000001e 02556003 00001000
[  423.684162] KGSL_DIAG      c2000000 00001009 00001000 c4000000
[  423.684177] KGSL_DIAG      0000000a 00002000 00000000 1b481000
[  423.684191] KGSL_DIAG      00263e88 00000000 15482000 40263e88
[  423.684204] KGSL_DIAG      00000000 11583000 40263e88 00000000
[  423.684221] KGSL_DIAG      11484000 40253fc8 00000008 14070000
[  423.684245] KGSL_DIAG      00003100 eb020403 14070000 00002c00
[  423.684265] KGSL_DIAG      eb010400 140bc03e 00c0c000 e2000000
[  423.684282] KGSL_DIAG  +00d4 T3 op=0x2d cnt=2 hdr=c0012d00
[  423.684294] KGSL_DIAG      00040316 0000028f 00000000 00000000
[  423.684306] KGSL_DIAG  +00e0 T3 op=0x2d cnt=2 hdr=c0012d00
[  423.684318] KGSL_DIAG      00040180 10038004 00000000 00000000
[  423.684330] KGSL_DIAG  +00ec T3 op=0x2d cnt=5 hdr=c0042d00
[  423.684343] KGSL_DIAG      0004010f 44000000 44000200 c3c00000
[  423.684356] KGSL_DIAG      43c00400 00000000 00000000 00000000
[  423.684368] KGSL_DIAG  +0104 T3 op=0x2d cnt=25 hdr=c0182d00
[  423.684380] KGSL_DIAG      00000080 3f800000 00000000 00000000
[  423.684392] KGSL_DIAG      00000000 00000000 bb2aaaab 00000000
[  423.684406] KGSL_DIAG      00000000 be2a0000 3f76aaab 3f800000
[  423.684418] KGSL_DIAG      00000000 3f800000 00000000 00000000
[  423.684431] KGSL_DIAG      00000000 3d4ccccd 3d124925 00000000
[  423.684443] KGSL_DIAG      00000000 3f800000 00000000 00000000
[  423.684455] KGSL_DIAG      00000000 00000000 00000000 00000000
[  423.684469] KGSL_DIAG  +016c T0 reg=0x0e00 cnt=1
[  423.684480] KGSL_DIAG  +0174 T3 op=0x2d cnt=4 hdr=c0032d00
[  423.684493] KGSL_DIAG      00040000 00000100 00000205 00000000
[  423.684507] KGSL_DIAG  +0188 T3 op=0x2d cnt=2 hdr=c0012d00
[  423.684519] KGSL_DIAG      00040301 00000000 00000000 00000000
[  423.684534] KGSL_DIAG  +0194 T3 op=0x2d cnt=2 hdr=c0012d00
[  423.684547] KGSL_DIAG      0004020a 88888888 00000000 00000000
[  423.684564] KGSL_DIAG  +01a0 T3 op=0x2d cnt=7 hdr=c0062d00
[  423.684584] KGSL_DIAG      0004010f 44000000 44000200 c3c00000
[  423.684600] KGSL_DIAG      43c00400 3efffee0 3efffee0 00000000
[  423.684613] KGSL_DIAG  +01c0 T3 op=0x2d cnt=2 hdr=c0012d00
[  423.684625] KGSL_DIAG      00040206 0000043f 00000000 00000000
[  423.684642] KGSL_DIAG  +01cc T3 op=0x2d cnt=5 hdr=c0042d00
[  423.684653] KGSL_DIAG      00040303 411aaaab 3f800000 40e00000
[  423.684665] KGSL_DIAG      3f800000 00000000 00000000 00000000
[  423.684677] KGSL_DIAG  +01e4 T3 op=0x2d cnt=2 hdr=c0012d00
[  423.684688] KGSL_DIAG      00040302 00000001 00000000 00000000
[  423.684702] KGSL_DIAG  +01f0 T3 op=0x2d cnt=2 hdr=c0012d00
[  423.684714] KGSL_DIAG      00040205 00080000 00000000 00000000
[  423.684727] KGSL_DIAG  +01fc T3 op=0x26 cnt=1 hdr=c0002600
[  423.684739] KGSL_DIAG      00000000 00000000 00000000 00000000
[  423.684752] KGSL_DIAG  +0204 T3 op=0x2d cnt=2 hdr=c0012d00
[  423.684764] KGSL_DIAG      00040200 00700798 00000000 00000000
[  423.684777] KGSL_DIAG  +0210 T3 op=0x2d cnt=3 hdr=c0022d00
[  423.684790] KGSL_DIAG      00040081 80000000 03000400 00000000
[  423.684803] KGSL_DIAG  +0220 T3 op=0x2d cnt=3 hdr=c0022d00
[  423.684815] KGSL_DIAG      0004000e 00000000 03000400 00000000
[  423.684828] KGSL_DIAG  +0230 T0 reg=0x0c00 cnt=1
[  423.684841] KGSL_DIAG  +0238 T3 op=0x2d cnt=2 hdr=c0012d00
[  423.684853] KGSL_DIAG      00040209 00000003 00000000 00000000
[  423.684866] KGSL_DIAG  +0244 T3 op=0x26 cnt=1 hdr=c0002600
[  423.684877] KGSL_DIAG      00000000 00000000 00000000 00000000
[  423.684889] KGSL_DIAG  +024c T0 reg=0x0d00 cnt=1
[  423.684900] KGSL_DIAG  +0254 T3 op=0x22 cnt=3 hdr=c0022200
[  423.684911] KGSL_DIAG      00000000 00004085 00000004 00000000
[  423.684923] KGSL_DIAG  +0264 T3 op=0x2d cnt=13 hdr=c00c2d00
[  423.684935] KGSL_DIAG      00010078 682d1843 00000020 682d1863
[  423.684947] KGSL_DIAG      00000020 682d1883 00000020 682d18a3
[  423.684959] KGSL_DIAG      00000020 2e2078c8 00000005 2c416964
[  423.684970] KGSL_DIAG      2c627894 00000000 00000000 00000000
[  423.684982] KGSL_DIAG  +029c T3 op=0x22 cnt=3 hdr=c0022200
[  423.684994] KGSL_DIAG      00000000 00004085 00000004 00000000
[  423.685006] KGSL_DIAG  +02ac T3 op=0x2d cnt=5 hdr=c0042d00
[  423.685017] KGSL_DIAG      00000080 3f800000 00000000 00000000
[  423.685029] KGSL_DIAG      00000000 00000000 00000000 00000000
[  423.685041] KGSL_DIAG  +02c4 T3 op=0x2d cnt=13 hdr=c00c2d00
[  423.685052] KGSL_DIAG      00010078 682d18c3 00000020 682d1903
[  423.685064] KGSL_DIAG      00000020 682d1923 00000020 682d1943
[  423.685076] KGSL_DIAG      00000020 00000006 2e20a300 00000010
[  423.685087] KGSL_DIAG      00000000 00000000 00000000 00000000
[  423.685099] KGSL_DIAG  +02fc T3 op=0x2b cnt=32 hdr=c01f2b00
[  423.685111] KGSL_DIAG      00000000 0000001e 02556003 00001000
[  423.685123] KGSL_DIAG      c2000000 00001009 00001000 c4000000
[  423.685135] KGSL_DIAG      0000000a 00002000 00000000 1b481000
[  423.685147] KGSL_DIAG      00263e88 00000000 15482000 40263e88
[  423.685159] KGSL_DIAG      00000000 11583000 40263e88 00000000
[  423.685171] KGSL_DIAG      11484000 40253fc8 00000008 14070000
[  423.685184] KGSL_DIAG      00003100 eb020403 14070000 00002c00
[  423.685196] KGSL_DIAG      eb010400 140bc03e 00c0c000 e2000000
[  423.685209] KGSL_DIAG  +0380 T3 op=0x2d cnt=2 hdr=c0012d00
[  423.685220] KGSL_DIAG      00040316 0000028f 00000000 00000000
[  423.685232] KGSL_DIAG  +038c T3 op=0x2d cnt=2 hdr=c0012d00
[  423.685244] KGSL_DIAG      00040180 10038004 00000000 00000000
[  423.685256] KGSL_DIAG  +0398 T3 op=0x22 cnt=3 hdr=c0022200
[  423.685269] KGSL_DIAG      00000000 00004085 00000004 00000000
[  423.685281] KGSL_DIAG  +03a8 T3 op=0x2d cnt=13 hdr=c00c2d00
[  423.685294] KGSL_DIAG      00010078 682d1963 00000020 682d19a3
[  423.685305] KGSL_DIAG      00000020 682d19c3 00000020 682d19e3
[  423.685317] KGSL_DIAG      00000020 387744e0 7ec81f00 2bc5c6f8
[  423.685329] KGSL_DIAG      00000000 00000000 00000000 00000000
[  423.685341] KGSL_DIAG  +03e0 T3 op=0x22 cnt=3 hdr=c0022200
[  423.685354] KGSL_DIAG      00000000 00004085 00000004 00000000
[  423.685367] KGSL_DIAG  +03f0 T3 op=0x2d cnt=5 hdr=c0042d00
[  423.685378] KGSL_DIAG      0000008c 3f800000 00000000 00000000
[  423.685389] KGSL_DIAG      00000000 00000000 00000000 00000000
[  423.685401] KGSL_DIAG  +0408 T3 op=0x2d cnt=7 hdr=c0062d00
[  423.685413] KGSL_DIAG      00010078 682d1a03 00000220 682d1c23
[  423.685426] KGSL_DIAG      00000220 2c3fc5a0 000000c4 00000000
[  423.685440] KGSL_DIAG  +0428 T3 op=0x2b cnt=26 hdr=c0192b00
[  423.685452] KGSL_DIAG      00000000 00000018 00254003 00001000
[  423.685465] KGSL_DIAG      c2000000 00001007 00001000 c4000000
[  423.685478] KGSL_DIAG      00000008 00002000 00000000 1b480000
[  423.685490] KGSL_DIAG      00253fff 00000008 11481000 40253fc8
[  423.685505] KGSL_DIAG      00000008 14070000 00310000 8b010102
[  423.685518] KGSL_DIAG      14070000 002c0000 ab010000 148f803e
[  423.685530] KGSL_DIAG      00000000 e2000000 00000000 00000000
[  423.685543] KGSL_DIAG  +0494 T3 op=0x2d cnt=2 hdr=c0012d00
[  423.685556] KGSL_DIAG      00040316 0000028f 00000000 00000000
[  423.685569] KGSL_DIAG  +04a0 T3 op=0x2d cnt=2 hdr=c0012d00
[  423.685581] KGSL_DIAG      00040180 10038001 00000000 00000000
[  423.685593] KGSL_DIAG  +04ac T3 op=0x2d cnt=13 hdr=c00c2d00
[  423.685605] KGSL_DIAG      00000080 3b000000 00000000 00000000
[  423.685616] KGSL_DIAG      00000000 00000000 bb2aaaab 00000000
[  423.685628] KGSL_DIAG      00000000 be930000 bf4d5556 3f800000
[  423.685640] KGSL_DIAG      00000000 00000000 00000000 00000000
[  423.685652] KGSL_DIAG  +04e4 T3 op=0x22 cnt=5 hdr=c0042200
[  423.685663] KGSL_DIAG      00000000 00004006 00000066 682d1e40
[  423.685675] KGSL_DIAG      000000cc 00000000 00000000 00000000
[  423.685687] KGSL_DIAG  +04fc T3 op=0x2d cnt=5 hdr=c0042d00
[  423.685698] KGSL_DIAG      00000080 3f800000 00000000 00000000
[  423.685709] KGSL_DIAG      00000000 00000000 00000000 00000000
[  423.685721] KGSL_DIAG  +0514 T3 op=0x2d cnt=13 hdr=c00c2d00
[  423.685733] KGSL_DIAG      00010078 682d1f23 00000020 682d1f63
[  423.685745] KGSL_DIAG      00000020 682d1f83 00000020 682d1fa3
[  423.685756] KGSL_DIAG      00000020 00000006 2e20a300 00000010
[  423.685768] KGSL_DIAG      00000000 00000000 00000000 00000000
[  423.685780] KGSL_DIAG  +054c T3 op=0x2b cnt=32 hdr=c01f2b00
[  423.685791] KGSL_DIAG      00000000 0000001e 02556003 00001000
[  423.685803] KGSL_DIAG      c2000000 00001009 00001000 c4000000
[  423.685815] KGSL_DIAG      0000000a 00002000 00000000 1b481000
[  423.685827] KGSL_DIAG      00263e88 00000000 15482000 40263e88
[  423.685838] KGSL_DIAG      00000000 11583000 40263e88 00000000
[  423.685850] KGSL_DIAG      11484000 40253fc8 00000008 14070000
[  423.685862] KGSL_DIAG      00003100 eb020403 14070000 00002c00
[  423.685874] KGSL_DIAG      eb010400 140bc03e 00c0c000 e2000000
[  423.685886] KGSL_DIAG  +05d0 T3 op=0x2d cnt=2 hdr=c0012d00
[  423.685898] KGSL_DIAG      00040316 0000028f 00000000 00000000
[  423.685911] KGSL_DIAG  +05dc T3 op=0x2d cnt=2 hdr=c0012d00
[  423.685922] KGSL_DIAG      00040180 10038004 00000000 00000000
[  423.685935] KGSL_DIAG  +05e8 T3 op=0x22 cnt=3 hdr=c0022200
[  423.685947] KGSL_DIAG      00000000 00004085 00000004 00000000
[  423.685959] KGSL_DIAG  +05f8 T3 op=0x2d cnt=13 hdr=c00c2d00
[  423.685971] KGSL_DIAG      00010078 682d1fc3 00000020 682d2003
[  423.685983] KGSL_DIAG      00000020 682d2023 00000020 682d2043
[  423.685995] KGSL_DIAG      00000020 682d05a3 00000020 00000008
[  423.686007] KGSL_DIAG      2e20a2fc 00000000 00000000 00000000
[  423.686019] KGSL_DIAG  +0630 T3 op=0x22 cnt=3 hdr=c0022200
[  423.686031] KGSL_DIAG      00000000 00004085 00000004 00000000
[  423.686043] KGSL_DIAG  +0640 T3 op=0x2d cnt=13 hdr=c00c2d00
[  423.686055] KGSL_DIAG      00010078 682d2063 00000020 682d20a3
[  423.686067] KGSL_DIAG      00000020 682d20c3 00000020 682d20e3
[  423.686082] KGSL_DIAG      00000020 682d0783 00000020 00000000
[  423.686099] KGSL_DIAG      00000000 00000000 00000000 00000000
[  423.686117] KGSL_DIAG  +0678 T3 op=0x22 cnt=3 hdr=c0022200
[  423.686139] KGSL_DIAG      00000000 00004085 00000004 00000000
[  423.686207] KGSL_DIAG  +0688 T3 op=0x2d cnt=13 hdr=c00c2d00
[  423.686220] KGSL_DIAG      00010078 682d2103 00000020 682d2143
[  423.686232] KGSL_DIAG      00000020 682d2163 00000020 682d2183
[  423.686243] KGSL_DIAG      00000020 682d20e3 00000020 00000000
[  423.686255] KGSL_DIAG      00000000 00000000 00000000 00000000
[  423.686268] KGSL_DIAG  +06c0 T3 op=0x22 cnt=3 hdr=c0022200
[  423.686280] KGSL_DIAG      00000000 00004085 00000004 00000000
[  423.686292] KGSL_DIAG  +06d0 T3 op=0x2d cnt=13 hdr=c00c2d00
[  423.686306] KGSL_DIAG      00010078 682d21a3 00000020 682d21e3
[  423.686319] KGSL_DIAG      00000020 682d2203 00000020 682d2223
[  423.686331] KGSL_DIAG      00000020 682d2183 00000020 00000000
[  423.686343] KGSL_DIAG      00000000 00000000 00000000 00000000
[  423.686356] KGSL_DIAG  +0708 T3 op=0x22 cnt=3 hdr=c0022200
[  423.686368] KGSL_DIAG      00000000 00004085 00000004 00000000
[  423.686381] KGSL_DIAG  +0718 T3 op=0x2d cnt=5 hdr=c0042d00
[  423.686393] KGSL_DIAG      00000094 3f800000 00000000 00000000
[  423.686405] KGSL_DIAG      00000000 00000000 00000000 00000000
[  423.686417] KGSL_DIAG  +0730 T3 op=0x2d cnt=13 hdr=c00c2d00
[  423.686429] KGSL_DIAG      00010078 682d2243 00000020 682d2263
[  423.686442] KGSL_DIAG      00000020 682d2283 00000020 682d22a3
[  423.686454] KGSL_DIAG      00000020 00000006 2e20a300 00000010
[  423.686466] KGSL_DIAG      00000000 00000000 00000000 00000000
[  423.686478] KGSL_DIAG  +0768 T3 op=0x2b cnt=56 hdr=c0372b00
[  423.686492] KGSL_DIAG      00000000 00000036 02556003 00001000
[  423.686504] KGSL_DIAG      c2000000 00006009 300f1000 10000000
[  423.686516] KGSL_DIAG      00000000 0012c400 20000000 1b481000
[  423.686527] KGSL_DIAG      00263e88 00000000 15482000 40263e88
[  423.686539] KGSL_DIAG      00000000 11583000 40263e88 00000000
[  423.686551] KGSL_DIAG      11484000 40253fc8 00000008 14070000
[  423.686564] KGSL_DIAG      00003100 eb020403 14070000 00002c00
[  423.686577] KGSL_DIAG      eb010400 4c100100 000000c0 e2000000
[  423.686590] KGSL_DIAG      14030000 00000c00 e1000100 14030001
[  423.686603] KGSL_DIAG      00000c00 a0000500 14030001 00000000
[  423.686616] KGSL_DIAG      a1010300 14040000 00300000 8b010102
[  423.686628] KGSL_DIAG      14080000 0040c0c0 ab010000 4c900100
[  423.686642] KGSL_DIAG      00000000 e2000000 14830000 00000c1b
[  423.686655] KGSL_DIAG      e1000101 140bc03e 00000000 e2000000
[  423.686667] KGSL_DIAG  +084c T3 op=0x2d cnt=2 hdr=c0012d00
[  423.686681] KGSL_DIAG      00040316 0000028f 00000000 00000000
[  423.686694] KGSL_DIAG  +0858 T3 op=0x2d cnt=2 hdr=c0012d00
[  423.686707] KGSL_DIAG      00040180 10018004 00000000 00000000
[  423.686720] KGSL_DIAG  +0864 T3 op=0x2d cnt=21 hdr=c0142d00
[  423.686731] KGSL_DIAG      00000080 3f800000 00000000 00000000
[  423.686742] KGSL_DIAG      00000000 00000000 3f800000 00000000
[  423.686754] KGSL_DIAG      00000000 00000000 c4390000 3f800000
[  423.686766] KGSL_DIAG      00000000 44000000 43c00000 00000000
[  423.686777] KGSL_DIAG      00000000 3d4ccccd 3d124925 00000000
[  423.686789] KGSL_DIAG      00000000 00000000 00000000 00000000
[  423.686801] KGSL_DIAG  +08bc T3 op=0x22 cnt=3 hdr=c0022200
[  423.686812] KGSL_DIAG      00000000 00004085 00000004 00000000
[  423.686824] KGSL_DIAG  +08cc T3 op=0x2d cnt=5 hdr=c0042d00
[  423.686835] KGSL_DIAG      00000080 3f800000 00000000 00000000
[  423.686847] KGSL_DIAG      00000000 00000000 00000000 00000000
[  423.686858] KGSL_DIAG  +08e4 T3 op=0x2d cnt=13 hdr=c00c2d00
[  423.686871] KGSL_DIAG      00010078 682d22c3 00000020 682d2303
[  423.686882] KGSL_DIAG      00000020 682d2323 00000020 682d2343
[  423.686894] KGSL_DIAG      00000020 00000006 2e20a300 00000010
[  423.686905] KGSL_DIAG      00000000 00000000 00000000 00000000
[  423.686917] KGSL_DIAG  +091c T3 op=0x2b cnt=32 hdr=c01f2b00
[  423.686929] KGSL_DIAG      00000000 0000001e 02556003 00001000
[  423.686941] KGSL_DIAG      c2000000 00001009 00001000 c4000000
[  423.686952] KGSL_DIAG      0000000a 00002000 00000000 1b481000
[  423.686964] KGSL_DIAG      00263e88 00000000 15482000 40263e88
[  423.686976] KGSL_DIAG      00000000 11583000 40263e88 00000000
[  423.686988] KGSL_DIAG      11484000 40253fc8 00000008 14070000
[  423.687000] KGSL_DIAG      00003100 eb020403 14070000 00002c00
[  423.687012] KGSL_DIAG      eb010400 140bc03e 00c0c000 e2000000
[  423.687024] KGSL_DIAG  +09a0 T3 op=0x2d cnt=2 hdr=c0012d00
[  423.687035] KGSL_DIAG      00040316 0000028f 00000000 00000000
[  423.687048] KGSL_DIAG  +09ac T3 op=0x2d cnt=2 hdr=c0012d00
[  423.687059] KGSL_DIAG      00040180 10038004 00000000 00000000
[  423.687072] KGSL_DIAG  +09b8 T3 op=0x22 cnt=3 hdr=c0022200
[  423.687084] KGSL_DIAG      00000000 00004085 00000004 00000000
[  423.687096] KGSL_DIAG  +09c8 T3 op=0x2d cnt=13 hdr=c00c2d00
[  423.687108] KGSL_DIAG      00010078 682d2363 00000020 682d23a3
[  423.687119] KGSL_DIAG      00000020 682d23c3 00000020 682d23e3
[  423.687131] KGSL_DIAG      00000020 30b397e0 00000000 00000001
[  423.687144] KGSL_DIAG      7ec82b58 00000000 00000000 00000000
[  423.687156] KGSL_DIAG  +0a00 T3 op=0x22 cnt=3 hdr=c0022200
[  423.687170] KGSL_DIAG      00000000 00004085 00000004 00000000
[  423.687182] KGSL_DIAG  +0a10 T3 op=0x2d cnt=5 hdr=c0042d00
[  423.687194] KGSL_DIAG      0000008c 3f800000 00000000 00000000
[  423.687205] KGSL_DIAG      00000000 00000000 00000000 00000000
[  423.687217] KGSL_DIAG  +0a28 T3 op=0x2d cnt=7 hdr=c0062d00
[  423.687229] KGSL_DIAG      00010078 682d2403 000000a0 682d24a3
[  423.687241] KGSL_DIAG      000000a0 2c3fc5a0 000000c4 00000000
[  423.687254] KGSL_DIAG  +0a48 T3 op=0x2b cnt=26 hdr=c0192b00
[  423.687267] KGSL_DIAG      00000000 00000018 00254003 00001000
[  423.687280] KGSL_DIAG      c2000000 00001007 00001000 c4000000
[  423.687293] KGSL_DIAG      00000008 00002000 00000000 1b480000
[  423.687306] KGSL_DIAG      00253fff 00000008 11481000 40253fc8
[  423.687319] KGSL_DIAG      00000008 14070000 00310000 8b010102
[  423.687332] KGSL_DIAG      14070000 002c0000 ab010000 148f803e
[  423.687345] KGSL_DIAG      00000000 e2000000 00000000 00000000
[  423.687359] KGSL_DIAG  +0ab4 T3 op=0x2d cnt=2 hdr=c0012d00
[  423.687372] KGSL_DIAG      00040316 0000028f 00000000 00000000
[  423.687385] KGSL_DIAG  +0ac0 T3 op=0x2d cnt=2 hdr=c0012d00
[  423.687398] KGSL_DIAG      00040180 10038001 00000000 00000000
[  423.687411] KGSL_DIAG  +0acc T3 op=0x2d cnt=13 hdr=c00c2d00
[  423.689152] KGSL_DIAG      00000080 3b000000 00000000 00000000
[  423.689167] KGSL_DIAG      00000000 00000000 bb2aaaab 00000000
[  423.689180] KGSL_DIAG      00000000 3f658000 3f76aaab 3f800000
[  423.689191] KGSL_DIAG      00000000 00000000 00000000 00000000
[  423.689203] KGSL_DIAG  +0b04 T3 op=0x22 cnt=5 hdr=c0042200
[  423.689215] KGSL_DIAG      00000000 00004006 0000001e 682d2540
[  423.689227] KGSL_DIAG      0000003c 00000000 00000000 00000000
[  423.689239] KGSL_DIAG  +0b1c T3 op=0x2d cnt=5 hdr=c0042d00
[  423.689250] KGSL_DIAG      00000080 3f800000 00000000 00000000
[  423.689262] KGSL_DIAG      00000000 00000000 00000000 00000000
[  423.689274] KGSL_DIAG  +0b34 T3 op=0x2d cnt=13 hdr=c00c2d00
[  423.689286] KGSL_DIAG      00010078 682d2583 00000020 682d25c3
[  423.689298] KGSL_DIAG      00000020 682d25e3 00000020 682d2603
[  423.689309] KGSL_DIAG      00000020 00000006 2e20a300 00000010
[  423.689321] KGSL_DIAG      00000000 00000000 00000000 00000000
[  423.689333] KGSL_DIAG  +0b6c T3 op=0x2b cnt=32 hdr=c01f2b00
[  423.689344] KGSL_DIAG      00000000 0000001e 02556003 00001000
[  423.689356] KGSL_DIAG      c2000000 00001009 00001000 c4000000
[  423.689368] KGSL_DIAG      0000000a 00002000 00000000 1b481000
[  423.689380] KGSL_DIAG      00263e88 00000000 15482000 40263e88
[  423.689392] KGSL_DIAG      00000000 11583000 40263e88 00000000
[  423.689404] KGSL_DIAG      11484000 40253fc8 00000008 14070000
[  423.689416] KGSL_DIAG      00003100 eb020403 14070000 00002c00
[  423.689428] KGSL_DIAG      eb010400 140bc03e 00c0c000 e2000000
[  423.689440] KGSL_DIAG  +0bf0 T3 op=0x2d cnt=2 hdr=c0012d00
[  423.689451] KGSL_DIAG      00040316 0000028f 00000000 00000000
[  423.689464] KGSL_DIAG  +0bfc T3 op=0x2d cnt=2 hdr=c0012d00
[  423.689475] KGSL_DIAG      00040180 10038004 00000000 00000000
[  423.689487] KGSL_DIAG  +0c08 T3 op=0x22 cnt=3 hdr=c0022200
[  423.689499] KGSL_DIAG      00000000 00004085 00000004 00000000
[  423.689511] KGSL_DIAG  +0c18 T3 op=0x2d cnt=13 hdr=c00c2d00
[  423.689522] KGSL_DIAG      00010078 682d2623 00000020 682d2663
[  423.689534] KGSL_DIAG      00000020 682d2683 00000020 682d26a3
[  423.689546] KGSL_DIAG      00000020 41000000 2bb03974 7ec82934
[  423.689557] KGSL_DIAG      387e1958 00000000 00000000 00000000
[  423.689569] KGSL_DIAG  +0c50 T3 op=0x22 cnt=3 hdr=c0022200
[  423.689581] KGSL_DIAG      00000000 00004085 00000004 00000000
[  423.689593] KGSL_DIAG  +0c60 T3 op=0x2d cnt=13 hdr=c00c2d00
[  423.689605] KGSL_DIAG      00010078 682d26c3 00000020 682d2703
[  423.689616] KGSL_DIAG      00000020 682d2723 00000020 682d2743
[  423.689628] KGSL_DIAG      00000020 682d26a3 00000020 7ec82934
[  423.689640] KGSL_DIAG      387e1958 00000000 00000000 00000000
[  423.689652] KGSL_DIAG  +0c98 T3 op=0x22 cnt=3 hdr=c0022200
[  423.689663] KGSL_DIAG      00000000 00004085 00000004 00000000
[  423.689675] KGSL_DIAG  +0ca8 T3 op=0x2d cnt=5 hdr=c0042d00
[  423.689686] KGSL_DIAG      00000080 3f800000 00000000 00000000
[  423.689698] KGSL_DIAG      00000000 00000000 00000000 00000000
[  423.689710] KGSL_DIAG  +0cc0 T3 op=0x2d cnt=13 hdr=c00c2d00
[  423.689721] KGSL_DIAG      00010078 682d2763 00000020 682d27a3
[  423.689733] KGSL_DIAG      00000020 682d27c3 00000020 682d27e3
[  423.689745] KGSL_DIAG      00000020 00000006 2e20a300 00000010
[  423.689756] KGSL_DIAG      00000000 00000000 00000000 00000000
[  423.689768] KGSL_DIAG  +0cf8 T3 op=0x2b cnt=32 hdr=c01f2b00
[  423.689780] KGSL_DIAG      00000000 0000001e 02556003 00001000
[  423.689792] KGSL_DIAG      c2000000 00001009 00001000 c4000000
[  423.689804] KGSL_DIAG      0000000a 00002000 00000000 1b481000
[  423.689816] KGSL_DIAG      00263e88 00000000 15482000 40263e88
[  423.689827] KGSL_DIAG      00000000 11583000 40263e88 00000000
[  423.689839] KGSL_DIAG      11484000 40253fc8 00000008 14070000
[  423.689851] KGSL_DIAG      00003100 eb020403 14070000 00002c00
[  423.689863] KGSL_DIAG      eb010400 140bc03e 00c0c000 e2000000
[  423.689875] KGSL_DIAG  +0d7c T3 op=0x2d cnt=2 hdr=c0012d00
[  423.689887] KGSL_DIAG      00040316 0000028f 00000000 00000000
[  423.689899] KGSL_DIAG  +0d88 T3 op=0x2d cnt=2 hdr=c0012d00
[  423.689910] KGSL_DIAG      00040180 10038004 00000000 00000000
[  423.689922] KGSL_DIAG  +0d94 T3 op=0x22 cnt=3 hdr=c0022200
[  423.689933] KGSL_DIAG      00000000 00004085 00000004 00000000
[  423.689945] KGSL_DIAG  +0da4 T3 op=0x2d cnt=5 hdr=c0042d00
[  423.689957] KGSL_DIAG      00000080 3f800000 00000000 00000000
[  423.689968] KGSL_DIAG      00000000 00000000 00000000 00000000
[  423.689980] KGSL_DIAG  +0dbc T3 op=0x2d cnt=13 hdr=c00c2d00
[  423.689992] KGSL_DIAG      00010078 682d2803 00000020 682d2843
[  423.690004] KGSL_DIAG      00000020 682d2863 00000020 682d2883
[  423.690015] KGSL_DIAG      00000020 00000006 2e20a300 00000010
[  423.690027] KGSL_DIAG      00000000 00000000 00000000 00000000
[  423.690039] KGSL_DIAG  +0df4 T3 op=0x2b cnt=32 hdr=c01f2b00
[  423.690105] KGSL_DIAG      00000000 0000001e 02556003 00001000
[  423.690117] KGSL_DIAG      c2000000 00001009 00001000 c4000000
[  423.690129] KGSL_DIAG      0000000a 00002000 00000000 1b481000
[  423.690141] KGSL_DIAG      00263e88 00000000 15482000 40263e88
[  423.690153] KGSL_DIAG      00000000 11583000 40263e88 00000000
[  423.690165] KGSL_DIAG      11484000 40253fc8 00000008 14070000
[  423.690177] KGSL_DIAG      00003100 eb020403 14070000 00002c00
[  423.690189] KGSL_DIAG      eb010400 140bc03e 00c0c000 e2000000
[  423.690201] KGSL_DIAG  +0e78 T3 op=0x2d cnt=2 hdr=c0012d00
[  423.690213] KGSL_DIAG      00040316 0000028f 00000000 00000000
[  423.690225] KGSL_DIAG  +0e84 T3 op=0x2d cnt=2 hdr=c0012d00
[  423.690237] KGSL_DIAG      00040180 10038004 00000000 00000000
[  423.690248] KGSL_DIAG  +0e90 T3 op=0x22 cnt=3 hdr=c0022200
[  423.690260] KGSL_DIAG      00000000 00004085 00000004 00000000
[  423.690272] KGSL_DIAG  +0ea0 T3 op=0x2d cnt=13 hdr=c00c2d00
[  423.690284] KGSL_DIAG      00010078 682d28a3 00000020 682d28e3
[  423.690295] KGSL_DIAG      00000020 682d2903 00000020 682d2923
[  423.690307] KGSL_DIAG      00000020 00000000 00000000 00000002
[  423.690319] KGSL_DIAG      00000de1 00000000 00000000 00000000
[  423.690331] KGSL_DIAG  +0ed8 T3 op=0x22 cnt=3 hdr=c0022200
[  423.690342] KGSL_DIAG      00000000 00004085 00000004 00000000
[  423.690354] KGSL_DIAG  +0ee8 T3 op=0x2d cnt=13 hdr=c00c2d00
[  423.690366] KGSL_DIAG      00010078 682d2943 00000020 682d2983
[  423.690378] KGSL_DIAG      00000020 682d29a3 00000020 682d29c3
[  423.690389] KGSL_DIAG      00000020 2e2078c8 2e20ef50 36c8bd68
[  423.690401] KGSL_DIAG      2e2078c8 00000000 00000000 00000000
[  423.690413] KGSL_DIAG  +0f20 T3 op=0x22 cnt=3 hdr=c0022200
[  423.690424] KGSL_DIAG      00000000 00004085 00000004 00000000
[  423.690436] KGSL_DIAG  +0f30 T3 op=0x2d cnt=5 hdr=c0042d00
[  423.690448] KGSL_DIAG      0000008c 3f800000 00000000 00000000
[  423.690459] KGSL_DIAG      00000000 00000000 00000000 00000000
[  423.690471] KGSL_DIAG  +0f48 T3 op=0x2d cnt=7 hdr=c0062d00
[  423.690483] KGSL_DIAG      00010078 682d29e3 000002c0 682d2ca3
[  423.690495] KGSL_DIAG      000002c0 2c3fc5a0 000000c4 00000000
[  423.690507] KGSL_DIAG  +0f68 T3 op=0x2b cnt=26 hdr=c0192b00
[  423.690518] KGSL_DIAG      00000000 00000018 00254003 00001000
[  423.690530] KGSL_DIAG      c2000000 00001007 00001000 c4000000
[  423.690542] KGSL_DIAG      00000008 00002000 00000000 1b480000
[  423.690554] KGSL_DIAG      00253fff 00000008 11481000 40253fc8
[  423.690566] KGSL_DIAG      00000008 14070000 00310000 8b010102
[  423.690577] KGSL_DIAG      14070000 002c0000 ab010000 148f803e
[  423.690589] KGSL_DIAG      00000000 e2000000 00000000 00000000
[  423.690601] KGSL_DIAG  +0fd4 T3 op=0x2d cnt=2 hdr=c0012d00
[  423.690612] KGSL_DIAG      00040316 0000028f 00000000 00000000
[  423.690625] KGSL_DIAG  +0fe0 T3 op=0x2d cnt=2 hdr=c0012d00
[  423.690636] KGSL_DIAG      00040180 10038001 00000000 00000000
[  423.690648] KGSL_DIAG  +0fec T3 op=0x2d cnt=13 hdr=c00c2d00
[  423.690660] KGSL_DIAG      00000080 3b000000 00000000 00000000
[  423.690671] KGSL_DIAG      00000000 00000000 bb2aaaab 00000000
[  423.690683] KGSL_DIAG      00000000 be2a0000 3f76aaab 3f800000
[  423.690695] KGSL_DIAG      00000000 00000000 00000000 00000000
[  423.690707] KGSL_DIAG  +1024 T3 op=0x22 cnt=5 hdr=c0042200
[  423.690719] KGSL_DIAG      00000000 00004006 00000084 682d2f60
[  423.690731] KGSL_DIAG      00000108 00000000 00000000 00000000
[  423.690743] KGSL_DIAG  +103c T3 op=0x2d cnt=5 hdr=c0042d00
[  423.690754] KGSL_DIAG      00000080 3f800000 00000000 00000000
[  423.690765] KGSL_DIAG      00000000 00000000 00000000 00000000
[  423.690777] KGSL_DIAG  +1054 T3 op=0x2d cnt=13 hdr=c00c2d00
[  423.690789] KGSL_DIAG      00010078 682d3083 00000020 682d30c3
[  423.690801] KGSL_DIAG      00000020 682d30e3 00000020 682d3103
[  423.690813] KGSL_DIAG      00000020 00000006 2e20a300 00000010
[  423.690824] KGSL_DIAG      00000000 00000000 00000000 00000000
[  423.690836] KGSL_DIAG  +108c T3 op=0x2b cnt=32 hdr=c01f2b00
[  423.690848] KGSL_DIAG      00000000 0000001e 02556003 00001000
[  423.690860] KGSL_DIAG      c2000000 00001009 00001000 c4000000
[  423.690872] KGSL_DIAG      0000000a 00002000 00000000 1b481000
[  423.690884] KGSL_DIAG      00263e88 00000000 15482000 40263e88
[  423.690895] KGSL_DIAG      00000000 11583000 40263e88 00000000
[  423.690907] KGSL_DIAG      11484000 40253fc8 00000008 14070000
[  423.690919] KGSL_DIAG      00003100 eb020403 14070000 00002c00
[  423.690931] KGSL_DIAG      eb010400 140bc03e 00c0c000 e2000000
[  423.690943] KGSL_DIAG  +1110 T3 op=0x2d cnt=2 hdr=c0012d00
[  423.690954] KGSL_DIAG      00040316 0000028f 00000000 00000000
[  423.690966] KGSL_DIAG  +111c T3 op=0x2d cnt=2 hdr=c0012d00
[  423.690978] KGSL_DIAG      00040180 10038004 00000000 00000000
[  423.690990] KGSL_DIAG  +1128 T3 op=0x22 cnt=3 hdr=c0022200
[  423.691001] KGSL_DIAG      00000000 00004085 00000004 00000000
[  423.691013] KGSL_DIAG  +1138 T3 op=0x2d cnt=13 hdr=c00c2d00
[  423.691025] KGSL_DIAG      00010078 682d3123 00000020 682d3163
[  423.691037] KGSL_DIAG      00000020 682d3183 00000020 682d31a3
[  423.691049] KGSL_DIAG      00000020 36c8bd68 2e2078c8 2c671450
[  423.691060] KGSL_DIAG      2e2078c8 00000000 00000000 00000000
[  423.691073] KGSL_DIAG  +1170 T3 op=0x22 cnt=3 hdr=c0022200
[  423.691084] KGSL_DIAG      00000000 00004085 00000004 00000000
[  423.691096] KGSL_DIAG  +1180 T3 op=0x2d cnt=13 hdr=c00c2d00
[  423.691108] KGSL_DIAG      00010078 682d31c3 00000020 682d3203
[  423.691120] KGSL_DIAG      00000020 682d3223 00000020 682d3243
[  423.691132] KGSL_DIAG      00000020 36b97a30 36c8bf60 00000001
[  423.691143] KGSL_DIAG      00000015 00000000 00000000 00000000
[  423.691155] KGSL_DIAG  +11b8 T3 op=0x22 cnt=3 hdr=c0022200
[  423.691167] KGSL_DIAG      00000000 00004085 00000004 00000000
[  423.691179] KGSL_DIAG  +11c8 T3 op=0x2d cnt=2 hdr=c0012d00
[  423.691190] KGSL_DIAG      00040209 00000000 00000000 00000000
[  423.691201] KGSL_DIAG  +11d4 T0 reg=0x0c00 cnt=1
[  423.691213] KGSL_DIAG  +11dc T3 op=0x46 cnt=1 hdr=c0004600
[  423.691224] KGSL_DIAG      00000006 00000000 00000000 00000000
[  423.691236] KGSL_DIAG  +11e4 T3 op=0x52 cnt=4 hdr=c0035200
[  423.691248] KGSL_DIAG      000005d0 00000000 5f601000 00000001
[  423.691260] KGSL_DIAG  +11f8 T3 op=0x26 cnt=1 hdr=c0002600
[  423.691271] KGSL_DIAG      00000000 00000000 00000000 00000000
[  423.691296] kgsl kgsl: |kgsl_yamato_rbbm_intrcallback| rbbm read error interrupt: c00005fc
[  423.691314] KGSL_DIAG  RBBM_STATUS=0x00000000
[  423.691324] KGSL_DIAG  CYCLECTR[0x0ee2]=0x15018182
[  423.691334] KGSL_DIAG  LRZ_VSC_CONTROL[0x2209]=0x00000000
[  423.691344] KGSL_DIAG  SQ_GPR_MANAGEMENT[0x0d00]=0x0007f010
[  423.691364] kgsl kgsl: |kgsl_yamato_rbbm_intrcallback| rbbm read error interrupt: c0003000
[  423.691378] KGSL_DIAG  VSC[0x0c00]=0x00000000
[  423.691388] KGSL_DIAG  VSC[0x0c01]=0x00000108
[  423.691464] KGSL_DIAG  VSC[0x0c02]=0x660b4080
[  423.691482] KGSL_DIAG    vis-stream @0x660b4080:
[  423.691493] KGSL_DIAG      0000002c 00000008 00000008 00000018
[  423.691505] KGSL_DIAG      00000018 00000008 00000008 00000018
[  423.691516] KGSL_DIAG      00000000 00000000 00000000 00000000
[  423.691526] KGSL_DIAG      00000000 00000000 00000000 00000000
[  423.691537] KGSL_DIAG      00000000 00000000 00000000 00000000
[  423.691548] KGSL_DIAG      00000000 00000000 00000000 00000000
[  423.691559] KGSL_DIAG      00000000 00000000 00000000 00000000
[  423.691569] KGSL_DIAG      00000000 00000000 00000000 00000000
[  423.691580] KGSL_DIAG  VSC[0x0c03]=0x00000000
[  423.691590] KGSL_DIAG  VSC[0x0c04]=0x00000000
[  423.691600] KGSL_DIAG  VSC[0x0c05]=0x00000000
[  423.691610] KGSL_DIAG  VSC[0x0c06]=0x01200000
[  423.691627] KGSL_DIAG  VSC[0x0c07]=0x660b5000
[  423.691644] KGSL_DIAG    vis-stream @0x660b5000:
[  423.691655] KGSL_DIAG      4d06c8e6 a2807e74 844cc899 c8844cc8
[  423.691667] KGSL_DIAG      4cc8844c 844cc884 c8844cc8 4cc8844c
[  423.691678] KGSL_DIAG      844cc884 c8844cc8 0000874c 00000069
[  423.691689] KGSL_DIAG      00000000 00000000 00000000 00000000
[  423.691700] KGSL_DIAG      00000000 00000000 00000000 00000000
[  423.691711] KGSL_DIAG      00000000 00000000 00000000 00000000
[  423.691722] KGSL_DIAG      00000000 00000000 00000000 00000000
[  423.691732] KGSL_DIAG      00000000 00000000 00000000 00000000
[  423.691744] KGSL_DIAG  VSC[0x0c08]=0x00040000
[  423.691761] KGSL_DIAG  VSC[0x0c09]=0x01100400
[  423.691779] KGSL_DIAG  VSC[0x0c0a]=0x66cf5000
[  423.691795] KGSL_DIAG    vis-stream @0x66cf5000:
[  423.691807] KGSL_DIAG      3603de7b 00003080 842634a1 45139ad0
[  423.691818] KGSL_DIAG      2e0059de 00000000 a1094d68 d0842634
[  423.691829] KGSL_DIAG      d740139a 0000e014 a145139a 428b2634
[  423.691841] KGSL_DIAG      8226b468 162d5ab4 00a4458b 00000000
[  423.691851] KGSL_DIAG      00000000 00000000 00000000 00000000
[  423.691862] KGSL_DIAG      00000000 00000000 00000000 00000000
[  423.691873] KGSL_DIAG      00000000 00000000 00000000 00000000
[  423.691884] KGSL_DIAG      00000000 00000000 00000000 00000000
[  423.691895] KGSL_DIAG  VSC[0x0c0b]=0x00040000
[  423.691913] KGSL_DIAG  VSC[0x0c0c]=0x01100401
[  423.691931] KGSL_DIAG  VSC[0x0c0d]=0x66d35000
[  423.691947] KGSL_DIAG    vis-stream @0x66d35000:
[  423.691959] KGSL_DIAG      90c900c4 0000f802 405ab468 a4458b16
[  423.691970] KGSL_DIAG      000069d1 00000040 00000000 00000000
[  423.691980] KGSL_DIAG      00000000 00000000 00000000 00000000
[  423.691991] KGSL_DIAG      00000000 00000000 00000000 00000000
[  423.692002] KGSL_DIAG      00000000 00000000 00000000 00000000
[  423.692013] KGSL_DIAG      00000000 00000000 00000000 00000000
[  423.692024] KGSL_DIAG      00000000 00000000 00000000 00000000
[  423.692034] KGSL_DIAG      00000000 00000000 00000000 00000000
[  423.692045] KGSL_DIAG  VSC[0x0c0e]=0x00040000
[  423.692063] KGSL_DIAG  VSC[0x0c0f]=0x01200800
[  423.692081] KGSL_DIAG  VSC[0x0c10]=0x66d75000
[  423.692097] KGSL_DIAG    vis-stream @0x66d75000:
[  423.692109] KGSL_DIAG      72ddf77d 13322113 21133221 32211332
[  423.692120] KGSL_DIAG      0b702c03 000000a0 a8844aa8 3c23804a
[  423.692131] KGSL_DIAG      0000c01b c0bb012a 00000000 00000000
[  423.692142] KGSL_DIAG      00000000 00000000 00000000 00000000
[  423.692153] KGSL_DIAG      00000000 00000000 00000000 00000000
[  423.692164] KGSL_DIAG      00000000 00000000 00000000 00000000
[  423.692175] KGSL_DIAG      00000000 00000000 00000000 00000000
[  423.692185] KGSL_DIAG      00000000 00000000 00000000 00000000
[  423.692196] KGSL_DIAG  VSC[0x0c11]=0x00040000
[  423.692214] KGSL_DIAG  VSC[0x0c12]=0x01200002
[  423.692231] KGSL_DIAG  VSC[0x0c13]=0x66db5000
[  423.692248] KGSL_DIAG    vis-stream @0x66db5000:
[  423.692259] KGSL_DIAG      066cdff7 ac1b6a5b 13322147 27133221
[  423.692271] KGSL_DIAG      8c08a01b 00000060 842634a1 42139ad0
[  423.692282] KGSL_DIAG      a1094d68 00872634 10202020 49760000
[  423.692294] KGSL_DIAG      5c415c41 49760000 06ff5c41 00000000
[  423.692305] KGSL_DIAG      6c002e42 73006900 0f007400 00005400
[  423.692317] KGSL_DIAG      ffffffff ffffffff 0000ffff ffffffff
[  423.692328] KGSL_DIAG      61007001 6b006300 0f006100 00675400
[  423.692340] KGSL_DIAG      005f0065 00610063 00000063 00650068
[  423.692351] KGSL_DIAG  VSC[0x0c14]=0x00040000
[  423.692369] KGSL_DIAG  VSC[0x0c15]=0x01100402
[  423.692387] KGSL_DIAG  VSC[0x0c16]=0x66df5000
[  423.692403] KGSL_DIAG    vis-stream @0x66df5000:
[  423.692414] KGSL_DIAG      90c900c4 0000f802 2634a133 719ad084
[  423.692426] KGSL_DIAG      73ba1000 00000000 6842139a 34a1094d
[  423.692437] KGSL_DIAG      9ad08426 00005d74 00000000 00000000
[  423.692448] KGSL_DIAG      00000000 00000000 00000000 00000000
[  423.692459] KGSL_DIAG      00000000 00000000 00000000 00000000
[  423.692469] KGSL_DIAG      00000000 00000000 00000000 00000000
[  423.692480] KGSL_DIAG      00000000 00000000 00000000 00000000
[  423.692491] KGSL_DIAG      00000000 00000000 00000000 00000000
[  423.692502] KGSL_DIAG  VSC[0x0c17]=0x00040000
[  423.692520] KGSL_DIAG  VSC[0x0c18]=0x01100403
[  423.692537] KGSL_DIAG  VSC[0x0c19]=0x66e35000
[  423.692553] KGSL_DIAG    vis-stream @0x66e35000:
[  423.692564] KGSL_DIAG      fa0c78ef 0000c000 00000000 00000000
[  423.692575] KGSL_DIAG      00000000 00000000 00000000 00000000
[  423.692586] KGSL_DIAG      00000000 00000000 00000000 00000000
[  423.692597] KGSL_DIAG      00000000 00000000 00000000 00000000
[  423.692608] KGSL_DIAG      00000000 00000000 00000000 00000000
[  423.692618] KGSL_DIAG      00000000 00000000 00000000 00000000
[  423.692629] KGSL_DIAG      00000000 00000000 00000000 00000000
[  423.692640] KGSL_DIAG      00000000 00000000 00000000 00000000
[  423.692651] KGSL_DIAG  VSC[0x0c1a]=0x00040000
[  423.692669] KGSL_DIAG  VSC[0x0c1b]=0x01200802
[  423.692686] KGSL_DIAG  VSC[0x0c1c]=0x66e75000
[  423.692702] KGSL_DIAG    vis-stream @0x66e75000:
[  423.692714] KGSL_DIAG      6a0ca8e6 122aa112 a1122aa1 2aa1122a
[  423.692725] KGSL_DIAG      00a96c2f 0000002e 00000000 00000000
[  423.692736] KGSL_DIAG      00000000 00000000 00000000 00000000
[  423.692747] KGSL_DIAG      00000000 00000000 00000000 00000000
[  423.692757] KGSL_DIAG      00000000 00000000 00000000 00000000
[  423.692768] KGSL_DIAG      00000000 00000000 00000000 00000000
[  423.692779] KGSL_DIAG      00000000 00000000 00000000 00000000
[  423.692790] KGSL_DIAG      00000000 00000000 00000000 00000000
[  423.692801] KGSL_DIAG  VSC[0x0c1d]=0x00040000
[  423.692818] KGSL_DIAG ==== end ts=83399 ====
[  423.692946] KGSL_DIAG ISSUEIBCMDS pid=2600 ts=83401 numibs=1 dwords=146 draws=27 bins=0
[  423.693012] KGSL_DIAG ISSUEIBCMDS pid=2600 ts=83403 numibs=1 dwords=156 draws=27 bins=0
[  423.693073] KGSL_DIAG ISSUEIBCMDS pid=2600 ts=83405 numibs=1 dwords=156 draws=27 bins=0
[  423.693133] KGSL_DIAG ISSUEIBCMDS pid=2600 ts=83407 numibs=1 dwords=156 draws=27 bins=0
[  423.693193] KGSL_DIAG ISSUEIBCMDS pid=2600 ts=83409 numibs=1 dwords=156 draws=27 bins=0
[  423.693252] KGSL_DIAG ISSUEIBCMDS pid=2600 ts=83411 numibs=1 dwords=156 draws=27 bins=0
[  423.693313] KGSL_DIAG ISSUEIBCMDS pid=2600 ts=83413 numibs=1 dwords=156 draws=27 bins=0
[  423.693372] KGSL_DIAG ISSUEIBCMDS pid=2600 ts=83415 numibs=1 dwords=156 draws=27 bins=0
[  423.693433] KGSL_DIAG ISSUEIBCMDS pid=2600 ts=83417 numibs=1 dwords=156 draws=27 bins=0
[  423.693498] KGSL_DIAG ISSUEIBCMDS pid=2600 ts=83419 numibs=1 dwords=156 draws=27 bins=0
[  423.693564] KGSL_DIAG ISSUEIBCMDS pid=2600 ts=83421 numibs=1 dwords=156 draws=27 bins=0
[  423.693623] KGSL_DIAG ISSUEIBCMDS pid=2600 ts=83423 numibs=1 dwords=156 draws=27 bins=0
[  423.693661] KGSL_DIAG ISSUEIBCMDS pid=2600 ts=83425 numibs=1 dwords=2 draws=0 bins=0
[  423.701229] KGSL_DIAG ISSUEIBCMDS pid=2600 ts=83428 numibs=1 dwords=1152 draws=25 bins=0
[  423.701251] KGSL_DIAG IB 0x67619d20 dwords=1152 depth=0
[  423.701264] KGSL_DIAG  +0000 T3 op=0x2d cnt=5 hdr=c0042d00
[  423.701281] KGSL_DIAG      00000080 3f800000 00000000 00000000
[  423.701293] KGSL_DIAG      00000000 00000000 00000000 00000000
[  423.701307] KGSL_DIAG  +0018 T3 op=0x2d cnt=13 hdr=c00c2d00
[  423.701319] KGSL_DIAG      00010078 682d3263 00000020 682d3283
[  423.701332] KGSL_DIAG      00000020 682d32a3 00000020 682d32c3
[  423.701344] KGSL_DIAG      00000020 00000006 2e20a300 00000010
[  423.701356] KGSL_DIAG      00000000 00000000 00000000 00000000
[  423.701368] KGSL_DIAG  +0050 T3 op=0x2b cnt=32 hdr=c01f2b00
[  423.701381] KGSL_DIAG      00000000 0000001e 02556003 00001000
[  423.701395] KGSL_DIAG      c2000000 00001009 00001000 c4000000
[  423.701407] KGSL_DIAG      0000000a 00002000 00000000 1b481000
[  423.701420] KGSL_DIAG      00263e88 00000000 15482000 40263e88
[  423.701434] KGSL_DIAG      00000000 11583000 40263e88 00000000
[  423.701446] KGSL_DIAG      11484000 40253fc8 00000008 14070000
[  423.701459] KGSL_DIAG      00003100 eb020403 14070000 00002c00
[  423.701472] KGSL_DIAG      eb010400 140bc03e 00c0c000 e2000000
[  423.701485] KGSL_DIAG  +00d4 T3 op=0x2d cnt=2 hdr=c0012d00
[  423.701498] KGSL_DIAG      00040316 0000028f 00000000 00000000
[  423.701510] KGSL_DIAG  +00e0 T3 op=0x2d cnt=2 hdr=c0012d00
[  423.701522] KGSL_DIAG      00040180 10038004 00000000 00000000
[  423.701535] KGSL_DIAG  +00ec T3 op=0x2d cnt=5 hdr=c0042d00
[  423.701550] KGSL_DIAG      0004010f 44000000 44000200 c3c00000
[  423.701562] KGSL_DIAG      43c00400 00000000 00000000 00000000
[  423.701575] KGSL_DIAG  +0104 T3 op=0x2d cnt=25 hdr=c0182d00
[  423.701593] KGSL_DIAG      00000080 3f800000 00000000 00000000
[  423.701621] KGSL_DIAG      00000000 00000000 bb2aaaab 00000000
[  423.701641] KGSL_DIAG      00000000 be2a0000 3f76aaab 3f800000
[  423.701654] KGSL_DIAG      00000000 3f800000 00000000 00000000
[  423.701666] KGSL_DIAG      00000000 3d4ccccd 3d124925 00000000
[  423.701679] KGSL_DIAG      00000000 3f800000 00000000 00000000
[  423.701690] KGSL_DIAG      00000000 00000000 00000000 00000000
[  423.701702] KGSL_DIAG  +016c T0 reg=0x0e00 cnt=1
[  423.701713] KGSL_DIAG  +0174 T3 op=0x2d cnt=4 hdr=c0032d00
[  423.701725] KGSL_DIAG      00040000 00000100 00000205 00000000
[  423.701737] KGSL_DIAG  +0188 T3 op=0x2d cnt=2 hdr=c0012d00
[  423.701748] KGSL_DIAG      00040301 00000000 00000000 00000000
[  423.701761] KGSL_DIAG  +0194 T3 op=0x2d cnt=2 hdr=c0012d00
[  423.701774] KGSL_DIAG      0004020a 88888888 00000000 00000000
[  423.701787] KGSL_DIAG  +01a0 T3 op=0x2d cnt=7 hdr=c0062d00
[  423.701800] KGSL_DIAG      0004010f 44000000 44000200 c3c00000
[  423.701814] KGSL_DIAG      43c00400 3efffee0 3efffee0 00000000
[  423.701827] KGSL_DIAG  +01c0 T3 op=0x2d cnt=2 hdr=c0012d00
[  423.701840] KGSL_DIAG      00040206 0000043f 00000000 00000000
[  423.701852] KGSL_DIAG  +01cc T3 op=0x2d cnt=5 hdr=c0042d00
[  423.701866] KGSL_DIAG      00040303 411aaaab 3f800000 40e00000
[  423.701878] KGSL_DIAG      3f800000 00000000 00000000 00000000
[  423.701892] KGSL_DIAG  +01e4 T3 op=0x2d cnt=2 hdr=c0012d00
[  423.701904] KGSL_DIAG      00040302 00000001 00000000 00000000
[  423.701916] KGSL_DIAG  +01f0 T3 op=0x2d cnt=2 hdr=c0012d00
[  423.701928] KGSL_DIAG      00040205 00080000 00000000 00000000
[  423.701940] KGSL_DIAG  +01fc T3 op=0x26 cnt=1 hdr=c0002600
[  423.701951] KGSL_DIAG      00000000 00000000 00000000 00000000
[  423.701963] KGSL_DIAG  +0204 T3 op=0x2d cnt=2 hdr=c0012d00
[  423.701974] KGSL_DIAG      00040200 00700798 00000000 00000000
[  423.701986] KGSL_DIAG  +0210 T3 op=0x2d cnt=3 hdr=c0022d00
[  423.701998] KGSL_DIAG      00040081 80000000 03000400 00000000
[  423.702010] KGSL_DIAG  +0220 T3 op=0x2d cnt=3 hdr=c0022d00
[  423.702021] KGSL_DIAG      0004000e 00000000 03000400 00000000
[  423.702032] KGSL_DIAG  +0230 T0 reg=0x0c00 cnt=1
[  423.702044] KGSL_DIAG  +0238 T3 op=0x2d cnt=2 hdr=c0012d00
[  423.702055] KGSL_DIAG      00040209 00000003 00000000 00000000
[  423.702067] KGSL_DIAG  +0244 T3 op=0x26 cnt=1 hdr=c0002600
[  423.702078] KGSL_DIAG      00000000 00000000 00000000 00000000
[  423.702089] KGSL_DIAG  +024c T0 reg=0x0d00 cnt=1
[  423.702101] KGSL_DIAG  +0254 T3 op=0x22 cnt=3 hdr=c0022200
[  423.702112] KGSL_DIAG      00000000 00004085 00000004 00000000
[  423.702124] KGSL_DIAG  +0264 T3 op=0x2d cnt=13 hdr=c00c2d00
[  423.702136] KGSL_DIAG      00010078 682d32e3 00000020 682d3303
[  423.702148] KGSL_DIAG      00000020 682d3323 00000020 682d3343
[  423.702160] KGSL_DIAG      00000020 2e2078c8 00000005 2c416964
[  423.702171] KGSL_DIAG      2c627894 00000000 00000000 00000000
[  423.702183] KGSL_DIAG  +029c T3 op=0x22 cnt=3 hdr=c0022200
[  423.702195] KGSL_DIAG      00000000 00004085 00000004 00000000
[  423.702207] KGSL_DIAG  +02ac T3 op=0x2d cnt=5 hdr=c0042d00
[  423.702220] KGSL_DIAG      00000080 3f800000 00000000 00000000
[  423.702231] KGSL_DIAG      00000000 00000000 00000000 00000000
[  423.702244] KGSL_DIAG  +02c4 T3 op=0x2d cnt=13 hdr=c00c2d00
[  423.702256] KGSL_DIAG      00010078 682d3363 00000020 682d33a3
[  423.702268] KGSL_DIAG      00000020 682d33c3 00000020 682d33e3
[  423.702280] KGSL_DIAG      00000020 00000006 2e20a300 00000010
[  423.702292] KGSL_DIAG      00000000 00000000 00000000 00000000
[  423.702304] KGSL_DIAG  +02fc T3 op=0x2b cnt=32 hdr=c01f2b00
[  423.702316] KGSL_DIAG      00000000 0000001e 02556003 00001000
[  423.702329] KGSL_DIAG      c2000000 00001009 00001000 c4000000
[  423.702341] KGSL_DIAG      0000000a 00002000 00000000 1b481000
[  423.702353] KGSL_DIAG      00263e88 00000000 15482000 40263e88
[  423.702365] KGSL_DIAG      00000000 11583000 40263e88 00000000
[  423.702378] KGSL_DIAG      11484000 40253fc8 00000008 14070000
[  423.702392] KGSL_DIAG      00003100 eb020403 14070000 00002c00
[  423.702405] KGSL_DIAG      eb010400 140bc03e 00c0c000 e2000000
[  423.702417] KGSL_DIAG  +0380 T3 op=0x2d cnt=2 hdr=c0012d00
[  423.702428] KGSL_DIAG      00040316 0000028f 00000000 00000000
[  423.702440] KGSL_DIAG  +038c T3 op=0x2d cnt=2 hdr=c0012d00
[  423.702452] KGSL_DIAG      00040180 10038004 00000000 00000000
[  423.702464] KGSL_DIAG  +0398 T3 op=0x22 cnt=3 hdr=c0022200
[  423.702477] KGSL_DIAG      00000000 00004085 00000004 00000000
[  423.702490] KGSL_DIAG  +03a8 T3 op=0x2d cnt=13 hdr=c00c2d00
[  423.702504] KGSL_DIAG      00010078 682d3403 00000020 682d3443
[  423.702517] KGSL_DIAG      00000020 682d3463 00000020 682d3483
[  423.702530] KGSL_DIAG      00000020 387744e0 7ec81f00 2bc5c6f8
[  423.702543] KGSL_DIAG      00000000 00000000 00000000 00000000
[  423.702556] KGSL_DIAG  +03e0 T3 op=0x22 cnt=3 hdr=c0022200
[  423.702569] KGSL_DIAG      00000000 00004085 00000004 00000000
[  423.702583] KGSL_DIAG  +03f0 T3 op=0x2d cnt=5 hdr=c0042d00
[  423.702595] KGSL_DIAG      0000008c 3f800000 00000000 00000000
[  423.702608] KGSL_DIAG      00000000 00000000 00000000 00000000
[  423.702622] KGSL_DIAG  +0408 T3 op=0x2d cnt=7 hdr=c0062d00
[  423.702634] KGSL_DIAG      00010078 682d34a3 00000220 682d36c3
[  423.702646] KGSL_DIAG      00000220 2c3fc5a0 000000c4 00000000
[  423.702657] KGSL_DIAG  +0428 T3 op=0x2b cnt=26 hdr=c0192b00
[  423.702669] KGSL_DIAG      00000000 00000018 00254003 00001000
[  423.702681] KGSL_DIAG      c2000000 00001007 00001000 c4000000
[  423.702693] KGSL_DIAG      00000008 00002000 00000000 1b480000
[  423.702705] KGSL_DIAG      00253fff 00000008 11481000 40253fc8
[  423.702716] KGSL_DIAG      00000008 14070000 00310000 8b010102
[  423.702728] KGSL_DIAG      14070000 002c0000 ab010000 148f803e
[  423.702740] KGSL_DIAG      00000000 e2000000 00000000 00000000
[  423.702752] KGSL_DIAG  +0494 T3 op=0x2d cnt=2 hdr=c0012d00
[  423.702763] KGSL_DIAG      00040316 0000028f 00000000 00000000
[  423.702775] KGSL_DIAG  +04a0 T3 op=0x2d cnt=2 hdr=c0012d00
[  423.702787] KGSL_DIAG      00040180 10038001 00000000 00000000
[  423.702799] KGSL_DIAG  +04ac T3 op=0x2d cnt=13 hdr=c00c2d00
[  423.702810] KGSL_DIAG      00000080 3b000000 00000000 00000000
[  423.702821] KGSL_DIAG      00000000 00000000 bb2aaaab 00000000
[  423.702833] KGSL_DIAG      00000000 be930000 bf4d5556 3f800000
[  423.702844] KGSL_DIAG      00000000 00000000 00000000 00000000
[  423.702857] KGSL_DIAG  +04e4 T3 op=0x22 cnt=5 hdr=c0042200
[  423.702868] KGSL_DIAG      00000000 00004006 00000066 682d38e0
[  423.702880] KGSL_DIAG      000000cc 00000000 00000000 00000000
[  423.702892] KGSL_DIAG  +04fc T3 op=0x2d cnt=5 hdr=c0042d00
[  423.702903] KGSL_DIAG      00000080 3f800000 00000000 00000000
[  423.702915] KGSL_DIAG      00000000 00000000 00000000 00000000
[  423.702927] KGSL_DIAG  +0514 T3 op=0x2d cnt=13 hdr=c00c2d00
[  423.702940] KGSL_DIAG      00010078 682d39c3 00000020 682d3a03
[  423.702952] KGSL_DIAG      00000020 682d3a23 00000020 682d3a43
[  423.702964] KGSL_DIAG      00000020 00000006 2e20a300 00000010
[  423.702976] KGSL_DIAG      00000000 00000000 00000000 00000000
[  423.702988] KGSL_DIAG  +054c T3 op=0x2b cnt=32 hdr=c01f2b00
[  423.703001] KGSL_DIAG      00000000 0000001e 02556003 00001000
[  423.703013] KGSL_DIAG      c2000000 00001009 00001000 c4000000
[  423.703025] KGSL_DIAG      0000000a 00002000 00000000 1b481000
[  423.703038] KGSL_DIAG      00263e88 00000000 15482000 40263e88
[  423.703050] KGSL_DIAG      00000000 11583000 40263e88 00000000
[  423.703063] KGSL_DIAG      11484000 40253fc8 00000008 14070000
[  423.703075] KGSL_DIAG      00003100 eb020403 14070000 00002c00
[  423.703087] KGSL_DIAG      eb010400 140bc03e 00c0c000 e2000000
[  423.703099] KGSL_DIAG  +05d0 T3 op=0x2d cnt=2 hdr=c0012d00
[  423.703111] KGSL_DIAG      00040316 0000028f 00000000 00000000
[  423.703128] KGSL_DIAG  +05dc T3 op=0x2d cnt=2 hdr=c0012d00
[  423.703155] KGSL_DIAG      00040180 10038004 00000000 00000000
[  423.703181] KGSL_DIAG  +05e8 T3 op=0x22 cnt=3 hdr=c0022200
[  423.703196] KGSL_DIAG      00000000 00004085 00000004 00000000
[  423.703218] KGSL_DIAG  +05f8 T3 op=0x2d cnt=13 hdr=c00c2d00
[  423.703251] KGSL_DIAG      00010078 682d3a63 00000020 682d3aa3
[  423.703263] KGSL_DIAG      00000020 682d3ac3 00000020 682d3ae3
[  423.703275] KGSL_DIAG      00000020 682d2043 00000020 00000008
[  423.703287] KGSL_DIAG      2e20a2fc 00000000 00000000 00000000
[  423.703299] KGSL_DIAG  +0630 T3 op=0x22 cnt=3 hdr=c0022200
[  423.703311] KGSL_DIAG      00000000 00004085 00000004 00000000
[  423.703324] KGSL_DIAG  +0640 T3 op=0x2d cnt=13 hdr=c00c2d00
[  423.703338] KGSL_DIAG      00010078 682d3b03 00000020 682d3b43
[  423.703350] KGSL_DIAG      00000020 682d3b63 00000020 682d3b83
[  423.703363] KGSL_DIAG      00000020 682d2223 00000020 00000000
[  423.703376] KGSL_DIAG      00000000 00000000 00000000 00000000
[  423.703389] KGSL_DIAG  +0678 T3 op=0x22 cnt=3 hdr=c0022200
[  423.703400] KGSL_DIAG      00000000 00004085 00000004 00000000
[  423.703413] KGSL_DIAG  +0688 T3 op=0x2d cnt=13 hdr=c00c2d00
[  423.703426] KGSL_DIAG      00010078 682d3ba3 00000020 682d3be3
[  423.703438] KGSL_DIAG      00000020 682d3c03 00000020 682d3c23
[  423.703451] KGSL_DIAG      00000020 682d3b83 00000020 00000000
[  423.703464] KGSL_DIAG      00000000 00000000 00000000 00000000
[  423.703476] KGSL_DIAG  +06c0 T3 op=0x22 cnt=3 hdr=c0022200
[  423.703488] KGSL_DIAG      00000000 00004085 00000004 00000000
[  423.703501] KGSL_DIAG  +06d0 T3 op=0x2d cnt=13 hdr=c00c2d00
[  423.703513] KGSL_DIAG      00010078 682d3c43 00000020 682d3c83
[  423.703527] KGSL_DIAG      00000020 682d3ca3 00000020 682d3cc3
[  423.703540] KGSL_DIAG      00000020 682d3c23 00000020 00000000
[  423.703551] KGSL_DIAG      00000000 00000000 00000000 00000000
[  423.703563] KGSL_DIAG  +0708 T3 op=0x22 cnt=3 hdr=c0022200
[  423.703575] KGSL_DIAG      00000000 00004085 00000004 00000000
[  423.703587] KGSL_DIAG  +0718 T3 op=0x2d cnt=5 hdr=c0042d00
[  423.703598] KGSL_DIAG      00000094 3f800000 00000000 00000000
[  423.703611] KGSL_DIAG      00000000 00000000 00000000 00000000
[  423.703624] KGSL_DIAG  +0730 T3 op=0x2d cnt=13 hdr=c00c2d00
[  423.703639] KGSL_DIAG      00010078 682d3ce3 00000020 682d3d03
[  423.703651] KGSL_DIAG      00000020 682d3d23 00000020 682d3d43
[  423.703663] KGSL_DIAG      00000020 00000006 2e20a300 00000010
[  423.703676] KGSL_DIAG      00000000 00000000 00000000 00000000
[  423.703690] KGSL_DIAG  +0768 T3 op=0x2b cnt=56 hdr=c0372b00
[  423.703702] KGSL_DIAG      00000000 00000036 02556003 00001000
[  423.703715] KGSL_DIAG      c2000000 00006009 300f1000 10000000
[  423.703728] KGSL_DIAG      00000000 0012c400 20000000 1b481000
[  423.703741] KGSL_DIAG      00263e88 00000000 15482000 40263e88
[  423.703754] KGSL_DIAG      00000000 11583000 40263e88 00000000
[  423.703767] KGSL_DIAG      11484000 40253fc8 00000008 14070000
[  423.703779] KGSL_DIAG      00003100 eb020403 14070000 00002c00
[  423.703791] KGSL_DIAG      eb010400 4c100100 000000c0 e2000000
[  423.703803] KGSL_DIAG      14030000 00000c00 e1000100 14030001
[  423.703815] KGSL_DIAG      00000c00 a0000500 14030001 00000000
[  423.703827] KGSL_DIAG      a1010300 14040000 00300000 8b010102
[  423.703839] KGSL_DIAG      14080000 0040c0c0 ab010000 4c900100
[  423.703851] KGSL_DIAG      00000000 e2000000 14830000 00000c1b
[  423.703863] KGSL_DIAG      e1000101 140bc03e 00000000 e2000000
[  423.703875] KGSL_DIAG  +084c T3 op=0x2d cnt=2 hdr=c0012d00
[  423.703886] KGSL_DIAG      00040316 0000028f 00000000 00000000
[  423.703898] KGSL_DIAG  +0858 T3 op=0x2d cnt=2 hdr=c0012d00
[  423.703909] KGSL_DIAG      00040180 10018004 00000000 00000000
[  423.703921] KGSL_DIAG  +0864 T3 op=0x2d cnt=21 hdr=c0142d00
[  423.703933] KGSL_DIAG      00000080 3f800000 00000000 00000000
[  423.703944] KGSL_DIAG      00000000 00000000 3f800000 00000000
[  423.703956] KGSL_DIAG      00000000 00000000 c4390000 3f800000
[  423.703968] KGSL_DIAG      00000000 44000000 43c00000 00000000
[  423.703979] KGSL_DIAG      00000000 3d4ccccd 3d124925 00000000
[  423.703991] KGSL_DIAG      00000000 00000000 00000000 00000000
[  423.704003] KGSL_DIAG  +08bc T3 op=0x22 cnt=3 hdr=c0022200
[  423.704014] KGSL_DIAG      00000000 00004085 00000004 00000000
[  423.704026] KGSL_DIAG  +08cc T3 op=0x2d cnt=5 hdr=c0042d00
[  423.704038] KGSL_DIAG      00000080 3f800000 00000000 00000000
[  423.704049] KGSL_DIAG      00000000 00000000 00000000 00000000
[  423.704062] KGSL_DIAG  +08e4 T3 op=0x2d cnt=13 hdr=c00c2d00
[  423.704074] KGSL_DIAG      00010078 682d3d63 00000020 682d3da3
[  423.704086] KGSL_DIAG      00000020 682d3dc3 00000020 682d3de3
[  423.704100] KGSL_DIAG      00000020 00000006 2e20a300 00000010
[  423.704111] KGSL_DIAG      00000000 00000000 00000000 00000000
[  423.704124] KGSL_DIAG  +091c T3 op=0x2b cnt=32 hdr=c01f2b00
[  423.704136] KGSL_DIAG      00000000 0000001e 02556003 00001000
[  423.704148] KGSL_DIAG      c2000000 00001009 00001000 c4000000
[  423.704160] KGSL_DIAG      0000000a 00002000 00000000 1b481000
[  423.704172] KGSL_DIAG      00263e88 00000000 15482000 40263e88
[  423.704184] KGSL_DIAG      00000000 11583000 40263e88 00000000
[  423.704196] KGSL_DIAG      11484000 40253fc8 00000008 14070000
[  423.704209] KGSL_DIAG      00003100 eb020403 14070000 00002c00
[  423.704221] KGSL_DIAG      eb010400 140bc03e 00c0c000 e2000000
[  423.704233] KGSL_DIAG  +09a0 T3 op=0x2d cnt=2 hdr=c0012d00
[  423.704244] KGSL_DIAG      00040316 0000028f 00000000 00000000
[  423.704256] KGSL_DIAG  +09ac T3 op=0x2d cnt=2 hdr=c0012d00
[  423.704267] KGSL_DIAG      00040180 10038004 00000000 00000000
[  423.704279] KGSL_DIAG  +09b8 T3 op=0x22 cnt=3 hdr=c0022200
[  423.704291] KGSL_DIAG      00000000 00004085 00000004 00000000
[  423.704304] KGSL_DIAG  +09c8 T3 op=0x2d cnt=13 hdr=c00c2d00
[  423.704317] KGSL_DIAG      00010078 682d3e03 00000020 682d3e43
[  423.704330] KGSL_DIAG      00000020 682d3e63 00000020 682d3e83
[  423.704342] KGSL_DIAG      00000020 30b397e0 00000000 00000001
[  423.704355] KGSL_DIAG      7ec82b58 00000000 00000000 00000000
[  423.704367] KGSL_DIAG  +0a00 T3 op=0x22 cnt=3 hdr=c0022200
[  423.704379] KGSL_DIAG      00000000 00004085 00000004 00000000
[  423.704394] KGSL_DIAG  +0a10 T3 op=0x2d cnt=5 hdr=c0042d00
[  423.704406] KGSL_DIAG      0000008c 3f800000 00000000 00000000
[  423.704418] KGSL_DIAG      00000000 00000000 00000000 00000000
[  423.704431] KGSL_DIAG  +0a28 T3 op=0x2d cnt=7 hdr=c0062d00
[  423.704443] KGSL_DIAG      00010078 682d3ea3 000000a0 682d3f43
[  423.704456] KGSL_DIAG      000000a0 2c3fc5a0 000000c4 00000000
[  423.705182] KGSL_DIAG  +0a48 T3 op=0x2b cnt=26 hdr=c0192b00
[  423.705196] KGSL_DIAG      00000000 00000018 00254003 00001000
[  423.705208] KGSL_DIAG      c2000000 00001007 00001000 c4000000
[  423.705220] KGSL_DIAG      00000008 00002000 00000000 1b480000
[  423.705232] KGSL_DIAG      00253fff 00000008 11481000 40253fc8
[  423.705244] KGSL_DIAG      00000008 14070000 00310000 8b010102
[  423.705255] KGSL_DIAG      14070000 002c0000 ab010000 148f803e
[  423.705267] KGSL_DIAG      00000000 e2000000 00000000 00000000
[  423.705279] KGSL_DIAG  +0ab4 T3 op=0x2d cnt=2 hdr=c0012d00
[  423.705290] KGSL_DIAG      00040316 0000028f 00000000 00000000
[  423.705303] KGSL_DIAG  +0ac0 T3 op=0x2d cnt=2 hdr=c0012d00
[  423.705314] KGSL_DIAG      00040180 10038001 00000000 00000000
[  423.705326] KGSL_DIAG  +0acc T3 op=0x2d cnt=13 hdr=c00c2d00
[  423.705337] KGSL_DIAG      00000080 3b000000 00000000 00000000
[  423.705349] KGSL_DIAG      00000000 00000000 bb2aaaab 00000000
[  423.705361] KGSL_DIAG      00000000 3f658000 3f76aaab 3f800000
[  423.705372] KGSL_DIAG      00000000 00000000 00000000 00000000
[  423.705384] KGSL_DIAG  +0b04 T3 op=0x22 cnt=5 hdr=c0042200
[  423.705396] KGSL_DIAG      00000000 00004006 0000001e 682d3fe0
[  423.705407] KGSL_DIAG      0000003c 00000000 00000000 00000000
[  423.705419] KGSL_DIAG  +0b1c T3 op=0x2d cnt=5 hdr=c0042d00
[  423.705431] KGSL_DIAG      00000080 3f800000 00000000 00000000
[  423.705442] KGSL_DIAG      00000000 00000000 00000000 00000000
[  423.705454] KGSL_DIAG  +0b34 T3 op=0x2d cnt=13 hdr=c00c2d00
[  423.705466] KGSL_DIAG      00010078 682d4023 00000020 682d4063
[  423.705478] KGSL_DIAG      00000020 682d4083 00000020 682d40a3
[  423.705490] KGSL_DIAG      00000020 00000006 2e20a300 00000010
[  423.705516] KGSL_DIAG      00000000 00000000 00000000 00000000
[  423.705528] KGSL_DIAG  +0b6c T3 op=0x2b cnt=32 hdr=c01f2b00
[  423.705540] KGSL_DIAG      00000000 0000001e 02556003 00001000
[  423.705552] KGSL_DIAG      c2000000 00001009 00001000 c4000000
[  423.705563] KGSL_DIAG      0000000a 00002000 00000000 1b481000
[  423.705575] KGSL_DIAG      00263e88 00000000 15482000 40263e88
[  423.705587] KGSL_DIAG      00000000 11583000 40263e88 00000000
[  423.705599] KGSL_DIAG      11484000 40253fc8 00000008 14070000
[  423.705610] KGSL_DIAG      00003100 eb020403 14070000 00002c00
[  423.705622] KGSL_DIAG      eb010400 140bc03e 00c0c000 e2000000
[  423.705635] KGSL_DIAG  +0bf0 T3 op=0x2d cnt=2 hdr=c0012d00
[  423.705646] KGSL_DIAG      00040316 0000028f 00000000 00000000
[  423.705658] KGSL_DIAG  +0bfc T3 op=0x2d cnt=2 hdr=c0012d00
[  423.705669] KGSL_DIAG      00040180 10038004 00000000 00000000
[  423.705681] KGSL_DIAG  +0c08 T3 op=0x22 cnt=3 hdr=c0022200
[  423.705693] KGSL_DIAG      00000000 00004085 00000004 00000000
[  423.705705] KGSL_DIAG  +0c18 T3 op=0x2d cnt=13 hdr=c00c2d00
[  423.705716] KGSL_DIAG      00010078 682d40c3 00000020 682d4103
[  423.705728] KGSL_DIAG      00000020 682d4123 00000020 682d4143
[  423.705740] KGSL_DIAG      00000020 41000000 2bb03974 7ec82934
[  423.705752] KGSL_DIAG      36c8ae28 00000000 00000000 00000000
[  423.705764] KGSL_DIAG  +0c50 T3 op=0x22 cnt=3 hdr=c0022200
[  423.705775] KGSL_DIAG      00000000 00004085 00000004 00000000
[  423.705787] KGSL_DIAG  +0c60 T3 op=0x2d cnt=13 hdr=c00c2d00
[  423.705799] KGSL_DIAG      00010078 682d4163 00000020 682d41a3
[  423.705810] KGSL_DIAG      00000020 682d41c3 00000020 682d41e3
[  423.705822] KGSL_DIAG      00000020 682d4143 00000020 7ec82934
[  423.705834] KGSL_DIAG      36c8ae28 00000000 00000000 00000000
[  423.705846] KGSL_DIAG  +0c98 T3 op=0x22 cnt=3 hdr=c0022200
[  423.705858] KGSL_DIAG      00000000 00004085 00000004 00000000
[  423.705870] KGSL_DIAG  +0ca8 T3 op=0x2d cnt=5 hdr=c0042d00
[  423.705881] KGSL_DIAG      00000080 3f800000 00000000 00000000
[  423.705892] KGSL_DIAG      00000000 00000000 00000000 00000000
[  423.705904] KGSL_DIAG  +0cc0 T3 op=0x2d cnt=13 hdr=c00c2d00
[  423.705916] KGSL_DIAG      00010078 682d4203 00000020 682d4243
[  423.705928] KGSL_DIAG      00000020 682d4263 00000020 682d4283
[  423.705940] KGSL_DIAG      00000020 00000006 2e20a300 00000010
[  423.705951] KGSL_DIAG      00000000 00000000 00000000 00000000
[  423.705963] KGSL_DIAG  +0cf8 T3 op=0x2b cnt=32 hdr=c01f2b00
[  423.705975] KGSL_DIAG      00000000 0000001e 02556003 00001000
[  423.705987] KGSL_DIAG      c2000000 00001009 00001000 c4000000
[  423.705998] KGSL_DIAG      0000000a 00002000 00000000 1b481000
[  423.706010] KGSL_DIAG      00263e88 00000000 15482000 40263e88
[  423.706022] KGSL_DIAG      00000000 11583000 40263e88 00000000
[  423.706034] KGSL_DIAG      11484000 40253fc8 00000008 14070000
[  423.706045] KGSL_DIAG      00003100 eb020403 14070000 00002c00
[  423.706057] KGSL_DIAG      eb010400 140bc03e 00c0c000 e2000000
[  423.706069] KGSL_DIAG  +0d7c T3 op=0x2d cnt=2 hdr=c0012d00
[  423.706081] KGSL_DIAG      00040316 0000028f 00000000 00000000
[  423.706093] KGSL_DIAG  +0d88 T3 op=0x2d cnt=2 hdr=c0012d00
[  423.706104] KGSL_DIAG      00040180 10038004 00000000 00000000
[  423.706116] KGSL_DIAG  +0d94 T3 op=0x22 cnt=3 hdr=c0022200
[  423.706127] KGSL_DIAG      00000000 00004085 00000004 00000000
[  423.706139] KGSL_DIAG  +0da4 T3 op=0x2d cnt=5 hdr=c0042d00
[  423.706151] KGSL_DIAG      00000080 3f800000 00000000 00000000
[  423.706162] KGSL_DIAG      00000000 00000000 00000000 00000000
[  423.706174] KGSL_DIAG  +0dbc T3 op=0x2d cnt=13 hdr=c00c2d00
[  423.706185] KGSL_DIAG      00010078 682d42a3 00000020 682d42e3
[  423.706197] KGSL_DIAG      00000020 682d4303 00000020 682d4323
[  423.706209] KGSL_DIAG      00000020 00000006 2e20a300 00000010
[  423.706220] KGSL_DIAG      00000000 00000000 00000000 00000000
[  423.706232] KGSL_DIAG  +0df4 T3 op=0x2b cnt=32 hdr=c01f2b00
[  423.706244] KGSL_DIAG      00000000 0000001e 02556003 00001000
[  423.706256] KGSL_DIAG      c2000000 00001009 00001000 c4000000
[  423.706268] KGSL_DIAG      0000000a 00002000 00000000 1b481000
[  423.706279] KGSL_DIAG      00263e88 00000000 15482000 40263e88
[  423.706291] KGSL_DIAG      00000000 11583000 40263e88 00000000
[  423.706303] KGSL_DIAG      11484000 40253fc8 00000008 14070000
[  423.706315] KGSL_DIAG      00003100 eb020403 14070000 00002c00
[  423.706327] KGSL_DIAG      eb010400 140bc03e 00c0c000 e2000000
[  423.706338] KGSL_DIAG  +0e78 T3 op=0x2d cnt=2 hdr=c0012d00
[  423.706350] KGSL_DIAG      00040316 0000028f 00000000 00000000
[  423.706362] KGSL_DIAG  +0e84 T3 op=0x2d cnt=2 hdr=c0012d00
[  423.706373] KGSL_DIAG      00040180 10038004 00000000 00000000
[  423.706385] KGSL_DIAG  +0e90 T3 op=0x22 cnt=3 hdr=c0022200
[  423.706397] KGSL_DIAG      00000000 00004085 00000004 00000000
[  423.706409] KGSL_DIAG  +0ea0 T3 op=0x2d cnt=13 hdr=c00c2d00
[  423.706420] KGSL_DIAG      00010078 682d4343 00000020 682d4383
[  423.706432] KGSL_DIAG      00000020 682d43a3 00000020 682d43c3
[  423.706444] KGSL_DIAG      00000020 00000000 00000000 00000002
[  423.706455] KGSL_DIAG      00000de1 00000000 00000000 00000000
[  423.706467] KGSL_DIAG  +0ed8 T3 op=0x22 cnt=3 hdr=c0022200
[  423.706479] KGSL_DIAG      00000000 00004085 00000004 00000000
[  423.706491] KGSL_DIAG  +0ee8 T3 op=0x2d cnt=13 hdr=c00c2d00
[  423.706502] KGSL_DIAG      00010078 682d43e3 00000020 682d4423
[  423.706514] KGSL_DIAG      00000020 682d4443 00000020 682d4463
[  423.706526] KGSL_DIAG      00000020 2e2078c8 2e20ef50 36c8bd68
[  423.706537] KGSL_DIAG      2e2078c8 00000000 00000000 00000000
[  423.706549] KGSL_DIAG  +0f20 T3 op=0x22 cnt=3 hdr=c0022200
[  423.706561] KGSL_DIAG      00000000 00004085 00000004 00000000
[  423.706573] KGSL_DIAG  +0f30 T3 op=0x2d cnt=5 hdr=c0042d00
[  423.706584] KGSL_DIAG      0000008c 3f800000 00000000 00000000
[  423.706596] KGSL_DIAG      00000000 00000000 00000000 00000000
[  423.706608] KGSL_DIAG  +0f48 T3 op=0x2d cnt=7 hdr=c0062d00
[  423.706619] KGSL_DIAG      00010078 682d4483 000002c0 682d4743
[  423.706631] KGSL_DIAG      000002c0 2c3fc5a0 000000c4 00000000
[  423.706643] KGSL_DIAG  +0f68 T3 op=0x2b cnt=26 hdr=c0192b00
[  423.706655] KGSL_DIAG      00000000 00000018 00254003 00001000
[  423.706667] KGSL_DIAG      c2000000 00001007 00001000 c4000000
[  423.706679] KGSL_DIAG      00000008 00002000 00000000 1b480000
[  423.706691] KGSL_DIAG      00253fff 00000008 11481000 40253fc8
[  423.706703] KGSL_DIAG      00000008 14070000 00310000 8b010102
[  423.706715] KGSL_DIAG      14070000 002c0000 ab010000 148f803e
[  423.706726] KGSL_DIAG      00000000 e2000000 00000000 00000000
[  423.706738] KGSL_DIAG  +0fd4 T3 op=0x2d cnt=2 hdr=c0012d00
[  423.706749] KGSL_DIAG      00040316 0000028f 00000000 00000000
[  423.706761] KGSL_DIAG  +0fe0 T3 op=0x2d cnt=2 hdr=c0012d00
[  423.706773] KGSL_DIAG      00040180 10038001 00000000 00000000
[  423.706785] KGSL_DIAG  +0fec T3 op=0x2d cnt=13 hdr=c00c2d00
[  423.706797] KGSL_DIAG      00000080 3b000000 00000000 00000000
[  423.706808] KGSL_DIAG      00000000 00000000 bb2aaaab 00000000
[  423.706820] KGSL_DIAG      00000000 be2a0000 3f76aaab 3f800000
[  423.706831] KGSL_DIAG      00000000 00000000 00000000 00000000
[  423.706843] KGSL_DIAG  +1024 T3 op=0x22 cnt=5 hdr=c0042200
[  423.706855] KGSL_DIAG      00000000 00004006 00000084 682d4a00
[  423.706866] KGSL_DIAG      00000108 00000000 00000000 00000000
[  423.706879] KGSL_DIAG  +103c T3 op=0x2d cnt=5 hdr=c0042d00
[  423.706890] KGSL_DIAG      00000080 3f800000 00000000 00000000
[  423.706902] KGSL_DIAG      00000000 00000000 00000000 00000000
[  423.706913] KGSL_DIAG  +1054 T3 op=0x2d cnt=13 hdr=c00c2d00
[  423.706925] KGSL_DIAG      00010078 682d4b23 00000020 682d4b63
[  423.706937] KGSL_DIAG      00000020 682d4b83 00000020 682d4ba3
[  423.706949] KGSL_DIAG      00000020 00000006 2e20a300 00000010
[  423.706960] KGSL_DIAG      00000000 00000000 00000000 00000000
[  423.706972] KGSL_DIAG  +108c T3 op=0x2b cnt=32 hdr=c01f2b00
[  423.706984] KGSL_DIAG      00000000 0000001e 02556003 00001000
[  423.706996] KGSL_DIAG      c2000000 00001009 00001000 c4000000
[  423.707008] KGSL_DIAG      0000000a 00002000 00000000 1b481000
[  423.707019] KGSL_DIAG      00263e88 00000000 15482000 40263e88
[  423.707031] KGSL_DIAG      00000000 11583000 40263e88 00000000
[  423.707043] KGSL_DIAG      11484000 40253fc8 00000008 14070000
[  423.707055] KGSL_DIAG      00003100 eb020403 14070000 00002c00
[  423.707067] KGSL_DIAG      eb010400 140bc03e 00c0c000 e2000000
[  423.707079] KGSL_DIAG  +1110 T3 op=0x2d cnt=2 hdr=c0012d00
[  423.707090] KGSL_DIAG      00040316 0000028f 00000000 00000000
[  423.707102] KGSL_DIAG  +111c T3 op=0x2d cnt=2 hdr=c0012d00
[  423.707114] KGSL_DIAG      00040180 10038004 00000000 00000000
[  423.707126] KGSL_DIAG  +1128 T3 op=0x22 cnt=3 hdr=c0022200
[  423.707137] KGSL_DIAG      00000000 00004085 00000004 00000000
[  423.707149] KGSL_DIAG  +1138 T3 op=0x2d cnt=13 hdr=c00c2d00
[  423.707161] KGSL_DIAG      00010078 682d4bc3 00000020 682d4c03
[  423.707173] KGSL_DIAG      00000020 682d4c23 00000020 682d4c43
[  423.707185] KGSL_DIAG      00000020 36c8bd68 2e2078c8 2c671450
[  423.707196] KGSL_DIAG      2e2078c8 00000000 00000000 00000000
[  423.707208] KGSL_DIAG  +1170 T3 op=0x22 cnt=3 hdr=c0022200
[  423.707220] KGSL_DIAG      00000000 00004085 00000004 00000000
[  423.707232] KGSL_DIAG  +1180 T3 op=0x2d cnt=13 hdr=c00c2d00
[  423.707243] KGSL_DIAG      00010078 682d4c63 00000020 682d4ca3
[  423.707255] KGSL_DIAG      00000020 682d4cc3 00000020 682d4ce3
[  423.707267] KGSL_DIAG      00000020 36b97a30 36c8bf60 00000001
[  423.707279] KGSL_DIAG      00000015 00000000 00000000 00000000
[  423.707291] KGSL_DIAG  +11b8 T3 op=0x22 cnt=3 hdr=c0022200
[  423.707302] KGSL_DIAG      00000000 00004085 00000004 00000000
[  423.707314] KGSL_DIAG  +11c8 T3 op=0x2d cnt=2 hdr=c0012d00
[  423.707325] KGSL_DIAG      00040209 00000000 00000000 00000000
[  423.707337] KGSL_DIAG  +11d4 T0 reg=0x0c00 cnt=1
[  423.707348] KGSL_DIAG  +11dc T3 op=0x46 cnt=1 hdr=c0004600
[  423.707359] KGSL_DIAG      00000006 00000000 00000000 00000000
[  423.707371] KGSL_DIAG  +11e4 T3 op=0x52 cnt=4 hdr=c0035200
[  423.707383] KGSL_DIAG      000005d0 00000000 5f601000 00000001
[  423.707395] KGSL_DIAG  +11f8 T3 op=0x26 cnt=1 hdr=c0002600
[  423.707406] KGSL_DIAG      00000000 00000000 00000000 00000000
[  423.707431] kgsl kgsl: |kgsl_yamato_rbbm_intrcallback| rbbm read error interrupt: c00005fc
[  423.707445] KGSL_DIAG  RBBM_STATUS=0x00000000
[  423.707455] KGSL_DIAG  CYCLECTR[0x0ee2]=0x15004042
[  423.707465] KGSL_DIAG  LRZ_VSC_CONTROL[0x2209]=0x00000001
[  423.707475] KGSL_DIAG  SQ_GPR_MANAGEMENT[0x0d00]=0x0007f010
[  423.707495] kgsl kgsl: |kgsl_yamato_rbbm_intrcallback| rbbm read error interrupt: c0003000
[  423.707509] KGSL_DIAG  VSC[0x0c00]=0x00000000
[  423.707519] KGSL_DIAG  VSC[0x0c01]=0x00000108
[  423.707594] KGSL_DIAG  VSC[0x0c02]=0x660b4080
[  423.707611] KGSL_DIAG    vis-stream @0x660b4080:
[  423.707622] KGSL_DIAG      0000002c 00000008 00000008 00000018
[  423.707633] KGSL_DIAG      00000018 00000008 00000008 00000018
[  423.707644] KGSL_DIAG      00000000 00000000 00000000 00000000
[  423.707655] KGSL_DIAG      00000000 00000000 00000000 00000000
[  423.707665] KGSL_DIAG      00000000 00000000 00000000 00000000
[  423.707676] KGSL_DIAG      00000000 00000000 00000000 00000000
[  423.707687] KGSL_DIAG      00000000 00000000 00000000 00000000
[  423.707698] KGSL_DIAG      00000000 00000000 00000000 00000000
[  423.707709] KGSL_DIAG  VSC[0x0c03]=0x00000000
[  423.707719] KGSL_DIAG  VSC[0x0c04]=0x00000000
[  423.707728] KGSL_DIAG  VSC[0x0c05]=0x00000000
[  423.707738] KGSL_DIAG  VSC[0x0c06]=0x01200000
[  423.707756] KGSL_DIAG  VSC[0x0c07]=0x660b5000
[  423.707773] KGSL_DIAG    vis-stream @0x660b5000:
[  423.707784] KGSL_DIAG      4d06c8e6 a2807e74 844cc899 c8844cc8
[  423.707795] KGSL_DIAG      4cc8844c 844cc884 c8844cc8 4cc8844c
[  423.707807] KGSL_DIAG      844cc884 c8844cc8 0000874c 00000069
[  423.707818] KGSL_DIAG      00000000 00000000 00000000 00000000
[  423.707828] KGSL_DIAG      00000000 00000000 00000000 00000000
[  423.707839] KGSL_DIAG      00000000 00000000 00000000 00000000
[  423.707850] KGSL_DIAG      00000000 00000000 00000000 00000000
[  423.707861] KGSL_DIAG      00000000 00000000 00000000 00000000
[  423.707872] KGSL_DIAG  VSC[0x0c08]=0x00040000
[  423.707889] KGSL_DIAG  VSC[0x0c09]=0x01100400
[  423.707906] KGSL_DIAG  VSC[0x0c0a]=0x66cf5000
[  423.707923] KGSL_DIAG    vis-stream @0x66cf5000:
[  423.707934] KGSL_DIAG      3603de7b 00003080 842634a1 45139ad0
[  423.707945] KGSL_DIAG      2e0059de 00000000 a1094d68 d0842634
[  423.707957] KGSL_DIAG      d740139a 0000e014 a145139a 428b2634
[  423.707968] KGSL_DIAG      8226b468 162d5ab4 00a4458b 00000000
[  423.707979] KGSL_DIAG      00000000 00000000 00000000 00000000
[  423.707990] KGSL_DIAG      00000000 00000000 00000000 00000000
[  423.708000] KGSL_DIAG      00000000 00000000 00000000 00000000
[  423.708011] KGSL_DIAG      00000000 00000000 00000000 00000000
[  423.708022] KGSL_DIAG  VSC[0x0c0b]=0x00040000
[  423.708040] KGSL_DIAG  VSC[0x0c0c]=0x01100401
[  423.708057] KGSL_DIAG  VSC[0x0c0d]=0x66d35000
[  423.708074] KGSL_DIAG    vis-stream @0x66d35000:
[  423.708085] KGSL_DIAG      90c900c4 0000f802 405ab468 a4458b16
[  423.708096] KGSL_DIAG      000069d1 00000040 00000000 00000000
[  423.708107] KGSL_DIAG      00000000 00000000 00000000 00000000
[  423.708118] KGSL_DIAG      00000000 00000000 00000000 00000000
[  423.708129] KGSL_DIAG      00000000 00000000 00000000 00000000
[  423.708140] KGSL_DIAG      00000000 00000000 00000000 00000000
[  423.708150] KGSL_DIAG      00000000 00000000 00000000 00000000
[  423.708161] KGSL_DIAG      00000000 00000000 00000000 00000000
[  423.708172] KGSL_DIAG  VSC[0x0c0e]=0x00040000
[  423.708190] KGSL_DIAG  VSC[0x0c0f]=0x01200800
[  423.708208] KGSL_DIAG  VSC[0x0c10]=0x66d75000
[  423.708224] KGSL_DIAG    vis-stream @0x66d75000:
[  423.708235] KGSL_DIAG      72ddf77d 13322113 21133221 32211332
[  423.708247] KGSL_DIAG      0b702c03 000000a0 a8844aa8 3c23804a
[  423.708258] KGSL_DIAG      0000c01b c0bb012a 00000000 00000000
[  423.708269] KGSL_DIAG      00000000 00000000 00000000 00000000
[  423.708279] KGSL_DIAG      00000000 00000000 00000000 00000000
[  423.708290] KGSL_DIAG      00000000 00000000 00000000 00000000
[  423.708301] KGSL_DIAG      00000000 00000000 00000000 00000000
[  423.708312] KGSL_DIAG      00000000 00000000 00000000 00000000
[  423.708323] KGSL_DIAG  VSC[0x0c11]=0x00040000
[  423.708340] KGSL_DIAG  VSC[0x0c12]=0x01200002
[  423.708358] KGSL_DIAG  VSC[0x0c13]=0x66db5000
[  423.708374] KGSL_DIAG    vis-stream @0x66db5000:
[  423.708385] KGSL_DIAG      066cdff7 ac1b6a5b 13322147 27133221
[  423.708397] KGSL_DIAG      8c08a01b 00000060 842634a1 42139ad0
[  423.708409] KGSL_DIAG      a1094d68 00872634 10202020 49760000
[  423.708420] KGSL_DIAG      5c415c41 49760000 06ff5c41 00000000
[  423.708431] KGSL_DIAG      6c002e42 73006900 0f007400 00005400
[  423.708443] KGSL_DIAG      ffffffff ffffffff 0000ffff ffffffff
[  423.708454] KGSL_DIAG      61007001 6b006300 0f006100 00675400
[  423.708465] KGSL_DIAG      005f0065 00610063 00000063 00650068
[  423.708476] KGSL_DIAG  VSC[0x0c14]=0x00040000
[  423.708495] KGSL_DIAG  VSC[0x0c15]=0x01100402
[  423.708512] KGSL_DIAG  VSC[0x0c16]=0x66df5000
[  423.708529] KGSL_DIAG    vis-stream @0x66df5000:
[  423.708540] KGSL_DIAG      90c900c4 0000f802 2634a133 719ad084
[  423.708551] KGSL_DIAG      73ba1000 00000000 6842139a 34a1094d
[  423.708562] KGSL_DIAG      9ad08426 00005d74 00000000 00000000
[  423.708573] KGSL_DIAG      00000000 00000000 00000000 00000000
[  423.708584] KGSL_DIAG      00000000 00000000 00000000 00000000
[  423.708595] KGSL_DIAG      00000000 00000000 00000000 00000000
[  423.708605] KGSL_DIAG      00000000 00000000 00000000 00000000
[  423.708616] KGSL_DIAG      00000000 00000000 00000000 00000000
[  423.708627] KGSL_DIAG  VSC[0x0c17]=0x00040000
[  423.708645] KGSL_DIAG  VSC[0x0c18]=0x01100403
[  423.708662] KGSL_DIAG  VSC[0x0c19]=0x66e35000
[  423.708679] KGSL_DIAG    vis-stream @0x66e35000:
[  423.708689] KGSL_DIAG      fa0c78ef 0000c000 00000000 00000000
[  423.708700] KGSL_DIAG      00000000 00000000 00000000 00000000
[  423.708711] KGSL_DIAG      00000000 00000000 00000000 00000000
[  423.708722] KGSL_DIAG      00000000 00000000 00000000 00000000
[  423.708733] KGSL_DIAG      00000000 00000000 00000000 00000000
[  423.708744] KGSL_DIAG      00000000 00000000 00000000 00000000
[  423.708755] KGSL_DIAG      00000000 00000000 00000000 00000000
[  423.708766] KGSL_DIAG      00000000 00000000 00000000 00000000
[  423.708777] KGSL_DIAG  VSC[0x0c1a]=0x00040000
[  423.708795] KGSL_DIAG  VSC[0x0c1b]=0x01200802
[  423.708812] KGSL_DIAG  VSC[0x0c1c]=0x66e75000
[  423.708829] KGSL_DIAG    vis-stream @0x66e75000:
[  423.708840] KGSL_DIAG      6a0ca8e6 122aa112 a1122aa1 2aa1122a
[  423.708851] KGSL_DIAG      00a96c2f 0000002e 00000000 00000000
[  423.708862] KGSL_DIAG      00000000 00000000 00000000 00000000
[  423.708873] KGSL_DIAG      00000000 00000000 00000000 00000000
[  423.708884] KGSL_DIAG      00000000 00000000 00000000 00000000
[  423.708894] KGSL_DIAG      00000000 00000000 00000000 00000000
[  423.708905] KGSL_DIAG      00000000 00000000 00000000 00000000
[  423.708916] KGSL_DIAG      00000000 00000000 00000000 00000000
[  423.708927] KGSL_DIAG  VSC[0x0c1d]=0x00040000
[  423.708944] KGSL_DIAG ==== end ts=83428 ====
[  423.709055] KGSL_DIAG ISSUEIBCMDS pid=2600 ts=83430 numibs=1 dwords=146 draws=27 bins=0
[  423.709109] KGSL_DIAG ISSUEIBCMDS pid=2600 ts=83432 numibs=1 dwords=156 draws=27 bins=0
[  423.709159] KGSL_DIAG ISSUEIBCMDS pid=2600 ts=83434 numibs=1 dwords=156 draws=27 bins=0
[  423.709207] KGSL_DIAG ISSUEIBCMDS pid=2600 ts=83436 numibs=1 dwords=156 draws=27 bins=0
[  423.709255] KGSL_DIAG ISSUEIBCMDS pid=2600 ts=83438 numibs=1 dwords=156 draws=27 bins=0
[  423.709308] KGSL_DIAG ISSUEIBCMDS pid=2600 ts=83440 numibs=1 dwords=156 draws=27 bins=0
[  423.709356] KGSL_DIAG ISSUEIBCMDS pid=2600 ts=83442 numibs=1 dwords=156 draws=27 bins=0
[  423.709407] KGSL_DIAG ISSUEIBCMDS pid=2600 ts=83444 numibs=1 dwords=156 draws=27 bins=0
[  423.709456] KGSL_DIAG ISSUEIBCMDS pid=2600 ts=83446 numibs=1 dwords=156 draws=27 bins=0
[  423.709504] KGSL_DIAG ISSUEIBCMDS pid=2600 ts=83448 numibs=1 dwords=156 draws=27 bins=0
[  423.709552] KGSL_DIAG ISSUEIBCMDS pid=2600 ts=83450 numibs=1 dwords=156 draws=27 bins=0
[  423.709607] KGSL_DIAG ISSUEIBCMDS pid=2600 ts=83452 numibs=1 dwords=156 draws=27 bins=0
[  423.709654] KGSL_DIAG ISSUEIBCMDS pid=2600 ts=83454 numibs=1 dwords=2 draws=0 bins=0
[  423.719731] KGSL_DIAG ISSUEIBCMDS pid=2600 ts=83457 numibs=1 dwords=1152 draws=25 bins=0
[  423.719750] KGSL_DIAG IB 0x67619d20 dwords=1152 depth=0
[  423.719764] KGSL_DIAG  +0000 T3 op=0x2d cnt=5 hdr=c0042d00
[  423.719776] KGSL_DIAG      00000080 3f800000 00000000 00000000
[  423.719789] KGSL_DIAG      00000000 00000000 00000000 00000000
[  423.719803] KGSL_DIAG  +0018 T3 op=0x2d cnt=13 hdr=c00c2d00
[  423.719816] KGSL_DIAG      00010078 682d4d03 00000020 682d4d23
[  423.719829] KGSL_DIAG      00000020 682d4d43 00000020 682d4d63
[  423.719842] KGSL_DIAG      00000020 00000006 2e20a300 00000010
[  423.719855] KGSL_DIAG      00000000 00000000 00000000 00000000
[  423.719869] KGSL_DIAG  +0050 T3 op=0x2b cnt=32 hdr=c01f2b00
[  423.719882] KGSL_DIAG      00000000 0000001e 02556003 00001000
[  423.719894] KGSL_DIAG      c2000000 00001009 00001000 c4000000
[  423.719907] KGSL_DIAG      0000000a 00002000 00000000 1b481000
[  423.719919] KGSL_DIAG      00263e88 00000000 15482000 40263e88
[  423.719931] KGSL_DIAG      00000000 11583000 40263e88 00000000
[  423.719943] KGSL_DIAG      11484000 40253fc8 00000008 14070000
[  423.719955] KGSL_DIAG      00003100 eb020403 14070000 00002c00
[  423.719967] KGSL_DIAG      eb010400 140bc03e 00c0c000 e2000000
[  423.719979] KGSL_DIAG  +00d4 T3 op=0x2d cnt=2 hdr=c0012d00
[  423.719990] KGSL_DIAG      00040316 0000028f 00000000 00000000
[  423.720018] KGSL_DIAG  +00e0 T3 op=0x2d cnt=2 hdr=c0012d00
[  423.720029] KGSL_DIAG      00040180 10038004 00000000 00000000
[  423.720100] KGSL_DIAG  +00ec T3 op=0x2d cnt=5 hdr=c0042d00
[  423.720112] KGSL_DIAG      0004010f 44000000 44000200 c3c00000
[  423.720124] KGSL_DIAG      43c00400 00000000 00000000 00000000
[  423.720136] KGSL_DIAG  +0104 T3 op=0x2d cnt=25 hdr=c0182d00
[  423.720147] KGSL_DIAG      00000080 3f800000 00000000 00000000
[  423.720159] KGSL_DIAG      00000000 00000000 bb2aaaab 00000000
[  423.720170] KGSL_DIAG      00000000 be2a0000 3f76aaab 3f800000
[  423.720182] KGSL_DIAG      00000000 3f800000 00000000 00000000
[  423.720194] KGSL_DIAG      00000000 3d4ccccd 3d124925 00000000
[  423.720206] KGSL_DIAG      00000000 3f800000 00000000 00000000
[  423.720218] KGSL_DIAG      00000000 00000000 00000000 00000000
[  423.720229] KGSL_DIAG  +016c T0 reg=0x0e00 cnt=1
[  423.720242] KGSL_DIAG  +0174 T3 op=0x2d cnt=4 hdr=c0032d00
[  423.720254] KGSL_DIAG      00040000 00000100 00000205 00000000
[  423.720267] KGSL_DIAG  +0188 T3 op=0x2d cnt=2 hdr=c0012d00
[  423.720279] KGSL_DIAG      00040301 00000000 00000000 00000000
[  423.720291] KGSL_DIAG  +0194 T3 op=0x2d cnt=2 hdr=c0012d00
[  423.720303] KGSL_DIAG      0004020a 88888888 00000000 00000000
[  423.720315] KGSL_DIAG  +01a0 T3 op=0x2d cnt=7 hdr=c0062d00
[  423.720327] KGSL_DIAG      0004010f 44000000 44000200 c3c00000
[  423.720340] KGSL_DIAG      43c00400 3efffee0 3efffee0 00000000
[  423.720352] KGSL_DIAG  +01c0 T3 op=0x2d cnt=2 hdr=c0012d00
[  423.720365] KGSL_DIAG      00040206 0000043f 00000000 00000000
[  423.720377] KGSL_DIAG  +01cc T3 op=0x2d cnt=5 hdr=c0042d00
[  423.720389] KGSL_DIAG      00040303 411aaaab 3f800000 40e00000
[  423.720400] KGSL_DIAG      3f800000 00000000 00000000 00000000
[  423.720412] KGSL_DIAG  +01e4 T3 op=0x2d cnt=2 hdr=c0012d00
[  423.720424] KGSL_DIAG      00040302 00000001 00000000 00000000
[  423.720436] KGSL_DIAG  +01f0 T3 op=0x2d cnt=2 hdr=c0012d00
[  423.720447] KGSL_DIAG      00040205 00080000 00000000 00000000
[  423.720460] KGSL_DIAG  +01fc T3 op=0x26 cnt=1 hdr=c0002600
[  423.720472] KGSL_DIAG      00000000 00000000 00000000 00000000
[  423.720484] KGSL_DIAG  +0204 T3 op=0x2d cnt=2 hdr=c0012d00
[  423.720497] KGSL_DIAG      00040200 00700798 00000000 00000000
[  423.720510] KGSL_DIAG  +0210 T3 op=0x2d cnt=3 hdr=c0022d00
[  423.720524] KGSL_DIAG      00040081 80000000 03000400 00000000
[  423.720536] KGSL_DIAG  +0220 T3 op=0x2d cnt=3 hdr=c0022d00
[  423.720549] KGSL_DIAG      0004000e 00000000 03000400 00000000
[  423.720563] KGSL_DIAG  +0230 T0 reg=0x0c00 cnt=1
[  423.720575] KGSL_DIAG  +0238 T3 op=0x2d cnt=2 hdr=c0012d00
[  423.720587] KGSL_DIAG      00040209 00000003 00000000 00000000
[  423.720600] KGSL_DIAG  +0244 T3 op=0x26 cnt=1 hdr=c0002600
[  423.720613] KGSL_DIAG      00000000 00000000 00000000 00000000
[  423.720625] KGSL_DIAG  +024c T0 reg=0x0d00 cnt=1
[  423.721017] KGSL_DIAG  +0254 T3 op=0x22 cnt=3 hdr=c0022200
[  423.721030] KGSL_DIAG      00000000 00004085 00000004 00000000
[  423.721042] KGSL_DIAG  +0264 T3 op=0x2d cnt=13 hdr=c00c2d00
[  423.721054] KGSL_DIAG      00010078 682d4d83 00000020 682d4da3
[  423.721066] KGSL_DIAG      00000020 682d4dc3 00000020 682d4de3
[  423.721078] KGSL_DIAG      00000020 2e2078c8 00000005 2c416964
[  423.721089] KGSL_DIAG      2c627894 00000000 00000000 00000000
[  423.721101] KGSL_DIAG  +029c T3 op=0x22 cnt=3 hdr=c0022200
[  423.721113] KGSL_DIAG      00000000 00004085 00000004 00000000
[  423.721125] KGSL_DIAG  +02ac T3 op=0x2d cnt=5 hdr=c0042d00
[  423.721136] KGSL_DIAG      00000080 3f800000 00000000 00000000
[  423.721147] KGSL_DIAG      00000000 00000000 00000000 00000000
[  423.721159] KGSL_DIAG  +02c4 T3 op=0x2d cnt=13 hdr=c00c2d00
[  423.721171] KGSL_DIAG      00010078 682d4e03 00000020 682d4e43
[  423.721183] KGSL_DIAG      00000020 682d4e63 00000020 682d4e83
[  423.721195] KGSL_DIAG      00000020 00000006 2e20a300 00000010
[  423.721206] KGSL_DIAG      00000000 00000000 00000000 00000000
[  423.721218] KGSL_DIAG  +02fc T3 op=0x2b cnt=32 hdr=c01f2b00
[  423.721230] KGSL_DIAG      00000000 0000001e 02556003 00001000
[  423.721242] KGSL_DIAG      c2000000 00001009 00001000 c4000000
[  423.721253] KGSL_DIAG      0000000a 00002000 00000000 1b481000
[  423.721265] KGSL_DIAG      00263e88 00000000 15482000 40263e88
[  423.721277] KGSL_DIAG      00000000 11583000 40263e88 00000000
[  423.721289] KGSL_DIAG      11484000 40253fc8 00000008 14070000
[  423.721301] KGSL_DIAG      00003100 eb020403 14070000 00002c00
[  423.721313] KGSL_DIAG      eb010400 140bc03e 00c0c000 e2000000
[  423.721324] KGSL_DIAG  +0380 T3 op=0x2d cnt=2 hdr=c0012d00
[  423.721336] KGSL_DIAG      00040316 0000028f 00000000 00000000
[  423.721348] KGSL_DIAG  +038c T3 op=0x2d cnt=2 hdr=c0012d00
[  423.721359] KGSL_DIAG      00040180 10038004 00000000 00000000
[  423.721371] KGSL_DIAG  +0398 T3 op=0x22 cnt=3 hdr=c0022200
[  423.721382] KGSL_DIAG      00000000 00004085 00000004 00000000
[  423.721394] KGSL_DIAG  +03a8 T3 op=0x2d cnt=13 hdr=c00c2d00
[  423.721406] KGSL_DIAG      00010078 682d4ea3 00000020 682d4ee3
[  423.721418] KGSL_DIAG      00000020 682d4f03 00000020 682d4f23
[  423.721430] KGSL_DIAG      00000020 387744e0 7ec81f00 2bc5c6f8
[  423.721441] KGSL_DIAG      00000000 00000000 00000000 00000000
[  423.721453] KGSL_DIAG  +03e0 T3 op=0x22 cnt=3 hdr=c0022200
[  423.721478] KGSL_DIAG      00000000 00004085 00000004 00000000
[  423.721490] KGSL_DIAG  +03f0 T3 op=0x2d cnt=5 hdr=c0042d00
[  423.721501] KGSL_DIAG      0000008c 3f800000 00000000 00000000
[  423.721513] KGSL_DIAG      00000000 00000000 00000000 00000000
[  423.721525] KGSL_DIAG  +0408 T3 op=0x2d cnt=7 hdr=c0062d00
[  423.721536] KGSL_DIAG      00010078 682d4f43 00000220 682d5163
[  423.721548] KGSL_DIAG      00000220 2c3fc5a0 000000c4 00000000
[  423.721560] KGSL_DIAG  +0428 T3 op=0x2b cnt=26 hdr=c0192b00
[  423.721572] KGSL_DIAG      00000000 00000018 00254003 00001000
[  423.721584] KGSL_DIAG      c2000000 00001007 00001000 c4000000
[  423.721596] KGSL_DIAG      00000008 00002000 00000000 1b480000
[  423.721607] KGSL_DIAG      00253fff 00000008 11481000 40253fc8
[  423.721619] KGSL_DIAG      00000008 14070000 00310000 8b010102
[  423.721631] KGSL_DIAG      14070000 002c0000 ab010000 148f803e
[  423.721643] KGSL_DIAG      00000000 e2000000 00000000 00000000
[  423.721655] KGSL_DIAG  +0494 T3 op=0x2d cnt=2 hdr=c0012d00
[  423.721666] KGSL_DIAG      00040316 0000028f 00000000 00000000
[  423.721678] KGSL_DIAG  +04a0 T3 op=0x2d cnt=2 hdr=c0012d00
[  423.721689] KGSL_DIAG      00040180 10038001 00000000 00000000
[  423.721701] KGSL_DIAG  +04ac T3 op=0x2d cnt=13 hdr=c00c2d00
[  423.721713] KGSL_DIAG      00000080 3b000000 00000000 00000000
[  423.721725] KGSL_DIAG      00000000 00000000 bb2aaaab 00000000
[  423.721736] KGSL_DIAG      00000000 be930000 bf4d5556 3f800000
[  423.721748] KGSL_DIAG      00000000 00000000 00000000 00000000
[  423.721760] KGSL_DIAG  +04e4 T3 op=0x22 cnt=5 hdr=c0042200
[  423.721771] KGSL_DIAG      00000000 00004006 00000066 682d5380
[  423.721783] KGSL_DIAG      000000cc 00000000 00000000 00000000
[  423.721795] KGSL_DIAG  +04fc T3 op=0x2d cnt=5 hdr=c0042d00
[  423.721806] KGSL_DIAG      00000080 3f800000 00000000 00000000
[  423.721818] KGSL_DIAG      00000000 00000000 00000000 00000000
[  423.721830] KGSL_DIAG  +0514 T3 op=0x2d cnt=13 hdr=c00c2d00
[  423.721841] KGSL_DIAG      00010078 682d5463 00000020 682d54a3
[  423.721853] KGSL_DIAG      00000020 682d54c3 00000020 682d54e3
[  423.721865] KGSL_DIAG      00000020 00000006 2e20a300 00000010
[  423.721876] KGSL_DIAG      00000000 00000000 00000000 00000000
[  423.721888] KGSL_DIAG  +054c T3 op=0x2b cnt=32 hdr=c01f2b00
[  423.721900] KGSL_DIAG      00000000 0000001e 02556003 00001000
[  423.721912] KGSL_DIAG      c2000000 00001009 00001000 c4000000
[  423.721924] KGSL_DIAG      0000000a 00002000 00000000 1b481000
[  423.721935] KGSL_DIAG      00263e88 00000000 15482000 40263e88
[  423.721947] KGSL_DIAG      00000000 11583000 40263e88 00000000
[  423.721959] KGSL_DIAG      11484000 40253fc8 00000008 14070000
[  423.721971] KGSL_DIAG      00003100 eb020403 14070000 00002c00
[  423.721983] KGSL_DIAG      eb010400 140bc03e 00c0c000 e2000000
[  423.721995] KGSL_DIAG  +05d0 T3 op=0x2d cnt=2 hdr=c0012d00
[  423.722006] KGSL_DIAG      00040316 0000028f 00000000 00000000
[  423.722018] KGSL_DIAG  +05dc T3 op=0x2d cnt=2 hdr=c0012d00
[  423.722030] KGSL_DIAG      00040180 10038004 00000000 00000000
[  423.722041] KGSL_DIAG  +05e8 T3 op=0x22 cnt=3 hdr=c0022200
[  423.722053] KGSL_DIAG      00000000 00004085 00000004 00000000
[  423.722065] KGSL_DIAG  +05f8 T3 op=0x2d cnt=13 hdr=c00c2d00
[  423.722076] KGSL_DIAG      00010078 682d5503 00000020 682d5543
[  423.722088] KGSL_DIAG      00000020 682d5563 00000020 682d5583
[  423.722100] KGSL_DIAG      00000020 682d3ae3 00000020 00000008
[  423.722112] KGSL_DIAG      2e20a2fc 00000000 00000000 00000000
[  423.722124] KGSL_DIAG  +0630 T3 op=0x22 cnt=3 hdr=c0022200
[  423.722135] KGSL_DIAG      00000000 00004085 00000004 00000000
[  423.722158] KGSL_DIAG  +0640 T3 op=0x2d cnt=13 hdr=c00c2d00
[  423.722170] KGSL_DIAG      00010078 682d55a3 00000020 682d55e3
[  423.722182] KGSL_DIAG      00000020 682d5603 00000020 682d5623
[  423.722200] KGSL_DIAG      00000020 682d3cc3 00000020 00000000
[  423.722211] KGSL_DIAG      00000000 00000000 00000000 00000000
[  423.722223] KGSL_DIAG  +0678 T3 op=0x22 cnt=3 hdr=c0022200
[  423.722235] KGSL_DIAG      00000000 00004085 00000004 00000000
[  423.722247] KGSL_DIAG  +0688 T3 op=0x2d cnt=13 hdr=c00c2d00
[  423.722258] KGSL_DIAG      00010078 682d5643 00000020 682d5683
[  423.722270] KGSL_DIAG      00000020 682d56a3 00000020 682d56c3
[  423.722282] KGSL_DIAG      00000020 682d5623 00000020 00000000
[  423.722293] KGSL_DIAG      00000000 00000000 00000000 00000000
[  423.722305] KGSL_DIAG  +06c0 T3 op=0x22 cnt=3 hdr=c0022200
[  423.722317] KGSL_DIAG      00000000 00004085 00000004 00000000
[  423.722328] KGSL_DIAG  +06d0 T3 op=0x2d cnt=13 hdr=c00c2d00
[  423.722340] KGSL_DIAG      00010078 682d56e3 00000020 682d5723
[  423.722352] KGSL_DIAG      00000020 682d5743 00000020 682d5763
[  423.722364] KGSL_DIAG      00000020 682d56c3 00000020 00000000
[  423.722375] KGSL_DIAG      00000000 00000000 00000000 00000000
[  423.722387] KGSL_DIAG  +0708 T3 op=0x22 cnt=3 hdr=c0022200
[  423.722399] KGSL_DIAG      00000000 00004085 00000004 00000000
[  423.722411] KGSL_DIAG  +0718 T3 op=0x2d cnt=5 hdr=c0042d00
[  423.722422] KGSL_DIAG      00000094 3f800000 00000000 00000000
[  423.722433] KGSL_DIAG      00000000 00000000 00000000 00000000
[  423.722445] KGSL_DIAG  +0730 T3 op=0x2d cnt=13 hdr=c00c2d00
[  423.722457] KGSL_DIAG      00010078 682d5783 00000020 682d57a3
[  423.722469] KGSL_DIAG      00000020 682d57c3 00000020 682d57e3
[  423.722480] KGSL_DIAG      00000020 00000006 2e20a300 00000010
[  423.722492] KGSL_DIAG      00000000 00000000 00000000 00000000
[  423.722504] KGSL_DIAG  +0768 T3 op=0x2b cnt=56 hdr=c0372b00
[  423.722516] KGSL_DIAG      00000000 00000036 02556003 00001000
[  423.722527] KGSL_DIAG      c2000000 00006009 300f1000 10000000
[  423.722539] KGSL_DIAG      00000000 0012c400 20000000 1b481000
[  423.722551] KGSL_DIAG      00263e88 00000000 15482000 40263e88
[  423.722575] KGSL_DIAG      00000000 11583000 40263e88 00000000
[  423.722587] KGSL_DIAG      11484000 40253fc8 00000008 14070000
[  423.722599] KGSL_DIAG      00003100 eb020403 14070000 00002c00
[  423.722611] KGSL_DIAG      eb010400 4c100100 000000c0 e2000000
[  423.722623] KGSL_DIAG      14030000 00000c00 e1000100 14030001
[  423.722635] KGSL_DIAG      00000c00 a0000500 14030001 00000000
[  423.722647] KGSL_DIAG      a1010300 14040000 00300000 8b010102
[  423.722659] KGSL_DIAG      14080000 0040c0c0 ab010000 4c900100
[  423.722670] KGSL_DIAG      00000000 e2000000 14830000 00000c1b
[  423.722682] KGSL_DIAG      e1000101 140bc03e 00000000 e2000000
[  423.722694] KGSL_DIAG  +084c T3 op=0x2d cnt=2 hdr=c0012d00
[  423.722705] KGSL_DIAG      00040316 0000028f 00000000 00000000
[  423.722717] KGSL_DIAG  +0858 T3 op=0x2d cnt=2 hdr=c0012d00
[  423.722729] KGSL_DIAG      00040180 10018004 00000000 00000000
[  423.722741] KGSL_DIAG  +0864 T3 op=0x2d cnt=21 hdr=c0142d00
[  423.722752] KGSL_DIAG      00000080 3f800000 00000000 00000000
[  423.722764] KGSL_DIAG      00000000 00000000 3f800000 00000000
[  423.722776] KGSL_DIAG      00000000 00000000 c4390000 3f800000
[  423.722787] KGSL_DIAG      00000000 44000000 43c00000 00000000
[  423.722799] KGSL_DIAG      00000000 3d4ccccd 3d124925 00000000
[  423.722810] KGSL_DIAG      00000000 00000000 00000000 00000000
[  423.722822] KGSL_DIAG  +08bc T3 op=0x22 cnt=3 hdr=c0022200
[  423.722834] KGSL_DIAG      00000000 00004085 00000004 00000000
[  423.722845] KGSL_DIAG  +08cc T3 op=0x2d cnt=5 hdr=c0042d00
[  423.722857] KGSL_DIAG      00000080 3f800000 00000000 00000000
[  423.722868] KGSL_DIAG      00000000 00000000 00000000 00000000
[  423.722880] KGSL_DIAG  +08e4 T3 op=0x2d cnt=13 hdr=c00c2d00
[  423.722892] KGSL_DIAG      00010078 682d5803 00000020 682d5843
[  423.722904] KGSL_DIAG      00000020 682d5863 00000020 682d5883
[  423.722916] KGSL_DIAG      00000020 00000006 2e20a300 00000010
[  423.722927] KGSL_DIAG      00000000 00000000 00000000 00000000
[  423.722939] KGSL_DIAG  +091c T3 op=0x2b cnt=32 hdr=c01f2b00
[  423.722951] KGSL_DIAG      00000000 0000001e 02556003 00001000
[  423.722963] KGSL_DIAG      c2000000 00001009 00001000 c4000000
[  423.722974] KGSL_DIAG      0000000a 00002000 00000000 1b481000
[  423.722986] KGSL_DIAG      00263e88 00000000 15482000 40263e88
[  423.722998] KGSL_DIAG      00000000 11583000 40263e88 00000000
[  423.723010] KGSL_DIAG      11484000 40253fc8 00000008 14070000
[  423.723022] KGSL_DIAG      00003100 eb020403 14070000 00002c00
[  423.723033] KGSL_DIAG      eb010400 140bc03e 00c0c000 e2000000
[  423.723045] KGSL_DIAG  +09a0 T3 op=0x2d cnt=2 hdr=c0012d00
[  423.723057] KGSL_DIAG      00040316 0000028f 00000000 00000000
[  423.723069] KGSL_DIAG  +09ac T3 op=0x2d cnt=2 hdr=c0012d00
[  423.723080] KGSL_DIAG      00040180 10038004 00000000 00000000
[  423.723092] KGSL_DIAG  +09b8 T3 op=0x22 cnt=3 hdr=c0022200
[  423.723103] KGSL_DIAG      00000000 00004085 00000004 00000000
[  423.723115] KGSL_DIAG  +09c8 T3 op=0x2d cnt=13 hdr=c00c2d00
[  423.723127] KGSL_DIAG      00010078 682d58a3 00000020 682d58e3
[  423.723139] KGSL_DIAG      00000020 682d5903 00000020 682d5923
[  423.723151] KGSL_DIAG      00000020 30b397e0 00000000 00000001
[  423.723162] KGSL_DIAG      7ec82b58 00000000 00000000 00000000
[  423.723174] KGSL_DIAG  +0a00 T3 op=0x22 cnt=3 hdr=c0022200
[  423.723185] KGSL_DIAG      00000000 00004085 00000004 00000000
[  423.723197] KGSL_DIAG  +0a10 T3 op=0x2d cnt=5 hdr=c0042d00
[  423.723209] KGSL_DIAG      0000008c 3f800000 00000000 00000000
[  423.723220] KGSL_DIAG      00000000 00000000 00000000 00000000
[  423.723232] KGSL_DIAG  +0a28 T3 op=0x2d cnt=7 hdr=c0062d00
[  423.723244] KGSL_DIAG      00010078 682d5943 000000a0 682d59e3
[  423.723256] KGSL_DIAG      000000a0 2c3fc5a0 000000c4 00000000
[  423.723268] KGSL_DIAG  +0a48 T3 op=0x2b cnt=26 hdr=c0192b00
[  423.723279] KGSL_DIAG      00000000 00000018 00254003 00001000
[  423.723291] KGSL_DIAG      c2000000 00001007 00001000 c4000000
[  423.723303] KGSL_DIAG      00000008 00002000 00000000 1b480000
[  423.723315] KGSL_DIAG      00253fff 00000008 11481000 40253fc8
[  423.723327] KGSL_DIAG      00000008 14070000 00310000 8b010102
[  423.723339] KGSL_DIAG      14070000 002c0000 ab010000 148f803e
[  423.723350] KGSL_DIAG      00000000 e2000000 00000000 00000000
[  423.723362] KGSL_DIAG  +0ab4 T3 op=0x2d cnt=2 hdr=c0012d00
[  423.723374] KGSL_DIAG      00040316 0000028f 00000000 00000000
[  423.723385] KGSL_DIAG  +0ac0 T3 op=0x2d cnt=2 hdr=c0012d00
[  423.723397] KGSL_DIAG      00040180 10038001 00000000 00000000
[  423.723409] KGSL_DIAG  +0acc T3 op=0x2d cnt=13 hdr=c00c2d00
[  423.723421] KGSL_DIAG      00000080 3b000000 00000000 00000000
[  423.723432] KGSL_DIAG      00000000 00000000 bb2aaaab 00000000
[  423.723444] KGSL_DIAG      00000000 3f658000 3f76aaab 3f800000
[  423.723455] KGSL_DIAG      00000000 00000000 00000000 00000000
[  423.723467] KGSL_DIAG  +0b04 T3 op=0x22 cnt=5 hdr=c0042200
[  423.723479] KGSL_DIAG      00000000 00004006 0000001e 682d5a80
[  423.723491] KGSL_DIAG      0000003c 00000000 00000000 00000000
[  423.723503] KGSL_DIAG  +0b1c T3 op=0x2d cnt=5 hdr=c0042d00
[  423.723514] KGSL_DIAG      00000080 3f800000 00000000 00000000
[  423.723525] KGSL_DIAG      00000000 00000000 00000000 00000000
[  423.723537] KGSL_DIAG  +0b34 T3 op=0x2d cnt=13 hdr=c00c2d00
[  423.723549] KGSL_DIAG      00010078 682d5ac3 00000020 682d5b03
[  423.723561] KGSL_DIAG      00000020 682d5b23 00000020 682d5b43
[  423.723572] KGSL_DIAG      00000020 00000006 2e20a300 00000010
[  423.723584] KGSL_DIAG      00000000 00000000 00000000 00000000
[  423.723596] KGSL_DIAG  +0b6c T3 op=0x2b cnt=32 hdr=c01f2b00
[  423.723607] KGSL_DIAG      00000000 0000001e 02556003 00001000
[  423.723619] KGSL_DIAG      c2000000 00001009 00001000 c4000000
[  423.723631] KGSL_DIAG      0000000a 00002000 00000000 1b481000
[  423.723643] KGSL_DIAG      00263e88 00000000 15482000 40263e88
[  423.723655] KGSL_DIAG      00000000 11583000 40263e88 00000000
[  423.723666] KGSL_DIAG      11484000 40253fc8 00000008 14070000
[  423.723678] KGSL_DIAG      00003100 eb020403 14070000 00002c00
[  423.723690] KGSL_DIAG      eb010400 140bc03e 00c0c000 e2000000
[  423.723702] KGSL_DIAG  +0bf0 T3 op=0x2d cnt=2 hdr=c0012d00
[  423.723713] KGSL_DIAG      00040316 0000028f 00000000 00000000
[  423.723725] KGSL_DIAG  +0bfc T3 op=0x2d cnt=2 hdr=c0012d00
[  423.723737] KGSL_DIAG      00040180 10038004 00000000 00000000
[  423.723749] KGSL_DIAG  +0c08 T3 op=0x22 cnt=3 hdr=c0022200
[  423.723760] KGSL_DIAG      00000000 00004085 00000004 00000000
[  423.723772] KGSL_DIAG  +0c18 T3 op=0x2d cnt=13 hdr=c00c2d00
[  423.723784] KGSL_DIAG      00010078 682d5b63 00000020 682d5ba3
[  423.723796] KGSL_DIAG      00000020 682d5bc3 00000020 682d5be3
[  423.723807] KGSL_DIAG      00000020 41000000 2bb03974 7ec82934
[  423.723819] KGSL_DIAG      387e4698 00000000 00000000 00000000
[  423.723831] KGSL_DIAG  +0c50 T3 op=0x22 cnt=3 hdr=c0022200
[  423.723842] KGSL_DIAG      00000000 00004085 00000004 00000000
[  423.723854] KGSL_DIAG  +0c60 T3 op=0x2d cnt=13 hdr=c00c2d00
[  423.723866] KGSL_DIAG      00010078 682d5c03 00000020 682d5c43
[  423.723878] KGSL_DIAG      00000020 682d5c63 00000020 682d5c83
[  423.723889] KGSL_DIAG      00000020 682d5be3 00000020 7ec82934
[  423.723901] KGSL_DIAG      387e4698 00000000 00000000 00000000
[  423.723913] KGSL_DIAG  +0c98 T3 op=0x22 cnt=3 hdr=c0022200
[  423.723925] KGSL_DIAG      00000000 00004085 00000004 00000000
[  423.723937] KGSL_DIAG  +0ca8 T3 op=0x2d cnt=5 hdr=c0042d00
[  423.723949] KGSL_DIAG      00000080 3f800000 00000000 00000000
[  423.723960] KGSL_DIAG      00000000 00000000 00000000 00000000
[  423.723972] KGSL_DIAG  +0cc0 T3 op=0x2d cnt=13 hdr=c00c2d00
[  423.723984] KGSL_DIAG      00010078 682d5ca3 00000020 682d5ce3
[  423.723996] KGSL_DIAG      00000020 682d5d03 00000020 682d5d23
[  423.724007] KGSL_DIAG      00000020 00000006 2e20a300 00000010
[  423.724019] KGSL_DIAG      00000000 00000000 00000000 00000000
[  423.724031] KGSL_DIAG  +0cf8 T3 op=0x2b cnt=32 hdr=c01f2b00
[  423.724043] KGSL_DIAG      00000000 0000001e 02556003 00001000
[  423.724055] KGSL_DIAG      c2000000 00001009 00001000 c4000000
[  423.724066] KGSL_DIAG      0000000a 00002000 00000000 1b481000
[  423.724078] KGSL_DIAG      00263e88 00000000 15482000 40263e88
[  423.724090] KGSL_DIAG      00000000 11583000 40263e88 00000000
[  423.724102] KGSL_DIAG      11484000 40253fc8 00000008 14070000
[  423.724113] KGSL_DIAG      00003100 eb020403 14070000 00002c00
[  423.724125] KGSL_DIAG      eb010400 140bc03e 00c0c000 e2000000
[  423.724137] KGSL_DIAG  +0d7c T3 op=0x2d cnt=2 hdr=c0012d00
[  423.724149] KGSL_DIAG      00040316 0000028f 00000000 00000000
[  423.724161] KGSL_DIAG  +0d88 T3 op=0x2d cnt=2 hdr=c0012d00
[  423.724172] KGSL_DIAG      00040180 10038004 00000000 00000000
[  423.724184] KGSL_DIAG  +0d94 T3 op=0x22 cnt=3 hdr=c0022200
[  423.724196] KGSL_DIAG      00000000 00004085 00000004 00000000
[  423.724207] KGSL_DIAG  +0da4 T3 op=0x2d cnt=5 hdr=c0042d00
[  423.724219] KGSL_DIAG      00000080 3f800000 00000000 00000000
[  423.724230] KGSL_DIAG      00000000 00000000 00000000 00000000
[  423.724242] KGSL_DIAG  +0dbc T3 op=0x2d cnt=13 hdr=c00c2d00
[  423.724254] KGSL_DIAG      00010078 682d5d43 00000020 682d5d83
[  423.724266] KGSL_DIAG      00000020 682d5da3 00000020 682d5dc3
[  423.724278] KGSL_DIAG      00000020 00000006 2e20a300 00000010
[  423.724289] KGSL_DIAG      00000000 00000000 00000000 00000000
[  423.724301] KGSL_DIAG  +0df4 T3 op=0x2b cnt=32 hdr=c01f2b00
[  423.724313] KGSL_DIAG      00000000 0000001e 02556003 00001000
[  423.724325] KGSL_DIAG      c2000000 00001009 00001000 c4000000
[  423.724336] KGSL_DIAG      0000000a 00002000 00000000 1b481000
[  423.724348] KGSL_DIAG      00263e88 00000000 15482000 40263e88
[  423.724360] KGSL_DIAG      00000000 11583000 40263e88 00000000
[  423.724372] KGSL_DIAG      11484000 40253fc8 00000008 14070000
[  423.724384] KGSL_DIAG      00003100 eb020403 14070000 00002c00
[  423.724395] KGSL_DIAG      eb010400 140bc03e 00c0c000 e2000000
[  423.724408] KGSL_DIAG  +0e78 T3 op=0x2d cnt=2 hdr=c0012d00
[  423.724420] KGSL_DIAG      00040316 0000028f 00000000 00000000
[  423.724432] KGSL_DIAG  +0e84 T3 op=0x2d cnt=2 hdr=c0012d00
[  423.724443] KGSL_DIAG      00040180 10038004 00000000 00000000
[  423.724455] KGSL_DIAG  +0e90 T3 op=0x22 cnt=3 hdr=c0022200
[  423.724466] KGSL_DIAG      00000000 00004085 00000004 00000000
[  423.724478] KGSL_DIAG  +0ea0 T3 op=0x2d cnt=13 hdr=c00c2d00
[  423.724490] KGSL_DIAG      00010078 682d5de3 00000020 682d5e23
[  423.724502] KGSL_DIAG      00000020 682d5e43 00000020 682d5e63
[  423.724513] KGSL_DIAG      00000020 00000000 00000000 00000002
[  423.724525] KGSL_DIAG      00000de1 00000000 00000000 00000000
[  423.724537] KGSL_DIAG  +0ed8 T3 op=0x22 cnt=3 hdr=c0022200
[  423.724548] KGSL_DIAG      00000000 00004085 00000004 00000000
[  423.724560] KGSL_DIAG  +0ee8 T3 op=0x2d cnt=13 hdr=c00c2d00
[  423.724572] KGSL_DIAG      00010078 682d5e83 00000020 682d5ec3
[  423.724584] KGSL_DIAG      00000020 682d5ee3 00000020 682d5f03
[  423.724596] KGSL_DIAG      00000020 2e2078c8 2e20ef50 36c8bd68
[  423.724607] KGSL_DIAG      2e2078c8 00000000 00000000 00000000
[  423.724619] KGSL_DIAG  +0f20 T3 op=0x22 cnt=3 hdr=c0022200
[  423.724631] KGSL_DIAG      00000000 00004085 00000004 00000000
[  423.724643] KGSL_DIAG  +0f30 T3 op=0x2d cnt=5 hdr=c0042d00
[  423.724654] KGSL_DIAG      0000008c 3f800000 00000000 00000000
[  423.724666] KGSL_DIAG      00000000 00000000 00000000 00000000
[  423.724678] KGSL_DIAG  +0f48 T3 op=0x2d cnt=7 hdr=c0062d00
[  423.724689] KGSL_DIAG      00010078 682d5f23 000002c0 682d61e3
[  423.724701] KGSL_DIAG      000002c0 2c3fc5a0 000000c4 00000000
[  423.724713] KGSL_DIAG  +0f68 T3 op=0x2b cnt=26 hdr=c0192b00
[  423.724724] KGSL_DIAG      00000000 00000018 00254003 00001000
[  423.724736] KGSL_DIAG      c2000000 00001007 00001000 c4000000
[  423.724748] KGSL_DIAG      00000008 00002000 00000000 1b480000
[  423.724760] KGSL_DIAG      00253fff 00000008 11481000 40253fc8
[  423.724772] KGSL_DIAG      00000008 14070000 00310000 8b010102
[  423.724784] KGSL_DIAG      14070000 002c0000 ab010000 148f803e
[  423.724795] KGSL_DIAG      00000000 e2000000 00000000 00000000
[  423.724807] KGSL_DIAG  +0fd4 T3 op=0x2d cnt=2 hdr=c0012d00
[  423.724819] KGSL_DIAG      00040316 0000028f 00000000 00000000
[  423.724831] KGSL_DIAG  +0fe0 T3 op=0x2d cnt=2 hdr=c0012d00
[  423.724842] KGSL_DIAG      00040180 10038001 00000000 00000000
[  423.724854] KGSL_DIAG  +0fec T3 op=0x2d cnt=13 hdr=c00c2d00
[  423.724866] KGSL_DIAG      00000080 3b000000 00000000 00000000
[  423.724877] KGSL_DIAG      00000000 00000000 bb2aaaab 00000000
[  423.724889] KGSL_DIAG      00000000 be2a0000 3f76aaab 3f800000
[  423.724901] KGSL_DIAG      00000000 00000000 00000000 00000000
[  423.724913] KGSL_DIAG  +1024 T3 op=0x22 cnt=5 hdr=c0042200
[  423.724924] KGSL_DIAG      00000000 00004006 00000084 682d64a0
[  423.724936] KGSL_DIAG      00000108 00000000 00000000 00000000
[  423.724948] KGSL_DIAG  +103c T3 op=0x2d cnt=5 hdr=c0042d00
[  423.724959] KGSL_DIAG      00000080 3f800000 00000000 00000000
[  423.724971] KGSL_DIAG      00000000 00000000 00000000 00000000
[  423.724983] KGSL_DIAG  +1054 T3 op=0x2d cnt=13 hdr=c00c2d00
[  423.724995] KGSL_DIAG      00010078 682d65c3 00000020 682d6603
[  423.725006] KGSL_DIAG      00000020 682d6623 00000020 682d6643
[  423.725018] KGSL_DIAG      00000020 00000006 2e20a300 00000010
[  423.725030] KGSL_DIAG      00000000 00000000 00000000 00000000
[  423.725042] KGSL_DIAG  +108c T3 op=0x2b cnt=32 hdr=c01f2b00
[  423.725053] KGSL_DIAG      00000000 0000001e 02556003 00001000
[  423.725065] KGSL_DIAG      c2000000 00001009 00001000 c4000000
[  423.725077] KGSL_DIAG      0000000a 00002000 00000000 1b481000
[  423.725089] KGSL_DIAG      00263e88 00000000 15482000 40263e88
[  423.725100] KGSL_DIAG      00000000 11583000 40263e88 00000000
[  423.725112] KGSL_DIAG      11484000 40253fc8 00000008 14070000
[  423.725124] KGSL_DIAG      00003100 eb020403 14070000 00002c00
[  423.725136] KGSL_DIAG      eb010400 140bc03e 00c0c000 e2000000
[  423.725148] KGSL_DIAG  +1110 T3 op=0x2d cnt=2 hdr=c0012d00
[  423.725160] KGSL_DIAG      00040316 0000028f 00000000 00000000
[  423.725172] KGSL_DIAG  +111c T3 op=0x2d cnt=2 hdr=c0012d00
[  423.725183] KGSL_DIAG      00040180 10038004 00000000 00000000
[  423.725195] KGSL_DIAG  +1128 T3 op=0x22 cnt=3 hdr=c0022200
[  423.725207] KGSL_DIAG      00000000 00004085 00000004 00000000
[  423.725218] KGSL_DIAG  +1138 T3 op=0x2d cnt=13 hdr=c00c2d00
[  423.725230] KGSL_DIAG      00010078 682d6663 00000020 682d66a3
[  423.725242] KGSL_DIAG      00000020 682d66c3 00000020 682d66e3
[  423.725254] KGSL_DIAG      00000020 36c8bd68 2e2078c8 2c671450
[  423.725266] KGSL_DIAG      2e2078c8 00000000 00000000 00000000
[  423.725278] KGSL_DIAG  +1170 T3 op=0x22 cnt=3 hdr=c0022200
[  423.725289] KGSL_DIAG      00000000 00004085 00000004 00000000
[  423.725301] KGSL_DIAG  +1180 T3 op=0x2d cnt=13 hdr=c00c2d00
[  423.725313] KGSL_DIAG      00010078 682d6703 00000020 682d6743
[  423.725325] KGSL_DIAG      00000020 682d6763 00000020 682d6783
[  423.725337] KGSL_DIAG      00000020 36b97a30 36c8bf60 00000001
[  423.725348] KGSL_DIAG      00000015 00000000 00000000 00000000
[  423.725360] KGSL_DIAG  +11b8 T3 op=0x22 cnt=3 hdr=c0022200
[  423.725372] KGSL_DIAG      00000000 00004085 00000004 00000000
[  423.725384] KGSL_DIAG  +11c8 T3 op=0x2d cnt=2 hdr=c0012d00
[  423.725395] KGSL_DIAG      00040209 00000000 00000000 00000000
[  423.725407] KGSL_DIAG  +11d4 T0 reg=0x0c00 cnt=1
[  423.725418] KGSL_DIAG  +11dc T3 op=0x46 cnt=1 hdr=c0004600
[  423.725429] KGSL_DIAG      00000006 00000000 00000000 00000000
[  423.725441] KGSL_DIAG  +11e4 T3 op=0x52 cnt=4 hdr=c0035200
[  423.725453] KGSL_DIAG      000005d0 00000000 5f601000 00000001
[  423.725465] KGSL_DIAG  +11f8 T3 op=0x26 cnt=1 hdr=c0002600
[  423.725476] KGSL_DIAG      00000000 00000000 00000000 00000000
[  423.725500] kgsl kgsl: |kgsl_yamato_rbbm_intrcallback| rbbm read error interrupt: c00005fc
[  423.725514] KGSL_DIAG  RBBM_STATUS=0x00000000
[  423.725524] KGSL_DIAG  CYCLECTR[0x0ee2]=0x15074742
[  423.725534] KGSL_DIAG  LRZ_VSC_CONTROL[0x2209]=0x00000000
[  423.725544] KGSL_DIAG  SQ_GPR_MANAGEMENT[0x0d00]=0x0007f010
[  423.725564] kgsl kgsl: |kgsl_yamato_rbbm_intrcallback| rbbm read error interrupt: c0003000
[  423.725578] KGSL_DIAG  VSC[0x0c00]=0x00000000
[  423.725588] KGSL_DIAG  VSC[0x0c01]=0x00000108
[  423.725662] KGSL_DIAG  VSC[0x0c02]=0x660b4080
[  423.725679] KGSL_DIAG    vis-stream @0x660b4080:
[  423.725691] KGSL_DIAG      0000002c 00000008 00000008 00000018
[  423.725702] KGSL_DIAG      00000018 00000008 00000008 00000018
[  423.725713] KGSL_DIAG      00000000 00000000 00000000 00000000
[  423.725723] KGSL_DIAG      00000000 00000000 00000000 00000000
[  423.725734] KGSL_DIAG      00000000 00000000 00000000 00000000
[  423.725745] KGSL_DIAG      00000000 00000000 00000000 00000000
[  423.725756] KGSL_DIAG      00000000 00000000 00000000 00000000
[  423.725767] KGSL_DIAG      00000000 00000000 00000000 00000000
[  423.725777] KGSL_DIAG  VSC[0x0c03]=0x00000000
[  423.725787] KGSL_DIAG  VSC[0x0c04]=0x00000000
[  423.725797] KGSL_DIAG  VSC[0x0c05]=0x00000000
[  423.725807] KGSL_DIAG  VSC[0x0c06]=0x01200000
[  423.725825] KGSL_DIAG  VSC[0x0c07]=0x660b5000
[  423.725841] KGSL_DIAG    vis-stream @0x660b5000:
[  423.725853] KGSL_DIAG      4d06c8e6 a2807e74 844cc899 c8844cc8
[  423.725864] KGSL_DIAG      4cc8844c 844cc884 c8844cc8 4cc8844c
[  423.725875] KGSL_DIAG      844cc884 c8844cc8 0000874c 00000069
[  423.725886] KGSL_DIAG      00000000 00000000 00000000 00000000
[  423.725897] KGSL_DIAG      00000000 00000000 00000000 00000000
[  423.725908] KGSL_DIAG      00000000 00000000 00000000 00000000
[  423.725919] KGSL_DIAG      00000000 00000000 00000000 00000000
[  423.725929] KGSL_DIAG      00000000 00000000 00000000 00000000
[  423.725940] KGSL_DIAG  VSC[0x0c08]=0x00040000
[  423.725958] KGSL_DIAG  VSC[0x0c09]=0x01100400
[  423.725975] KGSL_DIAG  VSC[0x0c0a]=0x66cf5000
[  423.725992] KGSL_DIAG    vis-stream @0x66cf5000:
[  423.726003] KGSL_DIAG      3603de7b 00003080 842634a1 45139ad0
[  423.726014] KGSL_DIAG      2e0059de 00000000 a1094d68 d0842634
[  423.726026] KGSL_DIAG      d740139a 0000e014 a145139a 428b2634
[  423.726037] KGSL_DIAG      8226b468 162d5ab4 00a4458b 00000000
[  423.726048] KGSL_DIAG      00000000 00000000 00000000 00000000
[  423.726059] KGSL_DIAG      00000000 00000000 00000000 00000000
[  423.726069] KGSL_DIAG      00000000 00000000 00000000 00000000
[  423.726080] KGSL_DIAG      00000000 00000000 00000000 00000000
[  423.726091] KGSL_DIAG  VSC[0x0c0b]=0x00040000
[  423.726109] KGSL_DIAG  VSC[0x0c0c]=0x01100401
[  423.726127] KGSL_DIAG  VSC[0x0c0d]=0x66d35000
[  423.726144] KGSL_DIAG    vis-stream @0x66d35000:
[  423.726155] KGSL_DIAG      90c900c4 0000f802 405ab468 a4458b16
[  423.726166] KGSL_DIAG      000069d1 00000040 00000000 00000000
[  423.726177] KGSL_DIAG      00000000 00000000 00000000 00000000
[  423.726188] KGSL_DIAG      00000000 00000000 00000000 00000000
[  423.726198] KGSL_DIAG      00000000 00000000 00000000 00000000
[  423.726209] KGSL_DIAG      00000000 00000000 00000000 00000000
[  423.726220] KGSL_DIAG      00000000 00000000 00000000 00000000
[  423.726231] KGSL_DIAG      00000000 00000000 00000000 00000000
[  423.726242] KGSL_DIAG  VSC[0x0c0e]=0x00040000
[  423.726260] KGSL_DIAG  VSC[0x0c0f]=0x01200800
[  423.726277] KGSL_DIAG  VSC[0x0c10]=0x66d75000
[  423.726294] KGSL_DIAG    vis-stream @0x66d75000:
[  423.726305] KGSL_DIAG      72ddf77d 13322113 21133221 32211332
[  423.726317] KGSL_DIAG      0b702c03 000000a0 a8844aa8 3c23804a
[  423.726328] KGSL_DIAG      0000c01b c0bb012a 00000000 00000000
[  423.726339] KGSL_DIAG      00000000 00000000 00000000 00000000
[  423.726350] KGSL_DIAG      00000000 00000000 00000000 00000000
[  423.726361] KGSL_DIAG      00000000 00000000 00000000 00000000
[  423.726371] KGSL_DIAG      00000000 00000000 00000000 00000000
[  423.726382] KGSL_DIAG      00000000 00000000 00000000 00000000
[  423.726393] KGSL_DIAG  VSC[0x0c11]=0x00040000
[  423.726411] KGSL_DIAG  VSC[0x0c12]=0x01200002
[  423.726428] KGSL_DIAG  VSC[0x0c13]=0x66db5000
[  423.726445] KGSL_DIAG    vis-stream @0x66db5000:
[  423.726456] KGSL_DIAG      066cdff7 ac1b6a5b 13322147 27133221
[  423.726467] KGSL_DIAG      8c08a01b 00000060 842634a1 42139ad0
[  423.726479] KGSL_DIAG      a1094d68 00872634 10202020 49760000
[  423.726490] KGSL_DIAG      5c415c41 49760000 06ff5c41 00000000
[  423.726501] KGSL_DIAG      6c002e42 73006900 0f007400 00005400
[  423.726513] KGSL_DIAG      ffffffff ffffffff 0000ffff ffffffff
[  423.726524] KGSL_DIAG      61007001 6b006300 0f006100 00675400
[  423.726535] KGSL_DIAG      005f0065 00610063 00000063 00650068
[  423.726546] KGSL_DIAG  VSC[0x0c14]=0x00040000
[  423.726564] KGSL_DIAG  VSC[0x0c15]=0x01100402
[  423.726582] KGSL_DIAG  VSC[0x0c16]=0x66df5000
[  423.726599] KGSL_DIAG    vis-stream @0x66df5000:
[  423.726610] KGSL_DIAG      90c900c4 0000f802 2634a133 719ad084
[  423.726621] KGSL_DIAG      73ba1000 00000000 6842139a 34a1094d
[  423.726633] KGSL_DIAG      9ad08426 00005d74 00000000 00000000
[  423.726644] KGSL_DIAG      00000000 00000000 00000000 00000000
[  423.726655] KGSL_DIAG      00000000 00000000 00000000 00000000
[  423.726666] KGSL_DIAG      00000000 00000000 00000000 00000000
[  423.726676] KGSL_DIAG      00000000 00000000 00000000 00000000
[  423.726687] KGSL_DIAG      00000000 00000000 00000000 00000000
[  423.726698] KGSL_DIAG  VSC[0x0c17]=0x00040000
[  423.726716] KGSL_DIAG  VSC[0x0c18]=0x01100403
[  423.726733] KGSL_DIAG  VSC[0x0c19]=0x66e35000
[  423.726750] KGSL_DIAG    vis-stream @0x66e35000:
[  423.726761] KGSL_DIAG      fa0c78ef 0000c000 00000000 00000000
[  423.726772] KGSL_DIAG      00000000 00000000 00000000 00000000
[  423.726783] KGSL_DIAG      00000000 00000000 00000000 00000000
[  423.726793] KGSL_DIAG      00000000 00000000 00000000 00000000
[  423.726804] KGSL_DIAG      00000000 00000000 00000000 00000000
[  423.726815] KGSL_DIAG      00000000 00000000 00000000 00000000
[  423.726826] KGSL_DIAG      00000000 00000000 00000000 00000000
[  423.726836] KGSL_DIAG      00000000 00000000 00000000 00000000
[  423.726847] KGSL_DIAG  VSC[0x0c1a]=0x00040000
[  423.726866] KGSL_DIAG  VSC[0x0c1b]=0x01200802
[  423.726883] KGSL_DIAG  VSC[0x0c1c]=0x66e75000
[  423.726900] KGSL_DIAG    vis-stream @0x66e75000:
[  423.726911] KGSL_DIAG      6a0ca8e6 122aa112 a1122aa1 2aa1122a
[  423.726922] KGSL_DIAG      00a96c2f 0000002e 00000000 00000000
[  423.726933] KGSL_DIAG      00000000 00000000 00000000 00000000
[  423.726944] KGSL_DIAG      00000000 00000000 00000000 00000000
[  423.726955] KGSL_DIAG      00000000 00000000 00000000 00000000
[  423.726965] KGSL_DIAG      00000000 00000000 00000000 00000000
[  423.726976] KGSL_DIAG      00000000 00000000 00000000 00000000
[  423.726987] KGSL_DIAG      00000000 00000000 00000000 00000000
[  423.726998] KGSL_DIAG  VSC[0x0c1d]=0x00040000
[  423.727015] KGSL_DIAG ==== end ts=83457 ====
[  423.727124] KGSL_DIAG ISSUEIBCMDS pid=2600 ts=83459 numibs=1 dwords=146 draws=27 bins=0
[  423.727180] KGSL_DIAG ISSUEIBCMDS pid=2600 ts=83461 numibs=1 dwords=156 draws=27 bins=0
[  423.727252] KGSL_DIAG ISSUEIBCMDS pid=2600 ts=83463 numibs=1 dwords=156 draws=27 bins=0
[  423.727306] KGSL_DIAG ISSUEIBCMDS pid=2600 ts=83465 numibs=1 dwords=156 draws=27 bins=0
[  423.727356] KGSL_DIAG ISSUEIBCMDS pid=2600 ts=83467 numibs=1 dwords=156 draws=27 bins=0
[  423.727408] KGSL_DIAG ISSUEIBCMDS pid=2600 ts=83469 numibs=1 dwords=156 draws=27 bins=0
[  423.727458] KGSL_DIAG ISSUEIBCMDS pid=2600 ts=83471 numibs=1 dwords=156 draws=27 bins=0
[  423.727510] KGSL_DIAG ISSUEIBCMDS pid=2600 ts=83473 numibs=1 dwords=156 draws=27 bins=0
[  423.727559] KGSL_DIAG ISSUEIBCMDS pid=2600 ts=83475 numibs=1 dwords=156 draws=27 bins=0
[  423.727609] KGSL_DIAG ISSUEIBCMDS pid=2600 ts=83477 numibs=1 dwords=156 draws=27 bins=0
[  423.727665] KGSL_DIAG ISSUEIBCMDS pid=2600 ts=83479 numibs=1 dwords=156 draws=27 bins=0
[  423.727721] KGSL_DIAG ISSUEIBCMDS pid=2600 ts=83481 numibs=1 dwords=156 draws=27 bins=0
[  423.727767] KGSL_DIAG ISSUEIBCMDS pid=2600 ts=83483 numibs=1 dwords=2 draws=0 bins=0
