00 00000000 bf8020c9
[  170.629350] KGSL_DIAG      bf800000 00000000 00000000 be4ce707
[  170.629360] KGSL_DIAG      00000000 3f800000 00000000 00000000
[  170.629369] KGSL_DIAG      00000000 00000000 00000000 00000000
[  170.629379] KGSL_DIAG  +0120 T0 reg=0x0e00 cnt=1
[  170.629388] KGSL_DIAG  +0128 T3 op=0x2d cnt=4 hdr=c0032d00
[  170.629398] KGSL_DIAG      00040000 00000100 00000205 00000000
[  170.629408] KGSL_DIAG  +013c T3 op=0x2d cnt=2 hdr=c0012d00
[  170.629417] KGSL_DIAG      00040301 00000000 00000000 00000000
[  170.629427] KGSL_DIAG  +0148 T3 op=0x2d cnt=2 hdr=c0012d00
[  170.629436] KGSL_DIAG      0004020a 88888888 00000000 00000000
[  170.629446] KGSL_DIAG  +0154 T3 op=0x2d cnt=7 hdr=c0062d00
[  170.629456] KGSL_DIAG      0004010f 44000000 44000200 c3c00000
[  170.629466] KGSL_DIAG      43c00400 3efffee0 3efffee0 00000000
[  170.629475] KGSL_DIAG  +0174 T3 op=0x2d cnt=2 hdr=c0012d00
[  170.629485] KGSL_DIAG      00040206 0000043f 00000000 00000000
[  170.629495] KGSL_DIAG  +0180 T3 op=0x2d cnt=5 hdr=c0042d00
[  170.629506] KGSL_DIAG      00040303 411aaaab 3f800000 40e00000
[  170.629515] KGSL_DIAG      3f800000 00000000 00000000 00000000
[  170.629526] KGSL_DIAG  +0198 T3 op=0x2d cnt=2 hdr=c0012d00
[  170.629535] KGSL_DIAG      00040302 00000001 00000000 00000000
[  170.629545] KGSL_DIAG  +01a4 T3 op=0x2d cnt=2 hdr=c0012d00
[  170.629554] KGSL_DIAG      00040205 00080002 00000000 00000000
[  170.629564] KGSL_DIAG  +01b0 T3 op=0x26 cnt=1 hdr=c0002600
[  170.629573] KGSL_DIAG      00000000 00000000 00000000 00000000
[  170.629583] KGSL_DIAG  +01b8 T3 op=0x2d cnt=2 hdr=c0012d00
[  170.629592] KGSL_DIAG      00040200 00700798 00000000 00000000
[  170.629602] KGSL_DIAG  +01c4 T3 op=0x2d cnt=3 hdr=c0022d00
[  170.629612] KGSL_DIAG      00040081 80000000 03000400 00000000
[  170.629622] KGSL_DIAG  +01d4 T3 op=0x2d cnt=3 hdr=c0022d00
[  170.629632] KGSL_DIAG      0004000e 00000000 03000400 00000000
[  170.629642] KGSL_DIAG  +01e4 T3 op=0x2d cnt=17 hdr=c0102d00
[  170.629651] KGSL_DIAG      00000090 3fb6cd8d 00000000 00000000
[  170.629661] KGSL_DIAG      00000000 00000000 3ff3bcbc 00000000
[  170.629674] KGSL_DIAG      00000000 00000000 00000000 bf8020c9
[  170.629684] KGSL_DIAG      bf800000 00000000 00000000 be4ce707
[  170.629693] KGSL_DIAG      00000000 00000000 00000000 00000000
[  170.629703] KGSL_DIAG  +022c T3 op=0x2d cnt=17 hdr=c0102d00
[  170.629713] KGSL_DIAG      00000080 bc6bbbde 00000000 3f7ff937
[  170.629722] KGSL_DIAG      00000000 00000000 3f800000 00000000
[  170.629732] KGSL_DIAG      00000000 bf7ff937 00000000 bc6bbbde
[  170.629741] KGSL_DIAG      00000000 00000000 00000000 bf800000
[  170.629754] KGSL_DIAG      3f800000 00000000 00000000 00000000
[  170.629764] KGSL_DIAG  +0274 T3 op=0x2d cnt=5 hdr=c0042d00
[  170.629778] KGSL_DIAG      0004010f 44000000 44000200 c3c00000
[  170.629787] KGSL_DIAG      43c00400 00000000 00000000 00000000
[  170.629801] KGSL_DIAG  +028c T3 op=0x2d cnt=5 hdr=c0042d00
[  170.629810] KGSL_DIAG      000000a0 3f800000 00000000 00000000
[  170.629822] KGSL_DIAG      00000000 00000000 00000000 00000000
[  170.629832] KGSL_DIAG  +02a4 T3 op=0x2d cnt=7 hdr=c0062d00
[  170.629843] KGSL_DIAG      00010078 6676dce3 000000a0 6676dce3
[  170.629852] KGSL_DIAG      000000a0 2ac7e964 7e807c80 00000000
[  170.629862] KGSL_DIAG  +02c4 T3 op=0x2b cnt=38 hdr=c0252b00
[  170.629872] KGSL_DIAG      00000000 00000024 00256003 20091000
[  170.629891] KGSL_DIAG      10000000 00000000 100bc200 10000000
[  170.629901] KGSL_DIAG      00000000 000cc400 20000000 1b480000
[  170.629914] KGSL_DIAG      00391fff 0000000c 11481000 40393e88
[  170.629923] KGSL_DIAG      0000000c 140f0000 00c60000 8b010203
[  170.629933] KGSL_DIAG      140f0000 00b10000 ab010100 140f0000
[  170.629945] KGSL_DIAG      006c0000 ab010000 140f0001 001b0000
[  170.630030] KGSL_DIAG      a1000700 140f0001 00c60000 ab000601
[  170.630044] KGSL_DIAG      140f0001 00b10000 ab000501 140f803e
[  170.630057] KGSL_DIAG      006c0000 ab000401 00000000 00000000
[  170.630069] KGSL_DIAG  +0360 T3 op=0x2d cnt=2 hdr=c0012d00
[  170.630078] KGSL_DIAG      00040316 0000028f 00000000 00000000
[  170.630088] KGSL_DIAG  +036c T3 op=0x2d cnt=2 hdr=c0012d00
[  170.630098] KGSL_DIAG      00040180 10018201 00000000 00000000
[  170.630107] KGSL_DIAG  +0378 T3 op=0x26 cnt=1 hdr=c0002600
[  170.630117] KGSL_DIAG      00000000 00000000 00000000 00000000
[  170.630127] KGSL_DIAG  +0380 T3 op=0x2d cnt=4 hdr=c0032d00
[  170.630137] KGSL_DIAG      00040000 00000100 00000205 00000000
[  170.630146] KGSL_DIAG  +0394 T3 op=0x2d cnt=2 hdr=c0012d00
[  170.630156] KGSL_DIAG      00040301 00000000 00000000 00000000
[  170.630168] KGSL_DIAG  +03a0 T3 op=0x2d cnt=2 hdr=c0012d00
[  170.630177] KGSL_DIAG      0004020a 88888888 00000000 00000000
[  170.630187] KGSL_DIAG  +03ac T3 op=0x2d cnt=7 hdr=c0062d00
[  170.630197] KGSL_DIAG      0004010f 44000000 44000200 c3c00000
[  170.630208] KGSL_DIAG      43c00400 3efffee0 3efffee0 00000000
[  170.630218] KGSL_DIAG  +03cc T3 op=0x2d cnt=2 hdr=c0012d00
[  170.630227] KGSL_DIAG      00040206 0000043f 00000000 00000000
[  170.630237] KGSL_DIAG  +03d8 T3 op=0x2d cnt=5 hdr=c0042d00
[  170.630262] KGSL_DIAG      00040303 411aaaab 3f800000 40e00000
[  170.630271] KGSL_DIAG      3f800000 00000000 00000000 00000000
[  170.630285] KGSL_DIAG  +03f0 T3 op=0x2d cnt=2 hdr=c0012d00
[  170.630294] KGSL_DIAG      00040302 00000001 00000000 00000000
[  170.630304] KGSL_DIAG  +03fc T3 op=0x2d cnt=2 hdr=c0012d00
[  170.630314] KGSL_DIAG      00040205 00080002 00000000 00000000
[  170.630326] KGSL_DIAG  +0408 T3 op=0x26 cnt=1 hdr=c0002600
[  170.630335] KGSL_DIAG      00000000 00000000 00000000 00000000
[  170.630347] KGSL_DIAG  +0410 T3 op=0x2d cnt=2 hdr=c0012d00
[  170.630356] KGSL_DIAG      00040200 00700798 00000000 00000000
[  170.630366] KGSL_DIAG  +041c T3 op=0x2d cnt=3 hdr=c0022d00
[  170.630378] KGSL_DIAG      00040081 80000000 03000400 00000000
[  170.630388] KGSL_DIAG  +042c T3 op=0x2d cnt=3 hdr=c0022d00
[  170.630397] KGSL_DIAG      0004000e 00000000 03000400 00000000
[  170.630407] KGSL_DIAG  +043c T0 reg=0x0c00 cnt=1
[  170.630419] KGSL_DIAG  +0444 T3 op=0x2d cnt=2 hdr=c0012d00
[  170.630428] KGSL_DIAG      00040209 00000003 00000000 00000000
[  170.630438] KGSL_DIAG  +0450 T3 op=0x26 cnt=1 hdr=c0002600
[  170.630447] KGSL_DIAG      00000000 00000000 00000000 00000000
[  170.630457] KGSL_DIAG  +0458 T0 reg=0x0d00 cnt=1
[  170.630466] KGSL_DIAG  +0460 T3 op=0x22 cnt=5 hdr=c0042200
[  170.630476] KGSL_DIAG      00000000 00004004 0000003c 6676dd80
[  170.630490] KGSL_DIAG      00000078 00000000 00000000 00000000
[  170.630500] KGSL_DIAG  +0478 T3 op=0x2d cnt=2 hdr=c0012d00
[  170.630509] KGSL_DIAG      00040209 00000000 00000000 00000000
[  170.630522] KGSL_DIAG  +0484 T0 reg=0x0c00 cnt=1
[  170.630531] KGSL_DIAG  +048c T3 op=0x46 cnt=1 hdr=c0004600
[  170.630540] KGSL_DIAG      00000006 00000000 00000000 00000000
[  170.630553] KGSL_DIAG  +0494 T3 op=0x52 cnt=4 hdr=c0035200
[  170.630562] KGSL_DIAG      000005d0 00000000 5f601000 00000001
[  170.630572] KGSL_DIAG  +04a8 T3 op=0x26 cnt=1 hdr=c0002600
[  170.630581] KGSL_DIAG      00000000 00000000 00000000 00000000
[  170.630606] kgsl kgsl: |kgsl_yamato_rbbm_intrcallback| rbbm read error interrupt: c00005fc
[  170.630715] KGSL_DIAG  RBBM_STATUS=0x00000000
[  170.630729] KGSL_DIAG  CYCLECTR[0x0ee2]=0x15060602
[  170.630739] KGSL_DIAG  LRZ_VSC_CONTROL[0x2209]=0x00000000
[  170.630751] KGSL_DIAG  SQ_GPR_MANAGEMENT[0x0d00]=0x0007f010
[  170.630771] kgsl kgsl: |kgsl_yamato_rbbm_intrcallback| rbbm read error interrupt: c0003000
[  170.630786] KGSL_DIAG  VSC[0x0c00]=0x00000000
[  170.630794] KGSL_DIAG  VSC[0x0c01]=0x00000187
[  170.630804] KGSL_DIAG  VSC[0x0c02]=0x660b4080
[  170.630816] KGSL_DIAG    vis-stream @0x660b4080:
[  170.630824] KGSL_DIAG      00000004 00000004 00000004 00000004
[  170.630834] KGSL_DIAG      00000004 00000004 00000004 00000004
[  170.630844] KGSL_DIAG      00000000 00000000 00000000 00000000
[  170.630856] KGSL_DIAG      00000000 00000000 00000000 00000000
[  170.630864] KGSL_DIAG      00000000 00000000 00000000 00000000
[  170.630873] KGSL_DIAG      00000000 00000000 00000000 00000000
[  170.630884] KGSL_DIAG      00000000 00000000 00000000 00000000
[  170.630899] KGSL_DIAG      00000000 00000000 00000000 00000000
[  170.630908] KGSL_DIAG  VSC[0x0c03]=0x00000000
[  170.630919] KGSL_DIAG  VSC[0x0c04]=0x00000000
[  170.630929] KGSL_DIAG  VSC[0x0c05]=0x00000000
[  170.630937] KGSL_DIAG  VSC[0x0c06]=0x01100000
[  170.630949] KGSL_DIAG  VSC[0x0c07]=0x660b5000
[  170.630957] KGSL_DIAG    vis-stream @0x660b5000:
[  170.630966] KGSL_DIAG      00c0c3e7 00000002 7f000000 bade3000
[  170.630978] KGSL_DIAG      806b583c 00000000 00000015 00000000
[  170.630987] KGSL_DIAG      be2b9180 be2b9180 00000000 f5be4144
[  170.630996] KGSL_DIAG      00000015 84340500 b9503f64 b9503f08
[  170.631008] KGSL_DIAG      804b35d4 00000000 00000000 00000000
[  170.631017] KGSL_DIAG      00000000 00000000 01010000 00000000
[  170.631027] KGSL_DIAG      2acff930 00000000 00000000 00000000
[  170.631036] KGSL_DIAG      00000000 00000000 00000000 00000000
[  170.631048] KGSL_DIAG  VSC[0x0c08]=0x00040000
[  170.631057] KGSL_DIAG  VSC[0x0c09]=0x01100001
[  170.631066] KGSL_DIAG  VSC[0x0c0a]=0x66575000
[  170.631076] KGSL_DIAG    vis-stream @0x66575000:
[  170.631085] KGSL_DIAG      00f070d1 00000000 00000000 00000000
[  170.631225] KGSL_DIAG      00000000 00000000 00000000 00000000
[  170.631235] KGSL_DIAG      00000000 00000000 00000000 00000000
[  170.631243] KGSL_DIAG      00000000 00000000 00000000 00000000
[  170.631252] KGSL_DIAG      00000000 00000000 00000000 00000000
[  170.631266] KGSL_DIAG      00000000 00000000 00000000 00000000
[  170.631280] KGSL_DIAG      00000000 00000000 00000000 00000000
[  170.631292] KGSL_DIAG      00000000 00000000 00000000 00000000
[  170.631304] KGSL_DIAG  VSC[0x0c0b]=0x00040000
[  170.631313] KGSL_DIAG  VSC[0x0c0c]=0x01200400
[  170.631322] KGSL_DIAG  VSC[0x0c0d]=0x665b5000
[  170.631333] KGSL_DIAG    vis-stream @0x665b5000:
[  170.631342] KGSL_DIAG      000012e8 000000c0 ff000000 ff000000
[  170.631355] KGSL_DIAG      ff000000 ff000000 ff000000 ff000000
[  170.631364] KGSL_DIAG      ff000000 ff000000 ff000000 ff000000
[  170.631374] KGSL_DIAG      ff000000 ff000000 ff000000 ff000000
[  170.631383] KGSL_DIAG      ff000000 ff000000 ff000000 ff000000
[  170.631394] KGSL_DIAG      ff000000 ff000000 ff000000 ff000000
[  170.631407] KGSL_DIAG      ff000000 ff000000 ff000000 ff000000
[  170.631416] KGSL_DIAG      ff000000 ff000000 ff000000 ff000000
[  170.631428] KGSL_DIAG  VSC[0x0c0e]=0x00040000
[  170.631437] KGSL_DIAG  VSC[0x0c0f]=0x01100002
[  170.631445] KGSL_DIAG  VSC[0x0c10]=0x665f5000
[  170.631453] KGSL_DIAG    vis-stream @0x665f5000:
[  170.631462] KGSL_DIAG      00001eca 00000000 00000000 00000000
[  170.631472] KGSL_DIAG      00000000 00000000 00000000 00000000
[  170.631483] KGSL_DIAG      00000000 00000000 00000000 00000000
[  170.631495] KGSL_DIAG      00000000 00000000 00000000 00000000
[  170.631509] KGSL_DIAG      00000000 00000000 00000000 00000000
[  170.631517] KGSL_DIAG      00000000 00000000 00000000 00000000
[  170.631526] KGSL_DIAG      00000000 00000000 00000000 00000000
[  170.631535] KGSL_DIAG      00000000 00000000 00000000 00000000
[  170.631546] KGSL_DIAG  VSC[0x0c11]=0x00040000
[  170.631555] KGSL_DIAG  VSC[0x0c12]=0x01100402
[  170.631564] KGSL_DIAG  VSC[0x0c13]=0x66635000
[  170.631572] KGSL_DIAG    vis-stream @0x66635000:
[  170.631584] KGSL_DIAG      00800874 ff0e2818 ff0e2718 ff0f2718
[  170.631593] KGSL_DIAG      ff0e2919 ff0e2819 ff0f281a ff0f2819
[  170.631603] KGSL_DIAG      ff0e2718 ff0e2717 ff0e2717 ff0d2717
[  170.631614] KGSL_DIAG      ff0e2717 ff0e2716 ff0e2717 ff0e2718
[  170.631623] KGSL_DIAG      ff0d2618 ff0d2618 ff0d2619 ff0d2619
[  170.631633] KGSL_DIAG      ff0d2718 ff0d2718 ff0e2719 ff0d2719
[  170.631642] KGSL_DIAG      ff0c2619 ff0d2718 ff0e2718 ff0e2818
[  170.631653] KGSL_DIAG      ff0d2718 ff0d2718 ff0e2718 ff0d2818
[  170.631662] KGSL_DIAG  VSC[0x0c14]=0x00040000
[  170.631676] KGSL_DIAG  VSC[0x0c15]=0x01100003
[  170.631684] KGSL_DIAG  VSC[0x0c16]=0x66675000
[  170.631694] KGSL_DIAG    vis-stream @0x66675000:
[  170.631703] KGSL_DIAG      0000022d ff182d24 ff172d24 ff182d24
[  170.631713] KGSL_DIAG      ff192e25 ff182d25 ff172c25 ff172c25
[  170.631722] KGSL_DIAG      ff182d25 ff182d25 ff192e24 ff1a2e23
[  170.631731] KGSL_DIAG      ff172c25 ff172c25 ff172d24 ff182d24
[  170.631741] KGSL_DIAG      ff1b2e23 ff1c3124 ff1c3125 ff1b3225
[  170.631750] KGSL_DIAG      ff192e24 ff193024 ff193124 ff193125
[  170.631759] KGSL_DIAG      ff1b3226 ff1b3225 ff1d3325 ff1d3425
[  170.631769] KGSL_DIAG      ff1a3226 ff1b3226 ff1c3325 ff1c3425
[  170.631778] KGSL_DIAG  VSC[0x0c17]=0x00040000
[  170.631787] KGSL_DIAG  VSC[0x0c18]=0x01100004
[  170.631795] KGSL_DIAG  VSC[0x0c19]=0x666b5000
[  170.631806] KGSL_DIAG    vis-stream @0x666b5000:
[  170.631815] KGSL_DIAG      0000022d ff0a3121 ff0a3222 ff0a3323
[  170.631826] KGSL_DIAG      ff092f1e ff09301f ff093121 ff093122
[  170.631836] KGSL_DIAG      ff0a3323 ff093323 ff093523 ff093523
[  170.631846] KGSL_DIAG      ff083222 ff083322 ff083423 ff083423
[  170.631855] KGSL_DIAG      ff0a3624 ff0b3725 ff0c3826 ff0b3926
[  170.631867] KGSL_DIAG      ff093523 ff0b3623 ff0c3725 ff0d3926
[  170.631877] KGSL_DIAG      ff0c3a27 ff0d3a28 ff0e3b29 ff103c2a
[  170.631886] KGSL_DIAG      ff0c3927 ff0d3a28 ff0e3a29 ff103c29
[  170.631895] KGSL_DIAG  VSC[0x0c1a]=0x00040000
[  170.631907] KGSL_DIAG  VSC[0x0c1b]=0x01200403
[  170.631916] KGSL_DIAG  VSC[0x0c1c]=0x666f5000
[  170.631926] KGSL_DIAG    vis-stream @0x666f5000:
[  170.631935] KGSL_DIAG      0040042f ff000000 ff000000 ff000000
[  170.631944] KGSL_DIAG      ff000000 ff000000 ff000000 ff000000
[  170.631954] KGSL_DIAG      ff000000 ff000000 ff000000 ff000000
[  170.631965] KGSL_DIAG      ff000000 ff000000 ff000000 ff000000
[  170.631977] KGSL_DIAG      ff000000 ff000000 ff000000 ff000000
[  170.631993] KGSL_DIAG      ff000000 ff000000 ff000000 ff000000
[  170.632005] KGSL_DIAG      ff000000 ff000000 ff000000 ff000000
[  170.632015] KGSL_DIAG      ff000000 ff000000 ff000000 ff000000
[  170.632027] KGSL_DIAG  VSC[0x0c1d]=0x00040000
[  170.632039] KGSL_DIAG ==== end ts=9883 ====
[  170.632225] KGSL_DIAG ISSUEIBCMDS pid=3469 ts=9885 numibs=1 dwords=157 draws=4 bins=0
[  170.632274] KGSL_DIAG ISSUEIBCMDS pid=3469 ts=9887 numibs=1 dwords=150 draws=4 bins=0
[  170.632315] KGSL_DIAG ISSUEIBCMDS pid=3469 ts=9889 numibs=1 dwords=150 draws=4 bins=0
[  170.632362] KGSL_DIAG ISSUEIBCMDS pid=3469 ts=9891 numibs=1 dwords=150 draws=4 bins=0
[  170.632410] KGSL_DIAG ISSUEIBCMDS pid=3469 ts=9893 numibs=1 dwords=150 draws=4 bins=0
[  170.632462] KGSL_DIAG ISSUEIBCMDS pid=3469 ts=9895 numibs=1 dwords=150 draws=4 bins=0
[  170.632510] KGSL_DIAG ISSUEIBCMDS pid=3469 ts=9897 numibs=1 dwords=150 draws=4 bins=0
[  170.632559] KGSL_DIAG ISSUEIBCMDS pid=3469 ts=9899 numibs=1 dwords=150 draws=4 bins=0
[  170.632602] KGSL_DIAG ISSUEIBCMDS pid=3469 ts=9901 numibs=1 dwords=150 draws=4 bins=0
[  170.632641] KGSL_DIAG ISSUEIBCMDS pid=3469 ts=9903 numibs=1 dwords=150 draws=4 bins=0
[  170.632676] KGSL_DIAG ISSUEIBCMDS pid=3469 ts=9905 numibs=1 dwords=2 draws=0 bins=0
[  170.645757] KGSL_DIAG ISSUEIBCMDS pid=3469 ts=9907 numibs=1 dwords=300 draws=1 bins=0
[  170.645771] KGSL_DIAG IB 0x660a5794 dwords=300 depth=0
[  170.645782] KGSL_DIAG  +0000 T3 op=0x2d cnt=5 hdr=c0042d00
[  170.645793] KGSL_DIAG      0004010f 44000000 44000200 c3c00000
[  170.645803] KGSL_DIAG      43c00400 00000000 00000000 00000000
[  170.645813] KGSL_DIAG  +0018 T3 op=0x2d cnt=3 hdr=c0022d00
[  170.645823] KGSL_DIAG      0001009c 660b4003 00000030 00000000
[  170.645834] KGSL_DIAG  +0028 T3 op=0x2b cnt=17 hdr=c0102b00
[  170.645843] KGSL_DIAG      00000000 0000000f 00031003 00001000
[  170.645853] KGSL_DIAG      c2000000 00001004 00001000 c4000000
[  170.645863] KGSL_DIAG      00000005 00002000 00000000 19a81000
[  170.645872] KGSL_DIAG      00390a88 0000000c 140f803e 00000000
[  170.645882] KGSL_DIAG      e2010100 00000000 00000000 00000000
[  170.645892] KGSL_DIAG  +0070 T3 op=0x2d cnt=2 hdr=c0012d00
[  170.645901] KGSL_DIAG      00040316 0000028f 00000000 00000000
[  170.645911] KGSL_DIAG  +007c T3 op=0x2d cnt=2 hdr=c0012d00
[  170.645920] KGSL_DIAG      00040180 10038001 00000000 00000000
[  170.645930] KGSL_DIAG  +0088 T3 op=0x2d cnt=37 hdr=c0242d00
[  170.645940] KGSL_DIAG      00000080 bc6bbbde 00000000 3f7ff937
[  170.645950] KGSL_DIAG      00000000 00000000 3f800000 00000000
[  170.645960] KGSL_DIAG      00000000 bf7ff937 00000000 bc6bbbde
[  170.645969] KGSL_DIAG      00000000 00000000 00000000 bf800000
[  170.645979] KGSL_DIAG      3f800000 3fb6cd8d 00000000 00000000
[  170.645988] KGSL_DIAG      00000000 00000000 3ff3bcbc 00000000
[  170.645998] KGSL_DIAG      00000000 00000000 00000000 bf8020c9
[  170.646007] KGSL_DIAG      bf800000 00000000 00000000 be4ce707
[  170.646017] KGSL_DIAG      00000000 3f800000 00000000 00000000
[  170.646026] KGSL_DIAG      00000000 00000000 00000000 00000000
[  170.646036] KGSL_DIAG  +0120 T0 reg=0x0e00 cnt=1
[  170.646045] KGSL_DIAG  +0128 T3 op=0x2d cnt=4 hdr=c0032d00
[  170.646054] KGSL_DIAG      00040000 00000100 00000205 00000000
[  170.646064] KGSL_DIAG  +013c T3 op=0x2d cnt=2 hdr=c0012d00
[  170.646073] KGSL_DIAG      00040301 00000000 00000000 00000000
[  170.646083] KGSL_DIAG  +0148 T3 op=0x2d cnt=2 hdr=c0012d00
[  170.646093] KGSL_DIAG      0004020a 88888888 00000000 00000000
[  170.646103] KGSL_DIAG  +0154 T3 op=0x2d cnt=7 hdr=c0062d00
[  170.646112] KGSL_DIAG      0004010f 44000000 44000200 c3c00000
[  170.646122] KGSL_DIAG      43c00400 3efffee0 3efffee0 00000000
[  170.646132] KGSL_DIAG  +0174 T3 op=0x2d cnt=2 hdr=c0012d00
[  170.646141] KGSL_DIAG      00040206 0000043f 00000000 00000000
[  170.646151] KGSL_DIAG  +0180 T3 op=0x2d cnt=5 hdr=c0042d00
[  170.646162] KGSL_DIAG      00040303 411aaaab 3f800000 40e00000
[  170.646171] KGSL_DIAG      3f800000 00000000 00000000 00000000
[  170.646181] KGSL_DIAG  +0198 T3 op=0x2d cnt=2 hdr=c0012d00
[  170.646190] KGSL_DIAG      00040302 00000001 00000000 00000000
[  170.646200] KGSL_DIAG  +01a4 T3 op=0x2d cnt=2 hdr=c0012d00
[  170.646210] KGSL_DIAG      00040205 00080002 00000000 00000000
[  170.646219] KGSL_DIAG  +01b0 T3 op=0x26 cnt=1 hdr=c0002600
[  170.646229] KGSL_DIAG      00000000 00000000 00000000 00000000
[  170.646239] KGSL_DIAG  +01b8 T3 op=0x2d cnt=2 hdr=c0012d00
[  170.646248] KGSL_DIAG      00040200 00700798 00000000 00000000
[  170.646258] KGSL_DIAG  +01c4 T3 op=0x2d cnt=3 hdr=c0022d00
[  170.646268] KGSL_DIAG      00040081 80000000 03000400 00000000
[  170.646278] KGSL_DIAG  +01d4 T3 op=0x2d cnt=3 hdr=c0022d00
[  170.646288] KGSL_DIAG      0004000e 00000000 03000400 00000000
[  170.646298] KGSL_DIAG  +01e4 T3 op=0x2d cnt=17 hdr=c0102d00
[  170.646307] KGSL_DIAG      00000090 3fb6cd8d 00000000 00000000
[  170.646316] KGSL_DIAG      00000000 00000000 3ff3bcbc 00000000
[  170.646326] KGSL_DIAG      00000000 00000000 00000000 bf8020c9
[  170.646336] KGSL_DIAG      bf800000 00000000 00000000 be4ce707
[  170.646345] KGSL_DIAG      00000000 00000000 00000000 00000000
[  170.646355] KGSL_DIAG  +022c T3 op=0x2d cnt=17 hdr=c0102d00
[  170.646364] KGSL_DIAG      00000080 3b2b2026 00000000 3f7fffc7
[  170.646374] KGSL_DIAG      00000000 00000000 3f800000 00000000
[  170.646383] KGSL_DIAG      00000000 bf7fffc7 00000000 3b2b2026
[  170.646394] KGSL_DIAG      00000000 00000000 00000000 bf800000
[  170.646403] KGSL_DIAG      3f800000 00000000 00000000 00000000
[  170.646413] KGSL_DIAG  +0274 T3 op=0x2d cnt=5 hdr=c0042d00
[  170.646422] KGSL_DIAG      0004010f 44000000 44000200 c3c00000
[  170.646432] KGSL_DIAG      43c00400 00000000 00000000 00000000
[  170.646442] KGSL_DIAG  +028c T3 op=0x2d cnt=5 hdr=c0042d00
[  170.646451] KGSL_DIAG      000000a0 3f800000 00000000 00000000
[  170.646461] KGSL_DIAG      00000000 00000000 00000000 00000000
[  170.646470] KGSL_DIAG  +02a4 T3 op=0x2d cnt=7 hdr=c0062d00
[  170.646480] KGSL_DIAG      00010078 6676de03 000000a0 6676de03
[  170.646490] KGSL_DIAG      000000a0 2ac7e964 7e807c80 00000000
[  170.646500] KGSL_DIAG  +02c4 T3 op=0x2b cnt=38 hdr=c0252b00
[  170.646509] KGSL_DIAG      00000000 00000024 00256003 20091000
[  170.646520] KGSL_DIAG      10000000 00000000 100bc200 10000000
[  170.646530] KGSL_DIAG      00000000 000cc400 20000000 1b480000
[  170.646540] KGSL_DIAG      00391fff 0000000c 11481000 40393e88
[  170.646550] KGSL_DIAG      0000000c 140f0000 00c60000 8b010203
[  170.646560] KGSL_DIAG      140f0000 00b10000 ab010100 140f0000
[  170.646570] KGSL_DIAG      006c0000 ab010000 140f0001 001b0000
[  170.646580] KGSL_DIAG      a1000700 140f0001 00c60000 ab000601
[  170.646589] KGSL_DIAG      140f0001 00b10000 ab000501 140f803e
[  170.646599] KGSL_DIAG      006c0000 ab000401 00000000 00000000
[  170.646609] KGSL_DIAG  +0360 T3 op=0x2d cnt=2 hdr=c0012d00
[  170.646618] KGSL_DIAG      00040316 0000028f 00000000 00000000
[  170.646628] KGSL_DIAG  +036c T3 op=0x2d cnt=2 hdr=c0012d00
[  170.646637] KGSL_DIAG      00040180 10018201 00000000 00000000
[  170.646647] KGSL_DIAG  +0378 T3 op=0x26 cnt=1 hdr=c0002600
[  170.646656] KGSL_DIAG      00000000 00000000 00000000 00000000
[  170.646667] KGSL_DIAG  +0380 T3 op=0x2d cnt=4 hdr=c0032d00
[  170.646677] KGSL_DIAG      00040000 00000100 00000205 00000000
[  170.646686] KGSL_DIAG  +0394 T3 op=0x2d cnt=2 hdr=c0012d00
[  170.646696] KGSL_DIAG      00040301 00000000 00000000 00000000
[  170.646706] KGSL_DIAG  +03a0 T3 op=0x2d cnt=2 hdr=c0012d00
[  170.646715] KGSL_DIAG      0004020a 88888888 00000000 00000000
[  170.646725] KGSL_DIAG  +03ac T3 op=0x2d cnt=7 hdr=c0062d00
[  170.646734] KGSL_DIAG      0004010f 44000000 44000200 c3c00000
[  170.646744] KGSL_DIAG      43c00400 3efffee0 3efffee0 00000000
[  170.646754] KGSL_DIAG  +03cc T3 op=0x2d cnt=2 hdr=c0012d00
[  170.646763] KGSL_DIAG      00040206 0000043f 00000000 00000000
[  170.646773] KGSL_DIAG  +03d8 T3 op=0x2d cnt=5 hdr=c0042d00
[  170.646783] KGSL_DIAG      00040303 411aaaab 3f800000 40e00000
[  170.646793] KGSL_DIAG      3f800000 00000000 00000000 00000000
[  170.646803] KGSL_DIAG  +03f0 T3 op=0x2d cnt=2 hdr=c0012d00
[  170.646812] KGSL_DIAG      00040302 00000001 00000000 00000000
[  170.646822] KGSL_DIAG  +03fc T3 op=0x2d cnt=2 hdr=c0012d00
[  170.646832] KGSL_DIAG      00040205 00080002 00000000 00000000
[  170.646842] KGSL_DIAG  +0408 T3 op=0x26 cnt=1 hdr=c0002600
[  170.646851] KGSL_DIAG      00000000 00000000 00000000 00000000
[  170.646861] KGSL_DIAG  +0410 T3 op=0x2d cnt=2 hdr=c0012d00
[  170.646870] KGSL_DIAG      00040200 00700798 00000000 00000000
[  170.646880] KGSL_DIAG  +041c T3 op=0x2d cnt=3 hdr=c0022d00
[  170.646890] KGSL_DIAG      00040081 80000000 03000400 00000000
[  170.646900] KGSL_DIAG  +042c T3 op=0x2d cnt=3 hdr=c0022d00
[  170.646909] KGSL_DIAG      0004000e 00000000 03000400 00000000
[  170.646918] KGSL_DIAG  +043c T0 reg=0x0c00 cnt=1
[  170.646927] KGSL_DIAG  +0444 T3 op=0x2d cnt=2 hdr=c0012d00
[  170.646937] KGSL_DIAG      00040209 00000003 00000000 00000000
[  170.646947] KGSL_DIAG  +0450 T3 op=0x26 cnt=1 hdr=c0002600
[  170.646956] KGSL_DIAG      00000000 00000000 00000000 00000000
[  170.646965] KGSL_DIAG  +0458 T0 reg=0x0d00 cnt=1
[  170.646974] KGSL_DIAG  +0460 T3 op=0x22 cnt=5 hdr=c0042200
[  170.646984] KGSL_DIAG      00000000 00004004 0000003c 6676dea0
[  170.646993] KGSL_DIAG      00000078 00000000 00000000 00000000
[  170.647003] KGSL_DIAG  +0478 T3 op=0x2d cnt=2 hdr=c0012d00
[  170.647013] KGSL_DIAG      00040209 00000000 00000000 00000000
[  170.647022] KGSL_DIAG  +0484 T0 reg=0x0c00 cnt=1
[  170.647031] KGSL_DIAG  +048c T3 op=0x46 cnt=1 hdr=c0004600
[  170.647040] KGSL_DIAG      00000006 00000000 00000000 00000000
[  170.647050] KGSL_DIAG  +0494 T3 op=0x52 cnt=4 hdr=c0035200
[  170.647059] KGSL_DIAG      000005d0 00000000 5f601000 00000001
[  170.647069] KGSL_DIAG  +04a8 T3 op=0x26 cnt=1 hdr=c0002600
[  170.647078] KGSL_DIAG      00000000 00000000 00000000 00000000
[  170.647103] kgsl kgsl: |kgsl_yamato_rbbm_intrcallback| rbbm read error interrupt: c00005fc
[  170.647153] KGSL_DIAG  RBBM_STATUS=0x00000000
[  170.647161] KGSL_DIAG  CYCLECTR[0x0ee2]=0x15000002
[  170.647169] KGSL_DIAG  LRZ_VSC_CONTROL[0x2209]=0x00000001
[  170.647177] KGSL_DIAG  SQ_GPR_MANAGEMENT[0x0d00]=0x0007f010
[  170.647195] kgsl kgsl: |kgsl_yamato_rbbm_intrcallback| rbbm read error interrupt: c0003000
[  170.647207] KGSL_DIAG  VSC[0x0c00]=0x00000000
[  170.647216] KGSL_DIAG  VSC[0x0c01]=0x00000187
[  170.647225] KGSL_DIAG  VSC[0x0c02]=0x660b4080
[  170.647232] KGSL_DIAG    vis-stream @0x660b4080:
[  170.647241] KGSL_DIAG      00000004 00000004 00000004 00000004
[  170.647250] KGSL_DIAG      00000004 00000004 00000004 00000004
[  170.647259] KGSL_DIAG      00000000 00000000 00000000 00000000
[  170.647267] KGSL_DIAG      00000000 00000000 00000000 00000000
[  170.647276] KGSL_DIAG      00000000 00000000 00000000 00000000
[  170.647285] KGSL_DIAG      00000000 00000000 00000000 00000000
[  170.647293] KGSL_DIAG      00000000 00000000 00000000 00000000
[  170.647302] KGSL_DIAG      00000000 00000000 00000000 00000000
[  170.647311] KGSL_DIAG  VSC[0x0c03]=0x00000000
[  170.647319] KGSL_DIAG  VSC[0x0c04]=0x00000000
[  170.647326] KGSL_DIAG  VSC[0x0c05]=0x00000000
[  170.647334] KGSL_DIAG  VSC[0x0c06]=0x01100000
[  170.647343] KGSL_DIAG  VSC[0x0c07]=0x660b5000
[  170.647351] KGSL_DIAG    vis-stream @0x660b5000:
[  170.647360] KGSL_DIAG      00c0c3e7 00000002 7f000000 bade3000
[  170.647369] KGSL_DIAG      806b583c 00000000 00000015 00000000
[  170.647378] KGSL_DIAG      be2b9180 be2b9180 00000000 f5be4144
[  170.647388] KGSL_DIAG      00000015 84340500 b9503f64 b9503f08
[  170.647397] KGSL_DIAG      804b35d4 00000000 00000000 00000000
[  170.647406] KGSL_DIAG      00000000 00000000 01010000 00000000
[  170.647414] KGSL_DIAG      2acff930 00000000 00000000 00000000
[  170.647423] KGSL_DIAG      00000000 00000000 00000000 00000000
[  170.647432] KGSL_DIAG  VSC[0x0c08]=0x00040000
[  170.647441] KGSL_DIAG  VSC[0x0c09]=0x01100001
[  170.647449] KGSL_DIAG  VSC[0x0c0a]=0x66575000
[  170.647457] KGSL_DIAG    vis-stream @0x66575000:
[  170.647466] KGSL_DIAG      00f070d1 00000000 00000000 00000000
[  170.647474] KGSL_DIAG      00000000 00000000 00000000 00000000
[  170.647483] KGSL_DIAG      00000000 00000000 00000000 00000000
[  170.647492] KGSL_DIAG      00000000 00000000 00000000 00000000
[  170.647500] KGSL_DIAG      00000000 00000000 00000000 00000000
[  170.647509] KGSL_DIAG      00000000 00000000 00000000 00000000
[  170.647518] KGSL_DIAG      00000000 00000000 00000000 00000000
[  170.647526] KGSL_DIAG      00000000 00000000 00000000 00000000
[  170.647536] KGSL_DIAG  VSC[0x0c0b]=0x00040000
[  170.647544] KGSL_DIAG  VSC[0x0c0c]=0x01200400
[  170.647553] KGSL_DIAG  VSC[0x0c0d]=0x665b5000
[  170.647561] KGSL_DIAG    vis-stream @0x665b5000:
[  170.647570] KGSL_DIAG      000012e8 000000c0 ff000000 ff000000
[  170.647579] KGSL_DIAG      ff000000 ff000000 ff000000 ff000000
[  170.647588] KGSL_DIAG      ff000000 ff000000 ff000000 ff000000
[  170.647598] KGSL_DIAG      ff000000 ff000000 ff000000 ff000000
[  170.647607] KGSL_DIAG      ff000000 ff000000 ff000000 ff000000
[  170.647617] KGSL_DIAG      ff000000 ff000000 ff000000 ff000000
[  170.647626] KGSL_DIAG      ff000000 ff000000 ff000000 ff000000
[  170.647635] KGSL_DIAG      ff000000 ff000000 ff000000 ff000000
[  170.647644] KGSL_DIAG  VSC[0x0c0e]=0x00040000
[  170.647653] KGSL_DIAG  VSC[0x0c0f]=0x01100002
[  170.647661] KGSL_DIAG  VSC[0x0c10]=0x665f5000
[  170.647669] KGSL_DIAG    vis-stream @0x665f5000:
[  170.647677] KGSL_DIAG      00001eca 00000000 00000000 00000000
[  170.647686] KGSL_DIAG      00000000 00000000 00000000 00000000
[  170.647695] KGSL_DIAG      00000000 00000000 00000000 00000000
[  170.647704] KGSL_DIAG      00000000 00000000 00000000 00000000
[  170.647712] KGSL_DIAG      00000000 00000000 00000000 00000000
[  170.647722] KGSL_DIAG      00000000 00000000 00000000 00000000
[  170.647730] KGSL_DIAG      00000000 00000000 00000000 00000000
[  170.647739] KGSL_DIAG      00000000 00000000 00000000 00000000
[  170.647748] KGSL_DIAG  VSC[0x0c11]=0x00040000
[  170.647756] KGSL_DIAG  VSC[0x0c12]=0x01100402
[  170.647765] KGSL_DIAG  VSC[0x0c13]=0x66635000
[  170.647773] KGSL_DIAG    vis-stream @0x66635000:
[  170.647782] KGSL_DIAG      00800874 ff0e2818 ff0e2718 ff0f2718
[  170.647791] KGSL_DIAG      ff0e2919 ff0e2819 ff0f281a ff0f2819
[  170.647801] KGSL_DIAG      ff0e2718 ff0e2717 ff0e2717 ff0d2717
[  170.647810] KGSL_DIAG      ff0e2717 ff0e2716 ff0e2717 ff0e2718
[  170.647819] KGSL_DIAG      ff0d2618 ff0d2618 ff0d2619 ff0d2619
[  170.647828] KGSL_DIAG      ff0d2718 ff0d2718 ff0e2719 ff0d2719
[  170.647838] KGSL_DIAG      ff0c2619 ff0d2718 ff0e2718 ff0e2818
[  170.647847] KGSL_DIAG      ff0d2718 ff0d2718 ff0e2718 ff0d2818
[  170.647856] KGSL_DIAG  VSC[0x0c14]=0x00040000
[  170.647865] KGSL_DIAG  VSC[0x0c15]=0x01100003
[  170.647874] KGSL_DIAG  VSC[0x0c16]=0x66675000
[  170.647881] KGSL_DIAG    vis-stream @0x66675000:
[  170.647890] KGSL_DIAG      0000022d ff182d24 ff172d24 ff182d24
[  170.647900] KGSL_DIAG      ff192e25 ff182d25 ff172c25 ff172c25
[  170.647909] KGSL_DIAG      ff182d25 ff182d25 ff192e24 ff1a2e23
[  170.648021] KGSL_DIAG      ff172c25 ff172c25 ff172d24 ff182d24
[  170.648031] KGSL_DIAG      ff1b2e23 ff1c3124 ff1c3125 ff1b3225
[  170.648041] KGSL_DIAG      ff192e24 ff193024 ff193124 ff193125
[  170.648050] KGSL_DIAG      ff1b3226 ff1b3225 ff1d3325 ff1d3425
[  170.648059] KGSL_DIAG      ff1a3226 ff1b3226 ff1c3325 ff1c3425
[  170.648068] KGSL_DIAG  VSC[0x0c17]=0x00040000
[  170.648077] KGSL_DIAG  VSC[0x0c18]=0x01100004
[  170.648086] KGSL_DIAG  VSC[0x0c19]=0x666b5000
[  170.648094] KGSL_DIAG    vis-stream @0x666b5000:
[  170.648103] KGSL_DIAG      0000022d ff0a3121 ff0a3222 ff0a3323
[  170.648112] KGSL_DIAG      ff092f1e ff09301f ff093121 ff093122
[  170.648122] KGSL_DIAG      ff0a3323 ff093323 ff093523 ff093523
[  170.648131] KGSL_DIAG      ff083222 ff083322 ff083423 ff083423
[  170.648141] KGSL_DIAG      ff0a3624 ff0b3725 ff0c3826 ff0b3926
[  170.648150] KGSL_DIAG      ff093523 ff0b3623 ff0c3725 ff0d3926
[  170.648159] KGSL_DIAG      ff0c3a27 ff0d3a28 ff0e3b29 ff103c2a
[  170.648169] KGSL_DIAG      ff0c3927 ff0d3a28 ff0e3a29 ff103c29
[  170.648177] KGSL_DIAG  VSC[0x0c1a]=0x00040000
[  170.648186] KGSL_DIAG  VSC[0x0c1b]=0x01200403
[  170.648202] KGSL_DIAG  VSC[0x0c1c]=0x666f5000
[  170.648210] KGSL_DIAG    vis-stream @0x666f5000:
[  170.648219] KGSL_DIAG      0040042f ff000000 ff000000 ff000000
[  170.648229] KGSL_DIAG      ff000000 ff000000 ff000000 ff000000
[  170.648238] KGSL_DIAG      ff000000 ff000000 ff000000 ff000000
[  170.648248] KGSL_DIAG      ff000000 ff000000 ff000000 ff000000
[  170.648257] KGSL_DIAG      ff000000 ff000000 ff000000 ff000000
[  170.648267] KGSL_DIAG      ff000000 ff000000 ff000000 ff000000
[  170.648276] KGSL_DIAG      ff000000 ff000000 ff000000 ff000000
[  170.648285] KGSL_DIAG      ff000000 ff000000 ff000000 ff000000
[  170.648294] KGSL_DIAG  VSC[0x0c1d]=0x00040000
[  170.648302] KGSL_DIAG ==== end ts=9907 ====
[  170.648477] KGSL_DIAG ISSUEIBCMDS pid=3469 ts=9909 numibs=1 dwords=157 draws=4 bins=0
[  170.648624] KGSL_DIAG ISSUEIBCMDS pid=3469 ts=9911 numibs=1 dwords=150 draws=4 bins=0
[  170.648675] KGSL_DIAG ISSUEIBCMDS pid=3469 ts=9913 numibs=1 dwords=150 draws=4 bins=0
[  170.648723] KGSL_DIAG ISSUEIBCMDS pid=3469 ts=9915 numibs=1 dwords=150 draws=4 bins=0
[  170.648781] KGSL_DIAG ISSUEIBCMDS pid=3469 ts=9917 numibs=1 dwords=150 draws=4 bins=0
[  170.648832] KGSL_DIAG ISSUEIBCMDS pid=3469 ts=9919 numibs=1 dwords=150 draws=4 bins=0
[  170.648873] KGSL_DIAG ISSUEIBCMDS pid=3469 ts=9921 numibs=1 dwords=150 draws=4 bins=0
[  170.648915] KGSL_DIAG ISSUEIBCMDS pid=3469 ts=9923 numibs=1 dwords=150 draws=4 bins=0
[  170.648955] KGSL_DIAG ISSUEIBCMDS pid=3469 ts=9925 numibs=1 dwords=150 draws=4 bins=0
[  170.648996] KGSL_DIAG ISSUEIBCMDS pid=3469 ts=9927 numibs=1 dwords=150 draws=4 bins=0
[  170.649030] KGSL_DIAG ISSUEIBCMDS pid=3469 ts=9929 numibs=1 dwords=2 draws=0 bins=0
[  170.662434] KGSL_DIAG ISSUEIBCMDS pid=3469 ts=9931 numibs=1 dwords=300 draws=1 bins=0
[  170.662448] KGSL_DIAG IB 0x660a5794 dwords=300 depth=0
[  170.662459] KGSL_DIAG  +0000 T3 op=0x2d cnt=5 hdr=c0042d00
[  170.662470] KGSL_DIAG      0004010f 44000000 44000200 c3c00000
[  170.662481] KGSL_DIAG      43c00400 00000000 00000000 00000000
[  170.662491] KGSL_DIAG  +0018 T3 op=0x2d cnt=3 hdr=c0022d00
[  170.662502] KGSL_DIAG      0001009c 660b4003 00000030 00000000
[  170.662512] KGSL_DIAG  +0028 T3 op=0x2b cnt=17 hdr=c0102b00
[  170.662523] KGSL_DIAG      00000000 0000000f 00031003 00001000
[  170.662533] KGSL_DIAG      c2000000 00001004 00001000 c4000000
[  170.662543] KGSL_DIAG      00000005 00002000 00000000 19a81000
[  170.662553] KGSL_DIAG      00390a88 0000000c 140f803e 00000000
[  170.662562] KGSL_DIAG      e2010100 00000000 00000000 00000000
[  170.662572] KGSL_DIAG  +0070 T3 op=0x2d cnt=2 hdr=c0012d00
[  170.662582] KGSL_DIAG      00040316 0000028f 00000000 00000000
[  170.662591] KGSL_DIAG  +007c T3 op=0x2d cnt=2 hdr=c0012d00
[  170.662601] KGSL_DIAG      00040180 10038001 00000000 00000000
[  170.662611] KGSL_DIAG  +0088 T3 op=0x2d cnt=37 hdr=c0242d00
[  170.662620] KGSL_DIAG      00000080 3b2b2026 00000000 3f7fffc7
[  170.662631] KGSL_DIAG      00000000 00000000 3f800000 00000000
[  170.662640] KGSL_DIAG      00000000 bf7fffc7 00000000 3b2b2026
[  170.662650] KGSL_DIAG      00000000 00000000 00000000 bf800000
[  170.662659] KGSL_DIAG      3f800000 3fb6cd8d 00000000 00000000
[  170.662670] KGSL_DIAG      00000000 00000000 3ff3bcbc 00000000
[  170.662679] KGSL_DIAG      00000000 00000000 00000000 bf8020c9
[  170.662689] KGSL_DIAG      bf800000 00000000 00000000 be4ce707
[  170.662698] KGSL_DIAG      00000000 3f800000 00000000 00000000
[  170.662707] KGSL_DIAG      00000000 00000000 00000000 00000000
[  170.662717] KGSL_DIAG  +0120 T0 reg=0x0e00 cnt=1
[  170.662726] KGSL_DIAG  +0128 T3 op=0x2d cnt=4 hdr=c0032d00
[  170.662735] KGSL_DIAG      00040000 00000100 00000205 00000000
[  170.662745] KGSL_DIAG  +013c T3 op=0x2d cnt=2 hdr=c0012d00
[  170.662755] KGSL_DIAG      00040301 00000000 00000000 00000000
[  170.662765] KGSL_DIAG  +0148 T3 op=0x2d cnt=2 hdr=c0012d00
[  170.662775] KGSL_DIAG      0004020a 88888888 00000000 00000000
[  170.662785] KGSL_DIAG  +0154 T3 op=0x2d cnt=7 hdr=c0062d00
[  170.662794] KGSL_DIAG      0004010f 44000000 44000200 c3c00000
[  170.662804] KGSL_DIAG      43c00400 3efffee0 3efffee0 00000000
[  170.662814] KGSL_DIAG  +0174 T3 op=0x2d cnt=2 hdr=c0012d00
[  170.662823] KGSL_DIAG      00040206 0000043f 00000000 00000000
[  170.662833] KGSL_DIAG  +0180 T3 op=0x2d cnt=5 hdr=c0042d00
[  170.662843] KGSL_DIAG      00040303 411aaaab 3f800000 40e00000
[  170.662852] KGSL_DIAG      3f800000 00000000 00000000 00000000
[  170.662863] KGSL_DIAG  +0198 T3 op=0x2d cnt=2 hdr=c0012d00
[  170.662872] KGSL_DIAG      00040302 00000001 00000000 00000000
[  170.662882] KGSL_DIAG  +01a4 T3 op=0x2d cnt=2 hdr=c0012d00
[  170.662891] KGSL_DIAG      00040205 00080002 00000000 00000000
[  170.662902] KGSL_DIAG  +01b0 T3 op=0x26 cnt=1 hdr=c0002600
[  170.662911] KGSL_DIAG      00000000 00000000 00000000 00000000
[  170.662921] KGSL_DIAG  +01b8 T3 op=0x2d cnt=2 hdr=c0012d00
[  170.662930] KGSL_DIAG      00040200 00700798 00000000 00000000
[  170.662940] KGSL_DIAG  +01c4 T3 op=0x2d cnt=3 hdr=c0022d00
[  170.662950] KGSL_DIAG      00040081 80000000 03000400 00000000
[  170.662959] KGSL_DIAG  +01d4 T3 op=0x2d cnt=3 hdr=c0022d00
[  170.662969] KGSL_DIAG      0004000e 00000000 03000400 00000000
[  170.662979] KGSL_DIAG  +01e4 T3 op=0x2d cnt=17 hdr=c0102d00
[  170.662989] KGSL_DIAG      00000090 3fb6cd8d 00000000 00000000
[  170.662998] KGSL_DIAG      00000000 00000000 3ff3bcbc 00000000
[  170.663007] KGSL_DIAG      00000000 00000000 00000000 bf8020c9
[  170.663017] KGSL_DIAG      bf800000 00000000 00000000 be4ce707
[  170.663026] KGSL_DIAG      00000000 00000000 00000000 00000000
[  170.663036] KGSL_DIAG  +022c T3 op=0x2d cnt=17 hdr=c0102d00
[  170.663046] KGSL_DIAG      00000080 3ca0a564 00000000 3f7ff366
[  170.663055] KGSL_DIAG      00000000 00000000 3f800000 00000000
[  170.663065] KGSL_DIAG      00000000 bf7ff366 00000000 3ca0a564
[  170.663074] KGSL_DIAG      00000000 00000000 00000000 bf800000
[  170.663084] KGSL_DIAG      3f800000 00000000 00000000 00000000
[  170.663094] KGSL_DIAG  +0274 T3 op=0x2d cnt=5 hdr=c0042d00
[  170.663103] KGSL_DIAG      0004010f 44000000 44000200 c3c00000
[  170.663113] KGSL_DIAG      43c00400 00000000 00000000 00000000
[  170.663123] KGSL_DIAG  +028c T3 op=0x2d cnt=5 hdr=c0042d00
[  170.663132] KGSL_DIAG      000000a0 3f800000 00000000 00000000
[  170.663142] KGSL_DIAG      00000000 00000000 00000000 00000000
[  170.663151] KGSL_DIAG  +02a4 T3 op=0x2d cnt=7 hdr=c0062d00
[  170.663161] KGSL_DIAG      00010078 6676df23 000000a0 6676df23
[  170.663171] KGSL_DIAG      000000a0 2ac7e964 7e807c80 00000000
[  170.663181] KGSL_DIAG  +02c4 T3 op=0x2b cnt=38 hdr=c0252b00
[  170.663190] KGSL_DIAG      00000000 00000024 00256003 20091000
[  170.663200] KGSL_DIAG      10000000 00000000 100bc200 10000000
[  170.663210] KGSL_DIAG      00000000 000cc400 20000000 1b480000
[  170.663220] KGSL_DIAG      00391fff 0000000c 11481000 40393e88
[  170.663229] KGSL_DIAG      0000000c 140f0000 00c60000 8b010203
[  170.663239] KGSL_DIAG      140f0000 00b10000 ab010100 140f0000
[  170.663249] KGSL_DIAG      006c0000 ab010000 140f0001 001b0000
[  170.663260] KGSL_DIAG      a1000700 140f0001 00c60000 ab000601
[  170.663270] KGSL_DIAG      140f0001 00b10000 ab000501 140f803e
[  170.663280] KGSL_DIAG      006c0000 ab000401 00000000 00000000
[  170.663290] KGSL_DIAG  +0360 T3 op=0x2d cnt=2 hdr=c0012d00
[  170.663299] KGSL_DIAG      00040316 0000028f 00000000 00000000
[  170.663309] KGSL_DIAG  +036c T3 op=0x2d cnt=2 hdr=c0012d00
[  170.663318] KGSL_DIAG      00040180 10018201 00000000 00000000
[  170.663328] KGSL_DIAG  +0378 T3 op=0x26 cnt=1 hdr=c0002600
[  170.663338] KGSL_DIAG      00000000 00000000 00000000 00000000
[  170.663347] KGSL_DIAG  +0380 T3 op=0x2d cnt=4 hdr=c0032d00
[  170.663357] KGSL_DIAG      00040000 00000100 00000205 00000000
[  170.663367] KGSL_DIAG  +0394 T3 op=0x2d cnt=2 hdr=c0012d00
[  170.663376] KGSL_DIAG      00040301 00000000 00000000 00000000
[  170.663387] KGSL_DIAG  +03a0 T3 op=0x2d cnt=2 hdr=c0012d00
[  170.663396] KGSL_DIAG      0004020a 88888888 00000000 00000000
[  170.663406] KGSL_DIAG  +03ac T3 op=0x2d cnt=7 hdr=c0062d00
[  170.663416] KGSL_DIAG      0004010f 44000000 44000200 c3c00000
[  170.663426] KGSL_DIAG      43c00400 3efffee0 3efffee0 00000000
[  170.663435] KGSL_DIAG  +03cc T3 op=0x2d cnt=2 hdr=c0012d00
[  170.663445] KGSL_DIAG      00040206 0000043f 00000000 00000000
[  170.663455] KGSL_DIAG  +03d8 T3 op=0x2d cnt=5 hdr=c0042d00
[  170.663465] KGSL_DIAG      00040303 411aaaab 3f800000 40e00000
[  170.663474] KGSL_DIAG      3f800000 00000000 00000000 00000000
[  170.663484] KGSL_DIAG  +03f0 T3 op=0x2d cnt=2 hdr=c0012d00
[  170.663493] KGSL_DIAG      00040302 00000001 00000000 00000000
[  170.663503] KGSL_DIAG  +03fc T3 op=0x2d cnt=2 hdr=c0012d00
[  170.663513] KGSL_DIAG      00040205 00080002 00000000 00000000
[  170.663523] KGSL_DIAG  +0408 T3 op=0x26 cnt=1 hdr=c0002600
[  170.663532] KGSL_DIAG      00000000 00000000 00000000 00000000
[  170.663542] KGSL_DIAG  +0410 T3 op=0x2d cnt=2 hdr=c0012d00
[  170.663552] KGSL_DIAG      00040200 00700798 00000000 00000000
[  170.663562] KGSL_DIAG  +041c T3 op=0x2d cnt=3 hdr=c0022d00
[  170.663571] KGSL_DIAG      00040081 80000000 03000400 00000000
[  170.663581] KGSL_DIAG  +042c T3 op=0x2d cnt=3 hdr=c0022d00
[  170.663591] KGSL_DIAG      0004000e 00000000 03000400 00000000
[  170.663600] KGSL_DIAG  +043c T0 reg=0x0c00 cnt=1
[  170.663609] KGSL_DIAG  +0444 T3 op=0x2d cnt=2 hdr=c0012d00
[  170.663619] KGSL_DIAG      00040209 00000003 00000000 00000000
[  170.663629] KGSL_DIAG  +0450 T3 op=0x26 cnt=1 hdr=c0002600
[  170.663638] KGSL_DIAG      00000000 00000000 00000000 00000000
[  170.663647] KGSL_DIAG  +0458 T0 reg=0x0d00 cnt=1
[  170.663656] KGSL_DIAG  +0460 T3 op=0x22 cnt=5 hdr=c0042200
[  170.663666] KGSL_DIAG      00000000 00004004 0000003c 6676dfc0
[  170.663675] KGSL_DIAG      00000078 00000000 00000000 00000000
[  170.663685] KGSL_DIAG  +0478 T3 op=0x2d cnt=2 hdr=c0012d00
[  170.663694] KGSL_DIAG      00040209 00000000 00000000 00000000
[  170.663704] KGSL_DIAG  +0484 T0 reg=0x0c00 cnt=1
[  170.663714] KGSL_DIAG  +048c T3 op=0x46 cnt=1 hdr=c0004600
[  170.663724] KGSL_DIAG      00000006 00000000 00000000 00000000
[  170.663733] KGSL_DIAG  +0494 T3 op=0x52 cnt=4 hdr=c0035200
[  170.663743] KGSL_DIAG      000005d0 00000000 5f601000 00000001
[  170.663753] KGSL_DIAG  +04a8 T3 op=0x26 cnt=1 hdr=c0002600
[  170.663762] KGSL_DIAG      00000000 00000000 00000000 00000000
[  170.663787] kgsl kgsl: |kgsl_yamato_rbbm_intrcallback| rbbm read error interrupt: c00005fc
[  170.663838] KGSL_DIAG  RBBM_STATUS=0x00000000
[  170.663847] KGSL_DIAG  CYCLECTR[0x0ee2]=0x15024242
[  170.663855] KGSL_DIAG  LRZ_VSC_CONTROL[0x2209]=0x00000000
[  170.663863] KGSL_DIAG  SQ_GPR_MANAGEMENT[0x0d00]=0x0007f010
[  170.663881] kgsl kgsl: |kgsl_yamato_rbbm_intrcallback| rbbm read error interrupt: c0003000
[  170.663893] KGSL_DIAG  VSC[0x0c00]=0x00000000
[  170.663901] KGSL_DIAG  VSC[0x0c01]=0x00000187
[  170.663910] KGSL_DIAG  VSC[0x0c02]=0x660b4080
[  170.663918] KGSL_DIAG    vis-stream @0x660b4080:
[  170.663927] KGSL_DIAG      00000004 00000004 00000004 00000004
[  170.663935] KGSL_DIAG      00000004 00000004 00000004 00000004
[  170.663944] KGSL_DIAG      00000000 00000000 00000000 00000000
[  170.663953] KGSL_DIAG      00000000 00000000 00000000 00000000
[  170.663961] KGSL_DIAG      00000000 00000000 00000000 00000000
[  170.663970] KGSL_DIAG      00000000 00000000 00000000 00000000
[  170.663979] KGSL_DIAG      00000000 00000000 00000000 00000000
[  170.663987] KGSL_DIAG      00000000 00000000 00000000 00000000
[  170.663996] KGSL_DIAG  VSC[0x0c03]=0x00000000
[  170.664004] KGSL_DIAG  VSC[0x0c04]=0x00000000
[  170.664012] KGSL_DIAG  VSC[0x0c05]=0x00000000
[  170.664020] KGSL_DIAG  VSC[0x0c06]=0x01100000
[  170.664028] KGSL_DIAG  VSC[0x0c07]=0x660b5000
[  170.664036] KGSL_DIAG    vis-stream @0x660b5000:
[  170.664045] KGSL_DIAG      00c0c3e7 00000002 7f000000 bade3000
[  170.664054] KGSL_DIAG      806b583c 00000000 00000015 00000000
[  170.664063] KGSL_DIAG      be2b9180 be2b9180 00000000 f5be4144
[  170.664073] KGSL_DIAG      00000015 84340500 b9503f64 b9503f08
[  170.664082] KGSL_DIAG      804b35d4 00000000 00000000 00000000
[  170.664091] KGSL_DIAG      00000000 00000000 01010000 00000000
[  170.664100] KGSL_DIAG      2acff930 00000000 00000000 00000000
[  170.664109] KGSL_DIAG      00000000 00000000 00000000 00000000
[  170.664118] KGSL_DIAG  VSC[0x0c08]=0x00040000
[  170.664126] KGSL_DIAG  VSC[0x0c09]=0x01100001
[  170.664135] KGSL_DIAG  VSC[0x0c0a]=0x66575000
[  170.664143] KGSL_DIAG    vis-stream @0x66575000:
[  170.664152] KGSL_DIAG      00f070d1 00000000 00000000 00000000
[  170.664160] KGSL_DIAG      00000000 00000000 00000000 00000000
[  170.664169] KGSL_DIAG      00000000 00000000 00000000 00000000
[  170.664178] KGSL_DIAG      00000000 00000000 00000000 00000000
[  170.664187] KGSL_DIAG      00000000 00000000 00000000 00000000
[  170.664196] KGSL_DIAG      00000000 00000000 00000000 00000000
[  170.664205] KGSL_DIAG      00000000 00000000 00000000 00000000
[  170.664214] KGSL_DIAG      00000000 00000000 00000000 00000000
[  170.664222] KGSL_DIAG  VSC[0x0c0b]=0x00040000
[  170.664231] KGSL_DIAG  VSC[0x0c0c]=0x01200400
[  170.664239] KGSL_DIAG  VSC[0x0c0d]=0x665b5000
[  170.664247] KGSL_DIAG    vis-stream @0x665b5000:
[  170.664256] KGSL_DIAG      000012e8 000000c0 ff000000 ff000000
[  170.664265] KGSL_DIAG      ff000000 ff000000 ff000000 ff000000
[  170.664275] KGSL_DIAG      ff000000 ff000000 ff000000 ff000000
[  170.664284] KGSL_DIAG      ff000000 ff000000 ff000000 ff000000
[  170.664294] KGSL_DIAG      ff000000 ff000000 ff000000 ff000000
[  170.664303] KGSL_DIAG      ff000000 ff000000 ff000000 ff000000
[  170.664312] KGSL_DIAG      ff000000 ff000000 ff000000 ff000000
[  170.664321] KGSL_DIAG      ff000000 ff000000 ff000000 ff000000
[  170.664330] KGSL_DIAG  VSC[0x0c0e]=0x00040000
[  170.664339] KGSL_DIAG  VSC[0x0c0f]=0x01100002
[  170.664347] KGSL_DIAG  VSC[0x0c10]=0x665f5000
[  170.664356] KGSL_DIAG    vis-stream @0x665f5000:
[  170.664365] KGSL_DIAG      00001eca 00000000 00000000 00000000
[  170.664373] KGSL_DIAG      00000000 00000000 00000000 00000000
[  170.664382] KGSL_DIAG      00000000 00000000 00000000 00000000
[  170.664391] KGSL_DIAG      00000000 00000000 00000000 00000000
[  170.664400] KGSL_DIAG      00000000 00000000 00000000 00000000
[  170.664408] KGSL_DIAG      00000000 00000000 00000000 00000000
[  170.664417] KGSL_DIAG      00000000 00000000 00000000 00000000
[  170.664426] KGSL_DIAG      00000000 00000000 00000000 00000000
[  170.664435] KGSL_DIAG  VSC[0x0c11]=0x00040000
[  170.664443] KGSL_DIAG  VSC[0x0c12]=0x01100402
[  170.664452] KGSL_DIAG  VSC[0x0c13]=0x66635000
[  170.664459] KGSL_DIAG    vis-stream @0x66635000:
[  170.664469] KGSL_DIAG      00800874 ff0e2818 ff0e2718 ff0f2718
[  170.664478] KGSL_DIAG      ff0e2919 ff0e2819 ff0f281a ff0f2819
[  170.664487] KGSL_DIAG      ff0e2718 ff0e2717 ff0e2717 ff0d2717
[  170.664497] KGSL_DIAG      ff0e2717 ff0e2716 ff0e2717 ff0e2718
[  170.664506] KGSL_DIAG      ff0d2618 ff0d2618 ff0d2619 ff0d2619
[  170.664515] KGSL_DIAG      ff0d2718 ff0d2718 ff0e2719 ff0d2719
[  170.664525] KGSL_DIAG      ff0c2619 ff0d2718 ff0e2718 ff0e2818
[  170.664534] KGSL_DIAG      ff0d2718 ff0d2718 ff0e2718 ff0d2818
[  170.664543] KGSL_DIAG  VSC[0x0c14]=0x00040000
[  170.664552] KGSL_DIAG  VSC[0x0c15]=0x01100003
[  170.664561] KGSL_DIAG  VSC[0x0c16]=0x66675000
[  170.664568] KGSL_DIAG    vis-stream @0x66675000:
[  170.664577] KGSL_DIAG      0000022d ff182d24 ff172d24 ff182d24
[  170.664587] KGSL_DIAG      ff192e25 ff182d25 ff172c25 ff172c25
[  170.664596] KGSL_DIAG      ff182d25 ff182d25 ff192e24 ff1a2e23
[  170.664605] KGSL_DIAG      ff172c25 ff172c25 ff172d24 ff182d24
[  170.664614] KGSL_DIAG      ff1b2e23 ff1c3124 ff1c3125 ff1b3225
[  170.664624] KGSL_DIAG      ff192e24 ff193024 ff193124 ff193125
[  170.664633] KGSL_DIAG      ff1b3226 ff1b3225 ff1d3325 ff1d3425
[  170.664642] KGSL_DIAG      ff1a3226 ff1b3226 ff1c3325 ff1c3425
[  170.664652] KGSL_DIAG  VSC[0x0c17]=0x00040000
[  170.664660] KGSL_DIAG  VSC[0x0c18]=0x01100004
[  170.664669] KGSL_DIAG  VSC[0x0c19]=0x666b5000
[  170.664677] KGSL_DIAG    vis-stream @0x666b5000:
[  170.664686] KGSL_DIAG      0000022d ff0a3121 ff0a3222 ff0a3323
[  170.664695] KGSL_DIAG      ff092f1e ff09301f ff093121 ff093122
[  170.664704] KGSL_DIAG      ff0a3323 ff093323 ff093523 ff093523
[  170.664715] KGSL_DIAG      ff083222 ff083322 ff083423 ff083423
[  170.664724] KGSL_DIAG      ff0a3624 ff0b3725 ff0c3826 ff0b3926
[  170.664733] KGSL_DIAG      ff093523 ff0b3623 ff0c3725 ff0d3926
[  170.664742] KGSL_DIAG      ff0c3a27 ff0d3a28 ff0e3b29 ff103c2a
[  170.664752] KGSL_DIAG      ff0c3927 ff0d3a28 ff0e3a29 ff103c29
[  170.664761] KGSL_DIAG  VSC[0x0c1a]=0x00040000
[  170.664769] KGSL_DIAG  VSC[0x0c1b]=0x01200403
[  170.664778] KGSL_DIAG  VSC[0x0c1c]=0x666f5000
[  170.664786] KGSL_DIAG    vis-stream @0x666f5000:
[  170.664795] KGSL_DIAG      0040042f ff000000 ff000000 ff000000
[  170.664804] KGSL_DIAG      ff000000 ff000000 ff000000 ff000000
[  170.664814] KGSL_DIAG      ff000000 ff000000 ff000000 ff000000
[  170.664823] KGSL_DIAG      ff000000 ff000000 ff000000 ff000000
[  170.664832] KGSL_DIAG      ff000000 ff000000 ff000000 ff000000
[  170.664842] KGSL_DIAG      ff000000 ff000000 ff000000 ff000000
[  170.664851] KGSL_DIAG      ff000000 ff000000 ff000000 ff000000
[  170.664860] KGSL_DIAG      ff000000 ff000000 ff000000 ff000000
[  170.664869] KGSL_DIAG  VSC[0x0c1d]=0x00040000
[  170.664877] KGSL_DIAG ==== end ts=9931 ====
[  170.665057] KGSL_DIAG ISSUEIBCMDS pid=3469 ts=9933 numibs=1 dwords=157 draws=4 bins=0
[  170.665106] KGSL_DIAG ISSUEIBCMDS pid=3469 ts=9935 numibs=1 dwords=150 draws=4 bins=0
[  170.665149] KGSL_DIAG ISSUEIBCMDS pid=3469 ts=9937 numibs=1 dwords=150 draws=4 bins=0
[  170.665201] KGSL_DIAG ISSUEIBCMDS pid=3469 ts=9939 numibs=1 dwords=150 draws=4 bins=0
[  170.665247] KGSL_DIAG ISSUEIBCMDS pid=3469 ts=9941 numibs=1 dwords=150 draws=4 bins=0
[  170.665294] KGSL_DIAG ISSUEIBCMDS pid=3469 ts=9943 numibs=1 dwords=150 draws=4 bins=0
[  170.665342] KGSL_DIAG ISSUEIBCMDS pid=3469 ts=9945 numibs=1 dwords=150 draws=4 bins=0
[  170.665393] KGSL_DIAG ISSUEIBCMDS pid=3469 ts=9947 numibs=1 dwords=150 draws=4 bins=0
[  170.665432] KGSL_DIAG ISSUEIBCMDS pid=3469 ts=9949 numibs=1 dwords=150 draws=4 bins=0
[  170.665471] KGSL_DIAG ISSUEIBCMDS pid=3469 ts=9951 numibs=1 dwords=150 draws=4 bins=0
[  170.665505] KGSL_DIAG ISSUEIBCMDS pid=3469 ts=9953 numibs=1 dwords=2 draws=0 bins=0
[  170.679109] KGSL_DIAG ISSUEIBCMDS pid=3469 ts=9955 numibs=1 dwords=300 draws=1 bins=0
[  170.679124] KGSL_DIAG IB 0x660a5794 dwords=300 depth=0
[  170.679134] KGSL_DIAG  +0000 T3 op=0x2d cnt=5 hdr=c0042d00
[  170.679145] KGSL_DIAG      0004010f 44000000 44000200 c3c00000
[  170.679154] KGSL_DIAG      43c00400 00000000 00000000 00000000
[  170.679165] KGSL_DIAG  +0018 T3 op=0x2d cnt=3 hdr=c0022d00
[  170.679174] KGSL_DIAG      0001009c 660b4003 00000030 00000000
[  170.679184] KGSL_DIAG  +0028 T3 op=0x2b cnt=17 hdr=c0102b00
[  170.679194] KGSL_DIAG      00000000 0000000f 00031003 00001000
[  170.679204] KGSL_DIAG      c2000000 00001004 00001000 c4000000
[  170.679214] KGSL_DIAG      00000005 00002000 00000000 19a81000
[  170.679223] KGSL_DIAG      00390a88 0000000c 140f803e 00000000
[  170.679233] KGSL_DIAG      e2010100 00000000 00000000 00000000
[  170.679243] KGSL_DIAG  +0070 T3 op=0x2d cnt=2 hdr=c0012d00
[  170.679252] KGSL_DIAG      00040316 0000028f 00000000 00000000
[  170.679263] KGSL_DIAG  +007c T3 op=0x2d cnt=2 hdr=c0012d00
[  170.679272] KGSL_DIAG      00040180 10038001 00000000 00000000
[  170.679283] KGSL_DIAG  +0088 T3 op=0x2d cnt=37 hdr=c0242d00
[  170.679293] KGSL_DIAG      00000080 3ca0a564 00000000 3f7ff366
[  170.679302] KGSL_DIAG      00000000 00000000 3f800000 00000000
[  170.679312] KGSL_DIAG      00000000 bf7ff366 00000000 3ca0a564
[  170.679322] KGSL_DIAG      00000000 00000000 00000000 bf800000
[  170.679331] KGSL_DIAG      3f800000 3fb6cd8d 00000000 00000000
[  170.679341] KGSL_DIAG      00000000 00000000 3ff3bcbc 00000000
[  170.679351] KGSL_DIAG      00000000 00000000 00000000 bf8020c9
[  170.679360] KGSL_DIAG      bf800000 00000000 00000000 be4ce707
[  170.679370] KGSL_DIAG      00000000 3f800000 00000000 00000000
[  170.679380] KGSL_DIAG      00000000 00000000 00000000 00000000
[  170.679389] KGSL_DIAG  +0120 T0 reg=0x0e00 cnt=1
[  170.679398] KGSL_DIAG  +0128 T3 op=0x2d cnt=4 hdr=c0032d00
[  170.679408] KGSL_DIAG      00040000 00000100 00000205 00000000
[  170.679418] KGSL_DIAG  +013c T3 op=0x2d cnt=2 hdr=c0012d00
[  170.679427] KGSL_DIAG      00040301 00000000 00000000 00000000
[  170.679437] KGSL_DIAG  +0148 T3 op=0x2d cnt=2 hdr=c0012d00
[  170.679447] KGSL_DIAG      0004020a 88888888 00000000 00000000
[  170.679457] KGSL_DIAG  +0154 T3 op=0x2d cnt=7 hdr=c0062d00
[  170.679466] KGSL_DIAG      0004010f 44000000 44000200 c3c00000
[  170.679476] KGSL_DIAG      43c00400 3efffee0 3efffee0 00000000
[  170.679486] KGSL_DIAG  +0174 T3 op=0x2d cnt=2 hdr=c0012d00
[  170.679496] KGSL_DIAG      00040206 0000043f 00000000 00000000
[  170.679506] KGSL_DIAG  +0180 T3 op=0x2d cnt=5 hdr=c0042d00
[  170.679516] KGSL_DIAG      00040303 411aaaab 3f800000 40e00000
[  170.679525] KGSL_DIAG      3f800000 00000000 00000000 00000000
[  170.679537] KGSL_DIAG  +0198 T3 op=0x2d cnt=2 hdr=c0012d00
[  170.679546] KGSL_DIAG      00040302 00000001 00000000 00000000
[  170.679556] KGSL_DIAG  +01a4 T3 op=0x2d cnt=2 hdr=c0012d00
[  170.679566] KGSL_DIAG      00040205 00080002 00000000 00000000
[  170.679576] KGSL_DIAG  +01b0 T3 op=0x26 cnt=1 hdr=c0002600
[  170.679585] KGSL_DIAG      00000000 00000000 00000000 00000000
[  170.679595] KGSL_DIAG  +01b8 T3 op=0x2d cnt=2 hdr=c0012d00
[  170.679604] KGSL_DIAG      00040200 00700798 00000000 00000000
[  170.679614] KGSL_DIAG  +01c4 T3 op=0x2d cnt=3 hdr=c0022d00
[  170.679624] KGSL_DIAG      00040081 80000000 03000400 00000000
[  170.679634] KGSL_DIAG  +01d4 T3 op=0x2d cnt=3 hdr=c0022d00
[  170.679644] KGSL_DIAG      0004000e 00000000 03000400 00000000
[  170.679654] KGSL_DIAG  +01e4 T3 op=0x2d cnt=17 hdr=c0102d00
[  170.679663] KGSL_DIAG      00000090 3fb6cd8d 00000000 00000000
[  170.679673] KGSL_DIAG      00000000 00000000 3ff3bcbc 00000000
[  170.679682] KGSL_DIAG      00000000 00000000 00000000 bf8020c9
[  170.679692] KGSL_DIAG      bf800000 00000000 00000000 be4ce707
[  170.679701] KGSL_DIAG      00000000 00000000 00000000 00000000
[  170.679711] KGSL_DIAG  +022c T3 op=0x2d cnt=17 hdr=c0102d00
[  170.679721] KGSL_DIAG      00000080 3d11d51f 00000000 3f7fd673
[  170.679730] KGSL_DIAG      00000000 00000000 3f800000 00000000
[  170.679740] KGSL_DIAG      00000000 bf7fd673 00000000 3d11d51f
[  170.679750] KGSL_DIAG      00000000 00000000 00000000 bf800000
[  170.679759] KGSL_DIAG      3f800000 00000000 00000000 00000000
[  170.679769] KGSL_DIAG  +0274 T3 op=0x2d cnt=5 hdr=c0042d00
[  170.679779] KGSL_DIAG      0004010f 44000000 44000200 c3c00000
[  170.679789] KGSL_DIAG      43c00400 00000000 00000000 00000000
[  170.679799] KGSL_DIAG  +028c T3 op=0x2d cnt=5 hdr=c0042d00
[  170.679808] KGSL_DIAG      000000a0 3f800000 00000000 00000000
[  170.679818] KGSL_DIAG      00000000 00000000 00000000 00000000
[  170.679828] KGSL_DIAG  +02a4 T3 op=0x2d cnt=7 hdr=c0062d00
[  170.679837] KGSL_DIAG      00010078 6676e043 000000a0 6676e043
[  170.679847] KGSL_DIAG      000000a0 2ac7e964 7e807c80 00000000
[  170.679857] KGSL_DIAG  +02c4 T3 op=0x2b cnt=38 hdr=c0252b00
[  170.679867] KGSL_DIAG      00000000 00000024 00256003 20091000
[  170.679877] KGSL_DIAG      10000000 00000000 100bc200 10000000
[  170.679887] KGSL_DIAG      00000000 000cc400 20000000 1b480000
[  170.679896] KGSL_DIAG      00391fff 0000000c 11481000 40393e88
[  170.679906] KGSL_DIAG      0000000c 140f0000 00c60000 8b010203
[  170.679916] KGSL_DIAG      140f0000 00b10000 ab010100 140f0000
[  170.679926] KGSL_DIAG      006c0000 ab010000 140f0001 001b0000
[  170.679937] KGSL_DIAG      a1000700 140f0001 00c60000 ab000601
[  170.679947] KGSL_DIAG      140f0001 00b10000 ab000501 140f803e
[  170.680181] KGSL_DIAG      006c0000 ab000401 00000000 00000000
[  170.680192] KGSL_DIAG  +0360 T3 op=0x2d cnt=2 hdr=c0012d00
[  170.680202] KGSL_DIAG      00040316 0000028f 00000000 00000000
[  170.680212] KGSL_DIAG  +036c T3 op=0x2d cnt=2 hdr=c0012d00
[  170.680222] KGSL_DIAG      00040180 10018201 00000000 00000000
[  170.680232] KGSL_DIAG  +0378 T3 op=0x26 cnt=1 hdr=c0002600
[  170.680241] KGSL_DIAG      00000000 00000000 00000000 00000000
[  170.680251] KGSL_DIAG  +0380 T3 op=0x2d cnt=4 hdr=c0032d00
[  170.680261] KGSL_DIAG      00040000 00000100 00000205 00000000
[  170.680271] KGSL_DIAG  +0394 T3 op=0x2d cnt=2 hdr=c0012d00
[  170.680280] KGSL_DIAG      00040301 00000000 00000000 00000000
[  170.680290] KGSL_DIAG  +03a0 T3 op=0x2d cnt=2 hdr=c0012d00
[  170.680300] KGSL_DIAG      0004020a 88888888 00000000 00000000
[  170.680310] KGSL_DIAG  +03ac T3 op=0x2d cnt=7 hdr=c0062d00
[  170.680319] KGSL_DIAG      0004010f 44000000 44000200 c3c00000
[  170.680329] KGSL_DIAG      43c00400 3efffee0 3efffee0 00000000
[  170.680339] KGSL_DIAG  +03cc T3 op=0x2d cnt=2 hdr=c0012d00
[  170.680349] KGSL_DIAG      00040206 0000043f 00000000 00000000
[  170.680359] KGSL_DIAG  +03d8 T3 op=0x2d cnt=5 hdr=c0042d00
[  170.680369] KGSL_DIAG      00040303 411aaaab 3f800000 40e00000
[  170.680378] KGSL_DIAG      3f800000 00000000 00000000 00000000
[  170.680388] KGSL_DIAG  +03f0 T3 op=0x2d cnt=2 hdr=c0012d00
[  170.680397] KGSL_DIAG      00040302 00000001 00000000 00000000
[  170.680407] KGSL_DIAG  +03fc T3 op=0x2d cnt=2 hdr=c0012d00
[  170.680417] KGSL_DIAG      00040205 00080002 00000000 00000000
[  170.680427] KGSL_DIAG  +0408 T3 op=0x26 cnt=1 hdr=c0002600
[  170.680436] KGSL_DIAG      00000000 00000000 00000000 00000000
[  170.680446] KGSL_DIAG  +0410 T3 op=0x2d cnt=2 hdr=c0012d00
[  170.680455] KGSL_DIAG      00040200 00700798 00000000 00000000
[  170.680465] KGSL_DIAG  +041c T3 op=0x2d cnt=3 hdr=c0022d00
[  170.680475] KGSL_DIAG      00040081 80000000 03000400 00000000
[  170.680485] KGSL_DIAG  +042c T3 op=0x2d cnt=3 hdr=c0022d00
[  170.680495] KGSL_DIAG      0004000e 00000000 03000400 00000000
[  170.680504] KGSL_DIAG  +043c T0 reg=0x0c00 cnt=1
[  170.680513] KGSL_DIAG  +0444 T3 op=0x2d cnt=2 hdr=c0012d00
[  170.680523] KGSL_DIAG      00040209 00000003 00000000 00000000
[  170.680533] KGSL_DIAG  +0450 T3 op=0x26 cnt=1 hdr=c0002600
[  170.680542] KGSL_DIAG      00000000 00000000 00000000 00000000
[  170.680552] KGSL_DIAG  +0458 T0 reg=0x0d00 cnt=1
[  170.680561] KGSL_DIAG  +0460 T3 op=0x22 cnt=5 hdr=c0042200
[  170.680571] KGSL_DIAG      00000000 00004004 0000003c 6676e0e0
[  170.680580] KGSL_DIAG      00000078 00000000 00000000 00000000
[  170.680591] KGSL_DIAG  +0478 T3 op=0x2d cnt=2 hdr=c0012d00
[  170.680600] KGSL_DIAG      00040209 00000000 00000000 00000000
[  170.680609] KGSL_DIAG  +0484 T0 reg=0x0c00 cnt=1
[  170.680618] KGSL_DIAG  +048c T3 op=0x46 cnt=1 hdr=c0004600
[  170.680628] KGSL_DIAG      00000006 00000000 00000000 00000000
[  170.680638] KGSL_DIAG  +0494 T3 op=0x52 cnt=4 hdr=c0035200
[  170.680647] KGSL_DIAG      000005d0 00000000 5f601000 00000001
[  170.680657] KGSL_DIAG  +04a8 T3 op=0x26 cnt=1 hdr=c0002600
[  170.680667] KGSL_DIAG      00000000 00000000 00000000 00000000
[  170.680691] kgsl kgsl: |kgsl_yamato_rbbm_intrcallback| rbbm read error interrupt: c00005fc
[  170.680738] KGSL_DIAG  RBBM_STATUS=0x00000000
[  170.680746] KGSL_DIAG  CYCLECTR[0x0ee2]=0x15048482
[  170.680754] KGSL_DIAG  LRZ_VSC_CONTROL[0x2209]=0x00000001
[  170.680763] KGSL_DIAG  SQ_GPR_MANAGEMENT[0x0d00]=0x0007f010
[  170.680781] kgsl kgsl: |kgsl_yamato_rbbm_intrcallback| rbbm read error interrupt: c0003000
[  170.680793] KGSL_DIAG  VSC[0x0c00]=0x00000000
[  170.680802] KGSL_DIAG  VSC[0x0c01]=0x00000187
[  170.680811] KGSL_DIAG  VSC[0x0c02]=0x660b4080
[  170.680819] KGSL_DIAG    vis-stream @0x660b4080:
[  170.680828] KGSL_DIAG      00000004 00000004 00000004 00000004
[  170.680837] KGSL_DIAG      00000004 00000004 00000004 00000004
[  170.680845] KGSL_DIAG      00000000 00000000 00000000 00000000
[  170.680854] KGSL_DIAG      00000000 00000000 00000000 00000000
[  170.680863] KGSL_DIAG      00000000 00000000 00000000 00000000
[  170.680871] KGSL_DIAG      00000000 00000000 00000000 00000000
[  170.680880] KGSL_DIAG      00000000 00000000 00000000 00000000
[  170.680890] KGSL_DIAG      00000000 00000000 00000000 00000000
[  170.680899] KGSL_DIAG  VSC[0x0c03]=0x00000000
[  170.680907] KGSL_DIAG  VSC[0x0c04]=0x00000000
[  170.680915] KGSL_DIAG  VSC[0x0c05]=0x00000000
[  170.680923] KGSL_DIAG  VSC[0x0c06]=0x01100000
[  170.680932] KGSL_DIAG  VSC[0x0c07]=0x660b5000
[  170.680940] KGSL_DIAG    vis-stream @0x660b5000:
[  170.680949] KGSL_DIAG      00c0c3e7 00000002 7f000000 bade3000
[  170.680958] KGSL_DIAG      806b583c 00000000 00000015 00000000
[  170.680967] KGSL_DIAG      be2b9180 be2b9180 00000000 f5be4144
[  170.680977] KGSL_DIAG      00000015 84340500 b9503f64 b9503f08
[  170.680986] KGSL_DIAG      804b35d4 00000000 00000000 00000000
[  170.680995] KGSL_DIAG      00000000 00000000 01010000 00000000
[  170.681004] KGSL_DIAG      2acff930 00000000 00000000 00000000
[  170.681013] KGSL_DIAG      00000000 00000000 00000000 00000000
[  170.681022] KGSL_DIAG  VSC[0x0c08]=0x00040000
[  170.681030] KGSL_DIAG  VSC[0x0c09]=0x01100001
[  170.681039] KGSL_DIAG  VSC[0x0c0a]=0x66575000
[  170.681047] KGSL_DIAG    vis-stream @0x66575000:
[  170.681055] KGSL_DIAG      00f070d1 00000000 00000000 00000000
[  170.681064] KGSL_DIAG      00000000 00000000 00000000 00000000
[  170.681073] KGSL_DIAG      00000000 00000000 00000000 00000000
[  170.681082] KGSL_DIAG      00000000 00000000 00000000 00000000
[  170.681090] KGSL_DIAG      00000000 00000000 00000000 00000000
[  170.681099] KGSL_DIAG      00000000 00000000 00000000 00000000
[  170.681108] KGSL_DIAG      00000000 00000000 00000000 00000000
[  170.681118] KGSL_DIAG      00000000 00000000 00000000 00000000
[  170.681126] KGSL_DIAG  VSC[0x0c0b]=0x00040000
[  170.681135] KGSL_DIAG  VSC[0x0c0c]=0x01200400
[  170.681144] KGSL_DIAG  VSC[0x0c0d]=0x665b5000
[  170.681151] KGSL_DIAG    vis-stream @0x665b5000:
[  170.681161] KGSL_DIAG      000012e8 000000c0 ff000000 ff000000
[  170.681170] KGSL_DIAG      ff000000 ff000000 ff000000 ff000000
[  170.681180] KGSL_DIAG      ff000000 ff000000 ff000000 ff000000
[  170.681189] KGSL_DIAG      ff000000 ff000000 ff000000 ff000000
[  170.681198] KGSL_DIAG      ff000000 ff000000 ff000000 ff000000
[  170.681208] KGSL_DIAG      ff000000 ff000000 ff000000 ff000000
[  170.681217] KGSL_DIAG      ff000000 ff000000 ff000000 ff000000
[  170.681227] KGSL_DIAG      ff000000 ff000000 ff000000 ff000000
[  170.681236] KGSL_DIAG  VSC[0x0c0e]=0x00040000
[  170.681245] KGSL_DIAG  VSC[0x0c0f]=0x01100002
[  170.681253] KGSL_DIAG  VSC[0x0c10]=0x665f5000
[  170.681261] KGSL_DIAG    vis-stream @0x665f5000:
[  170.681270] KGSL_DIAG      00001eca 00000000 00000000 00000000
[  170.681278] KGSL_DIAG      00000000 00000000 00000000 00000000
[  170.681287] KGSL_DIAG      00000000 00000000 00000000 00000000
[  170.681296] KGSL_DIAG      00000000 00000000 00000000 00000000
[  170.681305] KGSL_DIAG      00000000 00000000 00000000 00000000
[  170.681314] KGSL_DIAG      00000000 00000000 00000000 00000000
[  170.681322] KGSL_DIAG      00000000 00000000 00000000 00000000
[  170.681331] KGSL_DIAG      00000000 00000000 00000000 00000000
[  170.681340] KGSL_DIAG  VSC[0x0c11]=0x00040000
[  170.681349] KGSL_DIAG  VSC[0x0c12]=0x01100402
[  170.681358] KGSL_DIAG  VSC[0x0c13]=0x66635000
[  170.681366] KGSL_DIAG    vis-stream @0x66635000:
[  170.681375] KGSL_DIAG      00800874 ff0e2818 ff0e2718 ff0f2718
[  170.681385] KGSL_DIAG      ff0e2919 ff0e2819 ff0f281a ff0f2819
[  170.681394] KGSL_DIAG      ff0e2718 ff0e2717 ff0e2717 ff0d2717
[  170.681403] KGSL_DIAG      ff0e2717 ff0e2716 ff0e2717 ff0e2718
[  170.681413] KGSL_DIAG      ff0d2618 ff0d2618 ff0d2619 ff0d2619
[  170.681423] KGSL_DIAG      ff0d2718 ff0d2718 ff0e2719 ff0d2719
[  170.681432] KGSL_DIAG      ff0c2619 ff0d2718 ff0e2718 ff0e2818
[  170.681441] KGSL_DIAG      ff0d2718 ff0d2718 ff0e2718 ff0d2818
[  170.681450] KGSL_DIAG  VSC[0x0c14]=0x00040000
[  170.681459] KGSL_DIAG  VSC[0x0c15]=0x01100003
[  170.681467] KGSL_DIAG  VSC[0x0c16]=0x66675000
[  170.681476] KGSL_DIAG    vis-stream @0x66675000:
[  170.681485] KGSL_DIAG      0000022d ff182d24 ff172d24 ff182d24
[  170.681495] KGSL_DIAG      ff192e25 ff182d25 ff172c25 ff172c25
[  170.681504] KGSL_DIAG      ff182d25 ff182d25 ff192e24 ff1a2e23
[  170.681513] KGSL_DIAG      ff172c25 ff172c25 ff172d24 ff182d24
[  170.681523] KGSL_DIAG      ff1b2e23 ff1c3124 ff1c3125 ff1b3225
[  170.681532] KGSL_DIAG      ff192e24 ff193024 ff193124 ff193125
[  170.681542] KGSL_DIAG      ff1b3226 ff1b3225 ff1d3325 ff1d3425
[  170.681551] KGSL_DIAG      ff1a3226 ff1b3226 ff1c3325 ff1c3425
[  170.681561] KGSL_DIAG  VSC[0x0c17]=0x00040000
[  170.681569] KGSL_DIAG  VSC[0x0c18]=0x01100004
[  170.681578] KGSL_DIAG  VSC[0x0c19]=0x666b5000
[  170.681586] KGSL_DIAG    vis-stream @0x666b5000:
[  170.681595] KGSL_DIAG      0000022d ff0a3121 ff0a3222 ff0a3323
[  170.681604] KGSL_DIAG      ff092f1e ff09301f ff093121 ff093122
[  170.681614] KGSL_DIAG      ff0a3323 ff093323 ff093523 ff093523
[  170.681624] KGSL_DIAG      ff083222 ff083322 ff083423 ff083423
[  170.681633] KGSL_DIAG      ff0a3624 ff0b3725 ff0c3826 ff0b3926
[  170.681642] KGSL_DIAG      ff093523 ff0b3623 ff0c3725 ff0d3926
[  170.681652] KGSL_DIAG      ff0c3a27 ff0d3a28 ff0e3b29 ff103c2a
[  170.681661] KGSL_DIAG      ff0c3927 ff0d3a28 ff0e3a29 ff103c29
[  170.681670] KGSL_DIAG  VSC[0x0c1a]=0x00040000
[  170.681679] KGSL_DIAG  VSC[0x0c1b]=0x01200403
[  170.681688] KGSL_DIAG  VSC[0x0c1c]=0x666f5000
[  170.681695] KGSL_DIAG    vis-stream @0x666f5000:
[  170.681705] KGSL_DIAG      0040042f ff000000 ff000000 ff000000
[  170.681714] KGSL_DIAG      ff000000 ff000000 ff000000 ff000000
[  170.681723] KGSL_DIAG      ff000000 ff000000 ff000000 ff000000
[  170.681733] KGSL_DIAG      ff000000 ff000000 ff000000 ff000000
[  170.681742] KGSL_DIAG      ff000000 ff000000 ff000000 ff000000
[  170.681752] KGSL_DIAG      ff000000 ff000000 ff000000 ff000000
[  170.681761] KGSL_DIAG      ff000000 ff000000 ff000000 ff000000
[  170.681771] KGSL_DIAG      ff000000 ff000000 ff000000 ff000000
[  170.681780] KGSL_DIAG  VSC[0x0c1d]=0x00040000
[  170.681788] KGSL_DIAG ==== end ts=9955 ====
[  170.681980] KGSL_DIAG ISSUEIBCMDS pid=3469 ts=9957 numibs=1 dwords=157 draws=4 bins=0
[  170.682031] KGSL_DIAG ISSUEIBCMDS pid=3469 ts=9959 numibs=1 dwords=150 draws=4 bins=0
[  170.682075] KGSL_DIAG ISSUEIBCMDS pid=3469 ts=9961 numibs=1 dwords=150 draws=4 bins=0
[  170.682124] KGSL_DIAG ISSUEIBCMDS pid=3469 ts=9963 numibs=1 dwords=150 draws=4 bins=0
[  170.682175] KGSL_DIAG ISSUEIBCMDS pid=3469 ts=9965 numibs=1 dwords=150 draws=4 bins=0
[  170.682220] KGSL_DIAG ISSUEIBCMDS pid=3469 ts=9967 numibs=1 dwords=150 draws=4 bins=0
[  170.682266] KGSL_DIAG ISSUEIBCMDS pid=3469 ts=9969 numibs=1 dwords=150 draws=4 bins=0
[  170.682313] KGSL_DIAG ISSUEIBCMDS pid=3469 ts=9971 numibs=1 dwords=150 draws=4 bins=0
[  170.682355] KGSL_DIAG ISSUEIBCMDS pid=3469 ts=9973 numibs=1 dwords=150 draws=4 bins=0
[  170.682394] KGSL_DIAG ISSUEIBCMDS pid=3469 ts=9975 numibs=1 dwords=150 draws=4 bins=0
[  170.682428] KGSL_DIAG ISSUEIBCMDS pid=3469 ts=9977 numibs=1 dwords=2 draws=0 bins=0
[  170.695806] KGSL_DIAG ISSUEIBCMDS pid=3469 ts=9979 numibs=1 dwords=300 draws=1 bins=0
[  170.695820] KGSL_DIAG IB 0x660a5794 dwords=300 depth=0
[  170.695831] KGSL_DIAG  +0000 T3 op=0x2d cnt=5 hdr=c0042d00
[  170.695841] KGSL_DIAG      0004010f 44000000 44000200 c3c00000
[  170.695851] KGSL_DIAG      43c00400 00000000 00000000 00000000
[  170.695861] KGSL_DIAG  +0018 T3 op=0x2d cnt=3 hdr=c0022d00
[  170.695870] KGSL_DIAG      0001009c 660b4003 00000030 00000000
[  170.695880] KGSL_DIAG  +0028 T3 op=0x2b cnt=17 hdr=c0102b00
[  170.695890] KGSL_DIAG      00000000 0000000f 00031003 00001000
[  170.695900] KGSL_DIAG      c2000000 00001004 00001000 c4000000
[  170.695910] KGSL_DIAG      00000005 00002000 00000000 19a81000
[  170.695919] KGSL_DIAG      00390a88 0000000c 140f803e 00000000
[  170.695929] KGSL_DIAG      e2010100 00000000 00000000 00000000
[  170.695939] KGSL_DIAG  +0070 T3 op=0x2d cnt=2 hdr=c0012d00
[  170.695949] KGSL_DIAG      00040316 0000028f 00000000 00000000
[  170.695959] KGSL_DIAG  +007c T3 op=0x2d cnt=2 hdr=c0012d00
[  170.695968] KGSL_DIAG      00040180 10038001 00000000 00000000
[  170.695978] KGSL_DIAG  +0088 T3 op=0x2d cnt=37 hdr=c0242d00
[  170.695987] KGSL_DIAG      00000080 3ca0a564 00000000 3f7ff366
[  170.695997] KGSL_DIAG      00000000 00000000 3f800000 00000000
[  170.696007] KGSL_DIAG      00000000 bf7ff366 00000000 3ca0a564
[  170.696016] KGSL_DIAG      00000000 00000000 00000000 bf800000
[  170.696026] KGSL_DIAG      3f800000 3fb6cd8d 00000000 00000000
[  170.696035] KGSL_DIAG      00000000 00000000 3ff3bcbc 00000000
[  170.696045] KGSL_DIAG      00000000 00000000 00000000 bf8020c9
[  170.696055] KGSL_DIAG      bf800000 00000000 00000000 be4ce707
[  170.696065] KGSL_DIAG      00000000 3f800000 00000000 00000000
[  170.696074] KGSL_DIAG      00000000 00000000 00000000 00000000
[  170.696083] KGSL_DIAG  +0120 T0 reg=0x0e00 cnt=1
[  170.696093] KGSL_DIAG  +0128 T3 op=0x2d cnt=4 hdr=c0032d00
[  170.696102] KGSL_DIAG      00040000 00000100 00000205 00000000
[  170.696112] KGSL_DIAG  +013c T3 op=0x2d cnt=2 hdr=c0012d00
[  170.696121] KGSL_DIAG      00040301 00000000 00000000 00000000
[  170.696131] KGSL_DIAG  +0148 T3 op=0x2d cnt=2 hdr=c0012d00
[  170.696141] KGSL_DIAG      0004020a 88888888 00000000 00000000
[  170.696150] KGSL_DIAG  +0154 T3 op=0x2d cnt=7 hdr=c0062d00
[  170.696160] KGSL_DIAG      0004010f 44000000 44000200 c3c00000
[  170.696171] KGSL_DIAG      43c00400 3efffee0 3efffee0 00000000
[  170.696181] KGSL_DIAG  +0174 T3 op=0x2d cnt=2 hdr=c0012d00
[  170.696190] KGSL_DIAG      00040206 0000043f 00000000 00000000
[  170.696200] KGSL_DIAG  +0180 T3 op=0x2d cnt=5 hdr=c0042d00
[  170.696209] KGSL_DIAG      00040303 411aaaab 3f800000 40e00000
[  170.696219] KGSL_DIAG      3f800000 00000000 00000000 00000000
[  170.696229] KGSL_DIAG  +0198 T3 op=0x2d cnt=2 hdr=c0012d00
[  170.696238] KGSL_DIAG      00040302 00000001 00000000 00000000
[  170.696248] KGSL_DIAG  +01a4 T3 op=0x2d cnt=2 hdr=c0012d00
[  170.696258] KGSL_DIAG      00040205 00080002 00000000 00000000
[  170.696267] KGSL_DIAG  +01b0 T3 op=0x26 cnt=1 hdr=c0002600
[  170.696277] KGSL_DIAG      00000000 00000000 00000000 00000000
[  170.696287] KGSL_DIAG  +01b8 T3 op=0x2d cnt=2 hdr=c0012d00
[  170.696296] KGSL_DIAG      00040200 00700798 00000000 00000000
[  170.696306] KGSL_DIAG  +01c4 T3 op=0x2d cnt=3 hdr=c0022d00
[  170.696316] KGSL_DIAG      00040081 80000000 03000400 00000000
[  170.696326] KGSL_DIAG  +01d4 T3 op=0x2d cnt=3 hdr=c0022d00
[  170.696335] KGSL_DIAG      0004000e 00000000 03000400 00000000
[  170.696345] KGSL_DIAG  +01e4 T3 op=0x2d cnt=17 hdr=c0102d00
[  170.696354] KGSL_DIAG      00000090 3fb6cd8d 00000000 00000000
[  170.696364] KGSL_DIAG      00000000 00000000 3ff3bcbc 00000000
[  170.696374] KGSL_DIAG      00000000 00000000 00000000 bf8020c9
[  170.696383] KGSL_DIAG      bf800000 00000000 00000000 be4ce707
[  170.696393] KGSL_DIAG      00000000 00000000 00000000 00000000
[  170.696403] KGSL_DIAG  +022c T3 op=0x2d cnt=17 hdr=c0102d00
[  170.696413] KGSL_DIAG      00000080 3d576591 00000000 3f7fa552
[  170.696422] KGSL_DIAG      00000000 00000000 3f800000 00000000
[  170.696432] KGSL_DIAG      00000000 bf7fa552 00000000 3d576591
[  170.696441] KGSL_DIAG      00000000 00000000 00000000 bf800000
[  170.696451] KGSL_DIAG      3f800000 00000000 00000000 00000000
[  170.696461] KGSL_DIAG  +0274 T3 op=0x2d cnt=5 hdr=c0042d00
[  170.696470] KGSL_DIAG      0004010f 44000000 44000200 c3c00000
[  170.696480] KGSL_DIAG      43c00400 00000000 00000000 00000000
[  170.696490] KGSL_DIAG  +028c T3 op=0x2d cnt=5 hdr=c0042d00
[  170.696499] KGSL_DIAG      000000a0 3f800000 00000000 00000000
[  170.696509] KGSL_DIAG      00000000 00000000 00000000 00000000
[  170.696518] KGSL_DIAG  +02a4 T3 op=0x2d cnt=7 hdr=c0062d00
[  170.696529] KGSL_DIAG      00010078 6676e163 000000a0 6676e163
[  170.696538] KGSL_DIAG      000000a0 2ac7e964 7e807c80 00000000
[  170.696548] KGSL_DIAG  +02c4 T3 op=0x2b cnt=38 hdr=c0252b00
[  170.696558] KGSL_DIAG      00000000 00000024 00256003 20091000
[  170.696567] KGSL_DIAG      10000000 00000000 100bc200 10000000
[  170.696577] KGSL_DIAG      00000000 000cc400 20000000 1b480000
[  170.696587] KGSL_DIAG      00391fff 0000000c 11481000 40393e88
[  170.696597] KGSL_DIAG      0000000c 140f0000 00c60000 8b010203
[  170.696607] KGSL_DIAG      140f0000 00b10000 ab010100 140f0000
[  170.696617] KGSL_DIAG      006c0000 ab010000 140f0001 001b0000
[  170.696627] KGSL_DIAG      a1000700 140f0001 00c60000 ab000601
[  170.696637] KGSL_DIAG      140f0001 00b10000 ab000501 140f803e
[  170.696646] KGSL_DIAG      006c0000 ab000401 00000000 00000000
[  170.696656] KGSL_DIAG  +0360 T3 op=0x2d cnt=2 hdr=c0012d00
[  170.696666] KGSL_DIAG      00040316 0000028f 00000000 00000000
[  170.696677] KGSL_DIAG  +036c T3 op=0x2d cnt=2 hdr=c0012d00
[  170.696686] KGSL_DIAG      00040180 10018201 00000000 00000000
[  170.696696] KGSL_DIAG  +0378 T3 op=0x26 cnt=1 hdr=c0002600
[  170.696705] KGSL_DIAG      00000000 00000000 00000000 00000000
[  170.696715] KGSL_DIAG  +0380 T3 op=0x2d cnt=4 hdr=c0032d00
[  170.696725] KGSL_DIAG      00040000 00000100 00000205 00000000
[  170.696734] KGSL_DIAG  +0394 T3 op=0x2d cnt=2 hdr=c0012d00
[  170.696744] KGSL_DIAG      00040301 00000000 00000000 00000000
[  170.696754] KGSL_DIAG  +03a0 T3 op=0x2d cnt=2 hdr=c0012d00
[  170.696763] KGSL_DIAG      0004020a 88888888 00000000 00000000
[  170.696773] KGSL_DIAG  +03ac T3 op=0x2d cnt=7 hdr=c0062d00
[  170.696783] KGSL_DIAG      0004010f 44000000 44000200 c3c00000
[  170.696793] KGSL_DIAG      43c00400 3efffee0 3efffee0 00000000
[  170.696804] KGSL_DIAG  +03cc T3 op=0x2d cnt=2 hdr=c0012d00
[  170.696813] KGSL_DIAG      00040206 0000043f 00000000 00000000
[  170.696823] KGSL_DIAG  +03d8 T3 op=0x2d cnt=5 hdr=c0042d00
[  170.696833] KGSL_DIAG      00040303 411aaaab 3f800000 40e00000
[  170.696842] KGSL_DIAG      3f800000 00000000 00000000 00000000
[  170.696852] KGSL_DIAG  +03f0 T3 op=0x2d cnt=2 hdr=c0012d00
[  170.696862] KGSL_DIAG      00040302 00000001 00000000 00000000
[  170.696872] KGSL_DIAG  +03fc T3 op=0x2d cnt=2 hdr=c0012d00
[  170.696881] KGSL_DIAG      00040205 00080002 00000000 00000000
[  170.696891] KGSL_DIAG  +0408 T3 op=0x26 cnt=1 hdr=c0002600
[  170.696901] KGSL_DIAG      00000000 00000000 00000000 00000000
[  170.696910] KGSL_DIAG  +0410 T3 op=0x2d cnt=2 hdr=c0012d00
[  170.696920] KGSL_DIAG      00040200 00700798 00000000 00000000
[  170.696930] KGSL_DIAG  +041c T3 op=0x2d cnt=3 hdr=c0022d00
[  170.696940] KGSL_DIAG      00040081 80000000 03000400 00000000
[  170.696950] KGSL_DIAG  +042c T3 op=0x2d cnt=3 hdr=c0022d00
[  170.696959] KGSL_DIAG      0004000e 00000000 03000400 00000000
[  170.696969] KGSL_DIAG  +043c T0 reg=0x0c00 cnt=1
[  170.696978] KGSL_DIAG  +0444 T3 op=0x2d cnt=2 hdr=c0012d00
[  170.696988] KGSL_DIAG      00040209 00000003 00000000 00000000
[  170.696998] KGSL_DIAG  +0450 T3 op=0x26 cnt=1 hdr=c0002600
[  170.697007] KGSL_DIAG      00000000 00000000 00000000 00000000
[  170.697016] KGSL_DIAG  +0458 T0 reg=0x0d00 cnt=1
[  170.697025] KGSL_DIAG  +0460 T3 op=0x22 cnt=5 hdr=c0042200
[  170.697036] KGSL_DIAG      00000000 00004004 0000003c 6676e200
[  170.697045] KGSL_DIAG      00000078 00000000 00000000 00000000
[  170.697056] KGSL_DIAG  +0478 T3 op=0x2d cnt=2 hdr=c0012d00
[  170.697066] KGSL_DIAG      00040209 00000000 00000000 00000000
[  170.697075] KGSL_DIAG  +0484 T0 reg=0x0c00 cnt=1
[  170.697084] KGSL_DIAG  +048c T3 op=0x46 cnt=1 hdr=c0004600
[  170.697093] KGSL_DIAG      00000006 00000000 00000000 00000000
[  170.697103] KGSL_DIAG  +0494 T3 op=0x52 cnt=4 hdr=c0035200
[  170.697113] KGSL_DIAG      000005d0 00000000 5f601000 00000001
[  170.697123] KGSL_DIAG  +04a8 T3 op=0x26 cnt=1 hdr=c0002600
[  170.697132] KGSL_DIAG      00000000 00000000 00000000 00000000
[  170.697156] kgsl kgsl: |kgsl_yamato_rbbm_intrcallback| rbbm read error interrupt: c00005fc
[  170.697268] KGSL_DIAG  RBBM_STATUS=0x00000000
[  170.697277] KGSL_DIAG  CYCLECTR[0x0ee2]=0x1506c6c2
[  170.697285] KGSL_DIAG  LRZ_VSC_CONTROL[0x2209]=0x00000000
[  170.697293] KGSL_DIAG  SQ_GPR_MANAGEMENT[0x0d00]=0x0007f010
[  170.697311] kgsl kgsl: |kgsl_yamato_rbbm_intrcallback| rbbm read error interrupt: c0003000
[  170.697323] KGSL_DIAG  VSC[0x0c00]=0x00000000
[  170.697332] KGSL_DIAG  VSC[0x0c01]=0x00000187
[  170.697341] KGSL_DIAG  VSC[0x0c02]=0x660b4080
[  170.697349] KGSL_DIAG    vis-stream @0x660b4080:
[  170.697357] KGSL_DIAG      00000004 00000004 00000004 00000004
[  170.697366] KGSL_DIAG      00000004 00000004 00000004 00000004
[  170.697375] KGSL_DIAG      00000000 00000000 00000000 00000000
[  170.697383] KGSL_DIAG      00000000 00000000 00000000 00000000
[  170.697392] KGSL_DIAG      00000000 00000000 00000000 00000000
[  170.697401] KGSL_DIAG      00000000 00000000 00000000 00000000
[  170.697410] KGSL_DIAG      00000000 00000000 00000000 00000000
[  170.697418] KGSL_DIAG      00000000 00000000 00000000 00000000
[  170.697427] KGSL_DIAG  VSC[0x0c03]=0x00000000
[  170.697436] KGSL_DIAG  VSC[0x0c04]=0x00000000
[  170.697450] KGSL_DIAG  VSC[0x0c05]=0x00000000
[  170.697458] KGSL_DIAG  VSC[0x0c06]=0x01100000
[  170.697467] KGSL_DIAG  VSC[0x0c07]=0x660b5000
[  170.697475] KGSL_DIAG    vis-stream @0x660b5000:
[  170.697484] KGSL_DIAG      00c0c3e7 00000002 7f000000 bade3000
[  170.697493] KGSL_DIAG      806b583c 00000000 00000015 00000000
[  170.697502] KGSL_DIAG      be2b9180 be2b9180 00000000 f5be4144
[  170.697511] KGSL_DIAG      00000015 84340500 b9503f64 b9503f08
[  170.697521] KGSL_DIAG      804b35d4 00000000 00000000 00000000
[  170.697530] KGSL_DIAG      00000000 00000000 01010000 00000000
[  170.697538] KGSL_DIAG      2acff930 00000000 00000000 00000000
[  170.697547] KGSL_DIAG      00000000 00000000 00000000 00000000
[  170.697556] KGSL_DIAG  VSC[0x0c08]=0x00040000
[  170.697565] KGSL_DIAG  VSC[0x0c09]=0x01100001
[  170.697573] KGSL_DIAG  VSC[0x0c0a]=0x66575000
[  170.697581] KGSL_DIAG    vis-stream @0x66575000:
[  170.697590] KGSL_DIAG      00f070d1 00000000 00000000 00000000
[  170.697599] KGSL_DIAG      00000000 00000000 00000000 00000000
[  170.697607] KGSL_DIAG      00000000 00000000 00000000 00000000
[  170.697616] KGSL_DIAG      00000000 00000000 00000000 00000000
[  170.697626] KGSL_DIAG      00000000 00000000 00000000 00000000
[  170.697634] KGSL_DIAG      00000000 00000000 00000000 00000000
[  170.697726] KGSL_DIAG      00000000 00000000 00000000 00000000
[  170.697735] KGSL_DIAG      00000000 00000000 00000000 00000000
[  170.697745] KGSL_DIAG  VSC[0x0c0b]=0x00040000
[  170.697753] KGSL_DIAG  VSC[0x0c0c]=0x01200400
[  170.697762] KGSL_DIAG  VSC[0x0c0d]=0x665b5000
[  170.697770] KGSL_DIAG    vis-stream @0x665b5000:
[  170.697779] KGSL_DIAG      000012e8 000000c0 ff000000 ff000000
[  170.697788] KGSL_DIAG      ff000000 ff000000 ff000000 ff000000
[  170.697798] KGSL_DIAG      ff000000 ff000000 ff000000 ff000000
[  170.697807] KGSL_DIAG      ff000000 ff000000 ff000000 ff000000
[  170.697816] KGSL_DIAG      ff000000 ff000000 ff000000 ff000000
[  170.697825] KGSL_DIAG      ff000000 ff000000 ff000000 ff000000
[  170.697835] KGSL_DIAG      ff000000 ff000000 ff000000 ff000000
[  170.697844] KGSL_DIAG      ff000000 ff000000 ff000000 ff000000
[  170.697853] KGSL_DIAG  VSC[0x0c0e]=0x00040000
[  170.697862] KGSL_DIAG  VSC[0x0c0f]=0x01100002
[  170.697870] KGSL_DIAG  VSC[0x0c10]=0x665f5000
[  170.697879] KGSL_DIAG    vis-stream @0x665f5000:
[  170.697887] KGSL_DIAG      00001eca 00000000 00000000 00000000
[  170.697896] KGSL_DIAG      00000000 00000000 00000000 00000000
[  170.697911] KGSL_DIAG      00000000 00000000 00000000 00000000
[  170.697920] KGSL_DIAG      00000000 00000000 00000000 00000000
[  170.697929] KGSL_DIAG      00000000 00000000 00000000 00000000
[  170.697938] KGSL_DIAG      00000000 00000000 00000000 00000000
[  170.697946] KGSL_DIAG      00000000 00000000 00000000 00000000
[  170.697955] KGSL_DIAG      00000000 00000000 00000000 00000000
[  170.697964] KGSL_DIAG  VSC[0x0c11]=0x00040000
[  170.697973] KGSL_DIAG  VSC[0x0c12]=0x01100402
[  170.697981] KGSL_DIAG  VSC[0x0c13]=0x66635000
[  170.697989] KGSL_DIAG    vis-stream @0x66635000:
[  170.697998] KGSL_DIAG      00800874 ff0e2818 ff0e2718 ff0f2718
[  170.698007] KGSL_DIAG      ff0e2919 ff0e2819 ff0f281a ff0f2819
[  170.698017] KGSL_DIAG      ff0e2718 ff0e2717 ff0e2717 ff0d2717
[  170.698027] KGSL_DIAG      ff0e2717 ff0e2716 ff0e2717 ff0e2718
[  170.698036] KGSL_DIAG      ff0d2618 ff0d2618 ff0d2619 ff0d2619
[  170.698045] KGSL_DIAG      ff0d2718 ff0d2718 ff0e2719 ff0d2719
[  170.698054] KGSL_DIAG      ff0c2619 ff0d2718 ff0e2718 ff0e2818
[  170.698064] KGSL_DIAG      ff0d2718 ff0d2718 ff0e2718 ff0d2818
[  170.698073] KGSL_DIAG  VSC[0x0c14]=0x00040000
[  170.698081] KGSL_DIAG  VSC[0x0c15]=0x01100003
[  170.698090] KGSL_DIAG  VSC[0x0c16]=0x66675000
[  170.698098] KGSL_DIAG    vis-stream @0x66675000:
[  170.698167] KGSL_DIAG      0000022d ff182d24 ff172d24 ff182d24
[  170.698177] KGSL_DIAG      ff192e25 ff182d25 ff172c25 ff172c25
[  170.698186] KGSL_DIAG      ff182d25 ff182d25 ff192e24 ff1a2e23
[  170.698196] KGSL_DIAG      ff172c25 ff172c25 ff172d24 ff182d24
[  170.698205] KGSL_DIAG      ff1b2e23 ff1c3124 ff1c3125 ff1b3225
[  170.698214] KGSL_DIAG      ff192e24 ff193024 ff193124 ff193125
[  170.698224] KGSL_DIAG      ff1b3226 ff1b3225 ff1d3325 ff1d3425
[  170.698233] KGSL_DIAG      ff1a3226 ff1b3226 ff1c3325 ff1c3425
[  170.698242] KGSL_DIAG  VSC[0x0c17]=0x00040000
[  170.698251] KGSL_DIAG  VSC[0x0c18]=0x01100004
[  170.698259] KGSL_DIAG  VSC[0x0c19]=0x666b5000
[  170.698267] KGSL_DIAG    vis-stream @0x666b5000:
[  170.698276] KGSL_DIAG      0000022d ff0a3121 ff0a3222 ff0a3323
[  170.698286] KGSL_DIAG      ff092f1e ff09301f ff093121 ff093122
[  170.698295] KGSL_DIAG      ff0a3323 ff093323 ff093523 ff093523
[  170.698304] KGSL_DIAG      ff083222 ff083322 ff083423 ff083423
[  170.698314] KGSL_DIAG      ff0a3624 ff0b3725 ff0c3826 ff0b3926
[  170.698323] KGSL_DIAG      ff093523 ff0b3623 ff0c3725 ff0d3926
[  170.698332] KGSL_DIAG      ff0c3a27 ff0d3a28 ff0e3b29 ff103c2a
[  170.698342] KGSL_DIAG      ff0c3927 ff0d3a28 ff0e3a29 ff103c29
[  170.698357] KGSL_DIAG  VSC[0x0c1a]=0x00040000
[  170.698366] KGSL_DIAG  VSC[0x0c1b]=0x01200403
[  170.698374] KGSL_DIAG  VSC[0x0c1c]=0x666f5000
[  170.698382] KGSL_DIAG    vis-stream @0x666f5000:
[  170.698391] KGSL_DIAG      0040042f ff000000 ff000000 ff000000
[  170.698400] KGSL_DIAG      ff000000 ff000000 ff000000 ff000000
[  170.698410] KGSL_DIAG      ff000000 ff000000 ff000000 ff000000
[  170.698419] KGSL_DIAG      ff000000 ff000000 ff000000 ff000000
[  170.698429] KGSL_DIAG      ff000000 ff000000 ff000000 ff000000
[  170.698438] KGSL_DIAG      ff000000 ff000000 ff000000 ff000000
[  170.698448] KGSL_DIAG      ff000000 ff000000 ff000000 ff000000
[  170.698457] KGSL_DIAG      ff000000 ff000000 ff000000 ff000000
[  170.698466] KGSL_DIAG  VSC[0x0c1d]=0x00040000
[  170.698474] KGSL_DIAG ==== end ts=9979 ====
[  170.698639] KGSL_DIAG ISSUEIBCMDS pid=3469 ts=9981 numibs=1 dwords=157 draws=4 bins=0
[  170.698687] KGSL_DIAG ISSUEIBCMDS pid=3469 ts=9983 numibs=1 dwords=150 draws=4 bins=0
[  170.698727] KGSL_DIAG ISSUEIBCMDS pid=3469 ts=9985 numibs=1 dwords=150 draws=4 bins=0
[  170.698773] KGSL_DIAG ISSUEIBCMDS pid=3469 ts=9987 numibs=1 dwords=150 draws=4 bins=0
[  170.698818] KGSL_DIAG ISSUEIBCMDS pid=3469 ts=9989 numibs=1 dwords=150 draws=4 bins=0
[  170.698865] KGSL_DIAG ISSUEIBCMDS pid=3469 ts=9991 numibs=1 dwords=150 draws=4 bins=0
[  170.698914] KGSL_DIAG ISSUEIBCMDS pid=3469 ts=9993 numibs=1 dwords=150 draws=4 bins=0
[  170.698959] KGSL_DIAG ISSUEIBCMDS pid=3469 ts=9995 numibs=1 dwords=150 draws=4 bins=0
[  170.699000] KGSL_DIAG ISSUEIBCMDS pid=3469 ts=9997 numibs=1 dwords=150 draws=4 bins=0
[  170.699039] KGSL_DIAG ISSUEIBCMDS pid=3469 ts=9999 numibs=1 dwords=150 draws=4 bins=0
[  170.699071] KGSL_DIAG ISSUEIBCMDS pid=3469 ts=10001 numibs=1 dwords=2 draws=0 bins=0
[  170.712462] KGSL_DIAG ISSUEIBCMDS pid=3469 ts=10003 numibs=1 dwords=300 draws=1 bins=0
[  170.712477] KGSL_DIAG IB 0x660a5794 dwords=300 depth=0
[  170.712487] KGSL_DIAG  +0000 T3 op=0x2d cnt=5 hdr=c0042d00
[  170.712498] KGSL_DIAG      0004010f 44000000 44000200 c3c00000
[  170.712508] KGSL_DIAG      43c00400 00000000 00000000 00000000
[  170.712518] KGSL_DIAG  +0018 T3 op=0x2d cnt=3 hdr=c0022d00
[  170.712527] KGSL_DIAG      0001009c 660b4003 00000030 00000000
[  170.712538] KGSL_DIAG  +0028 T3 op=0x2b cnt=17 hdr=c0102b00
[  170.712547] KGSL_DIAG      00000000 0000000f 00031003 00001000
[  170.712557] KGSL_DIAG      c2000000 00001004 00001000 c4000000
[  170.712567] KGSL_DIAG      00000005 00002000 00000000 19a81000
[  170.712577] KGSL_DIAG      00390a88 0000000c 140f803e 00000000
[  170.712586] KGSL_DIAG      e2010100 00000000 00000000 00000000
[  170.712597] KGSL_DIAG  +0070 T3 op=0x2d cnt=2 hdr=c0012d00
[  170.712606] KGSL_DIAG      00040316 0000028f 00000000 00000000
[  170.712616] KGSL_DIAG  +007c T3 op=0x2d cnt=2 hdr=c0012d00
[  170.712626] KGSL_DIAG      00040180 10038001 00000000 00000000
[  170.712636] KGSL_DIAG  +0088 T3 op=0x2d cnt=37 hdr=c0242d00
[  170.712646] KGSL_DIAG      00000080 3d576591 00000000 3f7fa552
[  170.712655] KGSL_DIAG      00000000 00000000 3f800000 00000000
[  170.712665] KGSL_DIAG      00000000 bf7fa552 00000000 3d576591
[  170.712674] KGSL_DIAG      00000000 00000000 00000000 bf800000
[  170.712684] KGSL_DIAG      3f800000 3fb6cd8d 00000000 00000000
[  170.712694] KGSL_DIAG      00000000 00000000 3ff3bcbc 00000000
[  170.712704] KGSL_DIAG      00000000 00000000 00000000 bf8020c9
[  170.712713] KGSL_DIAG      bf800000 00000000 00000000 be4ce707
[  170.712723] KGSL_DIAG      00000000 3f800000 00000000 00000000
[  170.712732] KGSL_DIAG      00000000 00000000 00000000 00000000
[  170.712743] KGSL_DIAG  +0120 T0 reg=0x0e00 cnt=1
[  170.712752] KGSL_DIAG  +0128 T3 op=0x2d cnt=4 hdr=c0032d00
[  170.712762] KGSL_DIAG      00040000 00000100 00000205 00000000
[  170.712771] KGSL_DIAG  +013c T3 op=0x2d cnt=2 hdr=c0012d00
[  170.712781] KGSL_DIAG      00040301 00000000 00000000 00000000
[  170.712791] KGSL_DIAG  +0148 T3 op=0x2d cnt=2 hdr=c0012d00
[  170.712800] KGSL_DIAG      0004020a 88888888 00000000 00000000
[  170.712810] KGSL_DIAG  +0154 T3 op=0x2d cnt=7 hdr=c0062d00
[  170.712820] KGSL_DIAG      0004010f 44000000 44000200 c3c00000
[  170.712830] KGSL_DIAG      43c00400 3efffee0 3efffee0 00000000
[  170.712840] KGSL_DIAG  +0174 T3 op=0x2d cnt=2 hdr=c0012d00
[  170.712849] KGSL_DIAG      00040206 0000043f 00000000 00000000
[  170.712859] KGSL_DIAG  +0180 T3 op=0x2d cnt=5 hdr=c0042d00
[  170.712869] KGSL_DIAG      00040303 411aaaab 3f800000 40e00000
[  170.712879] KGSL_DIAG      3f800000 00000000 00000000 00000000
[  170.712890] KGSL_DIAG  +0198 T3 op=0x2d cnt=2 hdr=c0012d00
[  170.712899] KGSL_DIAG      00040302 00000001 00000000 00000000
[  170.712909] KGSL_DIAG  +01a4 T3 op=0x2d cnt=2 hdr=c0012d00
[  170.712919] KGSL_DIAG      00040205 00080002 00000000 00000000
[  170.712929] KGSL_DIAG  +01b0 T3 op=0x26 cnt=1 hdr=c0002600
[  170.712938] KGSL_DIAG      00000000 00000000 00000000 00000000
[  170.712948] KGSL_DIAG  +01b8 T3 op=0x2d cnt=2 hdr=c0012d00
[  170.712958] KGSL_DIAG      00040200 00700798 00000000 00000000
[  170.712968] KGSL_DIAG  +01c4 T3 op=0x2d cnt=3 hdr=c0022d00
[  170.712978] KGSL_DIAG      00040081 80000000 03000400 00000000
[  170.712988] KGSL_DIAG  +01d4 T3 op=0x2d cnt=3 hdr=c0022d00
[  170.712997] KGSL_DIAG      0004000e 00000000 03000400 00000000
[  170.713007] KGSL_DIAG  +01e4 T3 op=0x2d cnt=17 hdr=c0102d00
[  170.713017] KGSL_DIAG      00000090 3fb6cd8d 00000000 00000000
[  170.713026] KGSL_DIAG      00000000 00000000 3ff3bcbc 00000000
[  170.713036] KGSL_DIAG      00000000 00000000 00000000 bf8020c9
[  170.713046] KGSL_DIAG      bf800000 00000000 00000000 be4ce707
[  170.713055] KGSL_DIAG      00000000 00000000 00000000 00000000
[  170.713065] KGSL_DIAG  +022c T3 op=0x2d cnt=17 hdr=c0102d00
[  170.713075] KGSL_DIAG      00000080 3d8e72ca 00000000 3f7f6148
[  170.713085] KGSL_DIAG      00000000 00000000 3f800000 00000000
[  170.713094] KGSL_DIAG      00000000 bf7f6148 00000000 3d8e72ca
[  170.713104] KGSL_DIAG      00000000 00000000 00000000 bf800000
[  170.713114] KGSL_DIAG      3f800000 00000000 00000000 00000000
[  170.713123] KGSL_DIAG  +0274 T3 op=0x2d cnt=5 hdr=c0042d00
[  170.713133] KGSL_DIAG      0004010f 44000000 44000200 c3c00000
[  170.713143] KGSL_DIAG      43c00400 00000000 00000000 00000000
[  170.713153] KGSL_DIAG  +028c T3 op=0x2d cnt=5 hdr=c0042d00
[  170.713163] KGSL_DIAG      000000a0 3f800000 00000000 00000000
[  170.713173] KGSL_DIAG      00000000 00000000 00000000 00000000
[  170.713183] KGSL_DIAG  +02a4 T3 op=0x2d cnt=7 hdr=c0062d00
[  170.713192] KGSL_DIAG      00010078 6676e283 000000a0 6676e283
[  170.713202] KGSL_DIAG      000000a0 2ac7e964 7e807c80 00000000
[  170.713212] KGSL_DIAG  +02c4 T3 op=0x2b cnt=38 hdr=c0252b00
[  170.713221] KGSL_DIAG      00000000 00000024 00256003 20091000
[  170.713231] KGSL_DIAG      10000000 00000000 100bc200 10000000
[  170.713241] KGSL_DIAG      00000000 000cc400 20000000 1b480000
[  170.713251] KGSL_DIAG      00391fff 0000000c 11481000 40393e88
[  170.713261] KGSL_DIAG      0000000c 140f0000 00c60000 8b010203
[  170.713271] KGSL_DIAG      140f0000 00b10000 ab010100 140f0000
[  170.713281] KGSL_DIAG      006c0000 ab010000 140f0001 001b0000
[  170.713291] KGSL_DIAG      a1000700 140f0001 00c60000 ab000601
[  170.713301] KGSL_DIAG      140f0001 00b10000 ab000501 140f803e
[  170.713311] KGSL_DIAG      006c0000 ab000401 00000000 00000000
[  170.713321] KGSL_DIAG  +0360 T3 op=0x2d cnt=2 hdr=c0012d00
[  170.713331] KGSL_DIAG      00040316 0000028f 00000000 00000000
[  170.713341] KGSL_DIAG  +036c T3 op=0x2d cnt=2 hdr=c0012d00
[  170.713350] KGSL_DIAG      00040180 10018201 00000000 00000000
[  170.713360] KGSL_DIAG  +0378 T3 op=0x26 cnt=1 hdr=c0002600
[  170.713369] KGSL_DIAG      00000000 00000000 00000000 00000000
[  170.713379] KGSL_DIAG  +0380 T3 op=0x2d cnt=4 hdr=c0032d00
[  170.713389] KGSL_DIAG      00040000 00000100 00000205 00000000
[  170.713399] KGSL_DIAG  +0394 T3 op=0x2d cnt=2 hdr=c0012d00
[  170.713409] KGSL_DIAG      00040301 00000000 00000000 00000000
[  170.713418] KGSL_DIAG  +03a0 T3 op=0x2d cnt=2 hdr=c0012d00
[  170.713428] KGSL_DIAG      0004020a 88888888 00000000 00000000
[  170.713439] KGSL_DIAG  +03ac T3 op=0x2d cnt=7 hdr=c0062d00
[  170.713448] KGSL_DIAG      0004010f 44000000 44000200 c3c00000
[  170.713459] KGSL_DIAG      43c00400 3efffee0 3efffee0 00000000
[  170.713469] KGSL_DIAG  +03cc T3 op=0x2d cnt=2 hdr=c0012d00
[  170.713478] KGSL_DIAG      00040206 0000043f 00000000 00000000
[  170.713488] KGSL_DIAG  +03d8 T3 op=0x2d cnt=5 hdr=c0042d00
[  170.713498] KGSL_DIAG      00040303 411aaaab 3f800000 40e00000
[  170.713507] KGSL_DIAG      3f800000 00000000 00000000 00000000
[  170.713517] KGSL_DIAG  +03f0 T3 op=0x2d cnt=2 hdr=c0012d00
[  170.713527] KGSL_DIAG      00040302 00000001 00000000 00000000
[  170.713537] KGSL_DIAG  +03fc T3 op=0x2d cnt=2 hdr=c0012d00
[  170.713546] KGSL_DIAG      00040205 00080002 00000000 00000000
[  170.713556] KGSL_DIAG  +0408 T3 op=0x26 cnt=1 hdr=c0002600
[  170.713566] KGSL_DIAG      00000000 00000000 00000000 00000000
[  170.713576] KGSL_DIAG  +0410 T3 op=0x2d cnt=2 hdr=c0012d00
[  170.713586] KGSL_DIAG      00040200 00700798 00000000 00000000
[  170.713596] KGSL_DIAG  +041c T3 op=0x2d cnt=3 hdr=c0022d00
[  170.713606] KGSL_DIAG      00040081 80000000 03000400 00000000
[  170.713616] KGSL_DIAG  +042c T3 op=0x2d cnt=3 hdr=c0022d00
[  170.713625] KGSL_DIAG      0004000e 00000000 03000400 00000000
[  170.713635] KGSL_DIAG  +043c T0 reg=0x0c00 cnt=1
[  170.713644] KGSL_DIAG  +0444 T3 op=0x2d cnt=2 hdr=c0012d00
[  170.713653] KGSL_DIAG      00040209 00000003 00000000 00000000
[  170.713663] KGSL_DIAG  +0450 T3 op=0x26 cnt=1 hdr=c0002600
[  170.713673] KGSL_DIAG      00000000 00000000 00000000 00000000
[  170.713682] KGSL_DIAG  +0458 T0 reg=0x0d00 cnt=1
[  170.713691] KGSL_DIAG  +0460 T3 op=0x22 cnt=5 hdr=c0042200
[  170.713701] KGSL_DIAG      00000000 00004004 0000003c 6676e320
[  170.713711] KGSL_DIAG      00000078 00000000 00000000 00000000
[  170.713721] KGSL_DIAG  +0478 T3 op=0x2d cnt=2 hdr=c0012d00
[  170.713730] KGSL_DIAG      00040209 00000000 00000000 00000000
[  170.713740] KGSL_DIAG  +0484 T0 reg=0x0c00 cnt=1
[  170.713749] KGSL_DIAG  +048c T3 op=0x46 cnt=1 hdr=c0004600
[  170.713758] KGSL_DIAG      00000006 00000000 00000000 00000000
[  170.713768] KGSL_DIAG  +0494 T3 op=0x52 cnt=4 hdr=c0035200
[  170.713778] KGSL_DIAG      000005d0 00000000 5f601000 00000001
[  170.713787] KGSL_DIAG  +04a8 T3 op=0x26 cnt=1 hdr=c0002600
[  170.713797] KGSL_DIAG      00000000 00000000 00000000 00000000
[  170.713822] kgsl kgsl: |kgsl_yamato_rbbm_intrcallback| rbbm read error interrupt: c00005fc
[  170.713871] KGSL_DIAG  RBBM_STATUS=0x00000000
[  170.713881] KGSL_DIAG  CYCLECTR[0x0ee2]=0x1500c0c2
[  170.713889] KGSL_DIAG  LRZ_VSC_CONTROL[0x2209]=0x00000001
[  170.713902] KGSL_DIAG  SQ_GPR_MANAGEMENT[0x0d00]=0x0007f010
[  170.713924] kgsl kgsl: |kgsl_yamato_rbbm_intrcallback| rbbm read error interrupt: c0003000
[  170.713936] KGSL_DIAG  VSC[0x0c00]=0x00000000
[  170.713945] KGSL_DIAG  VSC[0x0c01]=0x00000187
[  170.713957] KGSL_DIAG  VSC[0x0c02]=0x660b4080
[  170.713966] KGSL_DIAG    vis-stream @0x660b4080:
[  170.713977] KGSL_DIAG      00000004 00000004 00000004 00000004
[  170.713986] KGSL_DIAG      00000004 00000004 00000004 00000004
[  170.713995] KGSL_DIAG      00000000 00000000 00000000 00000000
[  170.714004] KGSL_DIAG      00000000 00000000 00000000 00000000
[  170.714014] KGSL_DIAG      00000000 00000000 00000000 00000000
[  170.714023] KGSL_DIAG      00000000 00000000 00000000 00000000
[  170.714034] KGSL_DIAG      00000000 00000000 00000000 00000000
[  170.714046] KGSL_DIAG      00000000 00000000 00000000 00000000
[  170.714055] KGSL_DIAG  VSC[0x0c03]=0x00000000
[  170.714067] KGSL_DIAG  VSC[0x0c04]=0x00000000
[  170.714080] KGSL_DIAG  VSC[0x0c05]=0x00000000
[  170.714091] KGSL_DIAG  VSC[0x0c06]=0x01100000
[  170.714100] KGSL_DIAG  VSC[0x0c07]=0x660b5000
[  170.714108] KGSL_DIAG    vis-stream @0x660b5000:
[  170.714121] KGSL_DIAG      00c0c3e7 00000002 7f000000 bade3000
[  170.714130] KGSL_DIAG      806b583c 00000000 00000015 00000000
[  170.714144] KGSL_DIAG      be2b9180 be2b9180 00000000 f5be4144
[  170.714156] KGSL_DIAG      00000015 84340500 b9503f64 b9503f08
[  170.714165] KGSL_DIAG      804b35d4 00000000 00000000 00000000
[  170.714177] KGSL_DIAG      00000000 00000000 01010000 00000000
[  170.714186] KGSL_DIAG      2acff930 00000000 00000000 00000000
[  170.714194] KGSL_DIAG      00000000 00000000 00000000 00000000
[  170.714207] KGSL_DIAG  VSC[0x0c08]=0x00040000
[  170.714216] KGSL_DIAG  VSC[0x0c09]=0x01100001
[  170.714225] KGSL_DIAG  VSC[0x0c0a]=0x66575000
[  170.714235] KGSL_DIAG    vis-stream @0x66575000:
[  170.714247] KGSL_DIAG      00c0c3e7 00000000 00000000 00000000
[  170.714256] KGSL_DIAG      00000000 00000000 00000000 00000000
[  170.714267] KGSL_DIAG      00000000 00000000 00000000 00000000
[  170.714280] KGSL_DIAG      00000000 00000000 00000000 00000000
[  170.714293] KGSL_DIAG      00000000 00000000 00000000 00000000
[  170.714306] KGSL_DIAG      00000000 00000000 00000000 00000000
[  170.714314] KGSL_DIAG      00000000 00000000 00000000 00000000
[  170.714325] KGSL_DIAG      00000000 00000000 00000000 00000000
[  170.714334] KGSL_DIAG  VSC[0x0c0b]=0x00040000
[  170.714342] KGSL_DIAG  VSC[0x0c0c]=0x01200400
[  170.714355] KGSL_DIAG  VSC[0x0c0d]=0x665b5000
[  170.714366] KGSL_DIAG    vis-stream @0x665b5000:
[  170.714376] KGSL_DIAG      000012e8 000000c0 ff000000 ff000000
[  170.714385] KGSL_DIAG      ff000000 ff000000 ff000000 ff000000
[  170.714394] KGSL_DIAG      ff000000 ff000000 ff000000 ff000000
[  170.714404] KGSL_DIAG      ff000000 ff000000 ff000000 ff000000
[  170.714413] KGSL_DIAG      ff000000 ff000000 ff000000 ff000000
[  170.714426] KGSL_DIAG      ff000000 ff000000 ff000000 ff000000
[  170.714435] KGSL_DIAG      ff000000 ff000000 ff000000 ff000000
[  170.714445] KGSL_DIAG      ff000000 ff000000 ff000000 ff000000
[  170.714454] KGSL_DIAG  VSC[0x0c0e]=0x00040000
[  170.714463] KGSL_DIAG  VSC[0x0c0f]=0x01100002
[  170.714472] KGSL_DIAG  VSC[0x0c10]=0x665f5000
[  170.714480] KGSL_DIAG    vis-stream @0x665f5000:
[  170.714489] KGSL_DIAG      00001eca 00000000 00000000 00000000
[  170.714497] KGSL_DIAG      00000000 00000000 00000000 00000000
[  170.714510] KGSL_DIAG      00000000 00000000 00000000 00000000
[  170.714522] KGSL_DIAG      00000000 00000000 00000000 00000000
[  170.714535] KGSL_DIAG      00000000 00000000 00000000 00000000
[  170.714544] KGSL_DIAG      00000000 00000000 00000000 00000000
[  170.714557] KGSL_DIAG      00000000 00000000 00000000 00000000
[  170.714570] KGSL_DIAG      00000000 00000000 00000000 00000000
[  170.714580] KGSL_DIAG  VSC[0x0c11]=0x00040000
[  170.714589] KGSL_DIAG  VSC[0x0c12]=0x01100402
[  170.714598] KGSL_DIAG  VSC[0x0c13]=0x66635000
[  170.714606] KGSL_DIAG    vis-stream @0x66635000:
[  170.714615] KGSL_DIAG      000022d8 ff0e2818 ff0e2718 ff0f2718
[  170.714625] KGSL_DIAG      ff0e2919 ff0e2819 ff0f281a ff0f2819
[  170.714635] KGSL_DIAG      ff0e2718 ff0e2717 ff0e2717 ff0d2717
[  170.714645] KGSL_DIAG      ff0e2717 ff0e2716 ff0e2717 ff0e2718
[  170.714654] KGSL_DIAG      ff0d2618 ff0d2618 ff0d2619 ff0d2619
[  170.714663] KGSL_DIAG      ff0d2718 ff0d2718 ff0e2719 ff0d2719
[  170.714673] KGSL_DIAG      ff0c2619 ff0d2718 ff0e2718 ff0e2818
[  170.714685] KGSL_DIAG      ff0d2718 ff0d2718 ff0e2718 ff0d2818
[  170.714697] KGSL_DIAG  VSC[0x0c14]=0x00040000
[  170.714706] KGSL_DIAG  VSC[0x0c15]=0x01100003
[  170.714714] KGSL_DIAG  VSC[0x0c16]=0x66675000
[  170.714725] KGSL_DIAG    vis-stream @0x66675000:
[  170.714739] KGSL_DIAG      0000022d ff182d24 ff172d24 ff182d24
[  170.714748] KGSL_DIAG      ff192e25 ff182d25 ff172c25 ff172c25
[  170.714758] KGSL_DIAG      ff182d25 ff182d25 ff192e24 ff1a2e23
[  170.714767] KGSL_DIAG      ff172c25 ff172c25 ff172d24 ff182d24
[  170.714780] KGSL_DIAG      ff1b2e23 ff1c3124 ff1c3125 ff1b3225
[  170.714789] KGSL_DIAG      ff192e24 ff193024 ff193124 ff193125
[  170.714798] KGSL_DIAG      ff1b3226 ff1b3225 ff1d3325 ff1d3425
[  170.714812] KGSL_DIAG      ff1a3226 ff1b3226 ff1c3325 ff1c3425
[  170.714823] KGSL_DIAG  VSC[0x0c17]=0x00040000
[  170.714834] KGSL_DIAG  VSC[0x0c18]=0x01100004
[  170.714847] KGSL_DIAG  VSC[0x0c19]=0x666b5000
[  170.714856] KGSL_DIAG    vis-stream @0x666b5000:
[  170.714869] KGSL_DIAG      0000022d ff0a3121 ff0a3222 ff0a3323
[  170.714878] KGSL_DIAG      ff092f1e ff09301f ff093121 ff093122
[  170.714888] KGSL_DIAG      ff0a3323 ff093323 ff093523 ff093523
[  170.714899] KGSL_DIAG      ff083222 ff083322 ff083423 ff083423
[  170.714909] KGSL_DIAG      ff0a3624 ff0b3725 ff0c3826 ff0b3926
[  170.714918] KGSL_DIAG      ff093523 ff0b3623 ff0c3725 ff0d3926
[  170.714928] KGSL_DIAG      ff0c3a27 ff0d3a28 ff0e3b29 ff103c2a
[  170.714937] KGSL_DIAG      ff0c3927 ff0d3a28 ff0e3a29 ff103c29
[  170.714946] KGSL_DIAG  VSC[0x0c1a]=0x00040000
[  170.714958] KGSL_DIAG  VSC[0x0c1b]=0x01200403
[  170.714967] KGSL_DIAG  VSC[0x0c1c]=0x666f5000
[  170.714975] KGSL_DIAG    vis-stream @0x666f5000:
[  170.714987] KGSL_DIAG      0040042f ff000000 ff000000 ff000000
[  170.714996] KGSL_DIAG      ff000000 ff000000 ff000000 ff000000
[  170.715006] KGSL_DIAG      ff000000 ff000000 ff000000 ff000000
[  170.715015] KGSL_DIAG      ff000000 ff000000 ff000000 ff000000
[  170.715024] KGSL_DIAG      ff000000 ff000000 ff000000 ff000000
[  170.715037] KGSL_DIAG      ff000000 ff000000 ff000000 ff000000
[  170.715046] KGSL_DIAG      ff000000 ff000000 ff000000 ff000000
[  170.715056] KGSL_DIAG      ff000000 ff000000 ff000000 ff000000
[  170.715069] KGSL_DIAG  VSC[0x0c1d]=0x00040000
[  170.715077] KGSL_DIAG ==== end ts=10003 ====
[  170.715254] KGSL_DIAG ISSUEIBCMDS pid=3469 ts=10005 numibs=1 dwords=157 draws=4 bins=0
[  170.715305] KGSL_DIAG ISSUEIBCMDS pid=3469 ts=10007 numibs=1 dwords=150 draws=4 bins=0
[  170.715350] KGSL_DIAG ISSUEIBCMDS pid=3469 ts=10009 numibs=1 dwords=150 draws=4 bins=0
[  170.715401] KGSL_DIAG ISSUEIBCMDS pid=3469 ts=10011 numibs=1 dwords=150 draws=4 bins=0
[  170.715447] KGSL_DIAG ISSUEIBCMDS pid=3469 ts=10013 numibs=1 dwords=150 draws=4 bins=0
[  170.715498] KGSL_DIAG ISSUEIBCMDS pid=3469 ts=10015 numibs=1 dwords=150 draws=4 bins=0
[  170.715551] KGSL_DIAG ISSUEIBCMDS pid=3469 ts=10017 numibs=1 dwords=150 draws=4 bins=0
[  170.715598] KGSL_DIAG ISSUEIBCMDS pid=3469 ts=10019 numibs=1 dwords=150 draws=4 bins=0
[  170.715638] KGSL_DIAG ISSUEIBCMDS pid=3469 ts=10021 numibs=1 dwords=150 draws=4 bins=0
[  170.715678] KGSL_DIAG ISSUEIBCMDS pid=3469 ts=10023 numibs=1 dwords=150 draws=4 bins=0
[  170.715712] KGSL_DIAG ISSUEIBCMDS pid=3469 ts=10025 numibs=1 dwords=2 draws=0 bins=0
[  170.729146] KGSL_DIAG ISSUEIBCMDS pid=3469 ts=10027 numibs=1 dwords=300 draws=1 bins=0
[  170.729160] KGSL_DIAG IB 0x660a5794 dwords=300 depth=0
[  170.729170] KGSL_DIAG  +0000 T3 op=0x2d cnt=5 hdr=c0042d00
[  170.729181] KGSL_DIAG      0004010f 44000000 44000200 c3c00000
[  170.729191] KGSL_DIAG      43c00400 00000000 00000000 00000000
[  170.729201] KGSL_DIAG  +0018 T3 op=0x2d cnt=3 hdr=c0022d00
[  170.729211] KGSL_DIAG      0001009c 660b4003 00000030 00000000
[  170.729221] KGSL_DIAG  +0028 T3 op=0x2b cnt=17 hdr=c0102b00
[  170.729231] KGSL_DIAG      00000000 0000000f 00031003 00001000
[  170.729240] KGSL_DIAG      c2000000 00001004 00001000 c4000000
[  170.729251] KGSL_DIAG      00000005 00002000 00000000 19a81000
[  170.729260] KGSL_DIAG      00390a88 0000000c 140f803e 00000000
[  170.729270] KGSL_DIAG      e2010100 00000000 00000000 00000000
[  170.729280] KGSL_DIAG  +0070 T3 op=0x2d cnt=2 hdr=c0012d00
[  170.729289] KGSL_DIAG      00040316 0000028f 00000000 00000000
[  170.729299] KGSL_DIAG  +007c T3 op=0x2d cnt=2 hdr=c0012d00
[  170.729308] KGSL_DIAG      00040180 10038001 00000000 00000000
[  170.729318] KGSL_DIAG  +0088 T3 op=0x2d cnt=37 hdr=c0242d00
[  170.729328] KGSL_DIAG      00000080 3d8e72ca 00000000 3f7f6148
[  170.729337] KGSL_DIAG      00000000 00000000 3f800000 00000000
[  170.729347] KGSL_DIAG      00000000 bf7f6148 00000000 3d8e72ca
[  170.729357] KGSL_DIAG      00000000 00000000 00000000 bf800000
[  170.729366] KGSL_DIAG      3f800000 3fb6cd8d 00000000 00000000
[  170.729375] KGSL_DIAG      00000000 00000000 3ff3bcbc 00000000
[  170.729385] KGSL_DIAG      00000000 00000000 00000000 bf8020c9
[  170.729395] KGSL_DIAG      bf800000 00000000 00000000 be4ce707
[  170.729404] KGSL_DIAG      00000000 3f800000 00000000 00000000
[  170.729413] KGSL_DIAG      00000000 00000000 00000000 00000000
[  170.729423] KGSL_DIAG  +0120 T0 reg=0x0e00 cnt=1
[  170.729432] KGSL_DIAG  +0128 T3 op=0x2d cnt=4 hdr=c0032d00
[  170.729441] KGSL_DIAG      00040000 00000100 00000205 00000000
[  170.729451] KGSL_DIAG  +013c T3 op=0x2d cnt=2 hdr=c0012d00
[  170.729461] KGSL_DIAG      00040301 00000000 00000000 00000000
[  170.729471] KGSL_DIAG  +0148 T3 op=0x2d cnt=2 hdr=c0012d00
[  170.729481] KGSL_DIAG      0004020a 88888888 00000000 00000000
[  170.729490] KGSL_DIAG  +0154 T3 op=0x2d cnt=7 hdr=c0062d00
[  170.729500] KGSL_DIAG      0004010f 44000000 44000200 c3c00000
[  170.729510] KGSL_DIAG      43c00400 3efffee0 3efffee0 00000000
[  170.729520] KGSL_DIAG  +0174 T3 op=0x2d cnt=2 hdr=c0012d00
[  170.729529] KGSL_DIAG      00040206 0000043f 00000000 00000000
[  170.729539] KGSL_DIAG  +0180 T3 op=0x2d cnt=5 hdr=c0042d00
[  170.729549] KGSL_DIAG      00040303 411aaaab 3f800000 40e00000
[  170.729558] KGSL_DIAG      3f800000 00000000 00000000 00000000
[  170.729568] KGSL_DIAG  +0198 T3 op=0x2d cnt=2 hdr=c0012d00
[  170.729578] KGSL_DIAG      00040302 00000001 00000000 00000000
[  170.729588] KGSL_DIAG  +01a4 T3 op=0x2d cnt=2 hdr=c0012d00
[  170.729598] KGSL_DIAG      00040205 00080002 00000000 00000000
[  170.729607] KGSL_DIAG  +01b0 T3 op=0x26 cnt=1 hdr=c0002600
[  170.729616] KGSL_DIAG      00000000 00000000 00000000 00000000
[  170.729626] KGSL_DIAG  +01b8 T3 op=0x2d cnt=2 hdr=c0012d00
[  170.729636] KGSL_DIAG      00040200 00700798 00000000 00000000
[  170.729646] KGSL_DIAG  +01c4 T3 op=0x2d cnt=3 hdr=c0022d00
[  170.729655] KGSL_DIAG      00040081 80000000 03000400 00000000
[  170.729665] KGSL_DIAG  +01d4 T3 op=0x2d cnt=3 hdr=c0022d00
[  170.729675] KGSL_DIAG      0004000e 00000000 03000400 00000000
[  170.729684] KGSL_DIAG  +01e4 T3 op=0x2d cnt=17 hdr=c0102d00
[  170.729694] KGSL_DIAG      00000090 3fb6cd8d 00000000 00000000
[  170.729703] KGSL_DIAG      00000000 00000000 3ff3bcbc 00000000
[  170.729713] KGSL_DIAG      00000000 00000000 00000000 bf8020c9
[  170.729722] KGSL_DIAG      bf800000 00000000 00000000 be4ce707
[  170.729732] KGSL_DIAG      00000000 00000000 00000000 00000000
[  170.729741] KGSL_DIAG  +022c T3 op=0x2d cnt=17 hdr=c0102d00
[  170.729751] KGSL_DIAG      00000080 3daf1e32 00000000 3f7f0ffb
[  170.729760] KGSL_DIAG      00000000 00000000 3f800000 00000000
[  170.729770] KGSL_DIAG      00000000 bf7f0ffb 00000000 3daf1e32
[  170.729779] KGSL_DIAG      00000000 00000000 00000000 bf800000
[  170.729789] KGSL_DIAG      3f800000 00000000 00000000 00000000
[  170.729799] KGSL_DIAG  +0274 T3 op=0x2d cnt=5 hdr=c0042d00
[  170.729809] KGSL_DIAG      0004010f 44000000 44000200 c3c00000
[  170.729818] KGSL_DIAG      43c00400 00000000 00000000 00000000
[  170.729828] KGSL_DIAG  +028c T3 op=0x2d cnt=5 hdr=c0042d00
[  170.729838] KGSL_DIAG      000000a0 3f800000 00000000 00000000
[  170.729847] KGSL_DIAG      00000000 00000000 00000000 00000000
[  170.729857] KGSL_DIAG  +02a4 T3 op=0x2d cnt=7 hdr=c0062d00
[  170.729867] KGSL_DIAG      00010078 6676e3a3 000000a0 6676e3a3
[  170.729876] KGSL_DIAG      000000a0 2ac7e964 7e807c80 00000000
[  170.729886] KGSL_DIAG  +02c4 T3 op=0x2b cnt=38 hdr=c0252b00
[  170.729896] KGSL_DIAG      00000000 00000024 00256003 20091000
[  170.729906] KGSL_DIAG      10000000 00000000 100bc200 10000000
[  170.729916] KGSL_DIAG      00000000 000cc400 20000000 1b480000
[  170.729926] KGSL_DIAG      00391fff 0000000c 11481000 40393e88
[  170.729935] KGSL_DIAG      0000000c 140f0000 00c60000 8b010203
[  170.729946] KGSL_DIAG      140f0000 00b10000 ab010100 140f0000
[  170.730035] KGSL_DIAG      006c0000 ab010000 140f0001 001b0000
[  170.730045] KGSL_DIAG      a1000700 140f0001 00c60000 ab000601
[  170.730055] KGSL_DIAG      140f0001 00b10000 ab000501 140f803e
[  170.730065] KGSL_DIAG      006c0000 ab000401 00000000 00000000
[  170.730075] KGSL_DIAG  +0360 T3 op=0x2d cnt=2 hdr=c0012d00
[  170.730085] KGSL_DIAG      00040316 0000028f 00000000 00000000
[  170.730095] KGSL_DIAG  +036c T3 op=0x2d cnt=2 hdr=c0012d00
[  170.730104] KGSL_DIAG      00040180 10018201 00000000 00000000
[  170.730115] KGSL_DIAG  +0378 T3 op=0x26 cnt=1 hdr=c0002600
[  170.730124] KGSL_DIAG      00000000 00000000 00000000 00000000
[  170.730134] KGSL_DIAG  +0380 T3 op=0x2d cnt=4 hdr=c0032d00
[  170.730143] KGSL_DIAG      00040000 00000100 00000205 00000000
[  170.730153] KGSL_DIAG  +0394 T3 op=0x2d cnt=2 hdr=c0012d00
[  170.730162] KGSL_DIAG      00040301 00000000 00000000 00000000
[  170.730172] KGSL_DIAG  +03a0 T3 op=0x2d cnt=2 hdr=c0012d00
[  170.730182] KGSL_DIAG      0004020a 88888888 00000000 00000000
[  170.730192] KGSL_DIAG  +03ac T3 op=0x2d cnt=7 hdr=c0062d00
[  170.730201] KGSL_DIAG      0004010f 44000000 44000200 c3c00000
[  170.730211] KGSL_DIAG      43c00400 3efffee0 3efffee0 00000000
[  170.730221] KGSL_DIAG  +03cc T3 op=0x2d cnt=2 hdr=c0012d00
[  170.730231] KGSL_DIAG      00040206 0000043f 00000000 00000000
[  170.730242] KGSL_DIAG  +03d8 T3 op=0x2d cnt=5 hdr=c0042d00
[  170.730251] KGSL_DIAG      00040303 411aaaab 3f800000 40e00000
[  170.730261] KGSL_DIAG      3f800000 00000000 00000000 00000000
[  170.730270] KGSL_DIAG  +03f0 T3 op=0x2d cnt=2 hdr=c0012d00
[  170.730280] KGSL_DIAG      00040302 00000001 00000000 00000000
[  170.730290] KGSL_DIAG  +03fc T3 op=0x2d cnt=2 hdr=c0012d00
[  170.730299] KGSL_DIAG      00040205 00080002 00000000 00000000
[  170.730309] KGSL_DIAG  +0408 T3 op=0x26 cnt=1 hdr=c0002600
[  170.730318] KGSL_DIAG      00000000 00000000 00000000 00000000
[  170.730328] KGSL_DIAG  +0410 T3 op=0x2d cnt=2 hdr=c0012d00
[  170.730337] KGSL_DIAG      00040200 00700798 00000000 00000000
[  170.730347] KGSL_DIAG  +041c T3 op=0x2d cnt=3 hdr=c0022d00
[  170.730357] KGSL_DIAG      00040081 80000000 03000400 00000000
[  170.730368] KGSL_DIAG  +042c T3 op=0x2d cnt=3 hdr=c0022d00
[  170.730377] KGSL_DIAG      0004000e 00000000 03000400 00000000
[  170.730387] KGSL_DIAG  +043c T0 reg=0x0c00 cnt=1
[  170.730396] KGSL_DIAG  +0444 T3 op=0x2d cnt=2 hdr=c0012d00
[  170.730405] KGSL_DIAG      00040209 00000003 00000000 00000000
[  170.730415] KGSL_DIAG  +0450 T3 op=0x26 cnt=1 hdr=c0002600
[  170.730424] KGSL_DIAG      00000000 00000000 00000000 00000000
[  170.730433] KGSL_DIAG  +0458 T0 reg=0x0d00 cnt=1
[  170.730442] KGSL_DIAG  +0460 T3 op=0x22 cnt=5 hdr=c0042200
[  170.730453] KGSL_DIAG      00000000 00004004 0000003c 6676e440
[  170.730462] KGSL_DIAG      00000078 00000000 00000000 00000000
[  170.730473] KGSL_DIAG  +0478 T3 op=0x2d cnt=2 hdr=c0012d00
[  170.730482] KGSL_DIAG      00040209 00000000 00000000 00000000
[  170.730491] KGSL_DIAG  +0484 T0 reg=0x0c00 cnt=1
[  170.730500] KGSL_DIAG  +048c T3 op=0x46 cnt=1 hdr=c0004600
[  170.730510] KGSL_DIAG      00000006 00000000 00000000 00000000
[  170.730519] KGSL_DIAG  +0494 T3 op=0x52 cnt=4 hdr=c0035200
[  170.730529] KGSL_DIAG      000005d0 00000000 5f601000 00000001
[  170.730539] KGSL_DIAG  +04a8 T3 op=0x26 cnt=1 hdr=c0002600
[  170.730548] KGSL_DIAG      00000000 00000000 00000000 00000000
[  170.730571] kgsl kgsl: |kgsl_yamato_rbbm_intrcallback| rbbm read error interrupt: c00005fc
[  170.730614] KGSL_DIAG  RBBM_STATUS=0x00000000
[  170.730622] KGSL_DIAG  CYCLECTR[0x0ee2]=0x15030302
[  170.730630] KGSL_DIAG  LRZ_VSC_CONTROL[0x2209]=0x00000000
[  170.730638] KGSL_DIAG  SQ_GPR_MANAGEMENT[0x0d00]=0x0007f010
[  170.730655] kgsl kgsl: |kgsl_yamato_rbbm_intrcallback| rbbm read error interrupt: c0003000
[  170.730668] KGSL_DIAG  VSC[0x0c00]=0x00000000
[  170.730676] KGSL_DIAG  VSC[0x0c01]=0x00000187
[  170.730685] KGSL_DIAG  VSC[0x0c02]=0x660b4080
[  170.730693] KGSL_DIAG    vis-stream @0x660b4080:
[  170.730701] KGSL_DIAG      00000004 00000004 00000004 00000004
[  170.730710] KGSL_DIAG      00000004 00000004 00000004 00000004
[  170.730719] KGSL_DIAG      00000000 00000000 00000000 00000000
[  170.730727] KGSL_DIAG      00000000 00000000 00000000 00000000
[  170.730736] KGSL_DIAG      00000000 00000000 00000000 00000000
[  170.730745] KGSL_DIAG      00000000 00000000 00000000 00000000
[  170.730754] KGSL_DIAG      00000000 00000000 00000000 00000000
[  170.730762] KGSL_DIAG      00000000 00000000 00000000 00000000
[  170.730771] KGSL_DIAG  VSC[0x0c03]=0x00000000
[  170.730779] KGSL_DIAG  VSC[0x0c04]=0x00000000
[  170.730787] KGSL_DIAG  VSC[0x0c05]=0x00000000
[  170.730795] KGSL_DIAG  VSC[0x0c06]=0x01100000
[  170.730803] KGSL_DIAG  VSC[0x0c07]=0x660b5000
[  170.730811] KGSL_DIAG    vis-stream @0x660b5000:
[  170.730820] KGSL_DIAG      00c0c3e7 00000002 7f000000 bade3000
[  170.730829] KGSL_DIAG      806b583c 00000000 00000015 00000000
[  170.730839] KGSL_DIAG      be2b9180 be2b9180 00000000 f5be4144
[  170.730848] KGSL_DIAG      00000015 84340500 b9503f64 b9503f08
[  170.730857] KGSL_DIAG      804b35d4 00000000 00000000 00000000
[  170.730866] KGSL_DIAG      00000000 00000000 01010000 00000000
[  170.730874] KGSL_DIAG      2acff930 00000000 00000000 00000000
[  170.730883] KGSL_DIAG      00000000 00000000 00000000 00000000
[  170.730892] KGSL_DIAG  VSC[0x0c08]=0x00040000
[  170.730901] KGSL_DIAG  VSC[0x0c09]=0x01100001
[  170.730909] KGSL_DIAG  VSC[0x0c0a]=0x66575000
[  170.730917] KGSL_DIAG    vis-stream @0x66575000:
[  170.730926] KGSL_DIAG      00c0c3e7 00000000 00000000 00000000
[  170.730934] KGSL_DIAG      00000000 00000000 00000000 00000000
[  170.730943] KGSL_DIAG      00000000 00000000 00000000 00000000
[  170.730952] KGSL_DIAG      00000000 00000000 00000000 00000000
[  170.730960] KGSL_DIAG      00000000 00000000 00000000 00000000
[  170.730969] KGSL_DIAG      00000000 00000000 00000000 00000000
[  170.730978] KGSL_DIAG      00000000 00000000 00000000 00000000
[  170.730986] KGSL_DIAG      00000000 00000000 00000000 00000000
[  170.730995] KGSL_DIAG  VSC[0x0c0b]=0x00040000
[  170.731004] KGSL_DIAG  VSC[0x0c0c]=0x01200400
[  170.731013] KGSL_DIAG  VSC[0x0c0d]=0x665b5000
[  170.731021] KGSL_DIAG    vis-stream @0x665b5000:
[  170.731030] KGSL_DIAG      000012e8 000000c0 ff000000 ff000000
[  170.731039] KGSL_DIAG      ff000000 ff000000 ff000000 ff000000
[  170.731048] KGSL_DIAG      ff000000 ff000000 ff000000 ff000000
[  170.731057] KGSL_DIAG      ff000000 ff000000 ff000000 ff000000
[  170.731067] KGSL_DIAG      ff000000 ff000000 ff000000 ff000000
[  170.731076] KGSL_DIAG      ff000000 ff000000 ff000000 ff000000
[  170.731086] KGSL_DIAG      ff000000 ff000000 ff000000 ff000000
[  170.731095] KGSL_DIAG      ff000000 ff000000 ff000000 ff000000
[  170.731104] KGSL_DIAG  VSC[0x0c0e]=0x00040000
[  170.731112] KGSL_DIAG  VSC[0x0c0f]=0x01100002
[  170.731121] KGSL_DIAG  VSC[0x0c10]=0x665f5000
[  170.731129] KGSL_DIAG    vis-stream @0x665f5000:
[  170.731137] KGSL_DIAG      00001eca 00000000 00000000 00000000
[  170.731146] KGSL_DIAG      00000000 00000000 00000000 00000000
[  170.731154] KGSL_DIAG      00000000 00000000 00000000 00000000
[  170.731163] KGSL_DIAG      00000000 00000000 00000000 00000000
[  170.731172] KGSL_DIAG      00000000 00000000 00000000 00000000
[  170.731180] KGSL_DIAG      00000000 00000000 00000000 00000000
[  170.731189] KGSL_DIAG      00000000 00000000 00000000 00000000
[  170.731198] KGSL_DIAG      00000000 00000000 00000000 00000000
[  170.731207] KGSL_DIAG  VSC[0x0c11]=0x00040000
[  170.731215] KGSL_DIAG  VSC[0x0c12]=0x01100402
[  170.731224] KGSL_DIAG  VSC[0x0c13]=0x66635000
[  170.731232] KGSL_DIAG    vis-stream @0x66635000:
[  170.731242] KGSL_DIAG      000022d8 ff0e2818 ff0e2718 ff0f2718
[  170.731251] KGSL_DIAG      ff0e2919 ff0e2819 ff0f281a ff0f2819
[  170.731260] KGSL_DIAG      ff0e2718 ff0e2717 ff0e2717 ff0d2717
[  170.731269] KGSL_DIAG      ff0e2717 ff0e2716 ff0e2717 ff0e2718
[  170.731279] KGSL_DIAG      ff0d2618 ff0d2618 ff0d2619 ff0d2619
[  170.731288] KGSL_DIAG      ff0d2718 ff0d2718 ff0e2719 ff0d2719
[  170.731297] KGSL_DIAG      ff0c2619 ff0d2718 ff0e2718 ff0e2818
[  170.731307] KGSL_DIAG      ff0d2718 ff0d2718 ff0e2718 ff0d2818
[  170.731316] KGSL_DIAG  VSC[0x0c14]=0x00040000
[  170.731325] KGSL_DIAG  VSC[0x0c15]=0x01100003
[  170.731333] KGSL_DIAG  VSC[0x0c16]=0x66675000
[  170.731341] KGSL_DIAG    vis-stream @0x66675000:
[  170.731350] KGSL_DIAG      0000022d ff182d24 ff172d24 ff182d24
[  170.731359] KGSL_DIAG      ff192e25 ff182d25 ff172c25 ff172c25
[  170.731369] KGSL_DIAG      ff182d25 ff182d25 ff192e24 ff1a2e23
[  170.731378] KGSL_DIAG      ff172c25 ff172c25 ff172d24 ff182d24
[  170.731387] KGSL_DIAG      ff1b2e23 ff1c3124 ff1c3125 ff1b3225
[  170.731397] KGSL_DIAG      ff192e24 ff193024 ff193124 ff193125
[  170.731406] KGSL_DIAG      ff1b3226 ff1b3225 ff1d3325 ff1d3425
[  170.731415] KGSL_DIAG      ff1a3226 ff1b3226 ff1c3325 ff1c3425
[  170.731424] KGSL_DIAG  VSC[0x0c17]=0x00040000
[  170.731433] KGSL_DIAG  VSC[0x0c18]=0x01100004
[  170.731441] KGSL_DIAG  VSC[0x0c19]=0x666b5000
[  170.731449] KGSL_DIAG    vis-stream @0x666b5000:
[  170.731458] KGSL_DIAG      0000022d ff0a3121 ff0a3222 ff0a3323
[  170.731467] KGSL_DIAG      ff092f1e ff09301f ff093121 ff093122
[  170.731477] KGSL_DIAG      ff0a3323 ff093323 ff093523 ff093523
[  170.731486] KGSL_DIAG      ff083222 ff083322 ff083423 ff083423
[  170.731495] KGSL_DIAG      ff0a3624 ff0b3725 ff0c3826 ff0b3926
[  170.731505] KGSL_DIAG      ff093523 ff0b3623 ff0c3725 ff0d3926
[  170.731514] KGSL_DIAG      ff0c3a27 ff0d3a28 ff0e3b29 ff103c2a
[  170.731523] KGSL_DIAG      ff0c3927 ff0d3a28 ff0e3a29 ff103c29
[  170.731532] KGSL_DIAG  VSC[0x0c1a]=0x00040000
[  170.731541] KGSL_DIAG  VSC[0x0c1b]=0x01200403
[  170.731549] KGSL_DIAG  VSC[0x0c1c]=0x666f5000
[  170.731557] KGSL_DIAG    vis-stream @0x666f5000:
[  170.731566] KGSL_DIAG      0040042f ff000000 ff000000 ff000000
[  170.731575] KGSL_DIAG      ff000000 ff000000 ff000000 ff000000
[  170.731585] KGSL_DIAG      ff000000 ff000000 ff000000 ff000000
[  170.731594] KGSL_DIAG      ff000000 ff000000 ff000000 ff000000
[  170.731603] KGSL_DIAG      ff000000 ff000000 ff000000 ff000000
[  170.731613] KGSL_DIAG      ff000000 ff000000 ff000000 ff000000
[  170.731622] KGSL_DIAG      ff000000 ff000000 ff000000 ff000000
[  170.731631] KGSL_DIAG      ff000000 ff000000 ff000000 ff000000
[  170.731640] KGSL_DIAG  VSC[0x0c1d]=0x00040000
[  170.731648] KGSL_DIAG ==== end ts=10027 ====
[  170.731824] KGSL_DIAG ISSUEIBCMDS pid=3469 ts=10029 numibs=1 dwords=157 draws=4 bins=0
[  170.731874] KGSL_DIAG ISSUEIBCMDS pid=3469 ts=10031 numibs=1 dwords=150 draws=4 bins=0
[  170.731917] KGSL_DIAG ISSUEIBCMDS pid=3469 ts=10033 numibs=1 dwords=150 draws=4 bins=0
[  170.731967] KGSL_DIAG ISSUEIBCMDS pid=3469 ts=10035 numibs=1 dwords=150 draws=4 bins=0
[  170.732019] KGSL_DIAG ISSUEIBCMDS pid=3469 ts=10037 numibs=1 dwords=150 draws=4 bins=0
[  170.732072] KGSL_DIAG ISSUEIBCMDS pid=3469 ts=10039 numibs=1 dwords=150 draws=4 bins=0
[  170.732123] KGSL_DIAG ISSUEIBCMDS pid=3469 ts=10041 numibs=1 dwords=150 draws=4 bins=0
[  170.732168] KGSL_DIAG ISSUEIBCMDS pid=3469 ts=10043 numibs=1 dwords=150 draws=4 bins=0
[  170.732209] KGSL_DIAG ISSUEIBCMDS pid=3469 ts=10045 numibs=1 dwords=150 draws=4 bins=0
[  170.732249] KGSL_DIAG ISSUEIBCMDS pid=3469 ts=10047 numibs=1 dwords=150 draws=4 bins=0
[  170.732283] KGSL_DIAG ISSUEIBCMDS pid=3469 ts=10049 numibs=1 dwords=2 draws=0 bins=0
[  170.806661] LM8502-DBG: read reg 0x28 -> 0x00 (i2c_transfer ret=2)
[  170.812343] LM8502-DBG: read reg 0x00 -> 0x40 (i2c_transfer ret=2)
[  170.812754] LM8502-DBG: write reg 0x00 = 0x40 (i2c_transfer ret=1)
[  170.815610] LM8502-DBG: read reg 0x01 -> 0x20 (i2c_transfer ret=2)
[  170.827393] LM8502-DBG: write reg 0x01 = 0x00 (i2c_transfer ret=1)
[  170.843093] LM8502-DBG: read reg 0x00 -> 0x40 (i2c_transfer ret=2)
[  170.843453] LM8502-DBG: write reg 0x00 = 0x40 (i2c_transfer ret=1)
[  170.843896] LM8502-DBG: read reg 0x01 -> 0x00 (i2c_transfer ret=2)
[  170.844237] LM8502-DBG: write reg 0x01 = 0x00 (i2c_transfer ret=1)
[  170.862993] LM8502-DBG: read reg 0x00 -> 0x40 (i2c_transfer ret=2)
[  170.863335] LM8502-DBG: write reg 0x00 = 0x40 (i2c_transfer ret=1)
[  170.863776] LM8502-DBG: read reg 0x01 -> 0x00 (i2c_transfer ret=2)
[  170.864106] LM8502-DBG: write reg 0x01 = 0x00 (i2c_transfer ret=1)
[  170.870343] LM8502-DBG: write reg 0x37 = 0x00 (i2c_transfer ret=1)
[  170.872572] LM8502-DBG: write reg 0x4c = 0x00 (i2c_transfer ret=1)
[  170.872923] LM8502-DBG: write reg 0x4f = 0x00 (i2c_transfer ret=1)
[  170.873364] LM8502-DBG: read reg 0x01 -> 0x00 (i2c_transfer ret=2)
[  170.873704] LM8502-DBG: write reg 0x01 = 0x10 (i2c_transfer ret=1)
[  170.874039] LM8502-DBG: write reg 0x4f = 0x00 (i2c_transfer ret=1)
[  170.874422] LM8502-DBG: write reg 0x50 = 0x9c (i2c_transfer ret=1)
[  170.874753] LM8502-DBG: write reg 0x51 = 0x0e (i2c_transfer ret=1)
[  170.875090] LM8502-DBG: write reg 0x52 = 0x9c (i2c_transfer ret=1)
[  170.875420] LM8502-DBG: write reg 0x53 = 0x8f (i2c_transfer ret=1)
[  170.875754] LM8502-DBG: write reg 0x54 = 0x03 (i2c_transfer ret=1)
[  170.876086] LM8502-DBG: write reg 0x55 = 0xff (i2c_transfer ret=1)
[  170.876423] LM8502-DBG: write reg 0x56 = 0x9d (i2c_transfer ret=1)
[  170.876755] LM8502-DBG: write reg 0x57 = 0x80 (i2c_transfer ret=1)
[  170.877084] LM8502-DBG: write reg 0x58 = 0x40 (i2c_transfer ret=1)
[  170.877417] LM8502-DBG: write reg 0x59 = 0x00 (i2c_transfer ret=1)
[  170.877746] LM8502-DBG: write reg 0x5a = 0x7c (i2c_transfer ret=1)
[  170.878075] LM8502-DBG: write reg 0x5b = 0x00 (i2c_transfer ret=1)
[  170.878406] LM8502-DBG: write reg 0x5c = 0xc0 (i2c_transfer ret=1)
[  170.878798] LM8502-DBG: write reg 0x5d = 0x00 (i2c_transfer ret=1)
[  170.879136] LM8502-DBG: write reg 0x5e = 0x00 (i2c_transfer ret=1)
[  170.879475] LM8502-DBG: write reg 0x5f = 0x00 (i2c_transfer ret=1)
[  170.879807] LM8502-DBG: write reg 0x60 = 0x00 (i2c_transfer ret=1)
[  170.880156] LM8502-DBG: write reg 0x61 = 0x00 (i2c_transfer ret=1)
[  170.886003] LM8502-DBG: write reg 0x62 = 0x00 (i2c_transfer ret=1)
[  170.887892] LM8502-DBG: write reg 0x63 = 0x00 (i2c_transfer ret=1)
[  170.888245] LM8502-DBG: write reg 0x64 = 0x00 (i2c_transfer ret=1)
[  170.888576] LM8502-DBG: write reg 0x65 = 0x00 (i2c_transfer ret=1)
[  170.888924] LM8502-DBG: write reg 0x66 = 0x00 (i2c_transfer ret=1)
[  170.889257] LM8502-DBG: write reg 0x67 = 0x00 (i2c_transfer ret=1)
[  170.889607] LM8502-DBG: write reg 0x68 = 0x00 (i2c_transfer ret=1)
[  170.889938] LM8502-DBG: write reg 0x69 = 0x00 (i2c_transfer ret=1)
[  170.890274] LM8502-DBG: write reg 0x6a = 0x00 (i2c_transfer ret=1)
[  170.890676] LM8502-DBG: write reg 0x6b = 0x00 (i2c_transfer ret=1)
[  170.891006] LM8502-DBG: write reg 0x6c = 0x00 (i2c_transfer ret=1)
[  170.891335] LM8502-DBG: write reg 0x6d = 0x00 (i2c_transfer ret=1)
[  170.891667] LM8502-DBG: write reg 0x6e = 0x00 (i2c_transfer ret=1)
[  170.891999] LM8502-DBG: write reg 0x6f = 0x07 (i2c_transfer ret=1)
[  170.892434] LM8502-DBG: read reg 0x00 -> 0x40 (i2c_transfer ret=2)
[  170.892872] LM8502-DBG: write reg 0x00 = 0x60 (i2c_transfer ret=1)
[  170.893330] LM8502-DBG: read reg 0x01 -> 0x10 (i2c_transfer ret=2)
[  170.893660] LM8502-DBG: write reg 0x01 = 0x20 (i2c_transfer ret=1)
[  170.919712] LM8502-DBG: read reg 0x00 -> 0x60 (i2c_transfer ret=2)
[  170.920052] LM8502-DBG: write reg 0x00 = 0x40 (i2c_transfer ret=1)
[  170.920498] LM8502-DBG: read reg 0x01 -> 0x20 (i2c_transfer ret=2)
[  170.920832] LM8502-DBG: write reg 0x01 = 0x00 (i2c_transfer ret=1)
[  170.943008] LM8502-DBG: read reg 0x00 -> 0x40 (i2c_transfer ret=2)
[  170.943344] LM8502-DBG: write reg 0x00 = 0x40 (i2c_transfer ret=1)
[  170.943780] LM8502-DBG: read reg 0x01 -> 0x00 (i2c_transfer ret=2)
[  170.944114] LM8502-DBG: write reg 0x01 = 0x00 (i2c_transfer ret=1)
[  170.967634] LM8502-DBG: read reg 0x00 -> 0x40 (i2c_transfer ret=2)
[  170.968067] LM8502-DBG: write reg 0x00 = 0x40 (i2c_transfer ret=1)
[  170.968536] LM8502-DBG: read reg 0x01 -> 0x00 (i2c_transfer ret=2)
[  170.968867] LM8502-DBG: write reg 0x01 = 0x00 (i2c_transfer ret=1)
[  170.969205] LM8502-DBG: write reg 0x37 = 0x00 (i2c_transfer ret=1)
[  170.969542] LM8502-DBG: write reg 0x4c = 0x00 (i2c_transfer ret=1)
[  170.969876] LM8502-DBG: write reg 0x4f = 0x00 (i2c_transfer ret=1)
[  170.970340] LM8502-DBG: read reg 0x01 -> 0x00 (i2c_transfer ret=2)
[  170.970681] LM8502-DBG: write reg 0x01 = 0x10 (i2c_transfer ret=1)
[  170.971023] LM8502-DBG: write reg 0x4f = 0x00 (i2c_transfer ret=1)
[  170.971356] LM8502-DBG: write reg 0x50 = 0x9c (i2c_transfer ret=1)
[  170.971685] LM8502-DBG: write reg 0x51 = 0x0e (i2c_transfer ret=1)
[  170.972017] LM8502-DBG: write reg 0x52 = 0x9c (i2c_transfer ret=1)
[  170.972351] LM8502-DBG: write reg 0x53 = 0x8f (i2c_transfer ret=1)
[  170.972687] LM8502-DBG: write reg 0x54 = 0x03 (i2c_transfer ret=1)
[  170.973020] LM8502-DBG: write reg 0x55 = 0xff (i2c_transfer ret=1)
[  170.973350] LM8502-DBG: write reg 0x56 = 0x9d (i2c_transfer ret=1)
[  170.973687] LM8502-DBG: write reg 0x57 = 0x80 (i2c_transfer ret=1)
[  170.974019] LM8502-DBG: write reg 0x58 = 0x40 (i2c_transfer ret=1)
[  170.974350] LM8502-DBG: write reg 0x59 = 0x00 (i2c_transfer ret=1)
[  170.974685] LM8502-DBG: write reg 0x5a = 0x7c (i2c_transfer ret=1)
[  170.975012] LM8502-DBG: write reg 0x5b = 0x00 (i2c_transfer ret=1)
[  170.975342] LM8502-DBG: write reg 0x5c = 0xc0 (i2c_transfer ret=1)
[  170.975683] LM8502-DBG: write reg 0x5d = 0x00 (i2c_transfer ret=1)
[  170.976011] LM8502-DBG: write reg 0x5e = 0x00 (i2c_transfer ret=1)
[  170.976339] LM8502-DBG: write reg 0x5f = 0x00 (i2c_transfer ret=1)
[  170.982240] LM8502-DBG: write reg 0x60 = 0x00 (i2c_transfer ret=1)
[  170.984167] LM8502-DBG: write reg 0x61 = 0x00 (i2c_transfer ret=1)
[  170.984522] LM8502-DBG: write reg 0x62 = 0x00 (i2c_transfer ret=1)
[  170.984872] LM8502-DBG: write reg 0x63 = 0x00 (i2c_transfer ret=1)
[  170.985219] LM8502-DBG: write reg 0x64 = 0x00 (i2c_transfer ret=1)
[  170.985568] LM8502-DBG: write reg 0x65 = 0x00 (i2c_transfer ret=1)
[  170.985914] LM8502-DBG: write reg 0x66 = 0x00 (i2c_transfer ret=1)
[  170.986263] LM8502-DBG: write reg 0x67 = 0x00 (i2c_transfer ret=1)
[  170.986608] LM8502-DBG: write reg 0x68 = 0x00 (i2c_transfer ret=1)
[  170.986957] LM8502-DBG: write reg 0x69 = 0x00 (i2c_transfer ret=1)
[  170.987306] LM8502-DBG: write reg 0x6a = 0x00 (i2c_transfer ret=1)
[  170.987653] LM8502-DBG: write reg 0x6b = 0x00 (i2c_transfer ret=1)
[  170.987998] LM8502-DBG: write reg 0x6c = 0x00 (i2c_transfer ret=1)
[  170.988347] LM8502-DBG: write reg 0x6d = 0x00 (i2c_transfer ret=1)
[  170.988697] LM8502-DBG: write reg 0x6e = 0x00 (i2c_transfer ret=1)
[  170.989046] LM8502-DBG: write reg 0x6f = 0x07 (i2c_transfer ret=1)
[  170.989501] LM8502-DBG: read reg 0x00 -> 0x40 (i2c_transfer ret=2)
[  170.989874] LM8502-DBG: write reg 0x00 = 0x60 (i2c_transfer ret=1)
[  170.990336] LM8502-DBG: read reg 0x01 -> 0x10 (i2c_transfer ret=2)
[  170.990686] LM8502-DBG: write reg 0x01 = 0x20 (i2c_transfer ret=1)
[  171.155491] IPT_PACKET_DROPPED_NO_MATCH: IN=eth0 OUT= MAC=ff:ff:ff:ff:ff:ff:dc:06:75:3a:ac:7c:08:00:45:00:00:d5:fe:8c:00:00:ff:11:c9:4e:c0:a8:32:94:ff:ff:ff:ff:53:48:53:48:00:c1:77:a3:72:7f:47:53:b3:00:89:00:7f:1b:ba:52:e9:23:53:38:35:04:ac:d4 SRC=192.168.50.148 DST=255.255.255.255 LEN=213 TOS=0x00 PREC=0x00 TTL=255 ID=65164 PROTO=UDP SPT=21320 DPT=21320 LEN=193 
[  171.622090] msm_fb: Layers from : fb0 + fb1
[  171.622214] mdp_bus_scale_update_request: Setting bus scaling index 1
[  171.629196] msm_fb: Layers to   : fb0
