1051.414192] KGSL_DIAG      00000000 00004085 00000004 00000000
[ 1051.414202] KGSL_DIAG  +02ac T3 op=0x2d cnt=13 hdr=c00c2d00
[ 1051.414212] KGSL_DIAG      00010078 66ee5d23 00000020 66ee5d63
[ 1051.414222] KGSL_DIAG      00000020 66ee5d83 00000020 66ee5da3
[ 1051.414231] KGSL_DIAG      00000020 66ee5d03 00000020 2c8184d0
[ 1051.414241] KGSL_DIAG      7ec82ec8 00000000 00000000 00000000
[ 1051.414251] KGSL_DIAG  +02e4 T3 op=0x22 cnt=3 hdr=c0022200
[ 1051.414260] KGSL_DIAG      00000000 00004085 00000004 00000000
[ 1051.414270] KGSL_DIAG  +02f4 T3 op=0x2d cnt=13 hdr=c00c2d00
[ 1051.414280] KGSL_DIAG      00010078 66ee5dc3 00000020 66ee5e03
[ 1051.414290] KGSL_DIAG      00000020 66ee5e23 00000020 66ee5e43
[ 1051.414300] KGSL_DIAG      00000020 66ee5da3 00000020 2c8184d0
[ 1051.414310] KGSL_DIAG      7ec82ec8 00000000 00000000 00000000
[ 1051.414320] KGSL_DIAG  +032c T3 op=0x22 cnt=3 hdr=c0022200
[ 1051.414329] KGSL_DIAG      00000000 00004085 00000004 00000000
[ 1051.414339] KGSL_DIAG  +033c T3 op=0x2d cnt=13 hdr=c00c2d00
[ 1051.414349] KGSL_DIAG      00010078 66ee5e63 00000020 66ee5ea3
[ 1051.414359] KGSL_DIAG      00000020 66ee5ec3 00000020 66ee5ee3
[ 1051.414369] KGSL_DIAG      00000020 66ee5e43 00000020 2c8184d0
[ 1051.414378] KGSL_DIAG      7ec82ec8 00000000 00000000 00000000
[ 1051.414388] KGSL_DIAG  +0374 T3 op=0x22 cnt=3 hdr=c0022200
[ 1051.414398] KGSL_DIAG      00000000 00004085 00000004 00000000
[ 1051.414408] KGSL_DIAG  +0384 T3 op=0x2d cnt=13 hdr=c00c2d00
[ 1051.414418] KGSL_DIAG      00010078 66ee5f03 00000020 66ee5f43
[ 1051.414428] KGSL_DIAG      00000020 66ee5f63 00000020 66ee5f83
[ 1051.414437] KGSL_DIAG      00000020 66ee5ee3 00000020 2c8184d0
[ 1051.414448] KGSL_DIAG      7ec82ec8 00000000 00000000 00000000
[ 1051.414458] KGSL_DIAG  +03bc T3 op=0x22 cnt=3 hdr=c0022200
[ 1051.414468] KGSL_DIAG      00000000 00004085 00000004 00000000
[ 1051.414478] KGSL_DIAG  +03cc T3 op=0x2d cnt=13 hdr=c00c2d00
[ 1051.414487] KGSL_DIAG      00010078 66ee5fa3 00000020 66ee5fe3
[ 1051.414497] KGSL_DIAG      00000020 66ee6003 00000020 66ee6023
[ 1051.414507] KGSL_DIAG      00000020 66ee5f83 00000020 2c8184d0
[ 1051.414516] KGSL_DIAG      7ec82ec8 00000000 00000000 00000000
[ 1051.414526] KGSL_DIAG  +0404 T3 op=0x22 cnt=3 hdr=c0022200
[ 1051.414536] KGSL_DIAG      00000000 00004085 00000004 00000000
[ 1051.414546] KGSL_DIAG  +0414 T3 op=0x2d cnt=13 hdr=c00c2d00
[ 1051.414555] KGSL_DIAG      00010078 66ee6043 00000020 66ee6083
[ 1051.414565] KGSL_DIAG      00000020 66ee60a3 00000020 66ee60c3
[ 1051.414575] KGSL_DIAG      00000020 66ee6023 00000020 2c8184d0
[ 1051.414585] KGSL_DIAG      7ec82ec8 00000000 00000000 00000000
[ 1051.414595] KGSL_DIAG  +044c T3 op=0x22 cnt=3 hdr=c0022200
[ 1051.414605] KGSL_DIAG      00000000 00004085 00000004 00000000
[ 1051.414615] KGSL_DIAG  +045c T3 op=0x2d cnt=13 hdr=c00c2d00
[ 1051.414625] KGSL_DIAG      00010078 66ee60e3 00000020 66ee6123
[ 1051.414634] KGSL_DIAG      00000020 66ee6143 00000020 66ee6163
[ 1051.414644] KGSL_DIAG      00000020 66ee60c3 00000020 2c8184d0
[ 1051.414654] KGSL_DIAG      7ec82ec8 00000000 00000000 00000000
[ 1051.414664] KGSL_DIAG  +0494 T3 op=0x22 cnt=3 hdr=c0022200
[ 1051.414673] KGSL_DIAG      00000000 00004085 00000004 00000000
[ 1051.414683] KGSL_DIAG  +04a4 T3 op=0x2d cnt=13 hdr=c00c2d00
[ 1051.414693] KGSL_DIAG      00010078 66ee6183 00000020 66ee61c3
[ 1051.414703] KGSL_DIAG      00000020 66ee61e3 00000020 66ee6203
[ 1051.414712] KGSL_DIAG      00000020 36d0c828 36d0d228 4b280000
[ 1051.414722] KGSL_DIAG      2e2078c8 00000000 00000000 00000000
[ 1051.414732] KGSL_DIAG  +04dc T3 op=0x22 cnt=3 hdr=c0022200
[ 1051.414743] KGSL_DIAG      00000000 00004085 00000004 00000000
[ 1051.414752] KGSL_DIAG  +04ec T3 op=0x2d cnt=5 hdr=c0042d00
[ 1051.414762] KGSL_DIAG      00000080 3f800000 00000000 00000000
[ 1051.414771] KGSL_DIAG      00000000 00000000 00000000 00000000
[ 1051.414781] KGSL_DIAG  +0504 T3 op=0x2d cnt=13 hdr=c00c2d00
[ 1051.414791] KGSL_DIAG      00010078 66ee6223 00000020 66ee6243
[ 1051.414801] KGSL_DIAG      00000020 66ee6263 00000020 66ee6283
[ 1051.414810] KGSL_DIAG      00000020 00000006 2e20a300 00000010
[ 1051.414820] KGSL_DIAG      00000000 00000000 00000000 00000000
[ 1051.414830] KGSL_DIAG  +053c T3 op=0x2b cnt=32 hdr=c01f2b00
[ 1051.414839] KGSL_DIAG      00000000 0000001e 02556003 00001000
[ 1051.414849] KGSL_DIAG      c2000000 00001009 00001000 c4000000
[ 1051.414859] KGSL_DIAG      0000000a 00002000 00000000 1b481000
[ 1051.414869] KGSL_DIAG      00263e88 00000000 15482000 40263e88
[ 1051.414879] KGSL_DIAG      00000000 11583000 40263e88 00000000
[ 1051.414889] KGSL_DIAG      11484000 40253fc8 00000008 14070000
[ 1051.414899] KGSL_DIAG      00003100 eb020403 14070000 00002c00
[ 1051.414909] KGSL_DIAG      eb010400 140bc03e 00c0c000 e2000000
[ 1051.414919] KGSL_DIAG  +05c0 T3 op=0x2d cnt=2 hdr=c0012d00
[ 1051.414928] KGSL_DIAG      00040316 0000028f 00000000 00000000
[ 1051.414938] KGSL_DIAG  +05cc T3 op=0x2d cnt=2 hdr=c0012d00
[ 1051.414947] KGSL_DIAG      00040180 10038004 00000000 00000000
[ 1051.414957] KGSL_DIAG  +05d8 T3 op=0x22 cnt=3 hdr=c0022200
[ 1051.414967] KGSL_DIAG      00000000 00004085 00000004 00000000
[ 1051.414977] KGSL_DIAG  +05e8 T3 op=0x2d cnt=5 hdr=c0042d00
[ 1051.414986] KGSL_DIAG      00000094 3f800000 00000000 00000000
[ 1051.414996] KGSL_DIAG      00000000 00000000 00000000 00000000
[ 1051.415006] KGSL_DIAG  +0600 T3 op=0x2d cnt=13 hdr=c00c2d00
[ 1051.415016] KGSL_DIAG      00010078 66ee62a3 00000020 66ee62c3
[ 1051.415026] KGSL_DIAG      00000020 66ee62e3 00000020 66ee6303
[ 1051.415036] KGSL_DIAG      00000020 00000006 2e20a300 00000010
[ 1051.415045] KGSL_DIAG      00000000 00000000 00000000 00000000
[ 1051.415055] KGSL_DIAG  +0638 T3 op=0x2b cnt=56 hdr=c0372b00
[ 1051.415065] KGSL_DIAG      00000000 00000036 02556003 00001000
[ 1051.415075] KGSL_DIAG      c2000000 00006009 300f1000 10000000
[ 1051.415085] KGSL_DIAG      00000000 0012c400 20000000 1b481000
[ 1051.415095] KGSL_DIAG      00263e88 00000000 15482000 40263e88
[ 1051.415104] KGSL_DIAG      00000000 11583000 40263e88 00000000
[ 1051.415114] KGSL_DIAG      11484000 40253fc8 00000008 14070000
[ 1051.415124] KGSL_DIAG      00003100 eb020403 14070000 00002c00
[ 1051.415134] KGSL_DIAG      eb010400 4c100100 000000c0 e2000000
[ 1051.415144] KGSL_DIAG      14030000 00000c00 e1000100 14030001
[ 1051.415154] KGSL_DIAG      00000c00 a0000500 14030001 00000000
[ 1051.415165] KGSL_DIAG      a1010300 14040000 00300000 8b010102
[ 1051.415175] KGSL_DIAG      14080000 0040c0c0 ab010000 4c900100
[ 1051.415185] KGSL_DIAG      00000000 e2000000 14830000 00000c1b
[ 1051.415195] KGSL_DIAG      e1000101 140bc03e 00000000 e2000000
[ 1051.415205] KGSL_DIAG  +071c T3 op=0x2d cnt=2 hdr=c0012d00
[ 1051.415214] KGSL_DIAG      00040316 0000028f 00000000 00000000
[ 1051.415224] KGSL_DIAG  +0728 T3 op=0x2d cnt=2 hdr=c0012d00
[ 1051.415234] KGSL_DIAG      00040180 10018004 00000000 00000000
[ 1051.415244] KGSL_DIAG  +0734 T3 op=0x2d cnt=21 hdr=c0142d00
[ 1051.415253] KGSL_DIAG      00000080 3f800000 00000000 00000000
[ 1051.415263] KGSL_DIAG      00000000 00000000 3f800000 00000000
[ 1051.415273] KGSL_DIAG      00000000 00000000 c4390000 3f800000
[ 1051.415283] KGSL_DIAG      00000000 44000000 43c00000 00000000
[ 1051.415292] KGSL_DIAG      00000000 3d4ccccd 3d124925 00000000
[ 1051.415302] KGSL_DIAG      00000000 00000000 00000000 00000000
[ 1051.415312] KGSL_DIAG  +078c T3 op=0x22 cnt=3 hdr=c0022200
[ 1051.415322] KGSL_DIAG      00000000 00004085 00000004 00000000
[ 1051.415332] KGSL_DIAG  +079c T3 op=0x2d cnt=5 hdr=c0042d00
[ 1051.415341] KGSL_DIAG      00000080 3f800000 00000000 00000000
[ 1051.415351] KGSL_DIAG      00000000 00000000 00000000 00000000
[ 1051.415361] KGSL_DIAG  +07b4 T3 op=0x2d cnt=13 hdr=c00c2d00
[ 1051.415370] KGSL_DIAG      00010078 66ee6323 00000020 66ee6363
[ 1051.415380] KGSL_DIAG      00000020 66ee6383 00000020 66ee63a3
[ 1051.415390] KGSL_DIAG      00000020 00000006 2e20a300 00000010
[ 1051.415400] KGSL_DIAG      00000000 00000000 00000000 00000000
[ 1051.415410] KGSL_DIAG  +07ec T3 op=0x2b cnt=32 hdr=c01f2b00
[ 1051.415419] KGSL_DIAG      00000000 0000001e 02556003 00001000
[ 1051.415429] KGSL_DIAG      c2000000 00001009 00001000 c4000000
[ 1051.415439] KGSL_DIAG      0000000a 00002000 00000000 1b481000
[ 1051.415449] KGSL_DIAG      00263e88 00000000 15482000 40263e88
[ 1051.415459] KGSL_DIAG      00000000 11583000 40263e88 00000000
[ 1051.415469] KGSL_DIAG      11484000 40253fc8 00000008 14070000
[ 1051.415479] KGSL_DIAG      00003100 eb020403 14070000 00002c00
[ 1051.415489] KGSL_DIAG      eb010400 140bc03e 00c0c000 e2000000
[ 1051.415499] KGSL_DIAG  +0870 T3 op=0x2d cnt=2 hdr=c0012d00
[ 1051.415508] KGSL_DIAG      00040316 0000028f 00000000 00000000
[ 1051.415518] KGSL_DIAG  +087c T3 op=0x2d cnt=2 hdr=c0012d00
[ 1051.415528] KGSL_DIAG      00040180 10038004 00000000 00000000
[ 1051.415538] KGSL_DIAG  +0888 T3 op=0x22 cnt=3 hdr=c0022200
[ 1051.415547] KGSL_DIAG      00000000 00004085 00000004 00000000
[ 1051.415557] KGSL_DIAG  +0898 T3 op=0x2d cnt=13 hdr=c00c2d00
[ 1051.415567] KGSL_DIAG      00010078 66ee63c3 00000020 66ee6403
[ 1051.415577] KGSL_DIAG      00000020 66ee6423 00000020 66ee6443
[ 1051.415587] KGSL_DIAG      00000020 30b397e0 00000000 00000001
[ 1051.415596] KGSL_DIAG      7ec82b58 00000000 00000000 00000000
[ 1051.415607] KGSL_DIAG  +08d0 T3 op=0x22 cnt=3 hdr=c0022200
[ 1051.415616] KGSL_DIAG      00000000 00004085 00000004 00000000
[ 1051.415626] KGSL_DIAG  +08e0 T3 op=0x2d cnt=5 hdr=c0042d00
[ 1051.415636] KGSL_DIAG      0000008c 3f800000 00000000 00000000
[ 1051.415645] KGSL_DIAG      00000000 00000000 00000000 00000000
[ 1051.415655] KGSL_DIAG  +08f8 T3 op=0x2d cnt=7 hdr=c0062d00
[ 1051.415665] KGSL_DIAG      00010078 66ee6463 000000a0 66ee6503
[ 1051.415675] KGSL_DIAG      000000a0 2c3fc5a0 000000c4 00000000
[ 1051.415684] KGSL_DIAG  +0918 T3 op=0x2b cnt=26 hdr=c0192b00
[ 1051.415694] KGSL_DIAG      00000000 00000018 00254003 00001000
[ 1051.415704] KGSL_DIAG      c2000000 00001007 00001000 c4000000
[ 1051.415714] KGSL_DIAG      00000008 00002000 00000000 1b480000
[ 1051.415724] KGSL_DIAG      00253fff 00000008 11481000 40253fc8
[ 1051.415734] KGSL_DIAG      00000008 14070000 00310000 8b010102
[ 1051.415744] KGSL_DIAG      14070000 002c0000 ab010000 148f803e
[ 1051.415755] KGSL_DIAG      00000000 e2000000 00000000 00000000
[ 1051.415765] KGSL_DIAG  +0984 T3 op=0x2d cnt=2 hdr=c0012d00
[ 1051.415774] KGSL_DIAG      00040316 0000028f 00000000 00000000
[ 1051.415784] KGSL_DIAG  +0990 T3 op=0x2d cnt=2 hdr=c0012d00
[ 1051.415794] KGSL_DIAG      00040180 10038001 00000000 00000000
[ 1051.415803] KGSL_DIAG  +099c T3 op=0x2d cnt=13 hdr=c00c2d00
[ 1051.415813] KGSL_DIAG      00000080 3b000000 00000000 00000000
[ 1051.415823] KGSL_DIAG      00000000 00000000 bb2aaaab 00000000
[ 1051.415832] KGSL_DIAG      00000000 3f680000 3f76aaab 3f800000
[ 1051.415842] KGSL_DIAG      00000000 00000000 00000000 00000000
[ 1051.415852] KGSL_DIAG  +09d4 T3 op=0x22 cnt=5 hdr=c0042200
[ 1051.415861] KGSL_DIAG      00000000 00004006 0000001e 66ee65a0
[ 1051.415871] KGSL_DIAG      0000003c 00000000 00000000 00000000
[ 1051.415881] KGSL_DIAG  +09ec T3 op=0x2d cnt=5 hdr=c0042d00
[ 1051.415891] KGSL_DIAG      00000080 3f800000 00000000 00000000
[ 1051.415900] KGSL_DIAG      00000000 00000000 00000000 00000000
[ 1051.415910] KGSL_DIAG  +0a04 T3 op=0x2d cnt=13 hdr=c00c2d00
[ 1051.415920] KGSL_DIAG      00010078 66ee65e3 00000020 66ee6623
[ 1051.415930] KGSL_DIAG      00000020 66ee6643 00000020 66ee6663
[ 1051.415939] KGSL_DIAG      00000020 00000006 2e20a300 00000010
[ 1051.415949] KGSL_DIAG      00000000 00000000 00000000 00000000
[ 1051.415959] KGSL_DIAG  +0a3c T3 op=0x2b cnt=32 hdr=c01f2b00
[ 1051.415968] KGSL_DIAG      00000000 0000001e 02556003 00001000
[ 1051.415978] KGSL_DIAG      c2000000 00001009 00001000 c4000000
[ 1051.415988] KGSL_DIAG      0000000a 00002000 00000000 1b481000
[ 1051.415998] KGSL_DIAG      00263e88 00000000 15482000 40263e88
[ 1051.416008] KGSL_DIAG      00000000 11583000 40263e88 00000000
[ 1051.416018] KGSL_DIAG      11484000 40253fc8 00000008 14070000
[ 1051.416028] KGSL_DIAG      00003100 eb020403 14070000 00002c00
[ 1051.416038] KGSL_DIAG      eb010400 140bc03e 00c0c000 e2000000
[ 1051.416048] KGSL_DIAG  +0ac0 T3 op=0x2d cnt=2 hdr=c0012d00
[ 1051.416058] KGSL_DIAG      00040316 0000028f 00000000 00000000
[ 1051.416068] KGSL_DIAG  +0acc T3 op=0x2d cnt=2 hdr=c0012d00
[ 1051.416077] KGSL_DIAG      00040180 10038004 00000000 00000000
[ 1051.416087] KGSL_DIAG  +0ad8 T3 op=0x22 cnt=3 hdr=c0022200
[ 1051.416096] KGSL_DIAG      00000000 00004085 00000004 00000000
[ 1051.416106] KGSL_DIAG  +0ae8 T3 op=0x2d cnt=13 hdr=c00c2d00
[ 1051.416116] KGSL_DIAG      00010078 66ee6683 00000020 66ee66c3
[ 1051.416126] KGSL_DIAG      00000020 66ee66e3 00000020 66ee6703
[ 1051.416136] KGSL_DIAG      00000020 30908704 00000000 00000004
[ 1051.416146] KGSL_DIAG      00000004 00000000 00000000 00000000
[ 1051.416156] KGSL_DIAG  +0b20 T3 op=0x22 cnt=3 hdr=c0022200
[ 1051.416165] KGSL_DIAG      00000000 00004085 00000004 00000000
[ 1051.416176] KGSL_DIAG  +0b30 T3 op=0x2d cnt=13 hdr=c00c2d00
[ 1051.416186] KGSL_DIAG      00010078 66ee6723 00000020 66ee6763
[ 1051.416195] KGSL_DIAG      00000020 66ee6783 00000020 66ee67a3
[ 1051.416205] KGSL_DIAG      00000020 66ee6703 00000020 00000004
[ 1051.416215] KGSL_DIAG      00000004 00000000 00000000 00000000
[ 1051.416224] KGSL_DIAG  +0b68 T3 op=0x22 cnt=3 hdr=c0022200
[ 1051.416234] KGSL_DIAG      00000000 00004085 00000004 00000000
[ 1051.416244] KGSL_DIAG  +0b78 T3 op=0x2d cnt=5 hdr=c0042d00
[ 1051.416253] KGSL_DIAG      00000080 3f800000 00000000 00000000
[ 1051.416263] KGSL_DIAG      00000000 00000000 00000000 00000000
[ 1051.416273] KGSL_DIAG  +0b90 T3 op=0x2d cnt=13 hdr=c00c2d00
[ 1051.416283] KGSL_DIAG      00010078 66ee67c3 00000020 66ee6803
[ 1051.416292] KGSL_DIAG      00000020 66ee6823 00000020 66ee6843
[ 1051.416303] KGSL_DIAG      00000020 00000006 2e20a300 00000010
[ 1051.416312] KGSL_DIAG      00000000 00000000 00000000 00000000
[ 1051.416322] KGSL_DIAG  +0bc8 T3 op=0x2b cnt=32 hdr=c01f2b00
[ 1051.416332] KGSL_DIAG      00000000 0000001e 02556003 00001000
[ 1051.416342] KGSL_DIAG      c2000000 00001009 00001000 c4000000
[ 1051.416351] KGSL_DIAG      0000000a 00002000 00000000 1b481000
[ 1051.416361] KGSL_DIAG      00263e88 00000000 15482000 40263e88
[ 1051.416371] KGSL_DIAG      00000000 11583000 40263e88 00000000
[ 1051.416381] KGSL_DIAG      11484000 40253fc8 00000008 14070000
[ 1051.416391] KGSL_DIAG      00003100 eb020403 14070000 00002c00
[ 1051.416400] KGSL_DIAG      eb010400 140bc03e 00c0c000 e2000000
[ 1051.416411] KGSL_DIAG  +0c4c T3 op=0x2d cnt=2 hdr=c0012d00
[ 1051.416420] KGSL_DIAG      00040316 0000028f 00000000 00000000
[ 1051.416430] KGSL_DIAG  +0c58 T3 op=0x2d cnt=2 hdr=c0012d00
[ 1051.416440] KGSL_DIAG      00040180 10038004 00000000 00000000
[ 1051.416451] KGSL_DIAG  +0c64 T3 op=0x22 cnt=3 hdr=c0022200
[ 1051.416460] KGSL_DIAG      00000000 00004085 00000004 00000000
[ 1051.416470] KGSL_DIAG  +0c74 T3 op=0x2d cnt=5 hdr=c0042d00
[ 1051.416479] KGSL_DIAG      00000080 3f800000 00000000 00000000
[ 1051.416489] KGSL_DIAG      00000000 00000000 00000000 00000000
[ 1051.416499] KGSL_DIAG  +0c8c T3 op=0x2d cnt=13 hdr=c00c2d00
[ 1051.416508] KGSL_DIAG      00010078 66ee6863 00000020 66ee68a3
[ 1051.416518] KGSL_DIAG      00000020 66ee68c3 00000020 66ee68e3
[ 1051.416528] KGSL_DIAG      00000020 00000006 2e20a300 00000010
[ 1051.416537] KGSL_DIAG      00000000 00000000 00000000 00000000
[ 1051.416547] KGSL_DIAG  +0cc4 T3 op=0x2b cnt=32 hdr=c01f2b00
[ 1051.416557] KGSL_DIAG      00000000 0000001e 02556003 00001000
[ 1051.416567] KGSL_DIAG      c2000000 00001009 00001000 c4000000
[ 1051.416577] KGSL_DIAG      0000000a 00002000 00000000 1b481000
[ 1051.416587] KGSL_DIAG      00263e88 00000000 15482000 40263e88
[ 1051.416598] KGSL_DIAG      00000000 11583000 40263e88 00000000
[ 1051.416608] KGSL_DIAG      11484000 40253fc8 00000008 14070000
[ 1051.416618] KGSL_DIAG      00003100 eb020403 14070000 00002c00
[ 1051.416628] KGSL_DIAG      eb010400 140bc03e 00c0c000 e2000000
[ 1051.416638] KGSL_DIAG  +0d48 T3 op=0x2d cnt=2 hdr=c0012d00
[ 1051.416647] KGSL_DIAG      00040316 0000028f 00000000 00000000
[ 1051.416657] KGSL_DIAG  +0d54 T3 op=0x2d cnt=2 hdr=c0012d00
[ 1051.416666] KGSL_DIAG      00040180 10038004 00000000 00000000
[ 1051.416676] KGSL_DIAG  +0d60 T3 op=0x22 cnt=3 hdr=c0022200
[ 1051.416686] KGSL_DIAG      00000000 00004085 00000004 00000000
[ 1051.416695] KGSL_DIAG  +0d70 T3 op=0x2d cnt=13 hdr=c00c2d00
[ 1051.416705] KGSL_DIAG      00010078 66ee6903 00000020 66ee6943
[ 1051.416715] KGSL_DIAG      00000020 66ee6963 00000020 66ee6983
[ 1051.416725] KGSL_DIAG      00000020 00000000 00000000 00000002
[ 1051.416734] KGSL_DIAG      00000de1 00000000 00000000 00000000
[ 1051.416745] KGSL_DIAG  +0da8 T3 op=0x22 cnt=3 hdr=c0022200
[ 1051.416754] KGSL_DIAG      00000000 00004085 00000004 00000000
[ 1051.416764] KGSL_DIAG  +0db8 T3 op=0x2d cnt=13 hdr=c00c2d00
[ 1051.416774] KGSL_DIAG      00010078 66ee69a3 00000020 66ee69e3
[ 1051.416784] KGSL_DIAG      00000020 66ee6a03 00000020 66ee6a23
[ 1051.416794] KGSL_DIAG      00000020 2e2078c8 2e20ef50 36c8bd68
[ 1051.416803] KGSL_DIAG      2e2078c8 00000000 00000000 00000000
[ 1051.416813] KGSL_DIAG  +0df0 T3 op=0x22 cnt=3 hdr=c0022200
[ 1051.416823] KGSL_DIAG      00000000 00004085 00000004 00000000
[ 1051.416833] KGSL_DIAG  +0e00 T3 op=0x2d cnt=5 hdr=c0042d00
[ 1051.416842] KGSL_DIAG      0000008c 3f800000 00000000 00000000
[ 1051.416851] KGSL_DIAG      00000000 00000000 00000000 00000000
[ 1051.416862] KGSL_DIAG  +0e18 T3 op=0x2d cnt=7 hdr=c0062d00
[ 1051.416872] KGSL_DIAG      00010078 66ee6a43 000002c0 66ee6d03
[ 1051.416882] KGSL_DIAG      000002c0 2c3fc5a0 000000c4 00000000
[ 1051.416892] KGSL_DIAG  +0e38 T3 op=0x2b cnt=26 hdr=c0192b00
[ 1051.416902] KGSL_DIAG      00000000 00000018 00254003 00001000
[ 1051.416911] KGSL_DIAG      c2000000 00001007 00001000 c4000000
[ 1051.416921] KGSL_DIAG      00000008 00002000 00000000 1b480000
[ 1051.416931] KGSL_DIAG      00253fff 00000008 11481000 40253fc8
[ 1051.416941] KGSL_DIAG      00000008 14070000 00310000 8b010102
[ 1051.416951] KGSL_DIAG      14070000 002c0000 ab010000 148f803e
[ 1051.416960] KGSL_DIAG      00000000 e2000000 00000000 00000000
[ 1051.416970] KGSL_DIAG  +0ea4 T3 op=0x2d cnt=2 hdr=c0012d00
[ 1051.416980] KGSL_DIAG      00040316 0000028f 00000000 00000000
[ 1051.416990] KGSL_DIAG  +0eb0 T3 op=0x2d cnt=2 hdr=c0012d00
[ 1051.416999] KGSL_DIAG      00040180 10038001 00000000 00000000
[ 1051.417009] KGSL_DIAG  +0ebc T3 op=0x2d cnt=13 hdr=c00c2d00
[ 1051.417019] KGSL_DIAG      00000080 3b000000 00000000 00000000
[ 1051.417029] KGSL_DIAG      00000000 00000000 bb2aaaab 00000000
[ 1051.417039] KGSL_DIAG      00000000 be220000 3f76aaab 3f800000
[ 1051.417048] KGSL_DIAG      00000000 00000000 00000000 00000000
[ 1051.417058] KGSL_DIAG  +0ef4 T3 op=0x22 cnt=5 hdr=c0042200
[ 1051.417068] KGSL_DIAG      00000000 00004006 00000084 66ee6fc0
[ 1051.417077] KGSL_DIAG      00000108 00000000 00000000 00000000
[ 1051.417087] KGSL_DIAG  +0f0c T3 op=0x2d cnt=5 hdr=c0042d00
[ 1051.417096] KGSL_DIAG      00000080 3f800000 00000000 00000000
[ 1051.417106] KGSL_DIAG      00000000 00000000 00000000 00000000
[ 1051.417116] KGSL_DIAG  +0f24 T3 op=0x2d cnt=13 hdr=c00c2d00
[ 1051.417126] KGSL_DIAG      00010078 66ee70e3 00000020 66ee7123
[ 1051.417135] KGSL_DIAG      00000020 66ee7143 00000020 66ee7163
[ 1051.417146] KGSL_DIAG      00000020 00000006 2e20a300 00000010
[ 1051.417155] KGSL_DIAG      00000000 00000000 00000000 00000000
[ 1051.417165] KGSL_DIAG  +0f5c T3 op=0x2b cnt=32 hdr=c01f2b00
[ 1051.417175] KGSL_DIAG      00000000 0000001e 02556003 00001000
[ 1051.417185] KGSL_DIAG      c2000000 00001009 00001000 c4000000
[ 1051.417195] KGSL_DIAG      0000000a 00002000 00000000 1b481000
[ 1051.417204] KGSL_DIAG      00263e88 00000000 15482000 40263e88
[ 1051.417214] KGSL_DIAG      00000000 11583000 40263e88 00000000
[ 1051.417224] KGSL_DIAG      11484000 40253fc8 00000008 14070000
[ 1051.417234] KGSL_DIAG      00003100 eb020403 14070000 00002c00
[ 1051.417244] KGSL_DIAG      eb010400 140bc03e 00c0c000 e2000000
[ 1051.417254] KGSL_DIAG  +0fe0 T3 op=0x2d cnt=2 hdr=c0012d00
[ 1051.417263] KGSL_DIAG      00040316 0000028f 00000000 00000000
[ 1051.417273] KGSL_DIAG  +0fec T3 op=0x2d cnt=2 hdr=c0012d00
[ 1051.417283] KGSL_DIAG      00040180 10038004 00000000 00000000
[ 1051.417294] KGSL_DIAG  +0ff8 T3 op=0x22 cnt=3 hdr=c0022200
[ 1051.417303] KGSL_DIAG      00000000 00004085 00000004 00000000
[ 1051.417313] KGSL_DIAG  +1008 T3 op=0x2d cnt=13 hdr=c00c2d00
[ 1051.417323] KGSL_DIAG      00010078 66ee7183 00000020 66ee71c3
[ 1051.417332] KGSL_DIAG      00000020 66ee71e3 00000020 66ee7203
[ 1051.417342] KGSL_DIAG      00000020 36c8bd68 2e2078c8 2c671450
[ 1051.417352] KGSL_DIAG      2e2078c8 00000000 00000000 00000000
[ 1051.417362] KGSL_DIAG  +1040 T3 op=0x22 cnt=3 hdr=c0022200
[ 1051.417371] KGSL_DIAG      00000000 00004085 00000004 00000000
[ 1051.417381] KGSL_DIAG  +1050 T3 op=0x2d cnt=13 hdr=c00c2d00
[ 1051.417391] KGSL_DIAG      00010078 66ee7223 00000020 66ee7263
[ 1051.417401] KGSL_DIAG      00000020 66ee7283 00000020 66ee72a3
[ 1051.417410] KGSL_DIAG      00000020 36b97a30 36c8bf60 00000001
[ 1051.417420] KGSL_DIAG      00000015 00000000 00000000 00000000
[ 1051.417431] KGSL_DIAG  +1088 T3 op=0x22 cnt=3 hdr=c0022200
[ 1051.417440] KGSL_DIAG      00000000 00004085 00000004 00000000
[ 1051.417450] KGSL_DIAG  +1098 T3 op=0x2d cnt=13 hdr=c00c2d00
[ 1051.417460] KGSL_DIAG      00010078 66ee72c3 00000020 66ee7303
[ 1051.417470] KGSL_DIAG      00000020 66ee7323 00000020 66ee7343
[ 1051.417479] KGSL_DIAG      00000020 00000000 00000000 41c00000
[ 1051.417489] KGSL_DIAG      41c00000 00000000 00000000 00000000
[ 1051.417499] KGSL_DIAG  +10d0 T3 op=0x22 cnt=3 hdr=c0022200
[ 1051.417508] KGSL_DIAG      00000000 00004085 00000004 00000000
[ 1051.417518] KGSL_DIAG  +10e0 T3 op=0x2d cnt=13 hdr=c00c2d00
[ 1051.417528] KGSL_DIAG      00010078 66ee7363 00000020 66ee73a3
[ 1051.417538] KGSL_DIAG      00000020 66ee73c3 00000020 66ee73e3
[ 1051.417548] KGSL_DIAG      00000020 682d8b43 00000020 00000080
[ 1051.417557] KGSL_DIAG      2e209098 00000000 00000000 00000000
[ 1051.417568] KGSL_DIAG  +1118 T3 op=0x22 cnt=3 hdr=c0022200
[ 1051.417578] KGSL_DIAG      00000000 00004085 00000004 00000000
[ 1051.417588] KGSL_DIAG  +1128 T3 op=0x2d cnt=5 hdr=c0042d00
[ 1051.417597] KGSL_DIAG      00000080 3f800000 00000000 00000000
[ 1051.417607] KGSL_DIAG      00000000 00000000 00000000 00000000
[ 1051.417616] KGSL_DIAG  +1140 T3 op=0x2d cnt=13 hdr=c00c2d00
[ 1051.417626] KGSL_DIAG      00010078 66ee7403 00000020 66ee7443
[ 1051.417636] KGSL_DIAG      00000020 66ee7463 00000020 66ee7483
[ 1051.417646] KGSL_DIAG      00000020 00000006 2e20a300 00000010
[ 1051.417655] KGSL_DIAG      00000000 00000000 00000000 00000000
[ 1051.417665] KGSL_DIAG  +1178 T3 op=0x2b cnt=32 hdr=c01f2b00
[ 1051.417675] KGSL_DIAG      00000000 0000001e 02556003 00001000
[ 1051.417685] KGSL_DIAG      c2000000 00001009 00001000 c4000000
[ 1051.417695] KGSL_DIAG      0000000a 00002000 00000000 1b481000
[ 1051.417704] KGSL_DIAG      00263e88 00000000 15482000 40263e88
[ 1051.417714] KGSL_DIAG      00000000 11583000 40263e88 00000000
[ 1051.417724] KGSL_DIAG      11484000 40253fc8 00000008 14070000
[ 1051.417734] KGSL_DIAG      00003100 eb020403 14070000 00002c00
[ 1051.417744] KGSL_DIAG      eb010400 140bc03e 00c0c000 e2000000
[ 1051.417754] KGSL_DIAG  +11fc T3 op=0x2d cnt=2 hdr=c0012d00
[ 1051.417764] KGSL_DIAG      00040316 0000028f 00000000 00000000
[ 1051.417774] KGSL_DIAG  +1208 T3 op=0x2d cnt=2 hdr=c0012d00
[ 1051.417783] KGSL_DIAG      00040180 10038004 00000000 00000000
[ 1051.417793] KGSL_DIAG  +1214 T3 op=0x22 cnt=3 hdr=c0022200
[ 1051.417803] KGSL_DIAG      00000000 00004085 00000004 00000000
[ 1051.417813] KGSL_DIAG  +1224 T3 op=0x2d cnt=13 hdr=c00c2d00
[ 1051.417823] KGSL_DIAG      00010078 66ee74a3 00000020 66ee74e3
[ 1051.417832] KGSL_DIAG      00000020 66ee7503 00000020 66ee7523
[ 1051.417842] KGSL_DIAG      00000020 66ee73e3 00000020 00000080
[ 1051.417852] KGSL_DIAG      2e209098 00000000 00000000 00000000
[ 1051.417863] KGSL_DIAG  +125c T3 op=0x22 cnt=3 hdr=c0022200
[ 1051.417872] KGSL_DIAG      00000000 00004085 00000004 00000000
[ 1051.417882] KGSL_DIAG  +126c T3 op=0x2d cnt=13 hdr=c00c2d00
[ 1051.417892] KGSL_DIAG      00010078 66ee7543 00000020 66ee7583
[ 1051.417902] KGSL_DIAG      00000020 66ee75a3 00000020 66ee75c3
[ 1051.417911] KGSL_DIAG      00000020 66ee7523 00000020 00000080
[ 1051.417921] KGSL_DIAG      2e209098 00000000 00000000 00000000
[ 1051.417931] KGSL_DIAG  +12a4 T3 op=0x22 cnt=3 hdr=c0022200
[ 1051.417940] KGSL_DIAG      00000000 00004085 00000004 00000000
[ 1051.417951] KGSL_DIAG  +12b4 T3 op=0x2d cnt=13 hdr=c00c2d00
[ 1051.417961] KGSL_DIAG      00010078 66ee75e3 00000020 66ee7623
[ 1051.417971] KGSL_DIAG      00000020 66ee7643 00000020 66ee7663
[ 1051.417980] KGSL_DIAG      00000020 66ee75c3 00000020 00000080
[ 1051.417990] KGSL_DIAG      2e209098 00000000 00000000 00000000
[ 1051.418000] KGSL_DIAG  +12ec T3 op=0x22 cnt=3 hdr=c0022200
[ 1051.418010] KGSL_DIAG      00000000 00004085 00000004 00000000
[ 1051.418020] KGSL_DIAG  +12fc T3 op=0x2d cnt=5 hdr=c0042d00
[ 1051.418030] KGSL_DIAG      00000080 3f800000 00000000 00000000
[ 1051.418039] KGSL_DIAG      00000000 00000000 00000000 00000000
[ 1051.418049] KGSL_DIAG  +1314 T3 op=0x2d cnt=13 hdr=c00c2d00
[ 1051.418059] KGSL_DIAG      00010078 66ee7683 00000020 66ee76c3
[ 1051.418068] KGSL_DIAG      00000020 66ee76e3 00000020 66ee7703
[ 1051.418078] KGSL_DIAG      00000020 00000006 2e20a300 00000010
[ 1051.418088] KGSL_DIAG      00000000 00000000 00000000 00000000
[ 1051.418098] KGSL_DIAG  +134c T3 op=0x2b cnt=32 hdr=c01f2b00
[ 1051.418107] KGSL_DIAG      00000000 0000001e 02556003 00001000
[ 1051.418117] KGSL_DIAG      c2000000 00001009 00001000 c4000000
[ 1051.418127] KGSL_DIAG      0000000a 00002000 00000000 1b481000
[ 1051.418137] KGSL_DIAG      00263e88 00000000 15482000 40263e88
[ 1051.418147] KGSL_DIAG      00000000 11583000 40263e88 00000000
[ 1051.418157] KGSL_DIAG      11484000 40253fc8 00000008 14070000
[ 1051.418167] KGSL_DIAG      00003100 eb020403 14070000 00002c00
[ 1051.418177] KGSL_DIAG      eb010400 140bc03e 00c0c000 e2000000
[ 1051.418187] KGSL_DIAG  +13d0 T3 op=0x2d cnt=2 hdr=c0012d00
[ 1051.418196] KGSL_DIAG      00040316 0000028f 00000000 00000000
[ 1051.418206] KGSL_DIAG  +13dc T3 op=0x2d cnt=2 hdr=c0012d00
[ 1051.418216] KGSL_DIAG      00040180 10038004 00000000 00000000
[ 1051.418226] KGSL_DIAG  +13e8 T3 op=0x22 cnt=3 hdr=c0022200
[ 1051.418235] KGSL_DIAG      00000000 00004085 00000004 00000000
[ 1051.418246] KGSL_DIAG  +13f8 T3 op=0x2d cnt=13 hdr=c00c2d00
[ 1051.418255] KGSL_DIAG      00010078 66ee7723 00000020 66ee7763
[ 1051.418265] KGSL_DIAG      00000020 66ee7783 00000020 66ee77a3
[ 1051.418275] KGSL_DIAG      00000020 00000032 00000000 001d608c
[ 1051.418285] KGSL_DIAG      00000000 00000000 00000000 00000000
[ 1051.418295] KGSL_DIAG  +1430 T3 op=0x22 cnt=3 hdr=c0022200
[ 1051.418306] KGSL_DIAG      00000000 00004085 00000004 00000000
[ 1051.418316] KGSL_DIAG  +1440 T3 op=0x2d cnt=13 hdr=c00c2d00
[ 1051.418326] KGSL_DIAG      00010078 66ee77c3 00000020 66ee7803
[ 1051.418335] KGSL_DIAG      00000020 66ee7823 00000020 66ee7843
[ 1051.418345] KGSL_DIAG      00000020 66ee7663 00000020 00000080
[ 1051.418355] KGSL_DIAG      2e209098 00000000 00000000 00000000
[ 1051.418365] KGSL_DIAG  +1478 T3 op=0x22 cnt=3 hdr=c0022200
[ 1051.418374] KGSL_DIAG      00000000 00004085 00000004 00000000
[ 1051.418384] KGSL_DIAG  +1488 T3 op=0x2d cnt=13 hdr=c00c2d00
[ 1051.418394] KGSL_DIAG      00010078 66ee7863 00000020 66ee78a3
[ 1051.418404] KGSL_DIAG      00000020 66ee78c3 00000020 66ee78e3
[ 1051.418414] KGSL_DIAG      00000020 00000032 00000020 001d608c
[ 1051.418423] KGSL_DIAG      00000000 00000000 00000000 00000000
[ 1051.418433] KGSL_DIAG  +14c0 T3 op=0x22 cnt=3 hdr=c0022200
[ 1051.418443] KGSL_DIAG      00000000 00004085 00000004 00000000
[ 1051.418454] KGSL_DIAG  +14d0 T3 op=0x2d cnt=13 hdr=c00c2d00
[ 1051.418464] KGSL_DIAG      00010078 66ee7903 00000020 66ee7943
[ 1051.418474] KGSL_DIAG      00000020 66ee7963 00000020 66ee7983
[ 1051.418484] KGSL_DIAG      00000020 66ee7843 00000020 00000080
[ 1051.418494] KGSL_DIAG      2e209098 00000000 00000000 00000000
[ 1051.418504] KGSL_DIAG  +1508 T3 op=0x22 cnt=3 hdr=c0022200
[ 1051.418513] KGSL_DIAG      00000000 00004085 00000004 00000000
[ 1051.418523] KGSL_DIAG  +1518 T3 op=0x2d cnt=13 hdr=c00c2d00
[ 1051.418533] KGSL_DIAG      00010078 66ee79a3 00000020 66ee79e3
[ 1051.418543] KGSL_DIAG      00000020 66ee7a03 00000020 66ee7a23
[ 1051.418552] KGSL_DIAG      00000020 66ee7983 00000020 00000080
[ 1051.418562] KGSL_DIAG      2e209098 00000000 00000000 00000000
[ 1051.418572] KGSL_DIAG  +1550 T3 op=0x22 cnt=3 hdr=c0022200
[ 1051.418581] KGSL_DIAG      00000000 00004085 00000004 00000000
[ 1051.418591] KGSL_DIAG  +1560 T3 op=0x2d cnt=13 hdr=c00c2d00
[ 1051.418602] KGSL_DIAG      00010078 66ee7a43 00000b80 66ee9143
[ 1051.418611] KGSL_DIAG      00000020 66ee9163 00000020 66ee9183
[ 1051.418623] KGSL_DIAG      00000020 33e67510 00000016 00000001
[ 1051.418632] KGSL_DIAG      00000001 00000000 00000000 00000000
[ 1051.418646] KGSL_DIAG  +1598 T3 op=0x22 cnt=3 hdr=c0022200
[ 1051.418656] KGSL_DIAG      00000000 00004084 0000016e 00000000
[ 1051.418666] KGSL_DIAG  +15a8 T3 op=0x2d cnt=2 hdr=c0012d00
[ 1051.418675] KGSL_DIAG      00040209 00000000 00000000 00000000
[ 1051.418686] KGSL_DIAG  +15b4 T0 reg=0x0c00 cnt=1
[ 1051.418696] KGSL_DIAG  +15bc T3 op=0x46 cnt=1 hdr=c0004600
[ 1051.418707] KGSL_DIAG      00000006 00000000 00000000 00000000
[ 1051.418717] KGSL_DIAG  +15c4 T3 op=0x52 cnt=4 hdr=c0035200
[ 1051.418727] KGSL_DIAG      000005d0 00000000 5f601000 00000001
[ 1051.418737] KGSL_DIAG  +15d8 T3 op=0x26 cnt=1 hdr=c0002600
[ 1051.418746] KGSL_DIAG      00000000 00000000 00000000 00000000
[ 1051.418760] KGSL_DIAG  RBBM_STATUS=0x00000000
[ 1051.418768] KGSL_DIAG  CYCLECTR[0x0ee2]=0x15018182
[ 1051.418781] kgsl kgsl: |kgsl_yamato_rbbm_intrcallback| rbbm read error interrupt: c00005fc
[ 1051.418792] KGSL_DIAG  LRZ_VSC_CONTROL[0x2209]=0x00000000
[ 1051.418800] KGSL_DIAG  SQ_GPR_MANAGEMENT[0x0d00]=0x0007f010
[ 1051.418813] KGSL_DIAG  VSC[0x0c00]=0x00000000
[ 1051.418822] kgsl kgsl: |kgsl_yamato_rbbm_intrcallback| rbbm read error interrupt: c0003000
[ 1051.418833] KGSL_DIAG  VSC[0x0c01]=0x00000108
[ 1051.418912] KGSL_DIAG  VSC[0x0c02]=0x660b4080
[ 1051.418931] KGSL_DIAG    vis-stream @0x660b4080:
[ 1051.418946] KGSL_DIAG      0000002c 0000000c 0000000c 0000001c
[ 1051.418961] KGSL_DIAG      00000018 0000000c 0000000c 0000001c
[ 1051.418973] KGSL_DIAG      00000000 00000000 00000000 00000000
[ 1051.418982] KGSL_DIAG      00000000 00000000 00000000 00000000
[ 1051.418991] KGSL_DIAG      00000000 00000000 00000000 00000000
[ 1051.419003] KGSL_DIAG      00000000 00000000 00000000 00000000
[ 1051.419015] KGSL_DIAG      00000000 00000000 00000000 00000000
[ 1051.419028] KGSL_DIAG      00000000 00000000 00000000 00000000
[ 1051.419039] KGSL_DIAG  VSC[0x0c03]=0x00000000
[ 1051.419049] KGSL_DIAG  VSC[0x0c04]=0x00000000
[ 1051.419057] KGSL_DIAG  VSC[0x0c05]=0x00000000
[ 1051.419068] KGSL_DIAG  VSC[0x0c06]=0x01200000
[ 1051.419091] KGSL_DIAG  VSC[0x0c07]=0x660b5000
[ 1051.419107] KGSL_DIAG    vis-stream @0x660b5000:
[ 1051.419116] KGSL_DIAG      2bbaa1ea a628603e 32211372 13322113
[ 1051.419126] KGSL_DIAG      21133221 32211332 13322113 21133221
[ 1051.419135] KGSL_DIAG      32211332 13322113 00900920 000000c0
[ 1051.419145] KGSL_DIAG      00000000 00000000 00000000 00000000
[ 1051.419154] KGSL_DIAG      00000000 00000000 00000000 00000000
[ 1051.419163] KGSL_DIAG      00000000 00000000 00000000 00000000
[ 1051.419171] KGSL_DIAG      00000000 00000000 00000000 00000000
[ 1051.419180] KGSL_DIAG      00000000 00000000 00000000 00000000
[ 1051.419189] KGSL_DIAG  VSC[0x0c08]=0x00040000
[ 1051.419206] KGSL_DIAG  VSC[0x0c09]=0x01100400
[ 1051.419223] KGSL_DIAG  VSC[0x0c0a]=0x66cf5000
[ 1051.419238] KGSL_DIAG    vis-stream @0x66cf5000:
[ 1051.419247] KGSL_DIAG      808f6678 c616685d 4c809903 4d68d184
[ 1051.419257] KGSL_DIAG      2634a109 8426b482 092d9ad0 902634a1
[ 1051.419267] KGSL_DIAG      d740139a 0000e014 a145139a 428b2634
[ 1051.419279] KGSL_DIAG      8226b468 162d5ab4 00a4458b 00000000
[ 1051.419288] KGSL_DIAG      00000000 00000000 00000000 00000000
[ 1051.419298] KGSL_DIAG      00000000 00000000 00000000 00000000
[ 1051.419307] KGSL_DIAG      00000000 00000000 00000000 00000000
[ 1051.419319] KGSL_DIAG      00000000 00000000 00000000 00000000
[ 1051.419328] KGSL_DIAG  VSC[0x0c0b]=0x00040000
[ 1051.419344] KGSL_DIAG  VSC[0x0c0c]=0x01100401
[ 1051.419360] KGSL_DIAG  VSC[0x0c0d]=0x66d35000
[ 1051.419379] KGSL_DIAG    vis-stream @0x66d35000:
[ 1051.419388] KGSL_DIAG      0ba021d0 c07804ae c008305b a4458b16
[ 1051.419397] KGSL_DIAG      000069d1 00000040 00000000 00000000
[ 1051.419408] KGSL_DIAG      00000000 00000000 00000000 00000000
[ 1051.419417] KGSL_DIAG      00000000 00000000 00000000 00000000
[ 1051.419426] KGSL_DIAG      00000000 00000000 00000000 00000000
[ 1051.419436] KGSL_DIAG      00000000 00000000 00000000 00000000
[ 1051.419445] KGSL_DIAG      00000000 00000000 00000000 00000000
[ 1051.419454] KGSL_DIAG      00000000 00000000 00000000 00000000
[ 1051.419467] KGSL_DIAG  VSC[0x0c0e]=0x00040000
[ 1051.419483] KGSL_DIAG  VSC[0x0c0f]=0x01200800
[ 1051.419499] KGSL_DIAG  VSC[0x0c10]=0x66d75000
[ 1051.419515] KGSL_DIAG    vis-stream @0x66d75000:
[ 1051.419529] KGSL_DIAG      aa174b7c ba2ec08f ea02a40c 4c8a606c
[ 1051.419538] KGSL_DIAG      604caa60 824c4eca 00000080 c8fbfba4
[ 1051.419551] KGSL_DIAG      00000028 32a1132a 4aa8842a a213fb84
[ 1051.419564] KGSL_DIAG      a8844aa8 b2e8844a a657802c c6a408c6
[ 1051.419573] KGSL_DIAG      0cc6a408 000020a8 00000000 00000000
[ 1051.419582] KGSL_DIAG      00000000 00000000 00000000 00000000
[ 1051.419592] KGSL_DIAG      00000000 00000000 00000000 00000000
[ 1051.419606] KGSL_DIAG      00000000 00000000 00000000 00000000
[ 1051.419615] KGSL_DIAG  VSC[0x0c11]=0x00040000
[ 1051.419633] KGSL_DIAG  VSC[0x0c12]=0x01200002
[ 1051.419649] KGSL_DIAG  VSC[0x0c13]=0x66db5000
[ 1051.419667] KGSL_DIAG    vis-stream @0x66db5000:
[ 1051.419677] KGSL_DIAG      844ec8f3 474cdecb 21133221 1b271332
[ 1051.419686] KGSL_DIAG      608c08a0 00002009 842634a1 42139ad0
[ 1051.419698] KGSL_DIAG      a1094d68 00872634 10202020 49760000
[ 1051.419710] KGSL_DIAG      5c415c41 49760000 06ff5c41 00000000
[ 1051.419720] KGSL_DIAG      6c002e42 73006900 0f007400 00005400
[ 1051.419729] KGSL_DIAG      ffffffff ffffffff 0000ffff ffffffff
[ 1051.419740] KGSL_DIAG      61007001 6b006300 0f006100 00675400
[ 1051.419749] KGSL_DIAG      005f0065 00610063 00000063 00650068
[ 1051.419758] KGSL_DIAG  VSC[0x0c14]=0x00040000
[ 1051.419774] KGSL_DIAG  VSC[0x0c15]=0x01100402
[ 1051.419794] KGSL_DIAG  VSC[0x0c16]=0x66df5000
[ 1051.419810] KGSL_DIAG    vis-stream @0x66df5000:
[ 1051.419819] KGSL_DIAG      0ba021d0 c0f805ae 0801e4ee 00000080
[ 1051.419830] KGSL_DIAG      00664400 00000000 6842139a 34a1094d
[ 1051.419841] KGSL_DIAG      9ad08426 00005d74 00000000 00000000
[ 1051.419850] KGSL_DIAG      00000000 00000000 00000000 00000000
[ 1051.419859] KGSL_DIAG      00000000 00000000 00000000 00000000
[ 1051.419868] KGSL_DIAG      00000000 00000000 00000000 00000000
[ 1051.419880] KGSL_DIAG      00000000 00000000 00000000 00000000
[ 1051.419890] KGSL_DIAG      00000000 00000000 00000000 00000000
[ 1051.419899] KGSL_DIAG  VSC[0x0c17]=0x00040000
[ 1051.419915] KGSL_DIAG  VSC[0x0c18]=0x01100403
[ 1051.419935] KGSL_DIAG  VSC[0x0c19]=0x66e35000
[ 1051.419951] KGSL_DIAG    vis-stream @0x66e35000:
[ 1051.419965] KGSL_DIAG      bb00fbe1 b20b30ee f8001902 00000020
[ 1051.419974] KGSL_DIAG      00000000 00000000 00000000 00000000
[ 1051.419983] KGSL_DIAG      00000000 00000000 00000000 00000000
[ 1051.419993] KGSL_DIAG      00000000 00000000 00000000 00000000
[ 1051.420002] KGSL_DIAG      00000000 00000000 00000000 00000000
[ 1051.420014] KGSL_DIAG      00000000 00000000 00000000 00000000
[ 1051.420023] KGSL_DIAG      00000000 00000000 00000000 00000000
[ 1051.420031] KGSL_DIAG      00000000 00000000 00000000 00000000
[ 1051.420040] KGSL_DIAG  VSC[0x0c1a]=0x00040000
[ 1051.420057] KGSL_DIAG  VSC[0x0c1b]=0x01200802
[ 1051.420074] KGSL_DIAG  VSC[0x0c1c]=0x66e75000
[ 1051.420089] KGSL_DIAG    vis-stream @0x66e75000:
[ 1051.420098] KGSL_DIAG      c48b6ce8 ba2e80de 604cc80a 0ac4a632
[ 1051.420108] KGSL_DIAG      a608c4a6 c2aa02c2 00000000 0020ac2a
[ 1051.420117] KGSL_DIAG      000000c2 c8a9844a 02b1a90c a608b2a9
[ 1051.420126] KGSL_DIAG      00080bc2 00000000 00000000 00000000
[ 1051.420135] KGSL_DIAG      00000000 00000000 00000000 00000000
[ 1051.420144] KGSL_DIAG      00000000 00000000 00000000 00000000
[ 1051.420152] KGSL_DIAG      00000000 00000000 00000000 00000000
[ 1051.420163] KGSL_DIAG      00000000 00000000 00000000 00000000
[ 1051.420174] KGSL_DIAG  VSC[0x0c1d]=0x00040000
[ 1051.420190] KGSL_DIAG ==== end ts=320834 ====
[ 1051.420388] KGSL_DIAG ISSUEIBCMDS pid=2600 ts=320836 numibs=1 dwords=146 draws=41 bins=0
[ 1051.420454] KGSL_DIAG ISSUEIBCMDS pid=2600 ts=320838 numibs=1 dwords=156 draws=41 bins=0
[ 1051.420506] KGSL_DIAG ISSUEIBCMDS pid=2600 ts=320840 numibs=1 dwords=156 draws=41 bins=0
[ 1051.420557] KGSL_DIAG ISSUEIBCMDS pid=2600 ts=320842 numibs=1 dwords=156 draws=41 bins=0
[ 1051.420608] KGSL_DIAG ISSUEIBCMDS pid=2600 ts=320844 numibs=1 dwords=156 draws=41 bins=0
[ 1051.420657] KGSL_DIAG ISSUEIBCMDS pid=2600 ts=320846 numibs=1 dwords=156 draws=41 bins=0
[ 1051.420711] KGSL_DIAG ISSUEIBCMDS pid=2600 ts=320848 numibs=1 dwords=156 draws=41 bins=0
[ 1051.420762] KGSL_DIAG ISSUEIBCMDS pid=2600 ts=320850 numibs=1 dwords=156 draws=41 bins=0
[ 1051.420813] KGSL_DIAG ISSUEIBCMDS pid=2600 ts=320852 numibs=1 dwords=156 draws=41 bins=0
[ 1051.420864] KGSL_DIAG ISSUEIBCMDS pid=2600 ts=320854 numibs=1 dwords=156 draws=41 bins=0
[ 1051.420914] KGSL_DIAG ISSUEIBCMDS pid=2600 ts=320856 numibs=1 dwords=156 draws=41 bins=0
[ 1051.420966] KGSL_DIAG ISSUEIBCMDS pid=2600 ts=320858 numibs=1 dwords=156 draws=41 bins=0
[ 1051.421010] KGSL_DIAG ISSUEIBCMDS pid=2600 ts=320860 numibs=1 dwords=2 draws=0 bins=0
[ 1051.431186] KGSL_DIAG ISSUEIBCMDS pid=2600 ts=320862 numibs=1 dwords=11 draws=0 bins=0
[ 1051.437806] KGSL_DIAG ISSUEIBCMDS pid=2600 ts=320864 numibs=1 dwords=1400 draws=39 bins=0
[ 1051.437822] KGSL_DIAG IB 0x67618000 dwords=1400 depth=0
[ 1051.437833] KGSL_DIAG  +0000 T3 op=0x2d cnt=5 hdr=c0042d00
[ 1051.437843] KGSL_DIAG      00000080 3f800000 00000000 00000000
[ 1051.437853] KGSL_DIAG      00000000 00000000 00000000 00000000
[ 1051.437863] KGSL_DIAG  +0018 T3 op=0x2d cnt=13 hdr=c00c2d00
[ 1051.437873] KGSL_DIAG      00010078 66ee91a3 00000020 66ee91e3
[ 1051.437883] KGSL_DIAG      00000020 66ee9203 00000020 66ee9223
[ 1051.437893] KGSL_DIAG      00000020 00000006 2e20a300 00000010
[ 1051.437903] KGSL_DIAG      00000000 00000000 00000000 00000000
[ 1051.437914] KGSL_DIAG  +0050 T3 op=0x2b cnt=32 hdr=c01f2b00
[ 1051.437923] KGSL_DIAG      00000000 0000001e 02556003 00001000
[ 1051.437934] KGSL_DIAG      c2000000 00001009 00001000 c4000000
[ 1051.437943] KGSL_DIAG      0000000a 00002000 00000000 1b481000
[ 1051.437953] KGSL_DIAG      00263e88 00000000 15482000 40263e88
[ 1051.437963] KGSL_DIAG      00000000 11583000 40263e88 00000000
[ 1051.437973] KGSL_DIAG      11484000 40253fc8 00000008 14070000
[ 1051.437983] KGSL_DIAG      00003100 eb020403 14070000 00002c00
[ 1051.437993] KGSL_DIAG      eb010400 140bc03e 00c0c000 e2000000
[ 1051.438003] KGSL_DIAG  +00d4 T3 op=0x2d cnt=2 hdr=c0012d00
[ 1051.438013] KGSL_DIAG      00040316 0000028f 00000000 00000000
[ 1051.438023] KGSL_DIAG  +00e0 T3 op=0x2d cnt=2 hdr=c0012d00
[ 1051.438034] KGSL_DIAG      00040180 10038004 00000000 00000000
[ 1051.438044] KGSL_DIAG  +00ec T3 op=0x2d cnt=5 hdr=c0042d00
[ 1051.438054] KGSL_DIAG      0004010f 44000000 44000200 c3c00000
[ 1051.438063] KGSL_DIAG      43c00400 00000000 00000000 00000000
[ 1051.438073] KGSL_DIAG  +0104 T3 op=0x2d cnt=25 hdr=c0182d00
[ 1051.438083] KGSL_DIAG      00000080 3f800000 00000000 00000000
[ 1051.438093] KGSL_DIAG      00000000 00000000 bb2aaaab 00000000
[ 1051.438103] KGSL_DIAG      00000000 be220000 3f76aaab 3f800000
[ 1051.438113] KGSL_DIAG      00000000 3f800000 00000000 00000000
[ 1051.438123] KGSL_DIAG      00000000 3d4ccccd 3d124925 00000000
[ 1051.438133] KGSL_DIAG      00000000 3f800000 00000000 00000000
[ 1051.438142] KGSL_DIAG      00000000 00000000 00000000 00000000
[ 1051.438152] KGSL_DIAG  +016c T0 reg=0x0e00 cnt=1
[ 1051.438162] KGSL_DIAG  +0174 T3 op=0x2d cnt=4 hdr=c0032d00
[ 1051.438171] KGSL_DIAG      00040000 00000100 00000205 00000000
[ 1051.438181] KGSL_DIAG  +0188 T3 op=0x2d cnt=2 hdr=c0012d00
[ 1051.438191] KGSL_DIAG      00040301 00000000 00000000 00000000
[ 1051.438200] KGSL_DIAG  +0194 T3 op=0x2d cnt=2 hdr=c0012d00
[ 1051.438211] KGSL_DIAG      0004020a 88888888 00000000 00000000
[ 1051.438220] KGSL_DIAG  +01a0 T3 op=0x2d cnt=7 hdr=c0062d00
[ 1051.438230] KGSL_DIAG      0004010f 44000000 44000200 c3c00000
[ 1051.438240] KGSL_DIAG      43c00400 3efffee0 3efffee0 00000000
[ 1051.438251] KGSL_DIAG  +01c0 T3 op=0x2d cnt=2 hdr=c0012d00
[ 1051.438260] KGSL_DIAG      00040206 0000043f 00000000 00000000
[ 1051.438271] KGSL_DIAG  +01cc T3 op=0x2d cnt=5 hdr=c0042d00
[ 1051.438281] KGSL_DIAG      00040303 411aaaab 3f800000 40e00000
[ 1051.438291] KGSL_DIAG      3f800000 00000000 00000000 00000000
[ 1051.438300] KGSL_DIAG  +01e4 T3 op=0x2d cnt=2 hdr=c0012d00
[ 1051.438310] KGSL_DIAG      00040302 00000001 00000000 00000000
[ 1051.438320] KGSL_DIAG  +01f0 T3 op=0x2d cnt=2 hdr=c0012d00
[ 1051.438329] KGSL_DIAG      00040205 00080000 00000000 00000000
[ 1051.438340] KGSL_DIAG  +01fc T3 op=0x26 cnt=1 hdr=c0002600
[ 1051.438349] KGSL_DIAG      00000000 00000000 00000000 00000000
[ 1051.438359] KGSL_DIAG  +0204 T3 op=0x2d cnt=2 hdr=c0012d00
[ 1051.438368] KGSL_DIAG      00040200 00700798 00000000 00000000
[ 1051.438378] KGSL_DIAG  +0210 T3 op=0x2d cnt=3 hdr=c0022d00
[ 1051.438388] KGSL_DIAG      00040081 80000000 03000400 00000000
[ 1051.438398] KGSL_DIAG  +0220 T3 op=0x2d cnt=3 hdr=c0022d00
[ 1051.438408] KGSL_DIAG      0004000e 00000000 03000400 00000000
[ 1051.438417] KGSL_DIAG  +0230 T0 reg=0x0c00 cnt=1
[ 1051.438427] KGSL_DIAG  +0238 T3 op=0x2d cnt=2 hdr=c0012d00
[ 1051.438436] KGSL_DIAG      00040209 00000003 00000000 00000000
[ 1051.438446] KGSL_DIAG  +0244 T3 op=0x26 cnt=1 hdr=c0002600
[ 1051.438455] KGSL_DIAG      00000000 00000000 00000000 00000000
[ 1051.438465] KGSL_DIAG  +024c T0 reg=0x0d00 cnt=1
[ 1051.438474] KGSL_DIAG  +0254 T3 op=0x22 cnt=3 hdr=c0022200
[ 1051.438484] KGSL_DIAG      00000000 00004085 00000004 00000000
[ 1051.438494] KGSL_DIAG  +0264 T3 op=0x2d cnt=13 hdr=c00c2d00
[ 1051.438505] KGSL_DIAG      00010078 66ee9243 00000020 66ee9283
[ 1051.438515] KGSL_DIAG      00000020 66ee92a3 00000020 66ee92c3
[ 1051.438525] KGSL_DIAG      00000020 7ec82f00 7ec82ef8 2c8184d0
[ 1051.438535] KGSL_DIAG      7ec82ec8 00000000 00000000 00000000
[ 1051.438545] KGSL_DIAG  +029c T3 op=0x22 cnt=3 hdr=c0022200
[ 1051.438555] KGSL_DIAG      00000000 00004085 00000004 00000000
[ 1051.438565] KGSL_DIAG  +02ac T3 op=0x2d cnt=13 hdr=c00c2d00
[ 1051.438575] KGSL_DIAG      00010078 66ee92e3 00000020 66ee9323
[ 1051.438585] KGSL_DIAG      00000020 66ee9343 00000020 66ee9363
[ 1051.438594] KGSL_DIAG      00000020 66ee92c3 00000020 2c8184d0
[ 1051.438604] KGSL_DIAG      7ec82ec8 00000000 00000000 00000000
[ 1051.438614] KGSL_DIAG  +02e4 T3 op=0x22 cnt=3 hdr=c0022200
[ 1051.438624] KGSL_DIAG      00000000 00004085 00000004 00000000
[ 1051.438634] KGSL_DIAG  +02f4 T3 op=0x2d cnt=13 hdr=c00c2d00
[ 1051.438644] KGSL_DIAG      00010078 66ee9383 00000020 66ee93c3
[ 1051.438653] KGSL_DIAG      00000020 66ee93e3 00000020 66ee9403
[ 1051.438663] KGSL_DIAG      00000020 66ee9363 00000020 2c8184d0
[ 1051.438673] KGSL_DIAG      7ec82ec8 00000000 00000000 00000000
[ 1051.438683] KGSL_DIAG  +032c T3 op=0x22 cnt=3 hdr=c0022200
[ 1051.438693] KGSL_DIAG      00000000 00004085 00000004 00000000
[ 1051.438703] KGSL_DIAG  +033c T3 op=0x2d cnt=13 hdr=c00c2d00
[ 1051.438714] KGSL_DIAG      00010078 66ee9423 00000020 66ee9463
[ 1051.438724] KGSL_DIAG      00000020 66ee9483 00000020 66ee94a3
[ 1051.438734] KGSL_DIAG      00000020 66ee9403 00000020 2c8184d0
[ 1051.438743] KGSL_DIAG      7ec82ec8 00000000 00000000 00000000
[ 1051.438753] KGSL_DIAG  +0374 T3 op=0x22 cnt=3 hdr=c0022200
[ 1051.438763] KGSL_DIAG      00000000 00004085 00000004 00000000
[ 1051.438773] KGSL_DIAG  +0384 T3 op=0x2d cnt=13 hdr=c00c2d00
[ 1051.438782] KGSL_DIAG      00010078 66ee94c3 00000020 66ee9503
[ 1051.438792] KGSL_DIAG      00000020 66ee9523 00000020 66ee9543
[ 1051.438802] KGSL_DIAG      00000020 66ee94a3 00000020 2c8184d0
[ 1051.438811] KGSL_DIAG      7ec82ec8 00000000 00000000 00000000
[ 1051.438822] KGSL_DIAG  +03bc T3 op=0x22 cnt=3 hdr=c0022200
[ 1051.438831] KGSL_DIAG      00000000 00004085 00000004 00000000
[ 1051.438842] KGSL_DIAG  +03cc T3 op=0x2d cnt=13 hdr=c00c2d00
[ 1051.438852] KGSL_DIAG      00010078 66ee9563 00000020 66ee95a3
[ 1051.438863] KGSL_DIAG      00000020 66ee95c3 00000020 66ee95e3
[ 1051.438873] KGSL_DIAG      00000020 66ee9543 00000020 2c8184d0
[ 1051.438883] KGSL_DIAG      7ec82ec8 00000000 00000000 00000000
[ 1051.438893] KGSL_DIAG  +0404 T3 op=0x22 cnt=3 hdr=c0022200
[ 1051.438903] KGSL_DIAG      00000000 00004085 00000004 00000000
[ 1051.438913] KGSL_DIAG  +0414 T3 op=0x2d cnt=13 hdr=c00c2d00
[ 1051.438923] KGSL_DIAG      00010078 66ee9603 00000020 66ee9643
[ 1051.438933] KGSL_DIAG      00000020 66ee9663 00000020 66ee9683
[ 1051.438943] KGSL_DIAG      00000020 66ee95e3 00000020 2c8184d0
[ 1051.438952] KGSL_DIAG      7ec82ec8 00000000 00000000 00000000
[ 1051.438963] KGSL_DIAG  +044c T3 op=0x22 cnt=3 hdr=c0022200
[ 1051.438972] KGSL_DIAG      00000000 00004085 00000004 00000000
[ 1051.438982] KGSL_DIAG  +045c T3 op=0x2d cnt=13 hdr=c00c2d00
[ 1051.438992] KGSL_DIAG      00010078 66ee96a3 00000020 66ee96e3
[ 1051.439002] KGSL_DIAG      00000020 66ee9703 00000020 66ee9723
[ 1051.439013] KGSL_DIAG      00000020 66ee9683 00000020 2c8184d0
[ 1051.439023] KGSL_DIAG      7ec82ec8 00000000 00000000 00000000
[ 1051.439033] KGSL_DIAG  +0494 T3 op=0x22 cnt=3 hdr=c0022200
[ 1051.439043] KGSL_DIAG      00000000 00004085 00000004 00000000
[ 1051.439053] KGSL_DIAG  +04a4 T3 op=0x2d cnt=13 hdr=c00c2d00
[ 1051.439062] KGSL_DIAG      00010078 66ee9743 00000020 66ee9783
[ 1051.439073] KGSL_DIAG      00000020 66ee97a3 00000020 66ee97c3
[ 1051.439083] KGSL_DIAG      00000020 36d0c828 36d0d228 4b280000
[ 1051.439094] KGSL_DIAG      2e2078c8 00000000 00000000 00000000
[ 1051.439104] KGSL_DIAG  +04dc T3 op=0x22 cnt=3 hdr=c0022200
[ 1051.439113] KGSL_DIAG      00000000 00004085 00000004 00000000
[ 1051.439123] KGSL_DIAG  +04ec T3 op=0x2d cnt=5 hdr=c0042d00
[ 1051.439133] KGSL_DIAG      00000080 3f800000 00000000 00000000
[ 1051.439142] KGSL_DIAG      00000000 00000000 00000000 00000000
[ 1051.439152] KGSL_DIAG  +0504 T3 op=0x2d cnt=13 hdr=c00c2d00
[ 1051.439162] KGSL_DIAG      00010078 66ee97e3 00000020 66ee9803
[ 1051.439172] KGSL_DIAG      00000020 66ee9823 00000020 66ee9843
[ 1051.439182] KGSL_DIAG      00000020 00000006 2e20a300 00000010
[ 1051.439192] KGSL_DIAG      00000000 00000000 00000000 00000000
[ 1051.439202] KGSL_DIAG  +053c T3 op=0x2b cnt=32 hdr=c01f2b00
[ 1051.439211] KGSL_DIAG      00000000 0000001e 02556003 00001000
[ 1051.439221] KGSL_DIAG      c2000000 00001009 00001000 c4000000
[ 1051.439231] KGSL_DIAG      0000000a 00002000 00000000 1b481000
[ 1051.439242] KGSL_DIAG      00263e88 00000000 15482000 40263e88
[ 1051.439251] KGSL_DIAG      00000000 11583000 40263e88 00000000
[ 1051.439262] KGSL_DIAG      11484000 40253fc8 00000008 14070000
[ 1051.439272] KGSL_DIAG      00003100 eb020403 14070000 00002c00
[ 1051.439282] KGSL_DIAG      eb010400 140bc03e 00c0c000 e2000000
[ 1051.439292] KGSL_DIAG  +05c0 T3 op=0x2d cnt=2 hdr=c0012d00
[ 1051.439302] KGSL_DIAG      00040316 0000028f 00000000 00000000
[ 1051.439312] KGSL_DIAG  +05cc T3 op=0x2d cnt=2 hdr=c0012d00
[ 1051.439321] KGSL_DIAG      00040180 10038004 00000000 00000000
[ 1051.439331] KGSL_DIAG  +05d8 T3 op=0x22 cnt=3 hdr=c0022200
[ 1051.439341] KGSL_DIAG      00000000 00004085 00000004 00000000
[ 1051.439351] KGSL_DIAG  +05e8 T3 op=0x2d cnt=5 hdr=c0042d00
[ 1051.439360] KGSL_DIAG      00000094 3f800000 00000000 00000000
[ 1051.439370] KGSL_DIAG      00000000 00000000 00000000 00000000
[ 1051.439380] KGSL_DIAG  +0600 T3 op=0x2d cnt=13 hdr=c00c2d00
[ 1051.439390] KGSL_DIAG      00010078 66ee9863 00000020 66ee9883
[ 1051.439399] KGSL_DIAG      00000020 66ee98a3 00000020 66ee98c3
[ 1051.439410] KGSL_DIAG      00000020 00000006 2e20a300 00000010
[ 1051.439419] KGSL_DIAG      00000000 00000000 00000000 00000000
[ 1051.439430] KGSL_DIAG  +0638 T3 op=0x2b cnt=56 hdr=c0372b00
[ 1051.439440] KGSL_DIAG      00000000 00000036 02556003 00001000
[ 1051.439450] KGSL_DIAG      c2000000 00006009 300f1000 10000000
[ 1051.439460] KGSL_DIAG      00000000 0012c400 20000000 1b481000
[ 1051.439469] KGSL_DIAG      00263e88 00000000 15482000 40263e88
[ 1051.439479] KGSL_DIAG      00000000 11583000 40263e88 00000000
[ 1051.439489] KGSL_DIAG      11484000 40253fc8 00000008 14070000
[ 1051.439499] KGSL_DIAG      00003100 eb020403 14070000 00002c00
[ 1051.439509] KGSL_DIAG      eb010400 4c100100 000000c0 e2000000
[ 1051.439520] KGSL_DIAG      14030000 00000c00 e1000100 14030001
[ 1051.439530] KGSL_DIAG      00000c00 a0000500 14030001 00000000
[ 1051.439540] KGSL_DIAG      a1010300 14040000 00300000 8b010102
[ 1051.439550] KGSL_DIAG      14080000 0040c0c0 ab010000 4c900100
[ 1051.439560] KGSL_DIAG      00000000 e2000000 14830000 00000c1b
[ 1051.439570] KGSL_DIAG      e1000101 140bc03e 00000000 e2000000
[ 1051.439580] KGSL_DIAG  +071c T3 op=0x2d cnt=2 hdr=c0012d00
[ 1051.439590] KGSL_DIAG      00040316 0000028f 00000000 00000000
[ 1051.439600] KGSL_DIAG  +0728 T3 op=0x2d cnt=2 hdr=c0012d00
[ 1051.439610] KGSL_DIAG      00040180 10018004 00000000 00000000
[ 1051.439620] KGSL_DIAG  +0734 T3 op=0x2d cnt=21 hdr=c0142d00
[ 1051.439630] KGSL_DIAG      00000080 3f800000 00000000 00000000
[ 1051.439640] KGSL_DIAG      00000000 00000000 3f800000 00000000
[ 1051.439650] KGSL_DIAG      00000000 00000000 c4390000 3f800000
[ 1051.439659] KGSL_DIAG      00000000 44000000 43c00000 00000000
[ 1051.439669] KGSL_DIAG      00000000 3d4ccccd 3d124925 00000000
[ 1051.439678] KGSL_DIAG      00000000 00000000 00000000 00000000
[ 1051.439689] KGSL_DIAG  +078c T3 op=0x22 cnt=3 hdr=c0022200
[ 1051.439698] KGSL_DIAG      00000000 00004085 00000004 00000000
[ 1051.439709] KGSL_DIAG  +079c T3 op=0x2d cnt=5 hdr=c0042d00
[ 1051.439719] KGSL_DIAG      00000080 3f800000 00000000 00000000
[ 1051.439728] KGSL_DIAG      00000000 00000000 00000000 00000000
[ 1051.439738] KGSL_DIAG  +07b4 T3 op=0x2d cnt=13 hdr=c00c2d00
[ 1051.439748] KGSL_DIAG      00010078 66ee98e3 00000020 66ee9923
[ 1051.439758] KGSL_DIAG      00000020 66ee9943 00000020 66ee9963
[ 1051.439769] KGSL_DIAG      00000020 00000006 2e20a300 00000010
[ 1051.439778] KGSL_DIAG      00000000 00000000 00000000 00000000
[ 1051.439789] KGSL_DIAG  +07ec T3 op=0x2b cnt=32 hdr=c01f2b00
[ 1051.439799] KGSL_DIAG      00000000 0000001e 02556003 00001000
[ 1051.439809] KGSL_DIAG      c2000000 00001009 00001000 c4000000
[ 1051.439819] KGSL_DIAG      0000000a 00002000 00000000 1b481000
[ 1051.439828] KGSL_DIAG      00263e88 00000000 15482000 40263e88
[ 1051.439838] KGSL_DIAG      00000000 11583000 40263e88 00000000
[ 1051.439848] KGSL_DIAG      11484000 40253fc8 00000008 14070000
[ 1051.439858] KGSL_DIAG      00003100 eb020403 14070000 00002c00
[ 1051.439868] KGSL_DIAG      eb010400 140bc03e 00c0c000 e2000000
[ 1051.439879] KGSL_DIAG  +0870 T3 op=0x2d cnt=2 hdr=c0012d00
[ 1051.439888] KGSL_DIAG      00040316 0000028f 00000000 00000000
[ 1051.439899] KGSL_DIAG  +087c T3 op=0x2d cnt=2 hdr=c0012d00
[ 1051.439908] KGSL_DIAG      00040180 10038004 00000000 00000000
[ 1051.439918] KGSL_DIAG  +0888 T3 op=0x22 cnt=3 hdr=c0022200
[ 1051.439927] KGSL_DIAG      00000000 00004085 00000004 00000000
[ 1051.439938] KGSL_DIAG  +0898 T3 op=0x2d cnt=13 hdr=c00c2d00
[ 1051.439947] KGSL_DIAG      00010078 66ee9983 00000020 66ee99c3
[ 1051.439958] KGSL_DIAG      00000020 66ee99e3 00000020 66ee9a03
[ 1051.439968] KGSL_DIAG      00000020 30b397e0 00000000 00000001
[ 1051.439978] KGSL_DIAG      7ec82b58 00000000 00000000 00000000
[ 1051.439988] KGSL_DIAG  +08d0 T3 op=0x22 cnt=3 hdr=c0022200
[ 1051.439998] KGSL_DIAG      00000000 00004085 00000004 00000000
[ 1051.440007] KGSL_DIAG  +08e0 T3 op=0x2d cnt=5 hdr=c0042d00
[ 1051.440017] KGSL_DIAG      0000008c 3f800000 00000000 00000000
[ 1051.440027] KGSL_DIAG      00000000 00000000 00000000 00000000
[ 1051.440037] KGSL_DIAG  +08f8 T3 op=0x2d cnt=7 hdr=c0062d00
[ 1051.440047] KGSL_DIAG      00010078 66ee9a23 000000a0 66ee9ac3
[ 1051.440057] KGSL_DIAG      000000a0 2c3fc5a0 000000c4 00000000
[ 1051.440067] KGSL_DIAG  +0918 T3 op=0x2b cnt=26 hdr=c0192b00
[ 1051.440077] KGSL_DIAG      00000000 00000018 00254003 00001000
[ 1051.440088] KGSL_DIAG      c2000000 00001007 00001000 c4000000
[ 1051.440098] KGSL_DIAG      00000008 00002000 00000000 1b480000
[ 1051.440108] KGSL_DIAG      00253fff 00000008 11481000 40253fc8
[ 1051.440118] KGSL_DIAG      00000008 14070000 00310000 8b010102
[ 1051.440130] KGSL_DIAG      14070000 002c0000 ab010000 148f803e
[ 1051.440139] KGSL_DIAG      00000000 e2000000 00000000 00000000
[ 1051.440149] KGSL_DIAG  +0984 T3 op=0x2d cnt=2 hdr=c0012d00
[ 1051.440158] KGSL_DIAG      00040316 0000028f 00000000 00000000
[ 1051.440170] KGSL_DIAG  +0990 T3 op=0x2d cnt=2 hdr=c0012d00
[ 1051.440180] KGSL_DIAG      00040180 10038001 00000000 00000000
[ 1051.440192] KGSL_DIAG  +099c T3 op=0x2d cnt=13 hdr=c00c2d00
[ 1051.440202] KGSL_DIAG      00000080 3b000000 00000000 00000000
[ 1051.440212] KGSL_DIAG      00000000 00000000 bb2aaaab 00000000
[ 1051.440222] KGSL_DIAG      00000000 3f680000 3f76aaab 3f800000
[ 1051.440231] KGSL_DIAG      00000000 00000000 00000000 00000000
[ 1051.440241] KGSL_DIAG  +09d4 T3 op=0x22 cnt=5 hdr=c0042200
[ 1051.440251] KGSL_DIAG      00000000 00004006 0000001e 66ee9b60
[ 1051.440260] KGSL_DIAG      0000003c 00000000 00000000 00000000
[ 1051.440271] KGSL_DIAG  +09ec T3 op=0x2d cnt=5 hdr=c0042d00
[ 1051.440280] KGSL_DIAG      00000080 3f800000 00000000 00000000
[ 1051.440289] KGSL_DIAG      00000000 00000000 00000000 00000000
[ 1051.440299] KGSL_DIAG  +0a04 T3 op=0x2d cnt=13 hdr=c00c2d00
[ 1051.440309] KGSL_DIAG      00010078 66ee9ba3 00000020 66ee9be3
[ 1051.440319] KGSL_DIAG      00000020 66ee9c03 00000020 66ee9c23
[ 1051.440329] KGSL_DIAG      00000020 00000006 2e20a300 00000010
[ 1051.440339] KGSL_DIAG      00000000 00000000 00000000 00000000
[ 1051.440349] KGSL_DIAG  +0a3c T3 op=0x2b cnt=32 hdr=c01f2b00
[ 1051.440360] KGSL_DIAG      00000000 0000001e 02556003 00001000
[ 1051.440370] KGSL_DIAG      c2000000 00001009 00001000 c4000000
[ 1051.440380] KGSL_DIAG      0000000a 00002000 00000000 1b481000
[ 1051.440390] KGSL_DIAG      00263e88 00000000 15482000 40263e88
[ 1051.440401] KGSL_DIAG      00000000 11583000 40263e88 00000000
[ 1051.440411] KGSL_DIAG      11484000 40253fc8 00000008 14070000
[ 1051.440420] KGSL_DIAG      00003100 eb020403 14070000 00002c00
[ 1051.440430] KGSL_DIAG      eb010400 140bc03e 00c0c000 e2000000
[ 1051.440440] KGSL_DIAG  +0ac0 T3 op=0x2d cnt=2 hdr=c0012d00
[ 1051.440450] KGSL_DIAG      00040316 0000028f 00000000 00000000
[ 1051.440460] KGSL_DIAG  +0acc T3 op=0x2d cnt=2 hdr=c0012d00
[ 1051.440470] KGSL_DIAG      00040180 10038004 00000000 00000000
[ 1051.440479] KGSL_DIAG  +0ad8 T3 op=0x22 cnt=3 hdr=c0022200
[ 1051.440489] KGSL_DIAG      00000000 00004085 00000004 00000000
[ 1051.440499] KGSL_DIAG  +0ae8 T3 op=0x2d cnt=13 hdr=c00c2d00
[ 1051.440509] KGSL_DIAG      00010078 66ee9c43 00000020 66ee9c83
[ 1051.440519] KGSL_DIAG      00000020 66ee9ca3 00000020 66ee9cc3
[ 1051.440529] KGSL_DIAG      00000020 30908704 00000000 00000004
[ 1051.440539] KGSL_DIAG      00000004 00000000 00000000 00000000
[ 1051.440557] KGSL_DIAG  +0b20 T3 op=0x22 cnt=3 hdr=c0022200
[ 1051.440578] KGSL_DIAG      00000000 00004085 00000004 00000000
[ 1051.440598] KGSL_DIAG  +0b30 T3 op=0x2d cnt=13 hdr=c00c2d00
[ 1051.440618] KGSL_DIAG      00010078 66ee9ce3 00000020 66ee9d23
[ 1051.440639] KGSL_DIAG      00000020 66ee9d43 00000020 66ee9d63
[ 1051.440658] KGSL_DIAG      00000020 66ee9cc3 00000020 00000004
[ 1051.440675] KGSL_DIAG      00000004 00000000 00000000 00000000
[ 1051.440700] KGSL_DIAG  +0b68 T3 op=0x22 cnt=3 hdr=c0022200
[ 1051.440719] KGSL_DIAG      00000000 00004085 00000004 00000000
[ 1051.440741] KGSL_DIAG  +0b78 T3 op=0x2d cnt=5 hdr=c0042d00
[ 1051.440761] KGSL_DIAG      00000080 3f800000 00000000 00000000
[ 1051.440782] KGSL_DIAG      00000000 00000000 00000000 00000000
[ 1051.440804] KGSL_DIAG  +0b90 T3 op=0x2d cnt=13 hdr=c00c2d00
[ 1051.440824] KGSL_DIAG      00010078 66ee9d83 00000020 66ee9dc3
[ 1051.440843] KGSL_DIAG      00000020 66ee9de3 00000020 66ee9e03
[ 1051.440862] KGSL_DIAG      00000020 00000006 2e20a300 00000010
[ 1051.440880] KGSL_DIAG      00000000 00000000 00000000 00000000
[ 1051.440899] KGSL_DIAG  +0bc8 T3 op=0x2b cnt=32 hdr=c01f2b00
[ 1051.440918] KGSL_DIAG      00000000 0000001e 02556003 00001000
[ 1051.440941] KGSL_DIAG      c2000000 00001009 00001000 c4000000
[ 1051.440961] KGSL_DIAG      0000000a 00002000 00000000 1b481000
[ 1051.440981] KGSL_DIAG      00263e88 00000000 15482000 40263e88
[ 1051.441001] KGSL_DIAG      00000000 11583000 40263e88 00000000
[ 1051.441021] KGSL_DIAG      11484000 40253fc8 00000008 14070000
[ 1051.441041] KGSL_DIAG      00003100 eb020403 14070000 00002c00
[ 1051.441060] KGSL_DIAG      eb010400 140bc03e 00c0c000 e2000000
[ 1051.441081] KGSL_DIAG  +0c4c T3 op=0x2d cnt=2 hdr=c0012d00
[ 1051.441102] KGSL_DIAG      00040316 0000028f 00000000 00000000
[ 1051.441122] KGSL_DIAG  +0c58 T3 op=0x2d cnt=2 hdr=c0012d00
[ 1051.441143] KGSL_DIAG      00040180 10038004 00000000 00000000
[ 1051.441163] KGSL_DIAG  +0c64 T3 op=0x22 cnt=3 hdr=c0022200
[ 1051.441183] KGSL_DIAG      00000000 00004085 00000004 00000000
[ 1051.441206] KGSL_DIAG  +0c74 T3 op=0x2d cnt=5 hdr=c0042d00
[ 1051.441225] KGSL_DIAG      00000080 3f800000 00000000 00000000
[ 1051.441242] KGSL_DIAG      00000000 00000000 00000000 00000000
[ 1051.441263] KGSL_DIAG  +0c8c T3 op=0x2d cnt=13 hdr=c00c2d00
[ 1051.441283] KGSL_DIAG      00010078 66ee9e23 00000020 66ee9e63
[ 1051.441302] KGSL_DIAG      00000020 66ee9e83 00000020 66ee9ea3
[ 1051.441320] KGSL_DIAG      00000020 00000006 2e20a300 00000010
[ 1051.441343] KGSL_DIAG      00000000 00000000 00000000 00000000
[ 1051.441363] KGSL_DIAG  +0cc4 T3 op=0x2b cnt=32 hdr=c01f2b00
[ 1051.441384] KGSL_DIAG      00000000 0000001e 02556003 00001000
[ 1051.441405] KGSL_DIAG      c2000000 00001009 00001000 c4000000
[ 1051.441417] KGSL_DIAG      0000000a 00002000 00000000 1b481000
[ 1051.441427] KGSL_DIAG      00263e88 00000000 15482000 40263e88
[ 1051.441437] KGSL_DIAG      00000000 11583000 40263e88 00000000
[ 1051.441446] KGSL_DIAG      11484000 40253fc8 00000008 14070000
[ 1051.441456] KGSL_DIAG      00003100 eb020403 14070000 00002c00
[ 1051.441467] KGSL_DIAG      eb010400 140bc03e 00c0c000 e2000000
[ 1051.441532] KGSL_DIAG  +0d48 T3 op=0x2d cnt=2 hdr=c0012d00
[ 1051.441550] KGSL_DIAG      00040316 0000028f 00000000 00000000
[ 1051.441566] KGSL_DIAG  +0d54 T3 op=0x2d cnt=2 hdr=c0012d00
[ 1051.441583] KGSL_DIAG      00040180 10038004 00000000 00000000
[ 1051.441601] KGSL_DIAG  +0d60 T3 op=0x22 cnt=3 hdr=c0022200
[ 1051.441616] KGSL_DIAG      00000000 00004085 00000004 00000000
[ 1051.441636] KGSL_DIAG  +0d70 T3 op=0x2d cnt=13 hdr=c00c2d00
[ 1051.441652] KGSL_DIAG      00010078 66ee9ec3 00000020 66ee9f03
[ 1051.441672] KGSL_DIAG      00000020 66ee9f23 00000020 66ee9f43
[ 1051.441689] KGSL_DIAG      00000020 00000000 00000000 00000002
[ 1051.441707] KGSL_DIAG      00000de1 00000000 00000000 00000000
[ 1051.441724] KGSL_DIAG  +0da8 T3 op=0x22 cnt=3 hdr=c0022200
[ 1051.441741] KGSL_DIAG      00000000 00004085 00000004 00000000
[ 1051.441758] KGSL_DIAG  +0db8 T3 op=0x2d cnt=13 hdr=c00c2d00
[ 1051.441777] KGSL_DIAG      00010078 66ee9f63 00000020 66ee9fa3
[ 1051.441792] KGSL_DIAG      00000020 66ee9fc3 00000020 66ee9fe3
[ 1051.441809] KGSL_DIAG      00000020 2e2078c8 2e20ef50 36c8bd68
[ 1051.441826] KGSL_DIAG      2e2078c8 00000000 00000000 00000000
[ 1051.441844] KGSL_DIAG  +0df0 T3 op=0x22 cnt=3 hdr=c0022200
[ 1051.441861] KGSL_DIAG      00000000 00004085 00000004 00000000
[ 1051.441875] KGSL_DIAG  +0e00 T3 op=0x2d cnt=5 hdr=c0042d00
[ 1051.441892] KGSL_DIAG      0000008c 3f800000 00000000 00000000
[ 1051.441911] KGSL_DIAG      00000000 00000000 00000000 00000000
[ 1051.441929] KGSL_DIAG  +0e18 T3 op=0x2d cnt=7 hdr=c0062d00
[ 1051.441947] KGSL_DIAG      00010078 66eea003 000002c0 66eea2c3
[ 1051.441966] KGSL_DIAG      000002c0 2c3fc5a0 000000c4 00000000
[ 1051.441980] KGSL_DIAG  +0e38 T3 op=0x2b cnt=26 hdr=c0192b00
[ 1051.441998] KGSL_DIAG      00000000 00000018 00254003 00001000
[ 1051.442017] KGSL_DIAG      c2000000 00001007 00001000 c4000000
[ 1051.442036] KGSL_DIAG      00000008 00002000 00000000 1b480000
[ 1051.442053] KGSL_DIAG      00253fff 00000008 11481000 40253fc8
[ 1051.442071] KGSL_DIAG      00000008 14070000 00310000 8b010102
[ 1051.442085] KGSL_DIAG      14070000 002c0000 ab010000 148f803e
[ 1051.442103] KGSL_DIAG      00000000 e2000000 00000000 00000000
[ 1051.442121] KGSL_DIAG  +0ea4 T3 op=0x2d cnt=2 hdr=c0012d00
[ 1051.442140] KGSL_DIAG      00040316 0000028f 00000000 00000000
[ 1051.442157] KGSL_DIAG  +0eb0 T3 op=0x2d cnt=2 hdr=c0012d00
[ 1051.442176] KGSL_DIAG      00040180 10038001 00000000 00000000
[ 1051.442190] KGSL_DIAG  +0ebc T3 op=0x2d cnt=13 hdr=c00c2d00
[ 1051.442204] KGSL_DIAG      00000080 3b000000 00000000 00000000
[ 1051.442221] KGSL_DIAG      00000000 00000000 bb2aaaab 00000000
[ 1051.442239] KGSL_DIAG      00000000 be220000 3f76aaab 3f800000
[ 1051.442253] KGSL_DIAG      00000000 00000000 00000000 00000000
[ 1051.442269] KGSL_DIAG  +0ef4 T3 op=0x22 cnt=5 hdr=c0042200
[ 1051.442287] KGSL_DIAG      00000000 00004006 00000084 66eea580
[ 1051.442304] KGSL_DIAG      00000108 00000000 00000000 00000000
[ 1051.442320] KGSL_DIAG  +0f0c T3 op=0x2d cnt=5 hdr=c0042d00
[ 1051.442336] KGSL_DIAG      00000080 3f800000 00000000 00000000
[ 1051.442352] KGSL_DIAG      00000000 00000000 00000000 00000000
[ 1051.442369] KGSL_DIAG  +0f24 T3 op=0x2d cnt=13 hdr=c00c2d00
[ 1051.442388] KGSL_DIAG      00010078 66eea6a3 00000020 66eea6e3
[ 1051.442402] KGSL_DIAG      00000020 66eea703 00000020 66eea723
[ 1051.442418] KGSL_DIAG      00000020 00000006 2e20a300 00000010
[ 1051.442427] KGSL_DIAG      00000000 00000000 00000000 00000000
[ 1051.442437] KGSL_DIAG  +0f5c T3 op=0x2b cnt=32 hdr=c01f2b00
[ 1051.442447] KGSL_DIAG      00000000 0000001e 02556003 00001000
[ 1051.442457] KGSL_DIAG      c2000000 00001009 00001000 c4000000
[ 1051.442472] KGSL_DIAG      0000000a 00002000 00000000 1b481000
[ 1051.442482] KGSL_DIAG      00263e88 00000000 15482000 40263e88
[ 1051.442497] KGSL_DIAG      00000000 11583000 40263e88 00000000
[ 1051.442513] KGSL_DIAG      11484000 40253fc8 00000008 14070000
[ 1051.442524] KGSL_DIAG      00003100 eb020403 14070000 00002c00
[ 1051.442539] KGSL_DIAG      eb010400 140bc03e 00c0c000 e2000000
[ 1051.442612] KGSL_DIAG  +0fe0 T3 op=0x2d cnt=2 hdr=c0012d00
[ 1051.442628] KGSL_DIAG      00040316 0000028f 00000000 00000000
[ 1051.442642] KGSL_DIAG  +0fec T3 op=0x2d cnt=2 hdr=c0012d00
[ 1051.442652] KGSL_DIAG      00040180 10038004 00000000 00000000
[ 1051.442666] KGSL_DIAG  +0ff8 T3 op=0x22 cnt=3 hdr=c0022200
[ 1051.442678] KGSL_DIAG      00000000 00004085 00000004 00000000
[ 1051.442692] KGSL_DIAG  +1008 T3 op=0x2d cnt=13 hdr=c00c2d00
[ 1051.442708] KGSL_DIAG      00010078 66eea743 00000020 66eea783
[ 1051.442725] KGSL_DIAG      00000020 66eea7a3 00000020 66eea7c3
[ 1051.442735] KGSL_DIAG      00000020 36c8bd68 2e2078c8 2c671450
[ 1051.442750] KGSL_DIAG      2e2078c8 00000000 00000000 00000000
[ 1051.442762] KGSL_DIAG  +1040 T3 op=0x22 cnt=3 hdr=c0022200
[ 1051.442775] KGSL_DIAG      00000000 00004085 00000004 00000000
[ 1051.442791] KGSL_DIAG  +1050 T3 op=0x2d cnt=13 hdr=c00c2d00
[ 1051.442801] KGSL_DIAG      00010078 66eea7e3 00000020 66eea823
[ 1051.442814] KGSL_DIAG      00000020 66eea843 00000020 66eea863
[ 1051.442828] KGSL_DIAG      00000020 36b97a30 36c8bf60 00000001
[ 1051.442840] KGSL_DIAG      00000015 00000000 00000000 00000000
[ 1051.442856] KGSL_DIAG  +1088 T3 op=0x22 cnt=3 hdr=c0022200
[ 1051.442866] KGSL_DIAG      00000000 00004085 00000004 00000000
[ 1051.442878] KGSL_DIAG  +1098 T3 op=0x2d cnt=13 hdr=c00c2d00
[ 1051.442891] KGSL_DIAG      00010078 66eea883 00000020 66eea8c3
[ 1051.442901] KGSL_DIAG      00000020 66eea8e3 00000020 66eea903
[ 1051.442911] KGSL_DIAG      00000020 00000000 00000000 41c00000
[ 1051.442920] KGSL_DIAG      41c00000 00000000 00000000 00000000
[ 1051.442935] KGSL_DIAG  +10d0 T3 op=0x22 cnt=3 hdr=c0022200
[ 1051.442946] KGSL_DIAG      00000000 00004085 00000004 00000000
[ 1051.442961] KGSL_DIAG  +10e0 T3 op=0x2d cnt=13 hdr=c00c2d00
[ 1051.442974] KGSL_DIAG      00010078 66eea923 00000020 66eea963
[ 1051.442987] KGSL_DIAG      00000020 66eea983 00000020 66eea9a3
[ 1051.443001] KGSL_DIAG      00000020 66ee7a23 00000020 00000080
[ 1051.443012] KGSL_DIAG      2e209098 00000000 00000000 00000000
[ 1051.443025] KGSL_DIAG  +1118 T3 op=0x22 cnt=3 hdr=c0022200
[ 1051.443038] KGSL_DIAG      00000000 00004085 00000004 00000000
[ 1051.443051] KGSL_DIAG  +1128 T3 op=0x2d cnt=5 hdr=c0042d00
[ 1051.443066] KGSL_DIAG      00000080 3f800000 00000000 00000000
[ 1051.443076] KGSL_DIAG      00000000 00000000 00000000 00000000
[ 1051.443088] KGSL_DIAG  +1140 T3 op=0x2d cnt=13 hdr=c00c2d00
[ 1051.443098] KGSL_DIAG      00010078 66eea9c3 00000020 66eeaa03
[ 1051.443108] KGSL_DIAG      00000020 66eeaa23 00000020 66eeaa43
[ 1051.443118] KGSL_DIAG      00000020 00000006 2e20a300 00000010
[ 1051.443127] KGSL_DIAG      00000000 00000000 00000000 00000000
[ 1051.443137] KGSL_DIAG  +1178 T3 op=0x2b cnt=32 hdr=c01f2b00
[ 1051.443147] KGSL_DIAG      00000000 0000001e 02556003 00001000
[ 1051.443157] KGSL_DIAG      c2000000 00001009 00001000 c4000000
[ 1051.443167] KGSL_DIAG      0000000a 00002000 00000000 1b481000
[ 1051.443177] KGSL_DIAG      00263e88 00000000 15482000 40263e88
[ 1051.443187] KGSL_DIAG      00000000 11583000 40263e88 00000000
[ 1051.443197] KGSL_DIAG      11484000 40253fc8 00000008 14070000
[ 1051.443207] KGSL_DIAG      00003100 eb020403 14070000 00002c00
[ 1051.443217] KGSL_DIAG      eb010400 140bc03e 00c0c000 e2000000
[ 1051.443230] KGSL_DIAG  +11fc T3 op=0x2d cnt=2 hdr=c0012d00
[ 1051.443240] KGSL_DIAG      00040316 0000028f 00000000 00000000
[ 1051.443252] KGSL_DIAG  +1208 T3 op=0x2d cnt=2 hdr=c0012d00
[ 1051.443262] KGSL_DIAG      00040180 10038004 00000000 00000000
[ 1051.443275] KGSL_DIAG  +1214 T3 op=0x22 cnt=3 hdr=c0022200
[ 1051.443285] KGSL_DIAG      00000000 00004085 00000004 00000000
[ 1051.443297] KGSL_DIAG  +1224 T3 op=0x2d cnt=13 hdr=c00c2d00
[ 1051.443307] KGSL_DIAG      00010078 66eeaa63 00000020 66eeaaa3
[ 1051.443319] KGSL_DIAG      00000020 66eeaac3 00000020 66eeaae3
[ 1051.443329] KGSL_DIAG      00000020 66eea9a3 00000020 00000080
[ 1051.443339] KGSL_DIAG      2e209098 00000000 00000000 00000000
[ 1051.443350] KGSL_DIAG  +125c T3 op=0x22 cnt=3 hdr=c0022200
[ 1051.443361] KGSL_DIAG      00000000 00004085 00000004 00000000
[ 1051.443371] KGSL_DIAG  +126c T3 op=0x2d cnt=13 hdr=c00c2d00
[ 1051.443382] KGSL_DIAG      00010078 66eeab03 00000020 66eeab43
[ 1051.443392] KGSL_DIAG      00000020 66eeab63 00000020 66eeab83
[ 1051.443403] KGSL_DIAG      00000020 66eeaae3 00000020 00000080
[ 1051.443413] KGSL_DIAG      2e209098 00000000 00000000 00000000
[ 1051.443424] KGSL_DIAG  +12a4 T3 op=0x22 cnt=3 hdr=c0022200
[ 1051.443434] KGSL_DIAG      00000000 00004085 00000004 00000000
[ 1051.443444] KGSL_DIAG  +12b4 T3 op=0x2d cnt=13 hdr=c00c2d00
[ 1051.443454] KGSL_DIAG      00010078 66eeaba3 00000020 66eeabe3
[ 1051.443464] KGSL_DIAG      00000020 66eeac03 00000020 66eeac23
[ 1051.443473] KGSL_DIAG      00000020 66eeab83 00000020 00000080
[ 1051.443484] KGSL_DIAG      2e209098 00000000 00000000 00000000
[ 1051.443494] KGSL_DIAG  +12ec T3 op=0x22 cnt=3 hdr=c0022200
[ 1051.443503] KGSL_DIAG      00000000 00004085 00000004 00000000
[ 1051.443513] KGSL_DIAG  +12fc T3 op=0x2d cnt=5 hdr=c0042d00
[ 1051.443523] KGSL_DIAG      00000080 3f800000 00000000 00000000
[ 1051.443532] KGSL_DIAG      00000000 00000000 00000000 00000000
[ 1051.443543] KGSL_DIAG  +1314 T3 op=0x2d cnt=13 hdr=c00c2d00
[ 1051.443553] KGSL_DIAG      00010078 66eeac43 00000020 66eeac83
[ 1051.443564] KGSL_DIAG      00000020 66eeaca3 00000020 66eeacc3
[ 1051.443574] KGSL_DIAG      00000020 00000006 2e20a300 00000010
[ 1051.443584] KGSL_DIAG      00000000 00000000 00000000 00000000
[ 1051.443594] KGSL_DIAG  +134c T3 op=0x2b cnt=32 hdr=c01f2b00
[ 1051.443604] KGSL_DIAG      00000000 0000001e 02556003 00001000
[ 1051.443614] KGSL_DIAG      c2000000 00001009 00001000 c4000000
[ 1051.443624] KGSL_DIAG      0000000a 00002000 00000000 1b481000
[ 1051.443634] KGSL_DIAG      00263e88 00000000 15482000 40263e88
[ 1051.443644] KGSL_DIAG      00000000 11583000 40263e88 00000000
[ 1051.443653] KGSL_DIAG      11484000 40253fc8 00000008 14070000
[ 1051.443663] KGSL_DIAG      00003100 eb020403 14070000 00002c00
[ 1051.443673] KGSL_DIAG      eb010400 140bc03e 00c0c000 e2000000
[ 1051.443683] KGSL_DIAG  +13d0 T3 op=0x2d cnt=2 hdr=c0012d00
[ 1051.443693] KGSL_DIAG      00040316 0000028f 00000000 00000000
[ 1051.443703] KGSL_DIAG  +13dc T3 op=0x2d cnt=2 hdr=c0012d00
[ 1051.443712] KGSL_DIAG      00040180 10038004 00000000 00000000
[ 1051.443723] KGSL_DIAG  +13e8 T3 op=0x22 cnt=3 hdr=c0022200
[ 1051.443733] KGSL_DIAG      00000000 00004085 00000004 00000000
[ 1051.443743] KGSL_DIAG  +13f8 T3 op=0x2d cnt=13 hdr=c00c2d00
[ 1051.443754] KGSL_DIAG      00010078 66eeace3 00000020 66eead23
[ 1051.443765] KGSL_DIAG      00000020 66eead43 00000020 66eead63
[ 1051.443783] KGSL_DIAG      00000020 00000032 00000000 001d608c
[ 1051.443801] KGSL_DIAG      00000000 00000000 00000000 00000000
[ 1051.443820] KGSL_DIAG  +1430 T3 op=0x22 cnt=3 hdr=c0022200
[ 1051.443835] KGSL_DIAG      00000000 00004085 00000004 00000000
[ 1051.443854] KGSL_DIAG  +1440 T3 op=0x2d cnt=13 hdr=c00c2d00
[ 1051.443871] KGSL_DIAG      00010078 66eead83 00000020 66eeadc3
[ 1051.443890] KGSL_DIAG      00000020 66eeade3 00000020 66eeae03
[ 1051.443908] KGSL_DIAG      00000020 66eeac23 00000020 00000080
[ 1051.443926] KGSL_DIAG      2e209098 00000000 00000000 00000000
[ 1051.443941] KGSL_DIAG  +1478 T3 op=0x22 cnt=3 hdr=c0022200
[ 1051.443958] KGSL_DIAG      00000000 00004085 00000004 00000000
[ 1051.443976] KGSL_DIAG  +1488 T3 op=0x2d cnt=13 hdr=c00c2d00
[ 1051.443992] KGSL_DIAG      00010078 66eeae23 00000020 66eeae63
[ 1051.444012] KGSL_DIAG      00000020 66eeae83 00000020 66eeaea3
[ 1051.444030] KGSL_DIAG      00000020 00000032 00000020 001d608c
[ 1051.444044] KGSL_DIAG      00000000 00000000 00000000 00000000
[ 1051.444061] KGSL_DIAG  +14c0 T3 op=0x22 cnt=3 hdr=c0022200
[ 1051.444079] KGSL_DIAG      00000000 00004085 00000004 00000000
[ 1051.444097] KGSL_DIAG  +14d0 T3 op=0x2d cnt=13 hdr=c00c2d00
[ 1051.444115] KGSL_DIAG      00010078 66eeaec3 00000020 66eeaf03
[ 1051.444130] KGSL_DIAG      00000020 66eeaf23 00000020 66eeaf43
[ 1051.444146] KGSL_DIAG      00000020 66eeae03 00000020 00000080
[ 1051.444164] KGSL_DIAG      2e209098 00000000 00000000 00000000
[ 1051.444182] KGSL_DIAG  +1508 T3 op=0x22 cnt=3 hdr=c0022200
[ 1051.444201] KGSL_DIAG      00000000 00004085 00000004 00000000
[ 1051.444215] KGSL_DIAG  +1518 T3 op=0x2d cnt=13 hdr=c00c2d00
[ 1051.444233] KGSL_DIAG      00010078 66eeaf63 00000020 66eeafa3
[ 1051.444251] KGSL_DIAG      00000020 66eeafc3 00000020 66eeafe3
[ 1051.444269] KGSL_DIAG      00000020 66eeaf43 00000020 00000080
[ 1051.444287] KGSL_DIAG      2e209098 00000000 00000000 00000000
[ 1051.444305] KGSL_DIAG  +1550 T3 op=0x22 cnt=3 hdr=c0022200
[ 1051.444319] KGSL_DIAG      00000000 00004085 00000004 00000000
[ 1051.444337] KGSL_DIAG  +1560 T3 op=0x2d cnt=13 hdr=c00c2d00
[ 1051.444356] KGSL_DIAG      00010078 66eeb003 00000b80 66eec703
[ 1051.444375] KGSL_DIAG      00000020 66eec723 00000020 66eec743
[ 1051.444393] KGSL_DIAG      00000020 33e67510 00000016 00000001
[ 1051.444411] KGSL_DIAG      00000001 00000000 00000000 00000000
[ 1051.444426] KGSL_DIAG  +1598 T3 op=0x22 cnt=3 hdr=c0022200
[ 1051.444444] KGSL_DIAG      00000000 00004084 0000016e 00000000
[ 1051.444461] KGSL_DIAG  +15a8 T3 op=0x2d cnt=2 hdr=c0012d00
[ 1051.444479] KGSL_DIAG      00040209 00000000 00000000 00000000
[ 1051.444497] KGSL_DIAG  +15b4 T0 reg=0x0c00 cnt=1
[ 1051.444511] KGSL_DIAG  +15bc T3 op=0x46 cnt=1 hdr=c0004600
[ 1051.444520] KGSL_DIAG      00000006 00000000 00000000 00000000
[ 1051.444530] KGSL_DIAG  +15c4 T3 op=0x52 cnt=4 hdr=c0035200
[ 1051.444539] KGSL_DIAG      000005d0 00000000 5f601000 00000001
[ 1051.444550] KGSL_DIAG  +15d8 T3 op=0x26 cnt=1 hdr=c0002600
[ 1051.444559] KGSL_DIAG      00000000 00000000 00000000 00000000
[ 1051.444574] KGSL_DIAG  RBBM_STATUS=0x00000000
[ 1051.444582] KGSL_DIAG  CYCLECTR[0x0ee2]=0x15004042
[ 1051.444600] kgsl kgsl: |kgsl_yamato_rbbm_intrcallback| rbbm read error interrupt: c00005fc
[ 1051.444610] KGSL_DIAG  LRZ_VSC_CONTROL[0x2209]=0x00000001
[ 1051.444620] KGSL_DIAG  SQ_GPR_MANAGEMENT[0x0d00]=0x0007f010
[ 1051.444633] KGSL_DIAG  VSC[0x0c00]=0x00000000
[ 1051.444642] KGSL_DIAG  VSC[0x0c01]=0x00000108
[ 1051.444657] kgsl kgsl: |kgsl_yamato_rbbm_intrcallback| rbbm read error interrupt: c0003000
[ 1051.444724] KGSL_DIAG  VSC[0x0c02]=0x660b4080
[ 1051.444740] KGSL_DIAG    vis-stream @0x660b4080:
[ 1051.444750] KGSL_DIAG      0000002c 0000000c 0000000c 0000001c
[ 1051.444759] KGSL_DIAG      00000018 0000000c 0000000c 0000001c
[ 1051.444770] KGSL_DIAG      00000000 00000000 00000000 00000000
[ 1051.444780] KGSL_DIAG      00000000 00000000 00000000 00000000
[ 1051.444790] KGSL_DIAG      00000000 00000000 00000000 00000000
[ 1051.444799] KGSL_DIAG      00000000 00000000 00000000 00000000
[ 1051.444810] KGSL_DIAG      00000000 00000000 00000000 00000000
[ 1051.444819] KGSL_DIAG      00000000 00000000 00000000 00000000
[ 1051.444833] KGSL_DIAG  VSC[0x0c03]=0x00000000
[ 1051.444841] KGSL_DIAG  VSC[0x0c04]=0x00000000
[ 1051.444851] KGSL_DIAG  VSC[0x0c05]=0x00000000
[ 1051.444859] KGSL_DIAG  VSC[0x0c06]=0x01200000
[ 1051.444879] KGSL_DIAG  VSC[0x0c07]=0x660b5000
[ 1051.444900] KGSL_DIAG    vis-stream @0x660b5000:
[ 1051.444910] KGSL_DIAG      2bbaa1ea a628603e 32211372 13322113
[ 1051.444922] KGSL_DIAG      21133221 32211332 13322113 21133221
[ 1051.444932] KGSL_DIAG      32211332 13322113 00900920 000000c0
[ 1051.444942] KGSL_DIAG      00000000 00000000 00000000 00000000
[ 1051.444951] KGSL_DIAG      00000000 00000000 00000000 00000000
[ 1051.444962] KGSL_DIAG      00000000 00000000 00000000 00000000
[ 1051.444972] KGSL_DIAG      00000000 00000000 00000000 00000000
[ 1051.444984] KGSL_DIAG      00000000 00000000 00000000 00000000
[ 1051.444994] KGSL_DIAG  VSC[0x0c08]=0x00040000
[ 1051.445021] KGSL_DIAG  VSC[0x0c09]=0x01100400
[ 1051.445040] KGSL_DIAG  VSC[0x0c0a]=0x66cf5000
[ 1051.445058] KGSL_DIAG    vis-stream @0x66cf5000:
[ 1051.445070] KGSL_DIAG      808f6678 c616685d 4c809903 4d68d184
[ 1051.445079] KGSL_DIAG      2634a109 8426b482 092d9ad0 902634a1
[ 1051.445091] KGSL_DIAG      d740139a 0000e014 a145139a 428b2634
[ 1051.445100] KGSL_DIAG      8226b468 162d5ab4 00a4458b 00000000
[ 1051.445111] KGSL_DIAG      00000000 00000000 00000000 00000000
[ 1051.445120] KGSL_DIAG      00000000 00000000 00000000 00000000
[ 1051.445129] KGSL_DIAG      00000000 00000000 00000000 00000000
[ 1051.445138] KGSL_DIAG      00000000 00000000 00000000 00000000
[ 1051.445147] KGSL_DIAG  VSC[0x0c0b]=0x00040000
[ 1051.445167] KGSL_DIAG  VSC[0x0c0c]=0x01100401
[ 1051.445183] KGSL_DIAG  VSC[0x0c0d]=0x66d35000
[ 1051.445198] KGSL_DIAG    vis-stream @0x66d35000:
[ 1051.445209] KGSL_DIAG      0ba021d0 c07804ae c008305b a4458b16
[ 1051.445218] KGSL_DIAG      000069d1 00000040 00000000 00000000
[ 1051.445226] KGSL_DIAG      00000000 00000000 00000000 00000000
[ 1051.445235] KGSL_DIAG      00000000 00000000 00000000 00000000
[ 1051.445244] KGSL_DIAG      00000000 00000000 00000000 00000000
[ 1051.445253] KGSL_DIAG      00000000 00000000 00000000 00000000
[ 1051.445262] KGSL_DIAG      00000000 00000000 00000000 00000000
[ 1051.445272] KGSL_DIAG      00000000 00000000 00000000 00000000
[ 1051.445281] KGSL_DIAG  VSC[0x0c0e]=0x00040000
[ 1051.445300] KGSL_DIAG  VSC[0x0c0f]=0x01200800
[ 1051.445316] KGSL_DIAG  VSC[0x0c10]=0x66d75000
[ 1051.445332] KGSL_DIAG    vis-stream @0x66d75000:
[ 1051.445342] KGSL_DIAG      aa174b7c ba2ec08f ea02a40c 4c8a606c
[ 1051.445351] KGSL_DIAG      604caa60 824c4eca 00000080 c8fbfba4
[ 1051.445361] KGSL_DIAG      00000028 32a1132a 4aa8842a a213fb84
[ 1051.445370] KGSL_DIAG      a8844aa8 b2e8844a a657802c c6a408c6
[ 1051.445380] KGSL_DIAG      0cc6a408 000020a8 00000000 00000000
[ 1051.445389] KGSL_DIAG      00000000 00000000 00000000 00000000
[ 1051.445398] KGSL_DIAG      00000000 00000000 00000000 00000000
[ 1051.445407] KGSL_DIAG      00000000 00000000 00000000 00000000
[ 1051.445416] KGSL_DIAG  VSC[0x0c11]=0x00040000
[ 1051.445433] KGSL_DIAG  VSC[0x0c12]=0x01200002
[ 1051.445449] KGSL_DIAG  VSC[0x0c13]=0x66db5000
[ 1051.445465] KGSL_DIAG    vis-stream @0x66db5000:
[ 1051.445475] KGSL_DIAG      844ec8f3 474cdecb 21133221 1b271332
[ 1051.445485] KGSL_DIAG      608c08a0 00002009 842634a1 42139ad0
[ 1051.445494] KGSL_DIAG      a1094d68 00872634 10202020 49760000
[ 1051.445504] KGSL_DIAG      5c415c41 49760000 06ff5c41 00000000
[ 1051.445514] KGSL_DIAG      6c002e42 73006900 0f007400 00005400
[ 1051.445524] KGSL_DIAG      ffffffff ffffffff 0000ffff ffffffff
[ 1051.445535] KGSL_DIAG      61007001 6b006300 0f006100 00675400
[ 1051.445545] KGSL_DIAG      005f0065 00610063 00000063 00650068
[ 1051.445555] KGSL_DIAG  VSC[0x0c14]=0x00040000
[ 1051.445578] KGSL_DIAG  VSC[0x0c15]=0x01100402
[ 1051.445595] KGSL_DIAG  VSC[0x0c16]=0x66df5000
[ 1051.445611] KGSL_DIAG    vis-stream @0x66df5000:
[ 1051.445621] KGSL_DIAG      0ba021d0 c0f805ae 0801e4ee 00000080
[ 1051.445631] KGSL_DIAG      00664400 00000000 6842139a 34a1094d
[ 1051.445640] KGSL_DIAG      9ad08426 00005d74 00000000 00000000
[ 1051.445651] KGSL_DIAG      00000000 00000000 00000000 00000000
[ 1051.445660] KGSL_DIAG      00000000 00000000 00000000 00000000
[ 1051.445668] KGSL_DIAG      00000000 00000000 00000000 00000000
[ 1051.445678] KGSL_DIAG      00000000 00000000 00000000 00000000
[ 1051.445687] KGSL_DIAG      00000000 00000000 00000000 00000000
[ 1051.445696] KGSL_DIAG  VSC[0x0c17]=0x00040000
[ 1051.445715] KGSL_DIAG  VSC[0x0c18]=0x01100403
[ 1051.445732] KGSL_DIAG  VSC[0x0c19]=0x66e35000
[ 1051.445748] KGSL_DIAG    vis-stream @0x66e35000:
[ 1051.445758] KGSL_DIAG      bb00fbe1 b20b30ee f8001902 00000020
[ 1051.445767] KGSL_DIAG      00000000 00000000 00000000 00000000
[ 1051.445777] KGSL_DIAG      00000000 00000000 00000000 00000000
[ 1051.445787] KGSL_DIAG      00000000 00000000 00000000 00000000
[ 1051.445795] KGSL_DIAG      00000000 00000000 00000000 00000000
[ 1051.445804] KGSL_DIAG      00000000 00000000 00000000 00000000
[ 1051.445813] KGSL_DIAG      00000000 00000000 00000000 00000000
[ 1051.445822] KGSL_DIAG      00000000 00000000 00000000 00000000
[ 1051.445831] KGSL_DIAG  VSC[0x0c1a]=0x00040000
[ 1051.445853] KGSL_DIAG  VSC[0x0c1b]=0x01200802
[ 1051.445871] KGSL_DIAG  VSC[0x0c1c]=0x66e75000
[ 1051.445888] KGSL_DIAG    vis-stream @0x66e75000:
[ 1051.445897] KGSL_DIAG      c48b6ce8 ba2e80de 604cc80a 0ac4a632
[ 1051.445906] KGSL_DIAG      a608c4a6 c2aa02c2 00000000 0020ac2a
[ 1051.445916] KGSL_DIAG      000000c2 c8a9844a 02b1a90c a608b2a9
[ 1051.445928] KGSL_DIAG      00080bc2 00000000 00000000 00000000
[ 1051.445937] KGSL_DIAG      00000000 00000000 00000000 00000000
[ 1051.445947] KGSL_DIAG      00000000 00000000 00000000 00000000
[ 1051.445955] KGSL_DIAG      00000000 00000000 00000000 00000000
[ 1051.445964] KGSL_DIAG      00000000 00000000 00000000 00000000
[ 1051.445973] KGSL_DIAG  VSC[0x0c1d]=0x00040000
[ 1051.445993] KGSL_DIAG ==== end ts=320864 ====
[ 1051.446193] KGSL_DIAG ISSUEIBCMDS pid=2600 ts=320866 numibs=1 dwords=146 draws=0 bins=0
[ 1051.446248] KGSL_DIAG ISSUEIBCMDS pid=2600 ts=320868 numibs=1 dwords=156 draws=0 bins=0
[ 1051.446290] KGSL_DIAG ISSUEIBCMDS pid=2600 ts=320870 numibs=1 dwords=156 draws=0 bins=0
[ 1051.446332] KGSL_DIAG ISSUEIBCMDS pid=2600 ts=320872 numibs=1 dwords=156 draws=0 bins=0
[ 1051.446378] KGSL_DIAG ISSUEIBCMDS pid=2600 ts=320874 numibs=1 dwords=156 draws=0 bins=0
[ 1051.446417] KGSL_DIAG ISSUEIBCMDS pid=2600 ts=320876 numibs=1 dwords=156 draws=0 bins=0
[ 1051.446455] KGSL_DIAG ISSUEIBCMDS pid=2600 ts=320878 numibs=1 dwords=156 draws=0 bins=0
[ 1051.446494] KGSL_DIAG ISSUEIBCMDS pid=2600 ts=320880 numibs=1 dwords=156 draws=0 bins=0
[ 1051.446533] KGSL_DIAG ISSUEIBCMDS pid=2600 ts=320882 numibs=1 dwords=156 draws=0 bins=0
[ 1051.447725] KGSL_DIAG ISSUEIBCMDS pid=2600 ts=320884 numibs=1 dwords=156 draws=41 bins=0
[ 1051.447975] KGSL_DIAG ISSUEIBCMDS pid=2600 ts=320886 numibs=1 dwords=156 draws=41 bins=0
[ 1051.448047] KGSL_DIAG ISSUEIBCMDS pid=2600 ts=320888 numibs=1 dwords=156 draws=41 bins=0
[ 1051.448088] KGSL_DIAG ISSUEIBCMDS pid=2600 ts=320890 numibs=1 dwords=2 draws=0 bins=0
[ 1051.457430] KGSL_DIAG ISSUEIBCMDS pid=2600 ts=320893 numibs=1 dwords=1400 draws=39 bins=0
[ 1051.457455] KGSL_DIAG IB 0x67619d20 dwords=1400 depth=0
[ 1051.457469] KGSL_DIAG  +0000 T3 op=0x2d cnt=5 hdr=c0042d00
[ 1051.457483] KGSL_DIAG      00000080 3f800000 00000000 00000000
[ 1051.457495] KGSL_DIAG      00000000 00000000 00000000 00000000
[ 1051.457508] KGSL_DIAG  +0018 T3 op=0x2d cnt=13 hdr=c00c2d00
[ 1051.457521] KGSL_DIAG      00010078 66eec763 00000020 66eec7a3
[ 1051.457533] KGSL_DIAG      00000020 66eec7c3 00000020 66eec7e3
[ 1051.457547] KGSL_DIAG      00000020 00000006 2e20a300 00000010
[ 1051.457558] KGSL_DIAG      00000000 00000000 00000000 00000000
[ 1051.457571] KGSL_DIAG  +0050 T3 op=0x2b cnt=32 hdr=c01f2b00
[ 1051.457586] KGSL_DIAG      00000000 0000001e 02556003 00001000
[ 1051.457599] KGSL_DIAG      c2000000 00001009 00001000 c4000000
[ 1051.457610] KGSL_DIAG      0000000a 00002000 00000000 1b481000
[ 1051.457622] KGSL_DIAG      00263e88 00000000 15482000 40263e88
[ 1051.457635] KGSL_DIAG      00000000 11583000 40263e88 00000000
[ 1051.457649] KGSL_DIAG      11484000 40253fc8 00000008 14070000
[ 1051.457662] KGSL_DIAG      00003100 eb020403 14070000 00002c00
[ 1051.457675] KGSL_DIAG      eb010400 140bc03e 00c0c000 e2000000
[ 1051.457687] KGSL_DIAG  +00d4 T3 op=0x2d cnt=2 hdr=c0012d00
[ 1051.457701] KGSL_DIAG      00040316 0000028f 00000000 00000000
[ 1051.457717] KGSL_DIAG  +00e0 T3 op=0x2d cnt=2 hdr=c0012d00
[ 1051.457730] KGSL_DIAG      00040180 10038004 00000000 00000000
[ 1051.457744] KGSL_DIAG  +00ec T3 op=0x2d cnt=5 hdr=c0042d00
[ 1051.457759] KGSL_DIAG      0004010f 44000000 44000200 c3c00000
[ 1051.457774] KGSL_DIAG      43c00400 00000000 00000000 00000000
[ 1051.457788] KGSL_DIAG  +0104 T3 op=0x2d cnt=25 hdr=c0182d00
[ 1051.457802] KGSL_DIAG      00000080 3f800000 00000000 00000000
[ 1051.457815] KGSL_DIAG      00000000 00000000 bb2aaaab 00000000
[ 1051.457828] KGSL_DIAG      00000000 be220000 3f76aaab 3f800000
[ 1051.457842] KGSL_DIAG      00000000 3f800000 00000000 00000000
[ 1051.457856] KGSL_DIAG      00000000 3d4ccccd 3d124925 00000000
[ 1051.457869] KGSL_DIAG      00000000 3f800000 00000000 00000000
[ 1051.457884] KGSL_DIAG      00000000 00000000 00000000 00000000
[ 1051.457897] KGSL_DIAG  +016c T0 reg=0x0e00 cnt=1
[ 1051.457911] KGSL_DIAG  +0174 T3 op=0x2d cnt=4 hdr=c0032d00
[ 1051.457927] KGSL_DIAG      00040000 00000100 00000205 00000000
[ 1051.457939] KGSL_DIAG  +0188 T3 op=0x2d cnt=2 hdr=c0012d00
[ 1051.457951] KGSL_DIAG      00040301 00000000 00000000 00000000
[ 1051.462680] KGSL_DIAG  +0194 T3 op=0x2d cnt=2 hdr=c0012d00
[ 1051.462693] KGSL_DIAG      0004020a 88888888 00000000 00000000
[ 1051.462704] KGSL_DIAG  +01a0 T3 op=0x2d cnt=7 hdr=c0062d00
[ 1051.462716] KGSL_DIAG      0004010f 44000000 44000200 c3c00000
[ 1051.462728] KGSL_DIAG      43c00400 3efffee0 3efffee0 00000000
[ 1051.462739] KGSL_DIAG  +01c0 T3 op=0x2d cnt=2 hdr=c0012d00
[ 1051.462750] KGSL_DIAG      00040206 0000043f 00000000 00000000
[ 1051.462760] KGSL_DIAG  +01cc T3 op=0x2d cnt=5 hdr=c0042d00
[ 1051.462775] KGSL_DIAG      00040303 411aaaab 3f800000 40e00000
[ 1051.462785] KGSL_DIAG      3f800000 00000000 00000000 00000000
[ 1051.462797] KGSL_DIAG  +01e4 T3 op=0x2d cnt=2 hdr=c0012d00
[ 1051.462807] KGSL_DIAG      00040302 00000001 00000000 00000000
[ 1051.462818] KGSL_DIAG  +01f0 T3 op=0x2d cnt=2 hdr=c0012d00
[ 1051.462828] KGSL_DIAG      00040205 00080000 00000000 00000000
[ 1051.462840] KGSL_DIAG  +01fc T3 op=0x26 cnt=1 hdr=c0002600
[ 1051.462849] KGSL_DIAG      00000000 00000000 00000000 00000000
[ 1051.462860] KGSL_DIAG  +0204 T3 op=0x2d cnt=2 hdr=c0012d00
[ 1051.462870] KGSL_DIAG      00040200 00700798 00000000 00000000
[ 1051.462880] KGSL_DIAG  +0210 T3 op=0x2d cnt=3 hdr=c0022d00
[ 1051.462891] KGSL_DIAG      00040081 80000000 03000400 00000000
[ 1051.462903] KGSL_DIAG  +0220 T3 op=0x2d cnt=3 hdr=c0022d00
[ 1051.462914] KGSL_DIAG      0004000e 00000000 03000400 00000000
[ 1051.462926] KGSL_DIAG  +0230 T0 reg=0x0c00 cnt=1
[ 1051.462936] KGSL_DIAG  +0238 T3 op=0x2d cnt=2 hdr=c0012d00
[ 1051.462948] KGSL_DIAG      00040209 00000003 00000000 00000000
[ 1051.462958] KGSL_DIAG  +0244 T3 op=0x26 cnt=1 hdr=c0002600
[ 1051.462968] KGSL_DIAG      00000000 00000000 00000000 00000000
[ 1051.462978] KGSL_DIAG  +024c T0 reg=0x0d00 cnt=1
[ 1051.462987] KGSL_DIAG  +0254 T3 op=0x22 cnt=3 hdr=c0022200
[ 1051.462997] KGSL_DIAG      00000000 00004085 00000004 00000000
[ 1051.463007] KGSL_DIAG  +0264 T3 op=0x2d cnt=13 hdr=c00c2d00
[ 1051.463018] KGSL_DIAG      00010078 66eec803 00000020 66eec843
[ 1051.463028] KGSL_DIAG      00000020 66eec863 00000020 66eec883
[ 1051.463039] KGSL_DIAG      00000020 7ec82f00 7ec82ef8 2c8184d0
[ 1051.463050] KGSL_DIAG      7ec82ec8 00000000 00000000 00000000
[ 1051.463060] KGSL_DIAG  +029c T3 op=0x22 cnt=3 hdr=c0022200
[ 1051.463069] KGSL_DIAG      00000000 00004085 00000004 00000000
[ 1051.463079] KGSL_DIAG  +02ac T3 op=0x2d cnt=13 hdr=c00c2d00
[ 1051.463089] KGSL_DIAG      00010078 66eec8a3 00000020 66eec8e3
[ 1051.463099] KGSL_DIAG      00000020 66eec903 00000020 66eec923
[ 1051.463109] KGSL_DIAG      00000020 66eec883 00000020 2c8184d0
[ 1051.463119] KGSL_DIAG      7ec82ec8 00000000 00000000 00000000
[ 1051.463129] KGSL_DIAG  +02e4 T3 op=0x22 cnt=3 hdr=c0022200
[ 1051.463139] KGSL_DIAG      00000000 00004085 00000004 00000000
[ 1051.463150] KGSL_DIAG  +02f4 T3 op=0x2d cnt=13 hdr=c00c2d00
[ 1051.463160] KGSL_DIAG      00010078 66eec943 00000020 66eec983
[ 1051.463170] KGSL_DIAG      00000020 66eec9a3 00000020 66eec9c3
[ 1051.463180] KGSL_DIAG      00000020 66eec923 00000020 2c8184d0
[ 1051.463190] KGSL_DIAG      7ec82ec8 00000000 00000000 00000000
[ 1051.463201] KGSL_DIAG  +032c T3 op=0x22 cnt=3 hdr=c0022200
[ 1051.463211] KGSL_DIAG      00000000 00004085 00000004 00000000
[ 1051.463221] KGSL_DIAG  +033c T3 op=0x2d cnt=13 hdr=c00c2d00
[ 1051.463232] KGSL_DIAG      00010078 66eec9e3 00000020 66eeca23
[ 1051.463242] KGSL_DIAG      00000020 66eeca43 00000020 66eeca63
[ 1051.463252] KGSL_DIAG      00000020 66eec9c3 00000020 2c8184d0
[ 1051.463263] KGSL_DIAG      7ec82ec8 00000000 00000000 00000000
[ 1051.463273] KGSL_DIAG  +0374 T3 op=0x22 cnt=3 hdr=c0022200
[ 1051.463282] KGSL_DIAG      00000000 00004085 00000004 00000000
[ 1051.463292] KGSL_DIAG  +0384 T3 op=0x2d cnt=13 hdr=c00c2d00
[ 1051.463302] KGSL_DIAG      00010078 66eeca83 00000020 66eecac3
[ 1051.463312] KGSL_DIAG      00000020 66eecae3 00000020 66eecb03
[ 1051.463322] KGSL_DIAG      00000020 66eeca63 00000020 2c8184d0
[ 1051.463332] KGSL_DIAG      7ec82ec8 00000000 00000000 00000000
[ 1051.463342] KGSL_DIAG  +03bc T3 op=0x22 cnt=3 hdr=c0022200
[ 1051.463351] KGSL_DIAG      00000000 00004085 00000004 00000000
[ 1051.463362] KGSL_DIAG  +03cc T3 op=0x2d cnt=13 hdr=c00c2d00
[ 1051.463373] KGSL_DIAG      00010078 66eecb23 00000020 66eecb63
[ 1051.463384] KGSL_DIAG      00000020 66eecb83 00000020 66eecba3
[ 1051.463395] KGSL_DIAG      00000020 66eecb03 00000020 2c8184d0
[ 1051.463405] KGSL_DIAG      7ec82ec8 00000000 00000000 00000000
[ 1051.463416] KGSL_DIAG  +0404 T3 op=0x22 cnt=3 hdr=c0022200
[ 1051.463426] KGSL_DIAG      00000000 00004085 00000004 00000000
[ 1051.463436] KGSL_DIAG  +0414 T3 op=0x2d cnt=13 hdr=c00c2d00
[ 1051.463446] KGSL_DIAG      00010078 66eecbc3 00000020 66eecc03
[ 1051.463456] KGSL_DIAG      00000020 66eecc23 00000020 66eecc43
[ 1051.463466] KGSL_DIAG      00000020 66eecba3 00000020 2c8184d0
[ 1051.463475] KGSL_DIAG      7ec82ec8 00000000 00000000 00000000
[ 1051.463485] KGSL_DIAG  +044c T3 op=0x22 cnt=3 hdr=c0022200
[ 1051.463495] KGSL_DIAG      00000000 00004085 00000004 00000000
[ 1051.463505] KGSL_DIAG  +045c T3 op=0x2d cnt=13 hdr=c00c2d00
[ 1051.463515] KGSL_DIAG      00010078 66eecc63 00000020 66eecca3
[ 1051.463524] KGSL_DIAG      00000020 66eeccc3 00000020 66eecce3
[ 1051.463534] KGSL_DIAG      00000020 66eecc43 00000020 2c8184d0
[ 1051.463544] KGSL_DIAG      7ec82ec8 00000000 00000000 00000000
[ 1051.463554] KGSL_DIAG  +0494 T3 op=0x22 cnt=3 hdr=c0022200
[ 1051.463563] KGSL_DIAG      00000000 00004085 00000004 00000000
[ 1051.463573] KGSL_DIAG  +04a4 T3 op=0x2d cnt=13 hdr=c00c2d00
[ 1051.463583] KGSL_DIAG      00010078 66eecd03 00000020 66eecd43
[ 1051.463594] KGSL_DIAG      00000020 66eecd63 00000020 66eecd83
[ 1051.463603] KGSL_DIAG      00000020 36d0c828 36d0d228 4b280000
[ 1051.463614] KGSL_DIAG      2e2078c8 00000000 00000000 00000000
[ 1051.463623] KGSL_DIAG  +04dc T3 op=0x22 cnt=3 hdr=c0022200
[ 1051.463633] KGSL_DIAG      00000000 00004085 00000004 00000000
[ 1051.463643] KGSL_DIAG  +04ec T3 op=0x2d cnt=5 hdr=c0042d00
[ 1051.463653] KGSL_DIAG      00000080 3f800000 00000000 00000000
[ 1051.463662] KGSL_DIAG      00000000 00000000 00000000 00000000
[ 1051.463672] KGSL_DIAG  +0504 T3 op=0x2d cnt=13 hdr=c00c2d00
[ 1051.463682] KGSL_DIAG      00010078 66eecda3 00000020 66eecdc3
[ 1051.463691] KGSL_DIAG      00000020 66eecde3 00000020 66eece03
[ 1051.463701] KGSL_DIAG      00000020 00000006 2e20a300 00000010
[ 1051.463710] KGSL_DIAG      00000000 00000000 00000000 00000000
[ 1051.463720] KGSL_DIAG  +053c T3 op=0x2b cnt=32 hdr=c01f2b00
[ 1051.463730] KGSL_DIAG      00000000 0000001e 02556003 00001000
[ 1051.463741] KGSL_DIAG      c2000000 00001009 00001000 c4000000
[ 1051.463750] KGSL_DIAG      0000000a 00002000 00000000 1b481000
[ 1051.463761] KGSL_DIAG      00263e88 00000000 15482000 40263e88
[ 1051.463771] KGSL_DIAG      00000000 11583000 40263e88 00000000
[ 1051.463781] KGSL_DIAG      11484000 40253fc8 00000008 14070000
[ 1051.463790] KGSL_DIAG      00003100 eb020403 14070000 00002c00
[ 1051.463800] KGSL_DIAG      eb010400 140bc03e 00c0c000 e2000000
[ 1051.463811] KGSL_DIAG  +05c0 T3 op=0x2d cnt=2 hdr=c0012d00
[ 1051.463825] KGSL_DIAG      00040316 0000028f 00000000 00000000
[ 1051.463841] KGSL_DIAG  +05cc T3 op=0x2d cnt=2 hdr=c0012d00
[ 1051.463852] KGSL_DIAG      00040180 10038004 00000000 00000000
[ 1051.463863] KGSL_DIAG  +05d8 T3 op=0x22 cnt=3 hdr=c0022200
[ 1051.463872] KGSL_DIAG      00000000 00004085 00000004 00000000
[ 1051.463882] KGSL_DIAG  +05e8 T3 op=0x2d cnt=5 hdr=c0042d00
[ 1051.463891] KGSL_DIAG      00000094 3f800000 00000000 00000000
[ 1051.463901] KGSL_DIAG      00000000 00000000 00000000 00000000
[ 1051.463911] KGSL_DIAG  +0600 T3 op=0x2d cnt=13 hdr=c00c2d00
[ 1051.463920] KGSL_DIAG      00010078 66eece23 00000020 66eece43
[ 1051.463931] KGSL_DIAG      00000020 66eece63 00000020 66eece83
[ 1051.463940] KGSL_DIAG      00000020 00000006 2e20a300 00000010
[ 1051.463950] KGSL_DIAG      00000000 00000000 00000000 00000000
[ 1051.463960] KGSL_DIAG  +0638 T3 op=0x2b cnt=56 hdr=c0372b00
[ 1051.463969] KGSL_DIAG      00000000 00000036 02556003 00001000
[ 1051.463979] KGSL_DIAG      c2000000 00006009 300f1000 10000000
[ 1051.463989] KGSL_DIAG      00000000 0012c400 20000000 1b481000
[ 1051.463999] KGSL_DIAG      00263e88 00000000 15482000 40263e88
[ 1051.464008] KGSL_DIAG      00000000 11583000 40263e88 00000000
[ 1051.464018] KGSL_DIAG      11484000 40253fc8 00000008 14070000
[ 1051.464028] KGSL_DIAG      00003100 eb020403 14070000 00002c00
[ 1051.464038] KGSL_DIAG      eb010400 4c100100 000000c0 e2000000
[ 1051.464048] KGSL_DIAG      14030000 00000c00 e1000100 14030001
[ 1051.464058] KGSL_DIAG      00000c00 a0000500 14030001 00000000
[ 1051.464068] KGSL_DIAG      a1010300 14040000 00300000 8b010102
[ 1051.464078] KGSL_DIAG      14080000 0040c0c0 ab010000 4c900100
[ 1051.464088] KGSL_DIAG      00000000 e2000000 14830000 00000c1b
[ 1051.464099] KGSL_DIAG      e1000101 140bc03e 00000000 e2000000
[ 1051.464108] KGSL_DIAG  +071c T3 op=0x2d cnt=2 hdr=c0012d00
[ 1051.464118] KGSL_DIAG      00040316 0000028f 00000000 00000000
[ 1051.464128] KGSL_DIAG  +0728 T3 op=0x2d cnt=2 hdr=c0012d00
[ 1051.464137] KGSL_DIAG      00040180 10018004 00000000 00000000
[ 1051.464147] KGSL_DIAG  +0734 T3 op=0x2d cnt=21 hdr=c0142d00
[ 1051.464156] KGSL_DIAG      00000080 3f800000 00000000 00000000
[ 1051.464166] KGSL_DIAG      00000000 00000000 3f800000 00000000
[ 1051.464176] KGSL_DIAG      00000000 00000000 c4390000 3f800000
[ 1051.464185] KGSL_DIAG      00000000 44000000 43c00000 00000000
[ 1051.464195] KGSL_DIAG      00000000 3d4ccccd 3d124925 00000000
[ 1051.464205] KGSL_DIAG      00000000 00000000 00000000 00000000
[ 1051.464215] KGSL_DIAG  +078c T3 op=0x22 cnt=3 hdr=c0022200
[ 1051.464225] KGSL_DIAG      00000000 00004085 00000004 00000000
[ 1051.464235] KGSL_DIAG  +079c T3 op=0x2d cnt=5 hdr=c0042d00
[ 1051.464244] KGSL_DIAG      00000080 3f800000 00000000 00000000
[ 1051.464253] KGSL_DIAG      00000000 00000000 00000000 00000000
[ 1051.464263] KGSL_DIAG  +07b4 T3 op=0x2d cnt=13 hdr=c00c2d00
[ 1051.464273] KGSL_DIAG      00010078 66eecea3 00000020 66eecee3
[ 1051.464283] KGSL_DIAG      00000020 66eecf03 00000020 66eecf23
[ 1051.464292] KGSL_DIAG      00000020 00000006 2e20a300 00000010
[ 1051.464302] KGSL_DIAG      00000000 00000000 00000000 00000000
[ 1051.464312] KGSL_DIAG  +07ec T3 op=0x2b cnt=32 hdr=c01f2b00
[ 1051.464322] KGSL_DIAG      00000000 0000001e 02556003 00001000
[ 1051.464331] KGSL_DIAG      c2000000 00001009 00001000 c4000000
[ 1051.464341] KGSL_DIAG      0000000a 00002000 00000000 1b481000
[ 1051.464352] KGSL_DIAG      00263e88 00000000 15482000 40263e88
[ 1051.464361] KGSL_DIAG      00000000 11583000 40263e88 00000000
[ 1051.464371] KGSL_DIAG      11484000 40253fc8 00000008 14070000
[ 1051.464381] KGSL_DIAG      00003100 eb020403 14070000 00002c00
[ 1051.464392] KGSL_DIAG      eb010400 140bc03e 00c0c000 e2000000
[ 1051.464402] KGSL_DIAG  +0870 T3 op=0x2d cnt=2 hdr=c0012d00
[ 1051.464411] KGSL_DIAG      00040316 0000028f 00000000 00000000
[ 1051.464422] KGSL_DIAG  +087c T3 op=0x2d cnt=2 hdr=c0012d00
[ 1051.464432] KGSL_DIAG      00040180 10038004 00000000 00000000
[ 1051.464442] KGSL_DIAG  +0888 T3 op=0x22 cnt=3 hdr=c0022200
[ 1051.464451] KGSL_DIAG      00000000 00004085 00000004 00000000
[ 1051.464462] KGSL_DIAG  +0898 T3 op=0x2d cnt=13 hdr=c00c2d00
[ 1051.464472] KGSL_DIAG      00010078 66eecf43 00000020 66eecf83
[ 1051.464483] KGSL_DIAG      00000020 66eecfa3 00000020 66eecfc3
[ 1051.464492] KGSL_DIAG      00000020 30b397e0 00000000 00000001
[ 1051.464502] KGSL_DIAG      7ec82b58 00000000 00000000 00000000
[ 1051.464512] KGSL_DIAG  +08d0 T3 op=0x22 cnt=3 hdr=c0022200
[ 1051.464521] KGSL_DIAG      00000000 00004085 00000004 00000000
[ 1051.464532] KGSL_DIAG  +08e0 T3 op=0x2d cnt=5 hdr=c0042d00
[ 1051.464542] KGSL_DIAG      0000008c 3f800000 00000000 00000000
[ 1051.464551] KGSL_DIAG      00000000 00000000 00000000 00000000
[ 1051.464563] KGSL_DIAG  +08f8 T3 op=0x2d cnt=7 hdr=c0062d00
[ 1051.464572] KGSL_DIAG      00010078 66eecfe3 000000a0 66eed083
[ 1051.464584] KGSL_DIAG      000000a0 2c3fc5a0 000000c4 00000000
[ 1051.464594] KGSL_DIAG  +0918 T3 op=0x2b cnt=26 hdr=c0192b00
[ 1051.464603] KGSL_DIAG      00000000 00000018 00254003 00001000
[ 1051.464613] KGSL_DIAG      c2000000 00001007 00001000 c4000000
[ 1051.464623] KGSL_DIAG      00000008 00002000 00000000 1b480000
[ 1051.464633] KGSL_DIAG      00253fff 00000008 11481000 40253fc8
[ 1051.464643] KGSL_DIAG      00000008 14070000 00310000 8b010102
[ 1051.464652] KGSL_DIAG      14070000 002c0000 ab010000 148f803e
[ 1051.464663] KGSL_DIAG      00000000 e2000000 00000000 00000000
[ 1051.464674] KGSL_DIAG  +0984 T3 op=0x2d cnt=2 hdr=c0012d00
[ 1051.464683] KGSL_DIAG      00040316 0000028f 00000000 00000000
[ 1051.464693] KGSL_DIAG  +0990 T3 op=0x2d cnt=2 hdr=c0012d00
[ 1051.464702] KGSL_DIAG      00040180 10038001 00000000 00000000
[ 1051.464712] KGSL_DIAG  +099c T3 op=0x2d cnt=13 hdr=c00c2d00
[ 1051.464722] KGSL_DIAG      00000080 3b000000 00000000 00000000
[ 1051.464732] KGSL_DIAG      00000000 00000000 bb2aaaab 00000000
[ 1051.464742] KGSL_DIAG      00000000 3f680000 3f76aaab 3f800000
[ 1051.464751] KGSL_DIAG      00000000 00000000 00000000 00000000
[ 1051.464761] KGSL_DIAG  +09d4 T3 op=0x22 cnt=5 hdr=c0042200
[ 1051.464771] KGSL_DIAG      00000000 00004006 0000001e 66eed120
[ 1051.464780] KGSL_DIAG      0000003c 00000000 00000000 00000000
[ 1051.464790] KGSL_DIAG  +09ec T3 op=0x2d cnt=5 hdr=c0042d00
[ 1051.464800] KGSL_DIAG      00000080 3f800000 00000000 00000000
[ 1051.464809] KGSL_DIAG      00000000 00000000 00000000 00000000
[ 1051.464819] KGSL_DIAG  +0a04 T3 op=0x2d cnt=13 hdr=c00c2d00
[ 1051.464830] KGSL_DIAG      00010078 66eed163 00000020 66eed1a3
[ 1051.464840] KGSL_DIAG      00000020 66eed1c3 00000020 66eed1e3
[ 1051.464850] KGSL_DIAG      00000020 00000006 2e20a300 00000010
[ 1051.464860] KGSL_DIAG      00000000 00000000 00000000 00000000
[ 1051.464871] KGSL_DIAG  +0a3c T3 op=0x2b cnt=32 hdr=c01f2b00
[ 1051.464880] KGSL_DIAG      00000000 0000001e 02556003 00001000
[ 1051.464890] KGSL_DIAG      c2000000 00001009 00001000 c4000000
[ 1051.464900] KGSL_DIAG      0000000a 00002000 00000000 1b481000
[ 1051.464911] KGSL_DIAG      00263e88 00000000 15482000 40263e88
[ 1051.464921] KGSL_DIAG      00000000 11583000 40263e88 00000000
[ 1051.464931] KGSL_DIAG      11484000 40253fc8 00000008 14070000
[ 1051.464942] KGSL_DIAG      00003100 eb020403 14070000 00002c00
[ 1051.464952] KGSL_DIAG      eb010400 140bc03e 00c0c000 e2000000
[ 1051.464963] KGSL_DIAG  +0ac0 T3 op=0x2d cnt=2 hdr=c0012d00
[ 1051.464973] KGSL_DIAG      00040316 0000028f 00000000 00000000
[ 1051.464984] KGSL_DIAG  +0acc T3 op=0x2d cnt=2 hdr=c0012d00
[ 1051.464994] KGSL_DIAG      00040180 10038004 00000000 00000000
[ 1051.465004] KGSL_DIAG  +0ad8 T3 op=0x22 cnt=3 hdr=c0022200
[ 1051.465015] KGSL_DIAG      00000000 00004085 00000004 00000000
[ 1051.465026] KGSL_DIAG  +0ae8 T3 op=0x2d cnt=13 hdr=c00c2d00
[ 1051.465036] KGSL_DIAG      00010078 66eed203 00000020 66eed243
[ 1051.465045] KGSL_DIAG      00000020 66eed263 00000020 66eed283
[ 1051.465055] KGSL_DIAG      00000020 30908704 00000000 00000004
[ 1051.465064] KGSL_DIAG      00000004 00000000 00000000 00000000
[ 1051.465076] KGSL_DIAG  +0b20 T3 op=0x22 cnt=3 hdr=c0022200
[ 1051.465085] KGSL_DIAG      00000000 00004085 00000004 00000000
[ 1051.465095] KGSL_DIAG  +0b30 T3 op=0x2d cnt=13 hdr=c00c2d00
[ 1051.465105] KGSL_DIAG      00010078 66eed2a3 00000020 66eed2e3
[ 1051.465115] KGSL_DIAG      00000020 66eed303 00000020 66eed323
[ 1051.465125] KGSL_DIAG      00000020 66eed283 00000020 00000004
[ 1051.465134] KGSL_DIAG      00000004 00000000 00000000 00000000
[ 1051.465145] KGSL_DIAG  +0b68 T3 op=0x22 cnt=3 hdr=c0022200
[ 1051.465155] KGSL_DIAG      00000000 00004085 00000004 00000000
[ 1051.465165] KGSL_DIAG  +0b78 T3 op=0x2d cnt=5 hdr=c0042d00
[ 1051.465175] KGSL_DIAG      00000080 3f800000 00000000 00000000
[ 1051.465185] KGSL_DIAG      00000000 00000000 00000000 00000000
[ 1051.465195] KGSL_DIAG  +0b90 T3 op=0x2d cnt=13 hdr=c00c2d00
[ 1051.465206] KGSL_DIAG      00010078 66eed343 00000020 66eed383
[ 1051.465217] KGSL_DIAG      00000020 66eed3a3 00000020 66eed3c3
[ 1051.465226] KGSL_DIAG      00000020 00000006 2e20a300 00000010
[ 1051.465236] KGSL_DIAG      00000000 00000000 00000000 00000000
[ 1051.465246] KGSL_DIAG  +0bc8 T3 op=0x2b cnt=32 hdr=c01f2b00
[ 1051.465255] KGSL_DIAG      00000000 0000001e 02556003 00001000
[ 1051.465265] KGSL_DIAG      c2000000 00001009 00001000 c4000000
[ 1051.465276] KGSL_DIAG      0000000a 00002000 00000000 1b481000
[ 1051.465286] KGSL_DIAG      00263e88 00000000 15482000 40263e88
[ 1051.465296] KGSL_DIAG      00000000 11583000 40263e88 00000000
[ 1051.465306] KGSL_DIAG      11484000 40253fc8 00000008 14070000
[ 1051.465315] KGSL_DIAG      00003100 eb020403 14070000 00002c00
[ 1051.465326] KGSL_DIAG      eb010400 140bc03e 00c0c000 e2000000
[ 1051.465336] KGSL_DIAG  +0c4c T3 op=0x2d cnt=2 hdr=c0012d00
[ 1051.465346] KGSL_DIAG      00040316 0000028f 00000000 00000000
[ 1051.465356] KGSL_DIAG  +0c58 T3 op=0x2d cnt=2 hdr=c0012d00
[ 1051.465365] KGSL_DIAG      00040180 10038004 00000000 00000000
[ 1051.465375] KGSL_DIAG  +0c64 T3 op=0x22 cnt=3 hdr=c0022200
[ 1051.465385] KGSL_DIAG      00000000 00004085 00000004 00000000
[ 1051.465395] KGSL_DIAG  +0c74 T3 op=0x2d cnt=5 hdr=c0042d00
[ 1051.465406] KGSL_DIAG      00000080 3f800000 00000000 00000000
[ 1051.465415] KGSL_DIAG      00000000 00000000 00000000 00000000
[ 1051.465427] KGSL_DIAG  +0c8c T3 op=0x2d cnt=13 hdr=c00c2d00
[ 1051.465436] KGSL_DIAG      00010078 66eed3e3 00000020 66eed423
[ 1051.465446] KGSL_DIAG      00000020 66eed443 00000020 66eed463
[ 1051.465456] KGSL_DIAG      00000020 00000006 2e20a300 00000010
[ 1051.465465] KGSL_DIAG      00000000 00000000 00000000 00000000
[ 1051.465475] KGSL_DIAG  +0cc4 T3 op=0x2b cnt=32 hdr=c01f2b00
[ 1051.465484] KGSL_DIAG      00000000 0000001e 02556003 00001000
[ 1051.465495] KGSL_DIAG      c2000000 00001009 00001000 c4000000
[ 1051.465506] KGSL_DIAG      0000000a 00002000 00000000 1b481000
[ 1051.465515] KGSL_DIAG      00263e88 00000000 15482000 40263e88
[ 1051.465525] KGSL_DIAG      00000000 11583000 40263e88 00000000
[ 1051.465535] KGSL_DIAG      11484000 40253fc8 00000008 14070000
[ 1051.465545] KGSL_DIAG      00003100 eb020403 14070000 00002c00
[ 1051.465555] KGSL_DIAG      eb010400 140bc03e 00c0c000 e2000000
[ 1051.465565] KGSL_DIAG  +0d48 T3 op=0x2d cnt=2 hdr=c0012d00
[ 1051.465575] KGSL_DIAG      00040316 0000028f 00000000 00000000
[ 1051.465586] KGSL_DIAG  +0d54 T3 op=0x2d cnt=2 hdr=c0012d00
[ 1051.465596] KGSL_DIAG      00040180 10038004 00000000 00000000
[ 1051.465606] KGSL_DIAG  +0d60 T3 op=0x22 cnt=3 hdr=c0022200
[ 1051.465617] KGSL_DIAG      00000000 00004085 00000004 00000000
[ 1051.465627] KGSL_DIAG  +0d70 T3 op=0x2d cnt=13 hdr=c00c2d00
[ 1051.465638] KGSL_DIAG      00010078 66eed483 00000020 66eed4c3
[ 1051.465649] KGSL_DIAG      00000020 66eed4e3 00000020 66eed503
[ 1051.465659] KGSL_DIAG      00000020 00000000 00000000 00000002
[ 1051.465669] KGSL_DIAG      00000de1 00000000 00000000 00000000
[ 1051.465679] KGSL_DIAG  +0da8 T3 op=0x22 cnt=3 hdr=c0022200
[ 1051.465688] KGSL_DIAG      00000000 00004085 00000004 00000000
[ 1051.465698] KGSL_DIAG  +0db8 T3 op=0x2d cnt=13 hdr=c00c2d00
[ 1051.465709] KGSL_DIAG      00010078 66eed523 00000020 66eed563
[ 1051.465719] KGSL_DIAG      00000020 66eed583 00000020 66eed5a3
[ 1051.465729] KGSL_DIAG      00000020 2e2078c8 2e20ef50 36c8bd68
[ 1051.465739] KGSL_DIAG      2e2078c8 00000000 00000000 00000000
[ 1051.465749] KGSL_DIAG  +0df0 T3 op=0x22 cnt=3 hdr=c0022200
[ 1051.465758] KGSL_DIAG      00000000 00004085 00000004 00000000
[ 1051.465768] KGSL_DIAG  +0e00 T3 op=0x2d cnt=5 hdr=c0042d00
[ 1051.465778] KGSL_DIAG      0000008c 3f800000 00000000 00000000
[ 1051.465787] KGSL_DIAG      00000000 00000000 00000000 00000000
[ 1051.465797] KGSL_DIAG  +0e18 T3 op=0x2d cnt=7 hdr=c0062d00
[ 1051.465807] KGSL_DIAG      00010078 66eed5c3 000002c0 66eed883
[ 1051.465818] KGSL_DIAG      000002c0 2c3fc5a0 000000c4 00000000
[ 1051.465828] KGSL_DIAG  +0e38 T3 op=0x2b cnt=26 hdr=c0192b00
[ 1051.465839] KGSL_DIAG      00000000 00000018 00254003 00001000
[ 1051.465849] KGSL_DIAG      c2000000 00001007 00001000 c4000000
[ 1051.465861] KGSL_DIAG      00000008 00002000 00000000 1b480000
[ 1051.465871] KGSL_DIAG      00253fff 00000008 11481000 40253fc8
[ 1051.465882] KGSL_DIAG      00000008 14070000 00310000 8b010102
[ 1051.465891] KGSL_DIAG      14070000 002c0000 ab010000 148f803e
[ 1051.465902] KGSL_DIAG      00000000 e2000000 00000000 00000000
[ 1051.465913] KGSL_DIAG  +0ea4 T3 op=0x2d cnt=2 hdr=c0012d00
[ 1051.465922] KGSL_DIAG      00040316 0000028f 00000000 00000000
[ 1051.465932] KGSL_DIAG  +0eb0 T3 op=0x2d cnt=2 hdr=c0012d00
[ 1051.465942] KGSL_DIAG      00040180 10038001 00000000 00000000
[ 1051.465952] KGSL_DIAG  +0ebc T3 op=0x2d cnt=13 hdr=c00c2d00
[ 1051.465962] KGSL_DIAG      00000080 3b000000 00000000 00000000
[ 1051.465972] KGSL_DIAG      00000000 00000000 bb2aaaab 00000000
[ 1051.465982] KGSL_DIAG      00000000 be220000 3f76aaab 3f800000
[ 1051.465991] KGSL_DIAG      00000000 00000000 00000000 00000000
[ 1051.466001] KGSL_DIAG  +0ef4 T3 op=0x22 cnt=5 hdr=c0042200
[ 1051.466011] KGSL_DIAG      00000000 00004006 00000084 66eedb40
[ 1051.466021] KGSL_DIAG      00000108 00000000 00000000 00000000
[ 1051.466031] KGSL_DIAG  +0f0c T3 op=0x2d cnt=5 hdr=c0042d00
[ 1051.466042] KGSL_DIAG      00000080 3f800000 00000000 00000000
[ 1051.466051] KGSL_DIAG      00000000 00000000 00000000 00000000
[ 1051.466061] KGSL_DIAG  +0f24 T3 op=0x2d cnt=13 hdr=c00c2d00
[ 1051.466071] KGSL_DIAG      00010078 66eedc63 00000020 66eedca3
[ 1051.466081] KGSL_DIAG      00000020 66eedcc3 00000020 66eedce3
[ 1051.466091] KGSL_DIAG      00000020 00000006 2e20a300 00000010
[ 1051.466101] KGSL_DIAG      00000000 00000000 00000000 00000000
[ 1051.466111] KGSL_DIAG  +0f5c T3 op=0x2b cnt=32 hdr=c01f2b00
[ 1051.466121] KGSL_DIAG      00000000 0000001e 02556003 00001000
[ 1051.466131] KGSL_DIAG      c2000000 00001009 00001000 c4000000
[ 1051.466141] KGSL_DIAG      0000000a 00002000 00000000 1b481000
[ 1051.466152] KGSL_DIAG      00263e88 00000000 15482000 40263e88
[ 1051.466162] KGSL_DIAG      00000000 11583000 40263e88 00000000
[ 1051.466172] KGSL_DIAG      11484000 40253fc8 00000008 14070000
[ 1051.466182] KGSL_DIAG      00003100 eb020403 14070000 00002c00
[ 1051.466194] KGSL_DIAG      eb010400 140bc03e 00c0c000 e2000000
[ 1051.466204] KGSL_DIAG  +0fe0 T3 op=0x2d cnt=2 hdr=c0012d00
[ 1051.466214] KGSL_DIAG      00040316 0000028f 00000000 00000000
[ 1051.466224] KGSL_DIAG  +0fec T3 op=0x2d cnt=2 hdr=c0012d00
[ 1051.466233] KGSL_DIAG      00040180 10038004 00000000 00000000
[ 1051.466243] KGSL_DIAG  +0ff8 T3 op=0x22 cnt=3 hdr=c0022200
[ 1051.466252] KGSL_DIAG      00000000 00004085 00000004 00000000
[ 1051.466262] KGSL_DIAG  +1008 T3 op=0x2d cnt=13 hdr=c00c2d00
[ 1051.466272] KGSL_DIAG      00010078 66eedd03 00000020 66eedd43
[ 1051.466282] KGSL_DIAG      00000020 66eedd63 00000020 66eedd83
[ 1051.466292] KGSL_DIAG      00000020 36c8bd68 2e2078c8 2c671450
[ 1051.466302] KGSL_DIAG      2e2078c8 00000000 00000000 00000000
[ 1051.466312] KGSL_DIAG  +1040 T3 op=0x22 cnt=3 hdr=c0022200
[ 1051.466322] KGSL_DIAG      00000000 00004085 00000004 00000000
[ 1051.466332] KGSL_DIAG  +1050 T3 op=0x2d cnt=13 hdr=c00c2d00
[ 1051.466342] KGSL_DIAG      00010078 66eedda3 00000020 66eedde3
[ 1051.466351] KGSL_DIAG      00000020 66eede03 00000020 66eede23
[ 1051.466362] KGSL_DIAG      00000020 36b97a30 36c8bf60 00000001
[ 1051.466371] KGSL_DIAG      00000015 00000000 00000000 00000000
[ 1051.466381] KGSL_DIAG  +1088 T3 op=0x22 cnt=3 hdr=c0022200
[ 1051.466390] KGSL_DIAG      00000000 00004085 00000004 00000000
[ 1051.466401] KGSL_DIAG  +1098 T3 op=0x2d cnt=13 hdr=c00c2d00
[ 1051.466411] KGSL_DIAG      00010078 66eede43 00000020 66eede83
[ 1051.466422] KGSL_DIAG      00000020 66eedea3 00000020 66eedec3
[ 1051.466432] KGSL_DIAG      00000020 00000000 00000000 41c00000
[ 1051.466441] KGSL_DIAG      41c00000 00000000 00000000 00000000
[ 1051.466452] KGSL_DIAG  +10d0 T3 op=0x22 cnt=3 hdr=c0022200
[ 1051.466462] KGSL_DIAG      00000000 00004085 00000004 00000000
[ 1051.466473] KGSL_DIAG  +10e0 T3 op=0x2d cnt=13 hdr=c00c2d00
[ 1051.466483] KGSL_DIAG      00010078 66eedee3 00000020 66eedf23
[ 1051.466492] KGSL_DIAG      00000020 66eedf43 00000020 66eedf63
[ 1051.466503] KGSL_DIAG      00000020 66eeafe3 00000020 00000080
[ 1051.466513] KGSL_DIAG      2e209098 00000000 00000000 00000000
[ 1051.466524] KGSL_DIAG  +1118 T3 op=0x22 cnt=3 hdr=c0022200
[ 1051.466534] KGSL_DIAG      00000000 00004085 00000004 00000000
[ 1051.466545] KGSL_DIAG  +1128 T3 op=0x2d cnt=5 hdr=c0042d00
[ 1051.466554] KGSL_DIAG      00000080 3f800000 00000000 00000000
[ 1051.466564] KGSL_DIAG      00000000 00000000 00000000 00000000
[ 1051.466575] KGSL_DIAG  +1140 T3 op=0x2d cnt=13 hdr=c00c2d00
[ 1051.466585] KGSL_DIAG      00010078 66eedf83 00000020 66eedfc3
[ 1051.466595] KGSL_DIAG      00000020 66eedfe3 00000020 66eee003
[ 1051.466605] KGSL_DIAG      00000020 00000006 2e20a300 00000010
[ 1051.466615] KGSL_DIAG      00000000 00000000 00000000 00000000
[ 1051.466625] KGSL_DIAG  +1178 T3 op=0x2b cnt=32 hdr=c01f2b00
[ 1051.466636] KGSL_DIAG      00000000 0000001e 02556003 00001000
[ 1051.466646] KGSL_DIAG      c2000000 00001009 00001000 c4000000
[ 1051.466656] KGSL_DIAG      0000000a 00002000 00000000 1b481000
[ 1051.466666] KGSL_DIAG      00263e88 00000000 15482000 40263e88
[ 1051.466676] KGSL_DIAG      00000000 11583000 40263e88 00000000
[ 1051.466686] KGSL_DIAG      11484000 40253fc8 00000008 14070000
[ 1051.466697] KGSL_DIAG      00003100 eb020403 14070000 00002c00
[ 1051.466707] KGSL_DIAG      eb010400 140bc03e 00c0c000 e2000000
[ 1051.466717] KGSL_DIAG  +11fc T3 op=0x2d cnt=2 hdr=c0012d00
[ 1051.466727] KGSL_DIAG      00040316 0000028f 00000000 00000000
[ 1051.466737] KGSL_DIAG  +1208 T3 op=0x2d cnt=2 hdr=c0012d00
[ 1051.466747] KGSL_DIAG      00040180 10038004 00000000 00000000
[ 1051.466757] KGSL_DIAG  +1214 T3 op=0x22 cnt=3 hdr=c0022200
[ 1051.466766] KGSL_DIAG      00000000 00004085 00000004 00000000
[ 1051.466776] KGSL_DIAG  +1224 T3 op=0x2d cnt=13 hdr=c00c2d00
[ 1051.466786] KGSL_DIAG      00010078 66eee023 00000020 66eee063
[ 1051.466796] KGSL_DIAG      00000020 66eee083 00000020 66eee0a3
[ 1051.466807] KGSL_DIAG      00000020 66eedf63 00000020 00000080
[ 1051.466816] KGSL_DIAG      2e209098 00000000 00000000 00000000
[ 1051.466826] KGSL_DIAG  +125c T3 op=0x22 cnt=3 hdr=c0022200
[ 1051.466836] KGSL_DIAG      00000000 00004085 00000004 00000000
[ 1051.466846] KGSL_DIAG  +126c T3 op=0x2d cnt=13 hdr=c00c2d00
[ 1051.466855] KGSL_DIAG      00010078 66eee0c3 00000020 66eee103
[ 1051.466865] KGSL_DIAG      00000020 66eee123 00000020 66eee143
[ 1051.466875] KGSL_DIAG      00000020 66eee0a3 00000020 00000080
[ 1051.466884] KGSL_DIAG      2e209098 00000000 00000000 00000000
[ 1051.466894] KGSL_DIAG  +12a4 T3 op=0x22 cnt=3 hdr=c0022200
[ 1051.466904] KGSL_DIAG      00000000 00004085 00000004 00000000
[ 1051.466914] KGSL_DIAG  +12b4 T3 op=0x2d cnt=13 hdr=c00c2d00
[ 1051.466924] KGSL_DIAG      00010078 66eee163 00000020 66eee1a3
[ 1051.466934] KGSL_DIAG      00000020 66eee1c3 00000020 66eee1e3
[ 1051.466945] KGSL_DIAG      00000020 66eee143 00000020 00000080
[ 1051.466954] KGSL_DIAG      2e209098 00000000 00000000 00000000
[ 1051.466964] KGSL_DIAG  +12ec T3 op=0x22 cnt=3 hdr=c0022200
[ 1051.466974] KGSL_DIAG      00000000 00004085 00000004 00000000
[ 1051.466984] KGSL_DIAG  +12fc T3 op=0x2d cnt=5 hdr=c0042d00
[ 1051.466993] KGSL_DIAG      00000080 3f800000 00000000 00000000
[ 1051.467002] KGSL_DIAG      00000000 00000000 00000000 00000000
[ 1051.467012] KGSL_DIAG  +1314 T3 op=0x2d cnt=13 hdr=c00c2d00
[ 1051.467022] KGSL_DIAG      00010078 66eee203 00000020 66eee243
[ 1051.467033] KGSL_DIAG      00000020 66eee263 00000020 66eee283
[ 1051.467042] KGSL_DIAG      00000020 00000006 2e20a300 00000010
[ 1051.467051] KGSL_DIAG      00000000 00000000 00000000 00000000
[ 1051.467062] KGSL_DIAG  +134c T3 op=0x2b cnt=32 hdr=c01f2b00
[ 1051.467072] KGSL_DIAG      00000000 0000001e 02556003 00001000
[ 1051.467083] KGSL_DIAG      c2000000 00001009 00001000 c4000000
[ 1051.467093] KGSL_DIAG      0000000a 00002000 00000000 1b481000
[ 1051.467103] KGSL_DIAG      00263e88 00000000 15482000 40263e88
[ 1051.467114] KGSL_DIAG      00000000 11583000 40263e88 00000000
[ 1051.467123] KGSL_DIAG      11484000 40253fc8 00000008 14070000
[ 1051.467134] KGSL_DIAG      00003100 eb020403 14070000 00002c00
[ 1051.467145] KGSL_DIAG      eb010400 140bc03e 00c0c000 e2000000
[ 1051.467156] KGSL_DIAG  +13d0 T3 op=0x2d cnt=2 hdr=c0012d00
[ 1051.467166] KGSL_DIAG      00040316 0000028f 00000000 00000000
[ 1051.467177] KGSL_DIAG  +13dc T3 op=0x2d cnt=2 hdr=c0012d00
[ 1051.467187] KGSL_DIAG      00040180 10038004 00000000 00000000
[ 1051.467198] KGSL_DIAG  +13e8 T3 op=0x22 cnt=3 hdr=c0022200
[ 1051.467208] KGSL_DIAG      00000000 00004085 00000004 00000000
[ 1051.467218] KGSL_DIAG  +13f8 T3 op=0x2d cnt=13 hdr=c00c2d00
[ 1051.467228] KGSL_DIAG      00010078 66eee2a3 00000020 66eee2e3
[ 1051.467238] KGSL_DIAG      00000020 66eee303 00000020 66eee323
[ 1051.467248] KGSL_DIAG      00000020 00000032 00000000 001d608c
[ 1051.467258] KGSL_DIAG      00000000 00000000 00000000 00000000
[ 1051.467268] KGSL_DIAG  +1430 T3 op=0x22 cnt=3 hdr=c0022200
[ 1051.467277] KGSL_DIAG      00000000 00004085 00000004 00000000
[ 1051.467287] KGSL_DIAG  +1440 T3 op=0x2d cnt=13 hdr=c00c2d00
[ 1051.467297] KGSL_DIAG      00010078 66eee343 00000020 66eee383
[ 1051.467307] KGSL_DIAG      00000020 66eee3a3 00000020 66eee3c3
[ 1051.467317] KGSL_DIAG      00000020 66eee1e3 00000020 00000080
[ 1051.467326] KGSL_DIAG      2e209098 00000000 00000000 00000000
[ 1051.467336] KGSL_DIAG  +1478 T3 op=0x22 cnt=3 hdr=c0022200
[ 1051.467347] KGSL_DIAG      00000000 00004085 00000004 00000000
[ 1051.467356] KGSL_DIAG  +1488 T3 op=0x2d cnt=13 hdr=c00c2d00
[ 1051.467367] KGSL_DIAG      00010078 66eee3e3 00000020 66eee423
[ 1051.467378] KGSL_DIAG      00000020 66eee443 00000020 66eee463
[ 1051.467388] KGSL_DIAG      00000020 00000032 00000020 001d608c
[ 1051.467398] KGSL_DIAG      00000000 00000000 00000000 00000000
[ 1051.467409] KGSL_DIAG  +14c0 T3 op=0x22 cnt=3 hdr=c0022200
[ 1051.467418] KGSL_DIAG      00000000 00004085 00000004 00000000
[ 1051.467428] KGSL_DIAG  +14d0 T3 op=0x2d cnt=13 hdr=c00c2d00
[ 1051.467439] KGSL_DIAG      00010078 66eee483 00000020 66eee4c3
[ 1051.467449] KGSL_DIAG      00000020 66eee4e3 00000020 66eee503
[ 1051.467460] KGSL_DIAG      00000020 66eee3c3 00000020 00000080
[ 1051.467469] KGSL_DIAG      2e209098 00000000 00000000 00000000
[ 1051.467479] KGSL_DIAG  +1508 T3 op=0x22 cnt=3 hdr=c0022200
[ 1051.467489] KGSL_DIAG      00000000 00004085 00000004 00000000
[ 1051.467499] KGSL_DIAG  +1518 T3 op=0x2d cnt=13 hdr=c00c2d00
[ 1051.467508] KGSL_DIAG      00010078 66eee523 00000020 66eee563
[ 1051.467518] KGSL_DIAG      00000020 66eee583 00000020 66eee5a3
[ 1051.467528] KGSL_DIAG      00000020 66eee503 00000020 00000080
[ 1051.467537] KGSL_DIAG      2e209098 00000000 00000000 00000000
[ 1051.467547] KGSL_DIAG  +1550 T3 op=0x22 cnt=3 hdr=c0022200
[ 1051.467557] KGSL_DIAG      00000000 00004085 00000004 00000000
[ 1051.467567] KGSL_DIAG  +1560 T3 op=0x2d cnt=13 hdr=c00c2d00
[ 1051.467577] KGSL_DIAG      00010078 66eee5c3 00000b80 66eefcc3
[ 1051.467588] KGSL_DIAG      00000020 66eefce3 00000020 66eefd03
[ 1051.467599] KGSL_DIAG      00000020 33e67510 00000016 00000001
[ 1051.467608] KGSL_DIAG      00000001 00000000 00000000 00000000
[ 1051.467620] KGSL_DIAG  +1598 T3 op=0x22 cnt=3 hdr=c0022200
[ 1051.467629] KGSL_DIAG      00000000 00004084 0000016e 00000000
[ 1051.467640] KGSL_DIAG  +15a8 T3 op=0x2d cnt=2 hdr=c0012d00
[ 1051.467649] KGSL_DIAG      00040209 00000000 00000000 00000000
[ 1051.467658] KGSL_DIAG  +15b4 T0 reg=0x0c00 cnt=1
[ 1051.467668] KGSL_DIAG  +15bc T3 op=0x46 cnt=1 hdr=c0004600
[ 1051.467677] KGSL_DIAG      00000006 00000000 00000000 00000000
[ 1051.467687] KGSL_DIAG  +15c4 T3 op=0x52 cnt=4 hdr=c0035200
[ 1051.467697] KGSL_DIAG      000005d0 00000000 5f601000 00000001
[ 1051.467707] KGSL_DIAG  +15d8 T3 op=0x26 cnt=1 hdr=c0002600
[ 1051.467716] KGSL_DIAG      00000000 00000000 00000000 00000000
[ 1051.467733] KGSL_DIAG  RBBM_STATUS=0x00000000
[ 1051.467748] kgsl kgsl: |kgsl_yamato_rbbm_intrcallback| rbbm read error interrupt: c00005fc
[ 1051.467758] KGSL_DIAG  CYCLECTR[0x0ee2]=0x15024242
[ 1051.467767] KGSL_DIAG  LRZ_VSC_CONTROL[0x2209]=0x00000000
[ 1051.467775] KGSL_DIAG  SQ_GPR_MANAGEMENT[0x0d00]=0x0007f010
[ 1051.467789] KGSL_DIAG  VSC[0x0c00]=0x00000000
[ 1051.467798] kgsl kgsl: |kgsl_yamato_rbbm_intrcallback| rbbm read error interrupt: c0003000
[ 1051.467808] KGSL_DIAG  VSC[0x0c01]=0x00000108
[ 1051.467888] KGSL_DIAG  VSC[0x0c02]=0x660b4080
[ 1051.467904] KGSL_DIAG    vis-stream @0x660b4080:
[ 1051.467914] KGSL_DIAG      0000002c 0000000c 0000000c 0000001c
[ 1051.467923] KGSL_DIAG      00000018 0000000c 0000000c 0000001c
[ 1051.467931] KGSL_DIAG      00000000 00000000 00000000 00000000
[ 1051.467941] KGSL_DIAG      00000000 00000000 00000000 00000000
[ 1051.467951] KGSL_DIAG      00000000 00000000 00000000 00000000
[ 1051.467959] KGSL_DIAG      00000000 00000000 00000000 00000000
[ 1051.467969] KGSL_DIAG      00000000 00000000 00000000 00000000
[ 1051.467979] KGSL_DIAG      00000000 00000000 00000000 00000000
[ 1051.467988] KGSL_DIAG  VSC[0x0c03]=0x00000000
[ 1051.467996] KGSL_DIAG  VSC[0x0c04]=0x00000000
[ 1051.468004] KGSL_DIAG  VSC[0x0c05]=0x00000000
[ 1051.468012] KGSL_DIAG  VSC[0x0c06]=0x01200000
[ 1051.468029] KGSL_DIAG  VSC[0x0c07]=0x660b5000
[ 1051.468044] KGSL_DIAG    vis-stream @0x660b5000:
[ 1051.468054] KGSL_DIAG      2bbaa1ea a628603e 32211372 13322113
[ 1051.468064] KGSL_DIAG      21133221 32211332 13322113 21133221
[ 1051.468073] KGSL_DIAG      32211332 13322113 00900920 000000c0
[ 1051.468084] KGSL_DIAG      00000000 00000000 00000000 00000000
[ 1051.468092] KGSL_DIAG      00000000 00000000 00000000 00000000
[ 1051.468102] KGSL_DIAG      00000000 00000000 00000000 00000000
[ 1051.468111] KGSL_DIAG      00000000 00000000 00000000 00000000
[ 1051.468120] KGSL_DIAG      00000000 00000000 00000000 00000000
[ 1051.468130] KGSL_DIAG  VSC[0x0c08]=0x00040000
[ 1051.468147] KGSL_DIAG  VSC[0x0c09]=0x01100400
[ 1051.468164] KGSL_DIAG  VSC[0x0c0a]=0x66cf5000
[ 1051.468179] KGSL_DIAG    vis-stream @0x66cf5000:
[ 1051.468189] KGSL_DIAG      808f6678 c616685d 4c809903 4d68d184
[ 1051.468199] KGSL_DIAG      2634a109 8426b482 092d9ad0 902634a1
[ 1051.468208] KGSL_DIAG      d740139a 0000e014 a145139a 428b2634
[ 1051.468218] KGSL_DIAG      8226b468 162d5ab4 00a4458b 00000000
[ 1051.468227] KGSL_DIAG      00000000 00000000 00000000 00000000
[ 1051.468236] KGSL_DIAG      00000000 00000000 00000000 00000000
[ 1051.468246] KGSL_DIAG      00000000 00000000 00000000 00000000
[ 1051.468255] KGSL_DIAG      00000000 00000000 00000000 00000000
[ 1051.468265] KGSL_DIAG  VSC[0x0c0b]=0x00040000
[ 1051.468281] KGSL_DIAG  VSC[0x0c0c]=0x01100401
[ 1051.468297] KGSL_DIAG  VSC[0x0c0d]=0x66d35000
[ 1051.468313] KGSL_DIAG    vis-stream @0x66d35000:
[ 1051.468322] KGSL_DIAG      0ba021d0 c07804ae c008305b a4458b16
[ 1051.468331] KGSL_DIAG      000069d1 00000040 00000000 00000000
[ 1051.468340] KGSL_DIAG      00000000 00000000 00000000 00000000
[ 1051.468350] KGSL_DIAG      00000000 00000000 00000000 00000000
[ 1051.468359] KGSL_DIAG      00000000 00000000 00000000 00000000
[ 1051.468368] KGSL_DIAG      00000000 00000000 00000000 00000000
[ 1051.468378] KGSL_DIAG      00000000 00000000 00000000 00000000
[ 1051.468386] KGSL_DIAG      00000000 00000000 00000000 00000000
[ 1051.468395] KGSL_DIAG  VSC[0x0c0e]=0x00040000
[ 1051.468412] KGSL_DIAG  VSC[0x0c0f]=0x01200800
[ 1051.468428] KGSL_DIAG  VSC[0x0c10]=0x66d75000
[ 1051.468443] KGSL_DIAG    vis-stream @0x66d75000:
[ 1051.468453] KGSL_DIAG      aa174b7c ba2ec08f ea02a40c 4c8a606c
[ 1051.468463] KGSL_DIAG      604caa60 824c4eca 00000080 c8fbfba4
[ 1051.468473] KGSL_DIAG      00000028 32a1132a 4aa8842a a213fb84
[ 1051.468484] KGSL_DIAG      a8844aa8 b2e8844a a657802c c6a408c6
[ 1051.468493] KGSL_DIAG      0cc6a408 000020a8 00000000 00000000
[ 1051.468503] KGSL_DIAG      00000000 00000000 00000000 00000000
[ 1051.468512] KGSL_DIAG      00000000 00000000 00000000 00000000
[ 1051.468521] KGSL_DIAG      00000000 00000000 00000000 00000000
[ 1051.468530] KGSL_DIAG  VSC[0x0c11]=0x00040000
[ 1051.468546] KGSL_DIAG  VSC[0x0c12]=0x01200002
[ 1051.468562] KGSL_DIAG  VSC[0x0c13]=0x66db5000
[ 1051.468578] KGSL_DIAG    vis-stream @0x66db5000:
[ 1051.468588] KGSL_DIAG      844ec8f3 474cdecb 21133221 1b271332
[ 1051.468598] KGSL_DIAG      608c08a0 00002009 842634a1 42139ad0
[ 1051.468607] KGSL_DIAG      a1094d68 00872634 10202020 49760000
[ 1051.468616] KGSL_DIAG      5c415c41 49760000 06ff5c41 00000000
[ 1051.468627] KGSL_DIAG      6c002e42 73006900 0f007400 00005400
[ 1051.468636] KGSL_DIAG      ffffffff ffffffff 0000ffff ffffffff
[ 1051.468646] KGSL_DIAG      61007001 6b006300 0f006100 00675400
[ 1051.468655] KGSL_DIAG      005f0065 00610063 00000063 00650068
[ 1051.468664] KGSL_DIAG  VSC[0x0c14]=0x00040000
[ 1051.468680] KGSL_DIAG  VSC[0x0c15]=0x01100402
[ 1051.468697] KGSL_DIAG  VSC[0x0c16]=0x66df5000
[ 1051.468712] KGSL_DIAG    vis-stream @0x66df5000:
[ 1051.468722] KGSL_DIAG      0ba021d0 c0f805ae 0801e4ee 00000080
[ 1051.468731] KGSL_DIAG      00664400 00000000 6842139a 34a1094d
[ 1051.468740] KGSL_DIAG      9ad08426 00005d74 00000000 00000000
[ 1051.468750] KGSL_DIAG      00000000 00000000 00000000 00000000
[ 1051.468759] KGSL_DIAG      00000000 00000000 00000000 00000000
[ 1051.468769] KGSL_DIAG      00000000 00000000 00000000 00000000
[ 1051.468778] KGSL_DIAG      00000000 00000000 00000000 00000000
[ 1051.468787] KGSL_DIAG      00000000 00000000 00000000 00000000
[ 1051.468797] KGSL_DIAG  VSC[0x0c17]=0x00040000
[ 1051.468813] KGSL_DIAG  VSC[0x0c18]=0x01100403
[ 1051.468829] KGSL_DIAG  VSC[0x0c19]=0x66e35000
[ 1051.468845] KGSL_DIAG    vis-stream @0x66e35000:
[ 1051.468854] KGSL_DIAG      bb00fbe1 b20b30ee f8001902 00000020
[ 1051.468864] KGSL_DIAG      00000000 00000000 00000000 00000000
[ 1051.468873] KGSL_DIAG      00000000 00000000 00000000 00000000
[ 1051.468883] KGSL_DIAG      00000000 00000000 00000000 00000000
[ 1051.468892] KGSL_DIAG      00000000 00000000 00000000 00000000
[ 1051.468901] KGSL_DIAG      00000000 00000000 00000000 00000000
[ 1051.468910] KGSL_DIAG      00000000 00000000 00000000 00000000
[ 1051.468919] KGSL_DIAG      00000000 00000000 00000000 00000000
[ 1051.468929] KGSL_DIAG  VSC[0x0c1a]=0x00040000
[ 1051.468945] KGSL_DIAG  VSC[0x0c1b]=0x01200802
[ 1051.468961] KGSL_DIAG  VSC[0x0c1c]=0x66e75000
[ 1051.468977] KGSL_DIAG    vis-stream @0x66e75000:
[ 1051.468986] KGSL_DIAG      c48b6ce8 ba2e80de 604cc80a 0ac4a632
[ 1051.468995] KGSL_DIAG      a608c4a6 c2aa02c2 00000000 0020ac2a
[ 1051.469004] KGSL_DIAG      000000c2 c8a9844a 02b1a90c a608b2a9
[ 1051.469014] KGSL_DIAG      00080bc2 00000000 00000000 00000000
[ 1051.469023] KGSL_DIAG      00000000 00000000 00000000 00000000
[ 1051.469032] KGSL_DIAG      00000000 00000000 00000000 00000000
[ 1051.469042] KGSL_DIAG      00000000 00000000 00000000 00000000
[ 1051.469051] KGSL_DIAG      00000000 00000000 00000000 00000000
[ 1051.469060] KGSL_DIAG  VSC[0x0c1d]=0x00040000
[ 1051.469075] KGSL_DIAG ==== end ts=320893 ====
[ 1051.469233] KGSL_DIAG ISSUEIBCMDS pid=2600 ts=320895 numibs=1 dwords=146 draws=41 bins=0
[ 1051.469318] KGSL_DIAG ISSUEIBCMDS pid=2600 ts=320897 numibs=1 dwords=156 draws=41 bins=0
[ 1051.469434] KGSL_DIAG ISSUEIBCMDS pid=2600 ts=320899 numibs=1 dwords=156 draws=41 bins=0
[ 1051.469595] KGSL_DIAG ISSUEIBCMDS pid=2600 ts=320901 numibs=1 dwords=156 draws=41 bins=0
[ 1051.469658] KGSL_DIAG ISSUEIBCMDS pid=2600 ts=320903 numibs=1 dwords=156 draws=41 bins=0
[ 1051.469714] KGSL_DIAG ISSUEIBCMDS pid=2600 ts=320905 numibs=1 dwords=156 draws=41 bins=0
[ 1051.469756] KGSL_DIAG ISSUEIBCMDS pid=2600 ts=320907 numibs=1 dwords=156 draws=0 bins=0
[ 1051.469812] KGSL_DIAG ISSUEIBCMDS pid=2600 ts=320909 numibs=1 dwords=156 draws=41 bins=0
[ 1051.469860] KGSL_DIAG ISSUEIBCMDS pid=2600 ts=320911 numibs=1 dwords=156 draws=0 bins=0
[ 1051.469922] KGSL_DIAG ISSUEIBCMDS pid=2600 ts=320913 numibs=1 dwords=156 draws=41 bins=0
[ 1051.469986] KGSL_DIAG ISSUEIBCMDS pid=2600 ts=320915 numibs=1 dwords=156 draws=41 bins=0
[ 1051.470042] KGSL_DIAG ISSUEIBCMDS pid=2600 ts=320917 numibs=1 dwords=156 draws=41 bins=0
[ 1051.470092] KGSL_DIAG ISSUEIBCMDS pid=2600 ts=320919 numibs=1 dwords=2 draws=0 bins=0
