[  416.262204][ T2017] mmc mmc1:0001: AR6K-MAINLINE CMD53 arg=0x941ff804 WR addr=0xffc blocks=0 blksz=4 mode=BYTE incr=1
[  416.262490][ T2017] mmc mmc1:0001: AR6K-MAINLINE CMD53 arg=0x14100004 RD addr=0x800 blocks=0 blksz=4 mode=BYTE incr=1
[  416.274995][ T2017] mmc mmc1:0001: AR6K-MAINLINE CMD53 arg=0x14100004 RD addr=0x800 blocks=0 blksz=4 mode=BYTE incr=1
[  416.282905][ T2017] mmc mmc1:0001: AR6K-MAINLINE CMD53 arg=0x14100008 RD addr=0x800 blocks=0 blksz=8 mode=BYTE incr=1
[  416.340208][ T2017] mmc mmc1:0001: AR6K-MAINLINE CMD53 arg=0x941fe010 WR addr=0xff0 blocks=0 blksz=16 mode=BYTE incr=1
[  416.340494][ T2017] mmc mmc1:0001: AR6K-MAINLINE CMD53 arg=0x941fe010 WR addr=0xff0 blocks=0 blksz=16 mode=BYTE incr=1
[  416.350201][ T2017] mmc mmc1:0001: AR6K-MAINLINE CMD53 arg=0x941fe80c WR addr=0xff4 blocks=0 blksz=12 mode=BYTE incr=1
[  416.360854][ T2017] mmc mmc1:0001: AR6K-MAINLINE CMD53 arg=0x14100004 RD addr=0x800 blocks=0 blksz=4 mode=BYTE incr=1
[  416.371522][ T2017] mmc mmc1:0001: AR6K-MAINLINE CMD53 arg=0x941fe010 WR addr=0xff0 blocks=0 blksz=16 mode=BYTE incr=1
[  416.382339][ T2017] mmc mmc1:0001: AR6K-MAINLINE CMD53 arg=0x941fe010 WR addr=0xff0 blocks=0 blksz=16 mode=BYTE incr=1
[  416.392845][ T2017] mmc mmc1:0001: AR6K-MAINLINE CMD53 arg=0x941fe010 WR addr=0xff0 blocks=0 blksz=16 mode=BYTE incr=1
[  416.403613][ T2017] mmc mmc1:0001: AR6K-MAINLINE CMD53 arg=0x941fe010 WR addr=0xff0 blocks=0 blksz=16 mode=BYTE incr=1
[  416.414150][ T2017] mmc mmc1:0001: AR6K-MAINLINE CMD53 arg=0x941fe010 WR addr=0xff0 blocks=0 blksz=16 mode=BYTE incr=1
[  416.424828][ T2017] mmc mmc1:0001: AR6K-MAINLINE CMD53 arg=0x941fe010 WR addr=0xff0 blocks=0 blksz=16 mode=BYTE incr=1
[  416.435619][ T2017] mmc mmc1:0001: AR6K-MAINLINE CMD53 arg=0x941fe010 WR addr=0xff0 blocks=0 blksz=16 mode=BYTE incr=1
[  416.446108][ T2017] mmc mmc1:0001: AR6K-MAINLINE CMD53 arg=0x941ff008 WR addr=0xff8 blocks=0 blksz=8 mode=BYTE incr=1
[  416.456875][ T2017] mmc mmc1:0001: AR6K-MAINLINE CMD53 arg=0x14100004 RD addr=0x800 blocks=0 blksz=4 mode=BYTE incr=1
[  416.467503][ T2017] mmc mmc1:0001: AR6K-MAINLINE CMD53 arg=0x941fe80c WR addr=0xff4 blocks=0 blksz=12 mode=BYTE incr=1
[  416.478148][ T2017] mmc mmc1:0001: AR6K-MAINLINE CMD53 arg=0x941ff008 WR addr=0xff8 blocks=0 blksz=8 mode=BYTE incr=1
[  416.488762][ T2017] mmc mmc1:0001: AR6K-MAINLINE CMD53 arg=0x14100004 RD addr=0x800 blocks=0 blksz=4 mode=BYTE incr=1
[  416.499542][ T2017] mmc mmc1:0001: AR6K-MAINLINE CMD53 arg=0x941fe80c WR addr=0xff4 blocks=0 blksz=12 mode=BYTE incr=1
[  416.509973][ T2017] mmc mmc1:0001: AR6K-MAINLINE CMD53 arg=0x941fe80c WR addr=0xff4 blocks=0 blksz=12 mode=BYTE incr=1
[  416.520613][ T2017] mmc mmc1:0001: AR6K-MAINLINE CMD53 arg=0x941fe80c WR addr=0xff4 blocks=0 blksz=12 mode=BYTE incr=1
[  416.531358][ T2017] mmc mmc1:0001: AR6K-MAINLINE CMD53 arg=0x941fe80c WR addr=0xff4 blocks=0 blksz=12 mode=BYTE incr=1
[  416.541951][ T2017] mmc mmc1:0001: AR6K-MAINLINE CMD53 arg=0x941fe80c WR addr=0xff4 blocks=0 blksz=12 mode=BYTE incr=1
[  416.552611][ T2017] mmc mmc1:0001: AR6K-MAINLINE CMD53 arg=0x941fe80c WR addr=0xff4 blocks=0 blksz=12 mode=BYTE incr=1
[  416.563232][ T2017] mmc mmc1:0001: AR6K-MAINLINE CMD53 arg=0x941fe80c WR addr=0xff4 blocks=0 blksz=12 mode=BYTE incr=1
[  416.573930][ T2017] mmc mmc1:0001: AR6K-MAINLINE CMD53 arg=0x941fe80c WR addr=0xff4 blocks=0 blksz=12 mode=BYTE incr=1
[  416.584730][ T2017] mmc mmc1:0001: AR6K-MAINLINE CMD53 arg=0x941fe80c WR addr=0xff4 blocks=0 blksz=12 mode=BYTE incr=1
[  416.595380][ T2017] mmc mmc1:0001: AR6K-MAINLINE CMD53 arg=0x941fe80c WR addr=0xff4 blocks=0 blksz=12 mode=BYTE incr=1
[  416.605988][ T2017] mmc mmc1:0001: AR6K-MAINLINE CMD53 arg=0x14100004 RD addr=0x800 blocks=0 blksz=4 mode=BYTE incr=1
[  416.616741][ T2017] mmc mmc1:0001: AR6K-MAINLINE CMD53 arg=0x941fe80c WR addr=0xff4 blocks=0 blksz=12 mode=BYTE incr=1
[  416.627345][ T2017] mmc mmc1:0001: AR6K-MAINLINE CMD53 arg=0x14100004 RD addr=0x800 blocks=0 blksz=4 mode=BYTE incr=1
[  416.638111][ T2017] mmc mmc1:0001: AR6K-MAINLINE CMD53 arg=0x941f9834 WR addr=0xfcc blocks=0 blksz=52 mode=BYTE incr=1
[  416.659307][ T2017] mmc mmc1:0001: AR6K-MAINLINE CMD53 arg=0x941f9834 WR addr=0xfcc blocks=0 blksz=52 mode=BYTE incr=1
[  416.668797][ T2017] mmc mmc1:0001: AR6K-MAINLINE CMD53 arg=0x941f9834 WR addr=0xfcc blocks=0 blksz=52 mode=BYTE incr=1
[  416.679487][ T2017] mmc mmc1:0001: AR6K-MAINLINE CMD53 arg=0x941f9834 WR addr=0xfcc blocks=0 blksz=52 mode=BYTE incr=1
[  416.690257][ T2017] mmc mmc1:0001: AR6K-MAINLINE CMD53 arg=0x941f9834 WR addr=0xfcc blocks=0 blksz=52 mode=BYTE incr=1
[  416.700786][ T2017] mmc mmc1:0001: AR6K-MAINLINE CMD53 arg=0x941f9834 WR addr=0xfcc blocks=0 blksz=52 mode=BYTE incr=1
[  416.711481][ T2017] mmc mmc1:0001: AR6K-MAINLINE CMD53 arg=0x941f9834 WR addr=0xfcc blocks=0 blksz=52 mode=BYTE incr=1
[  416.722125][ T2017] mmc mmc1:0001: AR6K-MAINLINE CMD53 arg=0x941f9834 WR addr=0xfcc blocks=0 blksz=52 mode=BYTE incr=1
[  416.732851][ T2017] mmc mmc1:0001: AR6K-MAINLINE CMD53 arg=0x941f9834 WR addr=0xfcc blocks=0 blksz=52 mode=BYTE incr=1
[  416.743577][ T2017] mmc mmc1:0001: AR6K-MAINLINE CMD53 arg=0x941f9834 WR addr=0xfcc blocks=0 blksz=52 mode=BYTE incr=1
[  416.754213][ T2017] mmc mmc1:0001: AR6K-MAINLINE CMD53 arg=0x941f9834 WR addr=0xfcc blocks=0 blksz=52 mode=BYTE incr=1
[  416.765296][ T2017] mmc mmc1:0001: AR6K-MAINLINE CMD53 arg=0x941f9834 WR addr=0xfcc blocks=0 blksz=52 mode=BYTE incr=1
[  416.775596][ T2017] mmc mmc1:0001: AR6K-MAINLINE CMD53 arg=0x941f9834 WR addr=0xfcc blocks=0 blksz=52 mode=BYTE incr=1
[  416.786188][ T2017] mmc mmc1:0001: AR6K-MAINLINE CMD53 arg=0x941f9834 WR addr=0xfcc blocks=0 blksz=52 mode=BYTE incr=1
[  416.797054][ T2017] mmc mmc1:0001: AR6K-MAINLINE CMD53 arg=0x941f9834 WR addr=0xfcc blocks=0 blksz=52 mode=BYTE incr=1
[  416.807549][ T2017] mmc mmc1:0001: AR6K-MAINLINE CMD53 arg=0x941f9834 WR addr=0xfcc blocks=0 blksz=52 mode=BYTE incr=1
[  416.818301][ T2017] mmc mmc1:0001: AR6K-MAINLINE CMD53 arg=0x941f9834 WR addr=0xfcc blocks=0 blksz=52 mode=BYTE incr=1
[  416.828959][ T2017] mmc mmc1:0001: AR6K-MAINLINE CMD53 arg=0x941f9834 WR addr=0xfcc blocks=0 blksz=52 mode=BYTE incr=1
[  416.839775][ T2017] mmc mmc1:0001: AR6K-MAINLINE CMD53 arg=0x941f9834 WR addr=0xfcc blocks=0 blksz=52 mode=BYTE incr=1
[  416.850385][ T2017] mmc mmc1:0001: AR6K-MAINLINE CMD53 arg=0x941fd814 WR addr=0xfec blocks=0 blksz=20 mode=BYTE incr=1
[  416.860865][ T2017] mmc mmc1:0001: AR6K-MAINLINE CMD53 arg=0x941fe010 WR addr=0xff0 blocks=0 blksz=16 mode=BYTE incr=1
[  416.871533][ T2017] mmc mmc1:0001: AR6K-MAINLINE CMD53 arg=0x941f9834 WR addr=0xfcc blocks=0 blksz=52 mode=BYTE incr=1
[  416.882342][ T2017] mmc mmc1:0001: AR6K-MAINLINE CMD53 arg=0x941f9834 WR addr=0xfcc blocks=0 blksz=52 mode=BYTE incr=1
[  416.893037][ T2017] mmc mmc1:0001: AR6K-MAINLINE CMD53 arg=0x941f9834 WR addr=0xfcc blocks=0 blksz=52 mode=BYTE incr=1
[  416.903740][ T2017] mmc mmc1:0001: AR6K-MAINLINE CMD53 arg=0x941f9834 WR addr=0xfcc blocks=0 blksz=52 mode=BYTE incr=1
[  416.914331][ T2017] mmc mmc1:0001: AR6K-MAINLINE CMD53 arg=0x941f9834 WR addr=0xfcc blocks=0 blksz=52 mode=BYTE incr=1
[  416.925102][ T2017] mmc mmc1:0001: AR6K-MAINLINE CMD53 arg=0x941f9834 WR addr=0xfcc blocks=0 blksz=52 mode=BYTE incr=1
[  416.935656][ T2017] mmc mmc1:0001: AR6K-MAINLINE CMD53 arg=0x941f9834 WR addr=0xfcc blocks=0 blksz=52 mode=BYTE incr=1
[  416.946519][ T2017] mmc mmc1:0001: AR6K-MAINLINE CMD53 arg=0x941f9834 WR addr=0xfcc blocks=0 blksz=52 mode=BYTE incr=1
[  416.956984][ T2017] mmc mmc1:0001: AR6K-MAINLINE CMD53 arg=0x941f9834 WR addr=0xfcc blocks=0 blksz=52 mode=BYTE incr=1
[  416.967797][ T2017] mmc mmc1:0001: AR6K-MAINLINE CMD53 arg=0x941f9834 WR addr=0xfcc blocks=0 blksz=52 mode=BYTE incr=1
[  416.978336][ T2017] mmc mmc1:0001: AR6K-MAINLINE CMD53 arg=0x941f9834 WR addr=0xfcc blocks=0 blksz=52 mode=BYTE incr=1
[  416.989177][ T2017] mmc mmc1:0001: AR6K-MAINLINE CMD53 arg=0x941f9834 WR addr=0xfcc blocks=0 blksz=52 mode=BYTE incr=1
[  416.999816][ T2017] mmc mmc1:0001: AR6K-MAINLINE CMD53 arg=0x941f9834 WR addr=0xfcc blocks=0 blksz=52 mode=BYTE incr=1
[  417.010508][ T2017] mmc mmc1:0001: AR6K-MAINLINE CMD53 arg=0x941f9834 WR addr=0xfcc blocks=0 blksz=52 mode=BYTE incr=1
[  417.021083][ T2017] mmc mmc1:0001: AR6K-MAINLINE CMD53 arg=0x941f9834 WR addr=0xfcc blocks=0 blksz=52 mode=BYTE incr=1
[  417.031811][ T2017] mmc mmc1:0001: AR6K-MAINLINE CMD53 arg=0x941f9834 WR addr=0xfcc blocks=0 blksz=52 mode=BYTE incr=1
[  417.042470][ T2017] mmc mmc1:0001: AR6K-MAINLINE CMD53 arg=0x941f9834 WR addr=0xfcc blocks=0 blksz=52 mode=BYTE incr=1
[  417.053280][ T2017] mmc mmc1:0001: AR6K-MAINLINE CMD53 arg=0x941f9834 WR addr=0xfcc blocks=0 blksz=52 mode=BYTE incr=1
[  417.063833][ T2017] mmc mmc1:0001: AR6K-MAINLINE CMD53 arg=0x941f9834 WR addr=0xfcc blocks=0 blksz=52 mode=BYTE incr=1
[  417.074574][ T2017] mmc mmc1:0001: AR6K-MAINLINE CMD53 arg=0x941f9834 WR addr=0xfcc blocks=0 blksz=52 mode=BYTE incr=1
[  417.085089][ T2017] mmc mmc1:0001: AR6K-MAINLINE CMD53 arg=0x941f9834 WR addr=0xfcc blocks=0 blksz=52 mode=BYTE incr=1
[  417.095924][ T2017] mmc mmc1:0001: AR6K-MAINLINE CMD53 arg=0x941f9834 WR addr=0xfcc blocks=0 blksz=52 mode=BYTE incr=1
[  417.106571][ T2017] mmc mmc1:0001: AR6K-MAINLINE CMD53 arg=0x941f9834 WR addr=0xfcc blocks=0 blksz=52 mode=BYTE incr=1
[  417.117268][ T2017] mmc mmc1:0001: AR6K-MAINLINE CMD53 arg=0x941f9834 WR addr=0xfcc blocks=0 blksz=52 mode=BYTE incr=1
[  417.127817][ T2017] mmc mmc1:0001: AR6K-MAINLINE CMD53 arg=0x941f9834 WR addr=0xfcc blocks=0 blksz=52 mode=BYTE incr=1
[  417.138639][ T2017] mmc mmc1:0001: AR6K-MAINLINE CMD53 arg=0x941fb824 WR addr=0xfdc blocks=0 blksz=36 mode=BYTE incr=1
[  417.149185][ T2017] mmc mmc1:0001: AR6K-MAINLINE CMD53 arg=0x941fe010 WR addr=0xff0 blocks=0 blksz=16 mode=BYTE incr=1
[  417.160362][ T2017] mmc mmc1:0001: AR6K-MAINLINE CMD53 arg=0x941ff008 WR addr=0xff8 blocks=0 blksz=8 mode=BYTE incr=1
[  417.170472][ T2017] mmc mmc1:0001: AR6K-MAINLINE CMD53 arg=0x941f9834 WR addr=0xfcc blocks=0 blksz=52 mode=BYTE incr=1
[  417.181268][ T2017] mmc mmc1:0001: AR6K-MAINLINE CMD53 arg=0x941f9834 WR addr=0xfcc blocks=0 blksz=52 mode=BYTE incr=1
[  417.191709][ T2017] mmc mmc1:0001: AR6K-MAINLINE CMD53 arg=0x941f9834 WR addr=0xfcc blocks=0 blksz=52 mode=BYTE incr=1
[  417.202492][ T2017] mmc mmc1:0001: AR6K-MAINLINE CMD53 arg=0x941f9834 WR addr=0xfcc blocks=0 blksz=52 mode=BYTE incr=1
[  417.213154][ T2017] mmc mmc1:0001: AR6K-MAINLINE CMD53 arg=0x941f9834 WR addr=0xfcc blocks=0 blksz=52 mode=BYTE incr=1
[  417.223882][ T2017] mmc mmc1:0001: AR6K-MAINLINE CMD53 arg=0x941f9834 WR addr=0xfcc blocks=0 blksz=52 mode=BYTE incr=1
[  417.234606][ T2017] mmc mmc1:0001: AR6K-MAINLINE CMD53 arg=0x941f9834 WR addr=0xfcc blocks=0 blksz=52 mode=BYTE incr=1
[  417.245190][ T2017] mmc mmc1:0001: AR6K-MAINLINE CMD53 arg=0x941f9834 WR addr=0xfcc blocks=0 blksz=52 mode=BYTE incr=1
[  417.255795][ T2017] mmc mmc1:0001: AR6K-MAINLINE CMD53 arg=0x941f9834 WR addr=0xfcc blocks=0 blksz=52 mode=BYTE incr=1
[  417.266707][ T2017] mmc mmc1:0001: AR6K-MAINLINE CMD53 arg=0x941f9834 WR addr=0xfcc blocks=0 blksz=52 mode=BYTE incr=1
[  417.277127][ T2017] mmc mmc1:0001: AR6K-MAINLINE CMD53 arg=0x941f9834 WR addr=0xfcc blocks=0 blksz=52 mode=BYTE incr=1
[  417.287939][ T2017] mmc mmc1:0001: AR6K-MAINLINE CMD53 arg=0x941f9834 WR addr=0xfcc blocks=0 blksz=52 mode=BYTE incr=1
[  417.298489][ T2017] mmc mmc1:0001: AR6K-MAINLINE CMD53 arg=0x941f9834 WR addr=0xfcc blocks=0 blksz=52 mode=BYTE incr=1
[  417.309300][ T2017] mmc mmc1:0001: AR6K-MAINLINE CMD53 arg=0x941f9834 WR addr=0xfcc blocks=0 blksz=52 mode=BYTE incr=1
[  417.320043][ T2017] mmc mmc1:0001: AR6K-MAINLINE CMD53 arg=0x941f9834 WR addr=0xfcc blocks=0 blksz=52 mode=BYTE incr=1
[  417.330554][ T2017] mmc mmc1:0001: AR6K-MAINLINE CMD53 arg=0x941f9834 WR addr=0xfcc blocks=0 blksz=52 mode=BYTE incr=1
[  417.341300][ T2017] mmc mmc1:0001: AR6K-MAINLINE CMD53 arg=0x941f9834 WR addr=0xfcc blocks=0 blksz=52 mode=BYTE incr=1
[  417.351894][ T2017] mmc mmc1:0001: AR6K-MAINLINE CMD53 arg=0x941f9834 WR addr=0xfcc blocks=0 blksz=52 mode=BYTE incr=1
[  417.362657][ T2017] mmc mmc1:0001: AR6K-MAINLINE CMD53 arg=0x941f9834 WR addr=0xfcc blocks=0 blksz=52 mode=BYTE incr=1
[  417.373358][ T2017] mmc mmc1:0001: AR6K-MAINLINE CMD53 arg=0x941f9834 WR addr=0xfcc blocks=0 blksz=52 mode=BYTE incr=1
[  417.384007][ T2017] mmc mmc1:0001: AR6K-MAINLINE CMD53 arg=0x941f9834 WR addr=0xfcc blocks=0 blksz=52 mode=BYTE incr=1
[  417.394577][ T2017] mmc mmc1:0001: AR6K-MAINLINE CMD53 arg=0x941f9834 WR addr=0xfcc blocks=0 blksz=52 mode=BYTE incr=1
[  417.405321][ T2017] mmc mmc1:0001: AR6K-MAINLINE CMD53 arg=0x941f9834 WR addr=0xfcc blocks=0 blksz=52 mode=BYTE incr=1
[  417.415970][ T2017] mmc mmc1:0001: AR6K-MAINLINE CMD53 arg=0x941f9834 WR addr=0xfcc blocks=0 blksz=52 mode=BYTE incr=1
[  417.426815][ T2017] mmc mmc1:0001: AR6K-MAINLINE CMD53 arg=0x941f9834 WR addr=0xfcc blocks=0 blksz=52 mode=BYTE incr=1
[  417.437300][ T2017] mmc mmc1:0001: AR6K-MAINLINE CMD53 arg=0x941f9834 WR addr=0xfcc blocks=0 blksz=52 mode=BYTE incr=1
[  417.448144][ T2017] mmc mmc1:0001: AR6K-MAINLINE CMD53 arg=0x941f9834 WR addr=0xfcc blocks=0 blksz=52 mode=BYTE incr=1
[  417.458665][ T2017] mmc mmc1:0001: AR6K-MAINLINE CMD53 arg=0x941f9834 WR addr=0xfcc blocks=0 blksz=52 mode=BYTE incr=1
[  417.469608][ T2017] mmc mmc1:0001: AR6K-MAINLINE CMD53 arg=0x941f9834 WR addr=0xfcc blocks=0 blksz=52 mode=BYTE incr=1
[  417.479977][ T2017] mmc mmc1:0001: AR6K-MAINLINE CMD53 arg=0x941f9834 WR addr=0xfcc blocks=0 blksz=52 mode=BYTE incr=1
[  417.490660][ T2017] mmc mmc1:0001: AR6K-MAINLINE CMD53 arg=0x941f9834 WR addr=0xfcc blocks=0 blksz=52 mode=BYTE incr=1
[  417.501477][ T2017] mmc mmc1:0001: AR6K-MAINLINE CMD53 arg=0x941f9834 WR addr=0xfcc blocks=0 blksz=52 mode=BYTE incr=1
[  417.512027][ T2017] mmc mmc1:0001: AR6K-MAINLINE CMD53 arg=0x941f9834 WR addr=0xfcc blocks=0 blksz=52 mode=BYTE incr=1
[  417.522938][ T2017] mmc mmc1:0001: AR6K-MAINLINE CMD53 arg=0x941f9834 WR addr=0xfcc blocks=0 blksz=52 mode=BYTE incr=1
[  417.533423][ T2017] mmc mmc1:0001: AR6K-MAINLINE CMD53 arg=0x941f9834 WR addr=0xfcc blocks=0 blksz=52 mode=BYTE incr=1
[  417.544190][ T2017] mmc mmc1:0001: AR6K-MAINLINE CMD53 arg=0x941f9834 WR addr=0xfcc blocks=0 blksz=52 mode=BYTE incr=1
[  417.554817][ T2017] mmc mmc1:0001: AR6K-MAINLINE CMD53 arg=0x941f9834 WR addr=0xfcc blocks=0 blksz=52 mode=BYTE incr=1
[  417.565426][ T2017] mmc mmc1:0001: AR6K-MAINLINE CMD53 arg=0x941f9834 WR addr=0xfcc blocks=0 blksz=52 mode=BYTE incr=1
[  417.576358][ T2017] mmc mmc1:0001: AR6K-MAINLINE CMD53 arg=0x941f9834 WR addr=0xfcc blocks=0 blksz=52 mode=BYTE incr=1
[  417.586755][ T2017] mmc mmc1:0001: AR6K-MAINLINE CMD53 arg=0x941f9834 WR addr=0xfcc blocks=0 blksz=52 mode=BYTE incr=1
[  417.597594][ T2017] mmc mmc1:0001: AR6K-MAINLINE CMD53 arg=0x941f9834 WR addr=0xfcc blocks=0 blksz=52 mode=BYTE incr=1
[  417.608114][ T2017] mmc mmc1:0001: AR6K-MAINLINE CMD53 arg=0x941f9834 WR addr=0xfcc blocks=0 blksz=52 mode=BYTE incr=1
[  417.618927][ T2017] mmc mmc1:0001: AR6K-MAINLINE CMD53 arg=0x941f9834 WR addr=0xfcc blocks=0 blksz=52 mode=BYTE incr=1
[  417.629709][ T2017] mmc mmc1:0001: AR6K-MAINLINE CMD53 arg=0x941f9834 WR addr=0xfcc blocks=0 blksz=52 mode=BYTE incr=1
[  417.640265][ T2017] mmc mmc1:0001: AR6K-MAINLINE CMD53 arg=0x941f9834 WR addr=0xfcc blocks=0 blksz=52 mode=BYTE incr=1
[  417.650883][ T2017] mmc mmc1:0001: AR6K-MAINLINE CMD53 arg=0x941f9834 WR addr=0xfcc blocks=0 blksz=52 mode=BYTE incr=1
[  417.661584][ T2017] mmc mmc1:0001: AR6K-MAINLINE CMD53 arg=0x941f9834 WR addr=0xfcc blocks=0 blksz=52 mode=BYTE incr=1
[  417.672268][ T2017] mmc mmc1:0001: AR6K-MAINLINE CMD53 arg=0x941f9834 WR addr=0xfcc blocks=0 blksz=52 mode=BYTE incr=1
[  417.682960][ T2017] mmc mmc1:0001: AR6K-MAINLINE CMD53 arg=0x941f9834 WR addr=0xfcc blocks=0 blksz=52 mode=BYTE incr=1
[  417.693541][ T2017] mmc mmc1:0001: AR6K-MAINLINE CMD53 arg=0x941f9834 WR addr=0xfcc blocks=0 blksz=52 mode=BYTE incr=1
[  417.704294][ T2017] mmc mmc1:0001: AR6K-MAINLINE CMD53 arg=0x941f9834 WR addr=0xfcc blocks=0 blksz=52 mode=BYTE incr=1
[  417.714915][ T2017] mmc mmc1:0001: AR6K-MAINLINE CMD53 arg=0x941f9834 WR addr=0xfcc blocks=0 blksz=52 mode=BYTE incr=1
[  417.725776][ T2017] mmc mmc1:0001: AR6K-MAINLINE CMD53 arg=0x941f9834 WR addr=0xfcc blocks=0 blksz=52 mode=BYTE incr=1
[  417.736279][ T2017] mmc mmc1:0001: AR6K-MAINLINE CMD53 arg=0x941f9834 WR addr=0xfcc blocks=0 blksz=52 mode=BYTE incr=1
[  417.747034][ T2017] mmc mmc1:0001: AR6K-MAINLINE CMD53 arg=0x941f9834 WR addr=0xfcc blocks=0 blksz=52 mode=BYTE incr=1
[  417.757609][ T2017] mmc mmc1:0001: AR6K-MAINLINE CMD53 arg=0x941f9834 WR addr=0xfcc blocks=0 blksz=52 mode=BYTE incr=1
[  417.768397][ T2017] mmc mmc1:0001: AR6K-MAINLINE CMD53 arg=0x941f9834 WR addr=0xfcc blocks=0 blksz=52 mode=BYTE incr=1
[  417.779154][ T2017] mmc mmc1:0001: AR6K-MAINLINE CMD53 arg=0x941f9834 WR addr=0xfcc blocks=0 blksz=52 mode=BYTE incr=1
[  417.789763][ T2017] mmc mmc1:0001: AR6K-MAINLINE CMD53 arg=0x941f9834 WR addr=0xfcc blocks=0 blksz=52 mode=BYTE incr=1
[  417.800341][ T2017] mmc mmc1:0001: AR6K-MAINLINE CMD53 arg=0x941f9834 WR addr=0xfcc blocks=0 blksz=52 mode=BYTE incr=1
[  417.811080][ T2017] mmc mmc1:0001: AR6K-MAINLINE CMD53 arg=0x941f9834 WR addr=0xfcc blocks=0 blksz=52 mode=BYTE incr=1
[  417.821776][ T2017] mmc mmc1:0001: AR6K-MAINLINE CMD53 arg=0x941f9834 WR addr=0xfcc blocks=0 blksz=52 mode=BYTE incr=1
[  417.832444][ T2017] mmc mmc1:0001: AR6K-MAINLINE CMD53 arg=0x941f9834 WR addr=0xfcc blocks=0 blksz=52 mode=BYTE incr=1
[  417.843190][ T2017] mmc mmc1:0001: AR6K-MAINLINE CMD53 arg=0x941f9834 WR addr=0xfcc blocks=0 blksz=52 mode=BYTE incr=1
[  417.853823][ T2017] mmc mmc1:0001: AR6K-MAINLINE CMD53 arg=0x941f9834 WR addr=0xfcc blocks=0 blksz=52 mode=BYTE incr=1
[  417.864418][ T2017] mmc mmc1:0001: AR6K-MAINLINE CMD53 arg=0x941f9834 WR addr=0xfcc blocks=0 blksz=52 mode=BYTE incr=1
[  417.875226][ T2017] mmc mmc1:0001: AR6K-MAINLINE CMD53 arg=0x941f9834 WR addr=0xfcc blocks=0 blksz=52 mode=BYTE incr=1
[  417.885759][ T2017] mmc mmc1:0001: AR6K-MAINLINE CMD53 arg=0x941f9834 WR addr=0xfcc blocks=0 blksz=52 mode=BYTE incr=1
[  417.896478][ T2017] mmc mmc1:0001: AR6K-MAINLINE CMD53 arg=0x941f9834 WR addr=0xfcc blocks=0 blksz=52 mode=BYTE incr=1
[  417.907089][ T2017] mmc mmc1:0001: AR6K-MAINLINE CMD53 arg=0x941f9834 WR addr=0xfcc blocks=0 blksz=52 mode=BYTE incr=1
[  417.917831][ T2017] mmc mmc1:0001: AR6K-MAINLINE CMD53 arg=0x941f9834 WR addr=0xfcc blocks=0 blksz=52 mode=BYTE incr=1
[  417.928575][ T2017] mmc mmc1:0001: AR6K-MAINLINE CMD53 arg=0x941f9834 WR addr=0xfcc blocks=0 blksz=52 mode=BYTE incr=1
[  417.939223][ T2017] mmc mmc1:0001: AR6K-MAINLINE CMD53 arg=0x941f9834 WR addr=0xfcc blocks=0 blksz=52 mode=BYTE incr=1
[  417.949809][ T2017] mmc mmc1:0001: AR6K-MAINLINE CMD53 arg=0x941f9834 WR addr=0xfcc blocks=0 blksz=52 mode=BYTE incr=1
[  417.960553][ T2017] mmc mmc1:0001: AR6K-MAINLINE CMD53 arg=0x941f9834 WR addr=0xfcc blocks=0 blksz=52 mode=BYTE incr=1
[  417.971211][ T2017] mmc mmc1:0001: AR6K-MAINLINE CMD53 arg=0x941f9834 WR addr=0xfcc blocks=0 blksz=52 mode=BYTE incr=1
[  417.981932][ T2017] mmc mmc1:0001: AR6K-MAINLINE CMD53 arg=0x941f9834 WR addr=0xfcc blocks=0 blksz=52 mode=BYTE incr=1
[  417.992517][ T2017] mmc mmc1:0001: AR6K-MAINLINE CMD53 arg=0x941f9834 WR addr=0xfcc blocks=0 blksz=52 mode=BYTE incr=1
[  418.003283][ T2017] mmc mmc1:0001: AR6K-MAINLINE CMD53 arg=0x941f9834 WR addr=0xfcc blocks=0 blksz=52 mode=BYTE incr=1
[  418.013892][ T2017] mmc mmc1:0001: AR6K-MAINLINE CMD53 arg=0x941f9834 WR addr=0xfcc blocks=0 blksz=52 mode=BYTE incr=1
[  418.024724][ T2017] mmc mmc1:0001: AR6K-MAINLINE CMD53 arg=0x941f9834 WR addr=0xfcc blocks=0 blksz=52 mode=BYTE incr=1
[  418.035291][ T2017] mmc mmc1:0001: AR6K-MAINLINE CMD53 arg=0x941f9834 WR addr=0xfcc blocks=0 blksz=52 mode=BYTE incr=1
[  418.045980][ T2017] mmc mmc1:0001: AR6K-MAINLINE CMD53 arg=0x941f9834 WR addr=0xfcc blocks=0 blksz=52 mode=BYTE incr=1
[  418.056564][ T2017] mmc mmc1:0001: AR6K-MAINLINE CMD53 arg=0x941f9834 WR addr=0xfcc blocks=0 blksz=52 mode=BYTE incr=1
[  418.067333][ T2017] mmc mmc1:0001: AR6K-MAINLINE CMD53 arg=0x941f9834 WR addr=0xfcc blocks=0 blksz=52 mode=BYTE incr=1
[  418.077967][ T2017] mmc mmc1:0001: AR6K-MAINLINE CMD53 arg=0x941f9834 WR addr=0xfcc blocks=0 blksz=52 mode=BYTE incr=1
[  418.088695][ T2017] mmc mmc1:0001: AR6K-MAINLINE CMD53 arg=0x941f9834 WR addr=0xfcc blocks=0 blksz=52 mode=BYTE incr=1
[  418.099285][ T2017] mmc mmc1:0001: AR6K-MAINLINE CMD53 arg=0x941f9834 WR addr=0xfcc blocks=0 blksz=52 mode=BYTE incr=1
[  418.110026][ T2017] mmc mmc1:0001: AR6K-MAINLINE CMD53 arg=0x941f9834 WR addr=0xfcc blocks=0 blksz=52 mode=BYTE incr=1
[  418.120755][ T2017] mmc mmc1:0001: AR6K-MAINLINE CMD53 arg=0x941f9834 WR addr=0xfcc blocks=0 blksz=52 mode=BYTE incr=1
[  418.131401][ T2017] mmc mmc1:0001: AR6K-MAINLINE CMD53 arg=0x941fa82c WR addr=0xfd4 blocks=0 blksz=44 mode=BYTE incr=1
[  418.142007][ T2017] mmc mmc1:0001: AR6K-MAINLINE CMD53 arg=0x941fe80c WR addr=0xff4 blocks=0 blksz=12 mode=BYTE incr=1
[  418.152694][ T2017] mmc mmc1:0001: AR6K-MAINLINE CMD53 arg=0x941ff008 WR addr=0xff8 blocks=0 blksz=8 mode=BYTE incr=1
[  418.163323][ T2017] mmc mmc1:0001: AR6K-MAINLINE CMD53 arg=0x941fe80c WR addr=0xff4 blocks=0 blksz=12 mode=BYTE incr=1
[  418.174167][ T2017] mmc mmc1:0001: AR6K-MAINLINE CMD53 arg=0x14100004 RD addr=0x800 blocks=0 blksz=4 mode=BYTE incr=1
[  418.184592][ T2017] mmc mmc1:0001: AR6K-MAINLINE CMD53 arg=0x941fe80c WR addr=0xff4 blocks=0 blksz=12 mode=BYTE incr=1
[  418.214250][ T2017] mmc mmc1:0001: AR6K-MAINLINE CMD53 arg=0x14100004 RD addr=0x800 blocks=0 blksz=4 mode=BYTE incr=1
[  418.214922][ T2017] mmc mmc1:0001: AR6K-MAINLINE CMD53 arg=0x941ff008 WR addr=0xff8 blocks=0 blksz=8 mode=BYTE incr=1
[  418.224275][ T2017] mmc mmc1:0001: AR6K-MAINLINE CMD53 arg=0x941f9834 WR addr=0xfcc blocks=0 blksz=52 mode=BYTE incr=1
[  418.234872][ T2017] mmc mmc1:0001: AR6K-MAINLINE CMD53 arg=0x941f9834 WR addr=0xfcc blocks=0 blksz=52 mode=BYTE incr=1
[  418.245452][ T2017] mmc mmc1:0001: AR6K-MAINLINE CMD53 arg=0x941f9834 WR addr=0xfcc blocks=0 blksz=52 mode=BYTE incr=1
[  418.256039][ T2017] mmc mmc1:0001: AR6K-MAINLINE CMD53 arg=0x941f9834 WR addr=0xfcc blocks=0 blksz=52 mode=BYTE incr=1
[  418.266857][ T2017] mmc mmc1:0001: AR6K-MAINLINE CMD53 arg=0x941f9834 WR addr=0xfcc blocks=0 blksz=52 mode=BYTE incr=1
[  418.277507][ T2017] mmc mmc1:0001: AR6K-MAINLINE CMD53 arg=0x941f9834 WR addr=0xfcc blocks=0 blksz=52 mode=BYTE incr=1
[  418.288210][ T2017] mmc mmc1:0001: AR6K-MAINLINE CMD53 arg=0x941f9834 WR addr=0xfcc blocks=0 blksz=52 mode=BYTE incr=1
[  418.298724][ T2017] mmc mmc1:0001: AR6K-MAINLINE CMD53 arg=0x941f9834 WR addr=0xfcc blocks=0 blksz=52 mode=BYTE incr=1
[  418.309652][ T2017] mmc mmc1:0001: AR6K-MAINLINE CMD53 arg=0x941f9834 WR addr=0xfcc blocks=0 blksz=52 mode=BYTE incr=1
[  418.320201][ T2017] mmc mmc1:0001: AR6K-MAINLINE CMD53 arg=0x941f9834 WR addr=0xfcc blocks=0 blksz=52 mode=BYTE incr=1
[  418.330779][ T2017] mmc mmc1:0001: AR6K-MAINLINE CMD53 arg=0x941f9834 WR addr=0xfcc blocks=0 blksz=52 mode=BYTE incr=1
[  418.341549][ T2017] mmc mmc1:0001: AR6K-MAINLINE CMD53 arg=0x941f9834 WR addr=0xfcc blocks=0 blksz=52 mode=BYTE incr=1
[  418.352109][ T2017] mmc mmc1:0001: AR6K-MAINLINE CMD53 arg=0x941f9834 WR addr=0xfcc blocks=0 blksz=52 mode=BYTE incr=1
[  418.362944][ T2017] mmc mmc1:0001: AR6K-MAINLINE CMD53 arg=0x941f9834 WR addr=0xfcc blocks=0 blksz=52 mode=BYTE incr=1
[  418.373588][ T2017] mmc mmc1:0001: AR6K-MAINLINE CMD53 arg=0x941f9834 WR addr=0xfcc blocks=0 blksz=52 mode=BYTE incr=1
[  418.384289][ T2017] mmc mmc1:0001: AR6K-MAINLINE CMD53 arg=0x941f9834 WR addr=0xfcc blocks=0 blksz=52 mode=BYTE incr=1
[  418.394827][ T2017] mmc mmc1:0001: AR6K-MAINLINE CMD53 arg=0x941f9834 WR addr=0xfcc blocks=0 blksz=52 mode=BYTE incr=1
[  418.405611][ T2017] mmc mmc1:0001: AR6K-MAINLINE CMD53 arg=0x941f9834 WR addr=0xfcc blocks=0 blksz=52 mode=BYTE incr=1
[  418.416184][ T2017] mmc mmc1:0001: AR6K-MAINLINE CMD53 arg=0x941f9834 WR addr=0xfcc blocks=0 blksz=52 mode=BYTE incr=1
[  418.427102][ T2017] mmc mmc1:0001: AR6K-MAINLINE CMD53 arg=0x941f9834 WR addr=0xfcc blocks=0 blksz=52 mode=BYTE incr=1
[  418.437563][ T2017] mmc mmc1:0001: AR6K-MAINLINE CMD53 arg=0x941f9834 WR addr=0xfcc blocks=0 blksz=52 mode=BYTE incr=1
[  418.448328][ T2017] mmc mmc1:0001: AR6K-MAINLINE CMD53 arg=0x941f9834 WR addr=0xfcc blocks=0 blksz=52 mode=BYTE incr=1
[  418.458864][ T2017] mmc mmc1:0001: AR6K-MAINLINE CMD53 arg=0x941f9834 WR addr=0xfcc blocks=0 blksz=52 mode=BYTE incr=1
[  418.469693][ T2017] mmc mmc1:0001: AR6K-MAINLINE CMD53 arg=0x941f9834 WR addr=0xfcc blocks=0 blksz=52 mode=BYTE incr=1
[  418.480329][ T2017] mmc mmc1:0001: AR6K-MAINLINE CMD53 arg=0x941f9834 WR addr=0xfcc blocks=0 blksz=52 mode=BYTE incr=1
[  418.491064][ T2017] mmc mmc1:0001: AR6K-MAINLINE CMD53 arg=0x941f9834 WR addr=0xfcc blocks=0 blksz=52 mode=BYTE incr=1
[  418.501610][ T2017] mmc mmc1:0001: AR6K-MAINLINE CMD53 arg=0x941f9834 WR addr=0xfcc blocks=0 blksz=52 mode=BYTE incr=1
[  418.512405][ T2017] mmc mmc1:0001: AR6K-MAINLINE CMD53 arg=0x941f9834 WR addr=0xfcc blocks=0 blksz=52 mode=BYTE incr=1
[  418.522937][ T2017] mmc mmc1:0001: AR6K-MAINLINE CMD53 arg=0x941f9834 WR addr=0xfcc blocks=0 blksz=52 mode=BYTE incr=1
[  418.533853][ T2017] mmc mmc1:0001: AR6K-MAINLINE CMD53 arg=0x941f9834 WR addr=0xfcc blocks=0 blksz=52 mode=BYTE incr=1
[  418.544340][ T2017] mmc mmc1:0001: AR6K-MAINLINE CMD53 arg=0x941f9834 WR addr=0xfcc blocks=0 blksz=52 mode=BYTE incr=1
[  418.555131][ T2017] mmc mmc1:0001: AR6K-MAINLINE CMD53 arg=0x941f9834 WR addr=0xfcc blocks=0 blksz=52 mode=BYTE incr=1
[  418.565664][ T2017] mmc mmc1:0001: AR6K-MAINLINE CMD53 arg=0x941f9834 WR addr=0xfcc blocks=0 blksz=52 mode=BYTE incr=1
[  418.576439][ T2017] mmc mmc1:0001: AR6K-MAINLINE CMD53 arg=0x941f9834 WR addr=0xfcc blocks=0 blksz=52 mode=BYTE incr=1
[  418.587151][ T2017] mmc mmc1:0001: AR6K-MAINLINE CMD53 arg=0x941f9834 WR addr=0xfcc blocks=0 blksz=52 mode=BYTE incr=1
[  418.597809][ T2017] mmc mmc1:0001: AR6K-MAINLINE CMD53 arg=0x941f9834 WR addr=0xfcc blocks=0 blksz=52 mode=BYTE incr=1
[  418.608329][ T2017] mmc mmc1:0001: AR6K-MAINLINE CMD53 arg=0x941f9834 WR addr=0xfcc blocks=0 blksz=52 mode=BYTE incr=1
[  418.619180][ T2017] mmc mmc1:0001: AR6K-MAINLINE CMD53 arg=0x941f9834 WR addr=0xfcc blocks=0 blksz=52 mode=BYTE incr=1
[  418.629787][ T2017] mmc mmc1:0001: AR6K-MAINLINE CMD53 arg=0x941f9834 WR addr=0xfcc blocks=0 blksz=52 mode=BYTE incr=1
[  418.640544][ T2017] mmc mmc1:0001: AR6K-MAINLINE CMD53 arg=0x941f9834 WR addr=0xfcc blocks=0 blksz=52 mode=BYTE incr=1
[  418.651082][ T2017] mmc mmc1:0001: AR6K-MAINLINE CMD53 arg=0x941f9834 WR addr=0xfcc blocks=0 blksz=52 mode=BYTE incr=1
[  418.661859][ T2017] mmc mmc1:0001: AR6K-MAINLINE CMD53 arg=0x941f9834 WR addr=0xfcc blocks=0 blksz=52 mode=BYTE incr=1
[  418.672447][ T2017] mmc mmc1:0001: AR6K-MAINLINE CMD53 arg=0x941f9834 WR addr=0xfcc blocks=0 blksz=52 mode=BYTE incr=1
[  418.683332][ T2017] mmc mmc1:0001: AR6K-MAINLINE CMD53 arg=0x941f9834 WR addr=0xfcc blocks=0 blksz=52 mode=BYTE incr=1
[  418.693803][ T2017] mmc mmc1:0001: AR6K-MAINLINE CMD53 arg=0x941f9834 WR addr=0xfcc blocks=0 blksz=52 mode=BYTE incr=1
[  418.704611][ T2017] mmc mmc1:0001: AR6K-MAINLINE CMD53 arg=0x941f9834 WR addr=0xfcc blocks=0 blksz=52 mode=BYTE incr=1
[  418.715139][ T2017] mmc mmc1:0001: AR6K-MAINLINE CMD53 arg=0x941f9834 WR addr=0xfcc blocks=0 blksz=52 mode=BYTE incr=1
[  418.725917][ T2017] mmc mmc1:0001: AR6K-MAINLINE CMD53 arg=0x941f9834 WR addr=0xfcc blocks=0 blksz=52 mode=BYTE incr=1
[  418.736582][ T2017] mmc mmc1:0001: AR6K-MAINLINE CMD53 arg=0x941f9834 WR addr=0xfcc blocks=0 blksz=52 mode=BYTE incr=1
[  418.747318][ T2017] mmc mmc1:0001: AR6K-MAINLINE CMD53 arg=0x941f9834 WR addr=0xfcc blocks=0 blksz=52 mode=BYTE incr=1
[  418.757830][ T2017] mmc mmc1:0001: AR6K-MAINLINE CMD53 arg=0x941f9834 WR addr=0xfcc blocks=0 blksz=52 mode=BYTE incr=1
[  418.768678][ T2017] mmc mmc1:0001: AR6K-MAINLINE CMD53 arg=0x941f9834 WR addr=0xfcc blocks=0 blksz=52 mode=BYTE incr=1
[  418.779194][ T2017] mmc mmc1:0001: AR6K-MAINLINE CMD53 arg=0x941f9834 WR addr=0xfcc blocks=0 blksz=52 mode=BYTE incr=1
[  418.790117][ T2017] mmc mmc1:0001: AR6K-MAINLINE CMD53 arg=0x941f9834 WR addr=0xfcc blocks=0 blksz=52 mode=BYTE incr=1
[  418.800563][ T2017] mmc mmc1:0001: AR6K-MAINLINE CMD53 arg=0x941f9834 WR addr=0xfcc blocks=0 blksz=52 mode=BYTE incr=1
[  418.811340][ T2017] mmc mmc1:0001: AR6K-MAINLINE CMD53 arg=0x941f9834 WR addr=0xfcc blocks=0 blksz=52 mode=BYTE incr=1
[  418.821923][ T2017] mmc mmc1:0001: AR6K-MAINLINE CMD53 arg=0x941f9834 WR addr=0xfcc blocks=0 blksz=52 mode=BYTE incr=1
[  418.832723][ T2017] mmc mmc1:0001: AR6K-MAINLINE CMD53 arg=0x941f9834 WR addr=0xfcc blocks=0 blksz=52 mode=BYTE incr=1
[  418.843572][ T2017] mmc mmc1:0001: AR6K-MAINLINE CMD53 arg=0x941f9834 WR addr=0xfcc blocks=0 blksz=52 mode=BYTE incr=1
[  418.854095][ T2017] mmc mmc1:0001: AR6K-MAINLINE CMD53 arg=0x941f9834 WR addr=0xfcc blocks=0 blksz=52 mode=BYTE incr=1
[  418.864585][ T2017] mmc mmc1:0001: AR6K-MAINLINE CMD53 arg=0x941f9834 WR addr=0xfcc blocks=0 blksz=52 mode=BYTE incr=1
[  418.875441][ T2017] mmc mmc1:0001: AR6K-MAINLINE CMD53 arg=0x941f9834 WR addr=0xfcc blocks=0 blksz=52 mode=BYTE incr=1
[  418.885973][ T2017] mmc mmc1:0001: AR6K-MAINLINE CMD53 arg=0x941f9834 WR addr=0xfcc blocks=0 blksz=52 mode=BYTE incr=1
[  418.896888][ T2017] mmc mmc1:0001: AR6K-MAINLINE CMD53 arg=0x941f9834 WR addr=0xfcc blocks=0 blksz=52 mode=BYTE incr=1
[  418.907352][ T2017] mmc mmc1:0001: AR6K-MAINLINE CMD53 arg=0x941f9834 WR addr=0xfcc blocks=0 blksz=52 mode=BYTE incr=1
[  418.918134][ T2017] mmc mmc1:0001: AR6K-MAINLINE CMD53 arg=0x941f9834 WR addr=0xfcc blocks=0 blksz=52 mode=BYTE incr=1
[  418.928671][ T2017] mmc mmc1:0001: AR6K-MAINLINE CMD53 arg=0x941f9834 WR addr=0xfcc blocks=0 blksz=52 mode=BYTE incr=1
[  418.939655][ T2017] mmc mmc1:0001: AR6K-MAINLINE CMD53 arg=0x941f9834 WR addr=0xfcc blocks=0 blksz=52 mode=BYTE incr=1
[  418.950047][ T2017] mmc mmc1:0001: AR6K-MAINLINE CMD53 arg=0x941f9834 WR addr=0xfcc blocks=0 blksz=52 mode=BYTE incr=1
[  418.960708][ T2017] mmc mmc1:0001: AR6K-MAINLINE CMD53 arg=0x941f9834 WR addr=0xfcc blocks=0 blksz=52 mode=BYTE incr=1
[  418.971493][ T2017] mmc mmc1:0001: AR6K-MAINLINE CMD53 arg=0x941f9834 WR addr=0xfcc blocks=0 blksz=52 mode=BYTE incr=1
[  418.982072][ T2017] mmc mmc1:0001: AR6K-MAINLINE CMD53 arg=0x941f9834 WR addr=0xfcc blocks=0 blksz=52 mode=BYTE incr=1
[  418.992958][ T2017] mmc mmc1:0001: AR6K-MAINLINE CMD53 arg=0x941f9834 WR addr=0xfcc blocks=0 blksz=52 mode=BYTE incr=1
[  419.003411][ T2017] mmc mmc1:0001: AR6K-MAINLINE CMD53 arg=0x941f9834 WR addr=0xfcc blocks=0 blksz=52 mode=BYTE incr=1
[  419.014237][ T2017] mmc mmc1:0001: AR6K-MAINLINE CMD53 arg=0x941f9834 WR addr=0xfcc blocks=0 blksz=52 mode=BYTE incr=1
[  419.024770][ T2017] mmc mmc1:0001: AR6K-MAINLINE CMD53 arg=0x941f9834 WR addr=0xfcc blocks=0 blksz=52 mode=BYTE incr=1
[  419.035593][ T2017] mmc mmc1:0001: AR6K-MAINLINE CMD53 arg=0x941f9834 WR addr=0xfcc blocks=0 blksz=52 mode=BYTE incr=1
[  419.046201][ T2017] mmc mmc1:0001: AR6K-MAINLINE CMD53 arg=0x941f9834 WR addr=0xfcc blocks=0 blksz=52 mode=BYTE incr=1
[  419.056935][ T2017] mmc mmc1:0001: AR6K-MAINLINE CMD53 arg=0x941f9834 WR addr=0xfcc blocks=0 blksz=52 mode=BYTE incr=1
[  419.067497][ T2017] mmc mmc1:0001: AR6K-MAINLINE CMD53 arg=0x941f9834 WR addr=0xfcc blocks=0 blksz=52 mode=BYTE incr=1
[  419.078297][ T2017] mmc mmc1:0001: AR6K-MAINLINE CMD53 arg=0x941f9834 WR addr=0xfcc blocks=0 blksz=52 mode=BYTE incr=1
[  419.088825][ T2017] mmc mmc1:0001: AR6K-MAINLINE CMD53 arg=0x941f9834 WR addr=0xfcc blocks=0 blksz=52 mode=BYTE incr=1
[  419.099754][ T2017] mmc mmc1:0001: AR6K-MAINLINE CMD53 arg=0x941f9834 WR addr=0xfcc blocks=0 blksz=52 mode=BYTE incr=1
[  419.110193][ T2017] mmc mmc1:0001: AR6K-MAINLINE CMD53 arg=0x941f9834 WR addr=0xfcc blocks=0 blksz=52 mode=BYTE incr=1
[  419.121003][ T2017] mmc mmc1:0001: AR6K-MAINLINE CMD53 arg=0x941f9834 WR addr=0xfcc blocks=0 blksz=52 mode=BYTE incr=1
[  419.131548][ T2017] mmc mmc1:0001: AR6K-MAINLINE CMD53 arg=0x941f9834 WR addr=0xfcc blocks=0 blksz=52 mode=BYTE incr=1
[  419.143112][ T2017] mmc mmc1:0001: AR6K-MAINLINE CMD53 arg=0x941f9834 WR addr=0xfcc blocks=0 blksz=52 mode=BYTE incr=1
[  419.153091][ T2017] mmc mmc1:0001: AR6K-MAINLINE CMD53 arg=0x941f9834 WR addr=0xfcc blocks=0 blksz=52 mode=BYTE incr=1
[  419.163764][ T2017] mmc mmc1:0001: AR6K-MAINLINE CMD53 arg=0x941f9834 WR addr=0xfcc blocks=0 blksz=52 mode=BYTE incr=1
[  419.179811][ T2017] mmc mmc1:0001: AR6K-MAINLINE CMD53 arg=0x941f9834 WR addr=0xfcc blocks=0 blksz=52 mode=BYTE incr=1
[  419.188867][ T2017] mmc mmc1:0001: AR6K-MAINLINE CMD53 arg=0x941f9834 WR addr=0xfcc blocks=0 blksz=52 mode=BYTE incr=1
[  419.195925][ T2017] mmc mmc1:0001: AR6K-MAINLINE CMD53 arg=0x941f9834 WR addr=0xfcc blocks=0 blksz=52 mode=BYTE incr=1
[  419.206490][ T2017] mmc mmc1:0001: AR6K-MAINLINE CMD53 arg=0x941f9834 WR addr=0xfcc blocks=0 blksz=52 mode=BYTE incr=1
[  419.217127][ T2017] mmc mmc1:0001: AR6K-MAINLINE CMD53 arg=0x941f9834 WR addr=0xfcc blocks=0 blksz=52 mode=BYTE incr=1
[  419.230268][ T2017] mmc mmc1:0001: AR6K-MAINLINE CMD53 arg=0x941f9834 WR addr=0xfcc blocks=0 blksz=52 mode=BYTE incr=1
[  419.239900][ T2017] mmc mmc1:0001: AR6K-MAINLINE CMD53 arg=0x941f9834 WR addr=0xfcc blocks=0 blksz=52 mode=BYTE incr=1
[  419.249051][ T2017] mmc mmc1:0001: AR6K-MAINLINE CMD53 arg=0x941f9834 WR addr=0xfcc blocks=0 blksz=52 mode=BYTE incr=1
[  419.259865][ T2017] mmc mmc1:0001: AR6K-MAINLINE CMD53 arg=0x941f9834 WR addr=0xfcc blocks=0 blksz=52 mode=BYTE incr=1
[  419.270530][ T2017] mmc mmc1:0001: AR6K-MAINLINE CMD53 arg=0x941f9834 WR addr=0xfcc blocks=0 blksz=52 mode=BYTE incr=1
[  419.281171][ T2017] mmc mmc1:0001: AR6K-MAINLINE CMD53 arg=0x941f9834 WR addr=0xfcc blocks=0 blksz=52 mode=BYTE incr=1
[  419.291930][ T2017] mmc mmc1:0001: AR6K-MAINLINE CMD53 arg=0x941f9834 WR addr=0xfcc blocks=0 blksz=52 mode=BYTE incr=1
[  419.302401][ T2017] mmc mmc1:0001: AR6K-MAINLINE CMD53 arg=0x941f9834 WR addr=0xfcc blocks=0 blksz=52 mode=BYTE incr=1
[  419.313196][ T2017] mmc mmc1:0001: AR6K-MAINLINE CMD53 arg=0x941f9834 WR addr=0xfcc blocks=0 blksz=52 mode=BYTE incr=1
[  419.323744][ T2017] mmc mmc1:0001: AR6K-MAINLINE CMD53 arg=0x941f9834 WR addr=0xfcc blocks=0 blksz=52 mode=BYTE incr=1
[  419.334524][ T2017] mmc mmc1:0001: AR6K-MAINLINE CMD53 arg=0x941f9834 WR addr=0xfcc blocks=0 blksz=52 mode=BYTE incr=1
[  419.345192][ T2017] mmc mmc1:0001: AR6K-MAINLINE CMD53 arg=0x941f9834 WR addr=0xfcc blocks=0 blksz=52 mode=BYTE incr=1
[  419.355895][ T2017] mmc mmc1:0001: AR6K-MAINLINE CMD53 arg=0x941f9834 WR addr=0xfcc blocks=0 blksz=52 mode=BYTE incr=1
[  419.366453][ T2017] mmc mmc1:0001: AR6K-MAINLINE CMD53 arg=0x941f9834 WR addr=0xfcc blocks=0 blksz=52 mode=BYTE incr=1
[  419.377266][ T2017] mmc mmc1:0001: AR6K-MAINLINE CMD53 arg=0x941f9834 WR addr=0xfcc blocks=0 blksz=52 mode=BYTE incr=1
[  419.387804][ T2017] mmc mmc1:0001: AR6K-MAINLINE CMD53 arg=0x941f9834 WR addr=0xfcc blocks=0 blksz=52 mode=BYTE incr=1
[  419.398697][ T2017] mmc mmc1:0001: AR6K-MAINLINE CMD53 arg=0x941f9834 WR addr=0xfcc blocks=0 blksz=52 mode=BYTE incr=1
[  419.409140][ T2017] mmc mmc1:0001: AR6K-MAINLINE CMD53 arg=0x941f9834 WR addr=0xfcc blocks=0 blksz=52 mode=BYTE incr=1
[  419.419954][ T2017] mmc mmc1:0001: AR6K-MAINLINE CMD53 arg=0x941f9834 WR addr=0xfcc blocks=0 blksz=52 mode=BYTE incr=1
[  419.430471][ T2017] mmc mmc1:0001: AR6K-MAINLINE CMD53 arg=0x941f9834 WR addr=0xfcc blocks=0 blksz=52 mode=BYTE incr=1
[  419.441381][ T2017] mmc mmc1:0001: AR6K-MAINLINE CMD53 arg=0x941f9834 WR addr=0xfcc blocks=0 blksz=52 mode=BYTE incr=1
[  419.451861][ T2017] mmc mmc1:0001: AR6K-MAINLINE CMD53 arg=0x941f9834 WR addr=0xfcc blocks=0 blksz=52 mode=BYTE incr=1
[  419.462643][ T2017] mmc mmc1:0001: AR6K-MAINLINE CMD53 arg=0x941f9834 WR addr=0xfcc blocks=0 blksz=52 mode=BYTE incr=1
[  419.473264][ T2017] mmc mmc1:0001: AR6K-MAINLINE CMD53 arg=0x941f9834 WR addr=0xfcc blocks=0 blksz=52 mode=BYTE incr=1
[  419.484022][ T2017] mmc mmc1:0001: AR6K-MAINLINE CMD53 arg=0x941f9834 WR addr=0xfcc blocks=0 blksz=52 mode=BYTE incr=1
[  419.494656][ T2017] mmc mmc1:0001: AR6K-MAINLINE CMD53 arg=0x941f9834 WR addr=0xfcc blocks=0 blksz=52 mode=BYTE incr=1
[  419.505395][ T2017] mmc mmc1:0001: AR6K-MAINLINE CMD53 arg=0x941f9834 WR addr=0xfcc blocks=0 blksz=52 mode=BYTE incr=1
[  419.515913][ T2017] mmc mmc1:0001: AR6K-MAINLINE CMD53 arg=0x941f9834 WR addr=0xfcc blocks=0 blksz=52 mode=BYTE incr=1
[  419.526746][ T2017] mmc mmc1:0001: AR6K-MAINLINE CMD53 arg=0x941f9834 WR addr=0xfcc blocks=0 blksz=52 mode=BYTE incr=1
[  419.537313][ T2017] mmc mmc1:0001: AR6K-MAINLINE CMD53 arg=0x941f9834 WR addr=0xfcc blocks=0 blksz=52 mode=BYTE incr=1
[  419.548212][ T2017] mmc mmc1:0001: AR6K-MAINLINE CMD53 arg=0x941f9834 WR addr=0xfcc blocks=0 blksz=52 mode=BYTE incr=1
[  419.558651][ T2017] mmc mmc1:0001: AR6K-MAINLINE CMD53 arg=0x941f9834 WR addr=0xfcc blocks=0 blksz=52 mode=BYTE incr=1
[  419.569536][ T2017] mmc mmc1:0001: AR6K-MAINLINE CMD53 arg=0x941f9834 WR addr=0xfcc blocks=0 blksz=52 mode=BYTE incr=1
[  419.579986][ T2017] mmc mmc1:0001: AR6K-MAINLINE CMD53 arg=0x941f9834 WR addr=0xfcc blocks=0 blksz=52 mode=BYTE incr=1
[  419.590747][ T2017] mmc mmc1:0001: AR6K-MAINLINE CMD53 arg=0x941f9834 WR addr=0xfcc blocks=0 blksz=52 mode=BYTE incr=1
[  419.601420][ T2017] mmc mmc1:0001: AR6K-MAINLINE CMD53 arg=0x941f9834 WR addr=0xfcc blocks=0 blksz=52 mode=BYTE incr=1
[  419.612033][ T2017] mmc mmc1:0001: AR6K-MAINLINE CMD53 arg=0x941f9834 WR addr=0xfcc blocks=0 blksz=52 mode=BYTE incr=1
[  419.622823][ T2017] mmc mmc1:0001: AR6K-MAINLINE CMD53 arg=0x941f9834 WR addr=0xfcc blocks=0 blksz=52 mode=BYTE incr=1
[  419.633355][ T2017] mmc mmc1:0001: AR6K-MAINLINE CMD53 arg=0x941f9834 WR addr=0xfcc blocks=0 blksz=52 mode=BYTE incr=1
[  419.644217][ T2017] mmc mmc1:0001: AR6K-MAINLINE CMD53 arg=0x941f9834 WR addr=0xfcc blocks=0 blksz=52 mode=BYTE incr=1
[  419.654749][ T2017] mmc mmc1:0001: AR6K-MAINLINE CMD53 arg=0x941f9834 WR addr=0xfcc blocks=0 blksz=52 mode=BYTE incr=1
[  419.665518][ T2017] mmc mmc1:0001: AR6K-MAINLINE CMD53 arg=0x941f9834 WR addr=0xfcc blocks=0 blksz=52 mode=BYTE incr=1
[  419.676073][ T2017] mmc mmc1:0001: AR6K-MAINLINE CMD53 arg=0x941f9834 WR addr=0xfcc blocks=0 blksz=52 mode=BYTE incr=1
[  419.686902][ T2017] mmc mmc1:0001: AR6K-MAINLINE CMD53 arg=0x941f9834 WR addr=0xfcc blocks=0 blksz=52 mode=BYTE incr=1
[  419.697555][ T2017] mmc mmc1:0001: AR6K-MAINLINE CMD53 arg=0x941f9834 WR addr=0xfcc blocks=0 blksz=52 mode=BYTE incr=1
[  419.708268][ T2017] mmc mmc1:0001: AR6K-MAINLINE CMD53 arg=0x941f9834 WR addr=0xfcc blocks=0 blksz=52 mode=BYTE incr=1
[  419.718797][ T2017] mmc mmc1:0001: AR6K-MAINLINE CMD53 arg=0x941f9834 WR addr=0xfcc blocks=0 blksz=52 mode=BYTE incr=1
[  419.729789][ T2017] mmc mmc1:0001: AR6K-MAINLINE CMD53 arg=0x941f9834 WR addr=0xfcc blocks=0 blksz=52 mode=BYTE incr=1
[  419.740247][ T2017] mmc mmc1:0001: AR6K-MAINLINE CMD53 arg=0x941f9834 WR addr=0xfcc blocks=0 blksz=52 mode=BYTE incr=1
[  419.750833][ T2017] mmc mmc1:0001: AR6K-MAINLINE CMD53 arg=0x941f9834 WR addr=0xfcc blocks=0 blksz=52 mode=BYTE incr=1
[  419.761570][ T2017] mmc mmc1:0001: AR6K-MAINLINE CMD53 arg=0x941f9834 WR addr=0xfcc blocks=0 blksz=52 mode=BYTE incr=1
[  419.772287][ T2017] mmc mmc1:0001: AR6K-MAINLINE CMD53 arg=0x941f9834 WR addr=0xfcc blocks=0 blksz=52 mode=BYTE incr=1
[  419.782859][ T2017] mmc mmc1:0001: AR6K-MAINLINE CMD53 arg=0x941f9834 WR addr=0xfcc blocks=0 blksz=52 mode=BYTE incr=1
[  419.793748][ T2017] mmc mmc1:0001: AR6K-MAINLINE CMD53 arg=0x941f9834 WR addr=0xfcc blocks=0 blksz=52 mode=BYTE incr=1
[  419.804216][ T2017] mmc mmc1:0001: AR6K-MAINLINE CMD53 arg=0x941f9834 WR addr=0xfcc blocks=0 blksz=52 mode=BYTE incr=1
[  419.815020][ T2017] mmc mmc1:0001: AR6K-MAINLINE CMD53 arg=0x941f9834 WR addr=0xfcc blocks=0 blksz=52 mode=BYTE incr=1
[  419.825539][ T2017] mmc mmc1:0001: AR6K-MAINLINE CMD53 arg=0x941f9834 WR addr=0xfcc blocks=0 blksz=52 mode=BYTE incr=1
[  419.836381][ T2017] mmc mmc1:0001: AR6K-MAINLINE CMD53 arg=0x941f9834 WR addr=0xfcc blocks=0 blksz=52 mode=BYTE incr=1
[  419.847218][ T2017] mmc mmc1:0001: AR6K-MAINLINE CMD53 arg=0x941f9834 WR addr=0xfcc blocks=0 blksz=52 mode=BYTE incr=1
[  419.857740][ T2017] mmc mmc1:0001: AR6K-MAINLINE CMD53 arg=0x941f9834 WR addr=0xfcc blocks=0 blksz=52 mode=BYTE incr=1
[  419.868273][ T2017] mmc mmc1:0001: AR6K-MAINLINE CMD53 arg=0x941f9834 WR addr=0xfcc blocks=0 blksz=52 mode=BYTE incr=1
[  419.879081][ T2017] mmc mmc1:0001: AR6K-MAINLINE CMD53 arg=0x941f9834 WR addr=0xfcc blocks=0 blksz=52 mode=BYTE incr=1
[  419.889604][ T2017] mmc mmc1:0001: AR6K-MAINLINE CMD53 arg=0x941f9834 WR addr=0xfcc blocks=0 blksz=52 mode=BYTE incr=1
[  419.900533][ T2017] mmc mmc1:0001: AR6K-MAINLINE CMD53 arg=0x941f9834 WR addr=0xfcc blocks=0 blksz=52 mode=BYTE incr=1
[  419.910964][ T2017] mmc mmc1:0001: AR6K-MAINLINE CMD53 arg=0x941f9834 WR addr=0xfcc blocks=0 blksz=52 mode=BYTE incr=1
[  419.921789][ T2017] mmc mmc1:0001: AR6K-MAINLINE CMD53 arg=0x941f9834 WR addr=0xfcc blocks=0 blksz=52 mode=BYTE incr=1
[  419.932326][ T2017] mmc mmc1:0001: AR6K-MAINLINE CMD53 arg=0x941f9834 WR addr=0xfcc blocks=0 blksz=52 mode=BYTE incr=1
[  419.943109][ T2017] mmc mmc1:0001: AR6K-MAINLINE CMD53 arg=0x941f9834 WR addr=0xfcc blocks=0 blksz=52 mode=BYTE incr=1
[  419.953795][ T2017] mmc mmc1:0001: AR6K-MAINLINE CMD53 arg=0x941f9834 WR addr=0xfcc blocks=0 blksz=52 mode=BYTE incr=1
[  419.964499][ T2017] mmc mmc1:0001: AR6K-MAINLINE CMD53 arg=0x941f9834 WR addr=0xfcc blocks=0 blksz=52 mode=BYTE incr=1
[  419.975049][ T2017] mmc mmc1:0001: AR6K-MAINLINE CMD53 arg=0x941f9834 WR addr=0xfcc blocks=0 blksz=52 mode=BYTE incr=1
[  419.985858][ T2017] mmc mmc1:0001: AR6K-MAINLINE CMD53 arg=0x941f9834 WR addr=0xfcc blocks=0 blksz=52 mode=BYTE incr=1
[  419.996360][ T2017] mmc mmc1:0001: AR6K-MAINLINE CMD53 arg=0x941f9834 WR addr=0xfcc blocks=0 blksz=52 mode=BYTE incr=1
[  420.007299][ T2017] mmc mmc1:0001: AR6K-MAINLINE CMD53 arg=0x941f9834 WR addr=0xfcc blocks=0 blksz=52 mode=BYTE incr=1
[  420.017752][ T2017] mmc mmc1:0001: AR6K-MAINLINE CMD53 arg=0x941f9834 WR addr=0xfcc blocks=0 blksz=52 mode=BYTE incr=1
[  420.028587][ T2017] mmc mmc1:0001: AR6K-MAINLINE CMD53 arg=0x941f9834 WR addr=0xfcc blocks=0 blksz=52 mode=BYTE incr=1
[  420.039275][ T2017] mmc mmc1:0001: AR6K-MAINLINE CMD53 arg=0x941f9834 WR addr=0xfcc blocks=0 blksz=52 mode=BYTE incr=1
[  420.050018][ T2017] mmc mmc1:0001: AR6K-MAINLINE CMD53 arg=0x941f9834 WR addr=0xfcc blocks=0 blksz=52 mode=BYTE incr=1
[  420.060536][ T2017] mmc mmc1:0001: AR6K-MAINLINE CMD53 arg=0x941f9834 WR addr=0xfcc blocks=0 blksz=52 mode=BYTE incr=1
[  420.071243][ T2017] mmc mmc1:0001: AR6K-MAINLINE CMD53 arg=0x941f9834 WR addr=0xfcc blocks=0 blksz=52 mode=BYTE incr=1
[  420.081875][ T2017] mmc mmc1:0001: AR6K-MAINLINE CMD53 arg=0x941f9834 WR addr=0xfcc blocks=0 blksz=52 mode=BYTE incr=1
[  420.092552][ T2017] mmc mmc1:0001: AR6K-MAINLINE CMD53 arg=0x941f9834 WR addr=0xfcc blocks=0 blksz=52 mode=BYTE incr=1
[  420.103303][ T2017] mmc mmc1:0001: AR6K-MAINLINE CMD53 arg=0x941f9834 WR addr=0xfcc blocks=0 blksz=52 mode=BYTE incr=1
[  420.113925][ T2017] mmc mmc1:0001: AR6K-MAINLINE CMD53 arg=0x941f9834 WR addr=0xfcc blocks=0 blksz=52 mode=BYTE incr=1
[  420.124542][ T2017] mmc mmc1:0001: AR6K-MAINLINE CMD53 arg=0x941f9834 WR addr=0xfcc blocks=0 blksz=52 mode=BYTE incr=1
[  420.135289][ T2017] mmc mmc1:0001: AR6K-MAINLINE CMD53 arg=0x941f9834 WR addr=0xfcc blocks=0 blksz=52 mode=BYTE incr=1
[  420.145862][ T2017] mmc mmc1:0001: AR6K-MAINLINE CMD53 arg=0x941f9834 WR addr=0xfcc blocks=0 blksz=52 mode=BYTE incr=1
[  420.156779][ T2017] mmc mmc1:0001: AR6K-MAINLINE CMD53 arg=0x941f9834 WR addr=0xfcc blocks=0 blksz=52 mode=BYTE incr=1
[  420.167231][ T2017] mmc mmc1:0001: AR6K-MAINLINE CMD53 arg=0x941f9834 WR addr=0xfcc blocks=0 blksz=52 mode=BYTE incr=1
[  420.178011][ T2017] mmc mmc1:0001: AR6K-MAINLINE CMD53 arg=0x941f9834 WR addr=0xfcc blocks=0 blksz=52 mode=BYTE incr=1
[  420.188622][ T2017] mmc mmc1:0001: AR6K-MAINLINE CMD53 arg=0x941f9834 WR addr=0xfcc blocks=0 blksz=52 mode=BYTE incr=1
[  420.199423][ T2017] mmc mmc1:0001: AR6K-MAINLINE CMD53 arg=0x941f9834 WR addr=0xfcc blocks=0 blksz=52 mode=BYTE incr=1
[  420.210109][ T2017] mmc mmc1:0001: AR6K-MAINLINE CMD53 arg=0x941f9834 WR addr=0xfcc blocks=0 blksz=52 mode=BYTE incr=1
[  420.220598][ T2017] mmc mmc1:0001: AR6K-MAINLINE CMD53 arg=0x941f9834 WR addr=0xfcc blocks=0 blksz=52 mode=BYTE incr=1
[  420.231395][ T2017] mmc mmc1:0001: AR6K-MAINLINE CMD53 arg=0x941f9834 WR addr=0xfcc blocks=0 blksz=52 mode=BYTE incr=1
[  420.241974][ T2017] mmc mmc1:0001: AR6K-MAINLINE CMD53 arg=0x941f9834 WR addr=0xfcc blocks=0 blksz=52 mode=BYTE incr=1
[  420.252724][ T2017] mmc mmc1:0001: AR6K-MAINLINE CMD53 arg=0x941f9834 WR addr=0xfcc blocks=0 blksz=52 mode=BYTE incr=1
[  420.263434][ T2017] mmc mmc1:0001: AR6K-MAINLINE CMD53 arg=0x941f9834 WR addr=0xfcc blocks=0 blksz=52 mode=BYTE incr=1
[  420.274186][ T2017] mmc mmc1:0001: AR6K-MAINLINE CMD53 arg=0x941f9834 WR addr=0xfcc blocks=0 blksz=52 mode=BYTE incr=1
[  420.284702][ T2017] mmc mmc1:0001: AR6K-MAINLINE CMD53 arg=0x941f9834 WR addr=0xfcc blocks=0 blksz=52 mode=BYTE incr=1
[  420.295460][ T2017] mmc mmc1:0001: AR6K-MAINLINE CMD53 arg=0x941f9834 WR addr=0xfcc blocks=0 blksz=52 mode=BYTE incr=1
[  420.305999][ T2017] mmc mmc1:0001: AR6K-MAINLINE CMD53 arg=0x941f9834 WR addr=0xfcc blocks=0 blksz=52 mode=BYTE incr=1
[  420.316922][ T2017] mmc mmc1:0001: AR6K-MAINLINE CMD53 arg=0x941f9834 WR addr=0xfcc blocks=0 blksz=52 mode=BYTE incr=1
[  420.327429][ T2017] mmc mmc1:0001: AR6K-MAINLINE CMD53 arg=0x941f9834 WR addr=0xfcc blocks=0 blksz=52 mode=BYTE incr=1
[  420.338168][ T2017] mmc mmc1:0001: AR6K-MAINLINE CMD53 arg=0x941f9834 WR addr=0xfcc blocks=0 blksz=52 mode=BYTE incr=1
[  420.348748][ T2017] mmc mmc1:0001: AR6K-MAINLINE CMD53 arg=0x941f9834 WR addr=0xfcc blocks=0 blksz=52 mode=BYTE incr=1
[  420.359724][ T2017] mmc mmc1:0001: AR6K-MAINLINE CMD53 arg=0x941f9834 WR addr=0xfcc blocks=0 blksz=52 mode=BYTE incr=1
[  420.370089][ T2017] mmc mmc1:0001: AR6K-MAINLINE CMD53 arg=0x941f9834 WR addr=0xfcc blocks=0 blksz=52 mode=BYTE incr=1
[  420.380741][ T2017] mmc mmc1:0001: AR6K-MAINLINE CMD53 arg=0x941f9834 WR addr=0xfcc blocks=0 blksz=52 mode=BYTE incr=1
[  420.391531][ T2017] mmc mmc1:0001: AR6K-MAINLINE CMD53 arg=0x941f9834 WR addr=0xfcc blocks=0 blksz=52 mode=BYTE incr=1
[  420.402130][ T2017] mmc mmc1:0001: AR6K-MAINLINE CMD53 arg=0x941f9834 WR addr=0xfcc blocks=0 blksz=52 mode=BYTE incr=1
[  420.412942][ T2017] mmc mmc1:0001: AR6K-MAINLINE CMD53 arg=0x941f9834 WR addr=0xfcc blocks=0 blksz=52 mode=BYTE incr=1
[  420.423522][ T2017] mmc mmc1:0001: AR6K-MAINLINE CMD53 arg=0x941f9834 WR addr=0xfcc blocks=0 blksz=52 mode=BYTE incr=1
[  420.434248][ T2017] mmc mmc1:0001: AR6K-MAINLINE CMD53 arg=0x941f9834 WR addr=0xfcc blocks=0 blksz=52 mode=BYTE incr=1
[  420.444857][ T2017] mmc mmc1:0001: AR6K-MAINLINE CMD53 arg=0x941f9834 WR addr=0xfcc blocks=0 blksz=52 mode=BYTE incr=1
[  420.455599][ T2017] mmc mmc1:0001: AR6K-MAINLINE CMD53 arg=0x941f9834 WR addr=0xfcc blocks=0 blksz=52 mode=BYTE incr=1
[  420.466271][ T2017] mmc mmc1:0001: AR6K-MAINLINE CMD53 arg=0x941f9834 WR addr=0xfcc blocks=0 blksz=52 mode=BYTE incr=1
[  420.476971][ T2017] mmc mmc1:0001: AR6K-MAINLINE CMD53 arg=0x941f9834 WR addr=0xfcc blocks=0 blksz=52 mode=BYTE incr=1
[  420.487551][ T2017] mmc mmc1:0001: AR6K-MAINLINE CMD53 arg=0x941f9834 WR addr=0xfcc blocks=0 blksz=52 mode=BYTE incr=1
[  420.498299][ T2017] mmc mmc1:0001: AR6K-MAINLINE CMD53 arg=0x941f9834 WR addr=0xfcc blocks=0 blksz=52 mode=BYTE incr=1
[  420.508933][ T2017] mmc mmc1:0001: AR6K-MAINLINE CMD53 arg=0x941f9834 WR addr=0xfcc blocks=0 blksz=52 mode=BYTE incr=1
[  420.519853][ T2017] mmc mmc1:0001: AR6K-MAINLINE CMD53 arg=0x941f9834 WR addr=0xfcc blocks=0 blksz=52 mode=BYTE incr=1
[  420.530272][ T2017] mmc mmc1:0001: AR6K-MAINLINE CMD53 arg=0x941f9834 WR addr=0xfcc blocks=0 blksz=52 mode=BYTE incr=1
[  420.541033][ T2017] mmc mmc1:0001: AR6K-MAINLINE CMD53 arg=0x941f9834 WR addr=0xfcc blocks=0 blksz=52 mode=BYTE incr=1
[  420.551602][ T2017] mmc mmc1:0001: AR6K-MAINLINE CMD53 arg=0x941f9834 WR addr=0xfcc blocks=0 blksz=52 mode=BYTE incr=1
[  420.562382][ T2017] mmc mmc1:0001: AR6K-MAINLINE CMD53 arg=0x941f9834 WR addr=0xfcc blocks=0 blksz=52 mode=BYTE incr=1
[  420.573039][ T2017] mmc mmc1:0001: AR6K-MAINLINE CMD53 arg=0x941f9834 WR addr=0xfcc blocks=0 blksz=52 mode=BYTE incr=1
[  420.583727][ T2017] mmc mmc1:0001: AR6K-MAINLINE CMD53 arg=0x941f9834 WR addr=0xfcc blocks=0 blksz=52 mode=BYTE incr=1
[  420.594345][ T2017] mmc mmc1:0001: AR6K-MAINLINE CMD53 arg=0x941f9834 WR addr=0xfcc blocks=0 blksz=52 mode=BYTE incr=1
[  420.605063][ T2017] mmc mmc1:0001: AR6K-MAINLINE CMD53 arg=0x941f9834 WR addr=0xfcc blocks=0 blksz=52 mode=BYTE incr=1
[  420.615698][ T2017] mmc mmc1:0001: AR6K-MAINLINE CMD53 arg=0x941f9834 WR addr=0xfcc blocks=0 blksz=52 mode=BYTE incr=1
[  420.626547][ T2017] mmc mmc1:0001: AR6K-MAINLINE CMD53 arg=0x941f9834 WR addr=0xfcc blocks=0 blksz=52 mode=BYTE incr=1
[  420.637015][ T2017] mmc mmc1:0001: AR6K-MAINLINE CMD53 arg=0x941f9834 WR addr=0xfcc blocks=0 blksz=52 mode=BYTE incr=1
[  420.647791][ T2017] mmc mmc1:0001: AR6K-MAINLINE CMD53 arg=0x941f9834 WR addr=0xfcc blocks=0 blksz=52 mode=BYTE incr=1
[  420.658387][ T2017] mmc mmc1:0001: AR6K-MAINLINE CMD53 arg=0x941f9834 WR addr=0xfcc blocks=0 blksz=52 mode=BYTE incr=1
[  420.669167][ T2017] mmc mmc1:0001: AR6K-MAINLINE CMD53 arg=0x941f9834 WR addr=0xfcc blocks=0 blksz=52 mode=BYTE incr=1
[  420.679843][ T2017] mmc mmc1:0001: AR6K-MAINLINE CMD53 arg=0x941f9834 WR addr=0xfcc blocks=0 blksz=52 mode=BYTE incr=1
[  420.690502][ T2017] mmc mmc1:0001: AR6K-MAINLINE CMD53 arg=0x941f9834 WR addr=0xfcc blocks=0 blksz=52 mode=BYTE incr=1
[  420.701073][ T2017] mmc mmc1:0001: AR6K-MAINLINE CMD53 arg=0x941f9834 WR addr=0xfcc blocks=0 blksz=52 mode=BYTE incr=1
[  420.711841][ T2017] mmc mmc1:0001: AR6K-MAINLINE CMD53 arg=0x941f9834 WR addr=0xfcc blocks=0 blksz=52 mode=BYTE incr=1
[  420.722439][ T2017] mmc mmc1:0001: AR6K-MAINLINE CMD53 arg=0x941f9834 WR addr=0xfcc blocks=0 blksz=52 mode=BYTE incr=1
[  420.733267][ T2017] mmc mmc1:0001: AR6K-MAINLINE CMD53 arg=0x941f9834 WR addr=0xfcc blocks=0 blksz=52 mode=BYTE incr=1
[  420.743838][ T2017] mmc mmc1:0001: AR6K-MAINLINE CMD53 arg=0x941f9834 WR addr=0xfcc blocks=0 blksz=52 mode=BYTE incr=1
[  420.754557][ T2017] mmc mmc1:0001: AR6K-MAINLINE CMD53 arg=0x941f9834 WR addr=0xfcc blocks=0 blksz=52 mode=BYTE incr=1
[  420.765250][ T2017] mmc mmc1:0001: AR6K-MAINLINE CMD53 arg=0x941f9834 WR addr=0xfcc blocks=0 blksz=52 mode=BYTE incr=1
[  420.775919][ T2017] mmc mmc1:0001: AR6K-MAINLINE CMD53 arg=0x941f9834 WR addr=0xfcc blocks=0 blksz=52 mode=BYTE incr=1
[  420.786636][ T2017] mmc mmc1:0001: AR6K-MAINLINE CMD53 arg=0x941f9834 WR addr=0xfcc blocks=0 blksz=52 mode=BYTE incr=1
[  420.797284][ T2017] mmc mmc1:0001: AR6K-MAINLINE CMD53 arg=0x941f9834 WR addr=0xfcc blocks=0 blksz=52 mode=BYTE incr=1
[  420.807889][ T2017] mmc mmc1:0001: AR6K-MAINLINE CMD53 arg=0x941f9834 WR addr=0xfcc blocks=0 blksz=52 mode=BYTE incr=1
[  420.818637][ T2017] mmc mmc1:0001: AR6K-MAINLINE CMD53 arg=0x941f9834 WR addr=0xfcc blocks=0 blksz=52 mode=BYTE incr=1
[  420.829251][ T2017] mmc mmc1:0001: AR6K-MAINLINE CMD53 arg=0x941f9834 WR addr=0xfcc blocks=0 blksz=52 mode=BYTE incr=1
[  420.840074][ T2017] mmc mmc1:0001: AR6K-MAINLINE CMD53 arg=0x941f9834 WR addr=0xfcc blocks=0 blksz=52 mode=BYTE incr=1
[  420.850740][ T2017] mmc mmc1:0001: AR6K-MAINLINE CMD53 arg=0x941f9834 WR addr=0xfcc blocks=0 blksz=52 mode=BYTE incr=1
[  420.861320][ T2017] mmc mmc1:0001: AR6K-MAINLINE CMD53 arg=0x941f9834 WR addr=0xfcc blocks=0 blksz=52 mode=BYTE incr=1
[  420.871939][ T2017] mmc mmc1:0001: AR6K-MAINLINE CMD53 arg=0x941f9834 WR addr=0xfcc blocks=0 blksz=52 mode=BYTE incr=1
[  420.882694][ T2017] mmc mmc1:0001: AR6K-MAINLINE CMD53 arg=0x941f9834 WR addr=0xfcc blocks=0 blksz=52 mode=BYTE incr=1
[  420.893383][ T2017] mmc mmc1:0001: AR6K-MAINLINE CMD53 arg=0x941f9834 WR addr=0xfcc blocks=0 blksz=52 mode=BYTE incr=1
[  420.904035][ T2017] mmc mmc1:0001: AR6K-MAINLINE CMD53 arg=0x941f9834 WR addr=0xfcc blocks=0 blksz=52 mode=BYTE incr=1
[  420.914638][ T2017] mmc mmc1:0001: AR6K-MAINLINE CMD53 arg=0x941f9834 WR addr=0xfcc blocks=0 blksz=52 mode=BYTE incr=1
[  420.925384][ T2017] mmc mmc1:0001: AR6K-MAINLINE CMD53 arg=0x941f9834 WR addr=0xfcc blocks=0 blksz=52 mode=BYTE incr=1
[  420.936010][ T2017] mmc mmc1:0001: AR6K-MAINLINE CMD53 arg=0x941f9834 WR addr=0xfcc blocks=0 blksz=52 mode=BYTE incr=1
[  420.946833][ T2017] mmc mmc1:0001: AR6K-MAINLINE CMD53 arg=0x941f9834 WR addr=0xfcc blocks=0 blksz=52 mode=BYTE incr=1
[  420.957339][ T2017] mmc mmc1:0001: AR6K-MAINLINE CMD53 arg=0x941f9834 WR addr=0xfcc blocks=0 blksz=52 mode=BYTE incr=1
[  420.968118][ T2017] mmc mmc1:0001: AR6K-MAINLINE CMD53 arg=0x941f9834 WR addr=0xfcc blocks=0 blksz=52 mode=BYTE incr=1
[  420.978688][ T2017] mmc mmc1:0001: AR6K-MAINLINE CMD53 arg=0x941f9834 WR addr=0xfcc blocks=0 blksz=52 mode=BYTE incr=1
[  420.989613][ T2017] mmc mmc1:0001: AR6K-MAINLINE CMD53 arg=0x941f9834 WR addr=0xfcc blocks=0 blksz=52 mode=BYTE incr=1
[  421.000024][ T2017] mmc mmc1:0001: AR6K-MAINLINE CMD53 arg=0x941f9834 WR addr=0xfcc blocks=0 blksz=52 mode=BYTE incr=1
[  421.010732][ T2017] mmc mmc1:0001: AR6K-MAINLINE CMD53 arg=0x941f9834 WR addr=0xfcc blocks=0 blksz=52 mode=BYTE incr=1
[  421.021509][ T2017] mmc mmc1:0001: AR6K-MAINLINE CMD53 arg=0x941f9834 WR addr=0xfcc blocks=0 blksz=52 mode=BYTE incr=1
[  421.032029][ T2017] mmc mmc1:0001: AR6K-MAINLINE CMD53 arg=0x941f9834 WR addr=0xfcc blocks=0 blksz=52 mode=BYTE incr=1
[  421.042932][ T2017] mmc mmc1:0001: AR6K-MAINLINE CMD53 arg=0x941f9834 WR addr=0xfcc blocks=0 blksz=52 mode=BYTE incr=1
[  421.053396][ T2017] mmc mmc1:0001: AR6K-MAINLINE CMD53 arg=0x941f9834 WR addr=0xfcc blocks=0 blksz=52 mode=BYTE incr=1
[  421.064190][ T2017] mmc mmc1:0001: AR6K-MAINLINE CMD53 arg=0x941f9834 WR addr=0xfcc blocks=0 blksz=52 mode=BYTE incr=1
[  421.074779][ T2017] mmc mmc1:0001: AR6K-MAINLINE CMD53 arg=0x941f9834 WR addr=0xfcc blocks=0 blksz=52 mode=BYTE incr=1
[  421.085562][ T2017] mmc mmc1:0001: AR6K-MAINLINE CMD53 arg=0x941f9834 WR addr=0xfcc blocks=0 blksz=52 mode=BYTE incr=1
[  421.096266][ T2017] mmc mmc1:0001: AR6K-MAINLINE CMD53 arg=0x941f9834 WR addr=0xfcc blocks=0 blksz=52 mode=BYTE incr=1
[  421.106937][ T2017] mmc mmc1:0001: AR6K-MAINLINE CMD53 arg=0x941f9834 WR addr=0xfcc blocks=0 blksz=52 mode=BYTE incr=1
[  421.117476][ T2017] mmc mmc1:0001: AR6K-MAINLINE CMD53 arg=0x941f9834 WR addr=0xfcc blocks=0 blksz=52 mode=BYTE incr=1
[  421.128287][ T2017] mmc mmc1:0001: AR6K-MAINLINE CMD53 arg=0x941f9834 WR addr=0xfcc blocks=0 blksz=52 mode=BYTE incr=1
[  421.138833][ T2017] mmc mmc1:0001: AR6K-MAINLINE CMD53 arg=0x941f9834 WR addr=0xfcc blocks=0 blksz=52 mode=BYTE incr=1
[  421.149724][ T2017] mmc mmc1:0001: AR6K-MAINLINE CMD53 arg=0x941f9834 WR addr=0xfcc blocks=0 blksz=52 mode=BYTE incr=1
[  421.160209][ T2017] mmc mmc1:0001: AR6K-MAINLINE CMD53 arg=0x941f9834 WR addr=0xfcc blocks=0 blksz=52 mode=BYTE incr=1
[  421.171004][ T2017] mmc mmc1:0001: AR6K-MAINLINE CMD53 arg=0x941f9834 WR addr=0xfcc blocks=0 blksz=52 mode=BYTE incr=1
[  421.181537][ T2017] mmc mmc1:0001: AR6K-MAINLINE CMD53 arg=0x941f9834 WR addr=0xfcc blocks=0 blksz=52 mode=BYTE incr=1
[  421.192473][ T2017] mmc mmc1:0001: AR6K-MAINLINE CMD53 arg=0x941f9834 WR addr=0xfcc blocks=0 blksz=52 mode=BYTE incr=1
[  421.202900][ T2017] mmc mmc1:0001: AR6K-MAINLINE CMD53 arg=0x941f9834 WR addr=0xfcc blocks=0 blksz=52 mode=BYTE incr=1
[  421.213666][ T2017] mmc mmc1:0001: AR6K-MAINLINE CMD53 arg=0x941f9834 WR addr=0xfcc blocks=0 blksz=52 mode=BYTE incr=1
[  421.224248][ T2017] mmc mmc1:0001: AR6K-MAINLINE CMD53 arg=0x941f9834 WR addr=0xfcc blocks=0 blksz=52 mode=BYTE incr=1
[  421.235223][ T2017] mmc mmc1:0001: AR6K-MAINLINE CMD53 arg=0x941f9834 WR addr=0xfcc blocks=0 blksz=52 mode=BYTE incr=1
[  421.245728][ T2017] mmc mmc1:0001: AR6K-MAINLINE CMD53 arg=0x941f9834 WR addr=0xfcc blocks=0 blksz=52 mode=BYTE incr=1
[  421.256401][ T2017] mmc mmc1:0001: AR6K-MAINLINE CMD53 arg=0x941f9834 WR addr=0xfcc blocks=0 blksz=52 mode=BYTE incr=1
[  421.266948][ T2017] mmc mmc1:0001: AR6K-MAINLINE CMD53 arg=0x941f9834 WR addr=0xfcc blocks=0 blksz=52 mode=BYTE incr=1
[  421.277791][ T2017] mmc mmc1:0001: AR6K-MAINLINE CMD53 arg=0x941f9834 WR addr=0xfcc blocks=0 blksz=52 mode=BYTE incr=1
[  421.288285][ T2017] mmc mmc1:0001: AR6K-MAINLINE CMD53 arg=0x941f9834 WR addr=0xfcc blocks=0 blksz=52 mode=BYTE incr=1
[  421.299273][ T2017] mmc mmc1:0001: AR6K-MAINLINE CMD53 arg=0x941f9834 WR addr=0xfcc blocks=0 blksz=52 mode=BYTE incr=1
[  421.309712][ T2017] mmc mmc1:0001: AR6K-MAINLINE CMD53 arg=0x941f9834 WR addr=0xfcc blocks=0 blksz=52 mode=BYTE incr=1
[  421.320505][ T2017] mmc mmc1:0001: AR6K-MAINLINE CMD53 arg=0x941f9834 WR addr=0xfcc blocks=0 blksz=52 mode=BYTE incr=1
[  421.331026][ T2017] mmc mmc1:0001: AR6K-MAINLINE CMD53 arg=0x941f9834 WR addr=0xfcc blocks=0 blksz=52 mode=BYTE incr=1
[  421.341858][ T2017] mmc mmc1:0001: AR6K-MAINLINE CMD53 arg=0x941f9834 WR addr=0xfcc blocks=0 blksz=52 mode=BYTE incr=1
[  421.352362][ T2017] mmc mmc1:0001: AR6K-MAINLINE CMD53 arg=0x941f9834 WR addr=0xfcc blocks=0 blksz=52 mode=BYTE incr=1
[  421.363183][ T2017] mmc mmc1:0001: AR6K-MAINLINE CMD53 arg=0x941f9834 WR addr=0xfcc blocks=0 blksz=52 mode=BYTE incr=1
[  421.373717][ T2017] mmc mmc1:0001: AR6K-MAINLINE CMD53 arg=0x941f9834 WR addr=0xfcc blocks=0 blksz=52 mode=BYTE incr=1
[  421.384543][ T2017] mmc mmc1:0001: AR6K-MAINLINE CMD53 arg=0x941f9834 WR addr=0xfcc blocks=0 blksz=52 mode=BYTE incr=1
[  421.395177][ T2017] mmc mmc1:0001: AR6K-MAINLINE CMD53 arg=0x941f9834 WR addr=0xfcc blocks=0 blksz=52 mode=BYTE incr=1
[  421.405872][ T2017] mmc mmc1:0001: AR6K-MAINLINE CMD53 arg=0x941f9834 WR addr=0xfcc blocks=0 blksz=52 mode=BYTE incr=1
[  421.416452][ T2017] mmc mmc1:0001: AR6K-MAINLINE CMD53 arg=0x941f9834 WR addr=0xfcc blocks=0 blksz=52 mode=BYTE incr=1
[  421.427209][ T2017] mmc mmc1:0001: AR6K-MAINLINE CMD53 arg=0x941f9834 WR addr=0xfcc blocks=0 blksz=52 mode=BYTE incr=1
[  421.437779][ T2017] mmc mmc1:0001: AR6K-MAINLINE CMD53 arg=0x941f9834 WR addr=0xfcc blocks=0 blksz=52 mode=BYTE incr=1
[  421.448755][ T2017] mmc mmc1:0001: AR6K-MAINLINE CMD53 arg=0x941f9834 WR addr=0xfcc blocks=0 blksz=52 mode=BYTE incr=1
[  421.459154][ T2017] mmc mmc1:0001: AR6K-MAINLINE CMD53 arg=0x941f9834 WR addr=0xfcc blocks=0 blksz=52 mode=BYTE incr=1
[  421.469961][ T2017] mmc mmc1:0001: AR6K-MAINLINE CMD53 arg=0x941f9834 WR addr=0xfcc blocks=0 blksz=52 mode=BYTE incr=1
[  421.480510][ T2017] mmc mmc1:0001: AR6K-MAINLINE CMD53 arg=0x941f9834 WR addr=0xfcc blocks=0 blksz=52 mode=BYTE incr=1
[  421.491389][ T2017] mmc mmc1:0001: AR6K-MAINLINE CMD53 arg=0x941f9834 WR addr=0xfcc blocks=0 blksz=52 mode=BYTE incr=1
[  421.501882][ T2017] mmc mmc1:0001: AR6K-MAINLINE CMD53 arg=0x941f9834 WR addr=0xfcc blocks=0 blksz=52 mode=BYTE incr=1
[  421.512641][ T2017] mmc mmc1:0001: AR6K-MAINLINE CMD53 arg=0x941f9834 WR addr=0xfcc blocks=0 blksz=52 mode=BYTE incr=1
[  421.523238][ T2017] mmc mmc1:0001: AR6K-MAINLINE CMD53 arg=0x941f9834 WR addr=0xfcc blocks=0 blksz=52 mode=BYTE incr=1
[  421.533965][ T2017] mmc mmc1:0001: AR6K-MAINLINE CMD53 arg=0x941f9834 WR addr=0xfcc blocks=0 blksz=52 mode=BYTE incr=1
[  421.544778][ T2017] mmc mmc1:0001: AR6K-MAINLINE CMD53 arg=0x941f9834 WR addr=0xfcc blocks=0 blksz=52 mode=BYTE incr=1
[  421.555284][ T2017] mmc mmc1:0001: AR6K-MAINLINE CMD53 arg=0x941f9834 WR addr=0xfcc blocks=0 blksz=52 mode=BYTE incr=1
[  421.566022][ T2017] mmc mmc1:0001: AR6K-MAINLINE CMD53 arg=0x941f9834 WR addr=0xfcc blocks=0 blksz=52 mode=BYTE incr=1
[  421.576627][ T2017] mmc mmc1:0001: AR6K-MAINLINE CMD53 arg=0x941f9834 WR addr=0xfcc blocks=0 blksz=52 mode=BYTE incr=1
[  421.587370][ T2017] mmc mmc1:0001: AR6K-MAINLINE CMD53 arg=0x941f9834 WR addr=0xfcc blocks=0 blksz=52 mode=BYTE incr=1
[  421.598056][ T2017] mmc mmc1:0001: AR6K-MAINLINE CMD53 arg=0x941f9834 WR addr=0xfcc blocks=0 blksz=52 mode=BYTE incr=1
[  421.608711][ T2017] mmc mmc1:0001: AR6K-MAINLINE CMD53 arg=0x941f9834 WR addr=0xfcc blocks=0 blksz=52 mode=BYTE incr=1
[  421.619284][ T2017] mmc mmc1:0001: AR6K-MAINLINE CMD53 arg=0x941f9834 WR addr=0xfcc blocks=0 blksz=52 mode=BYTE incr=1
[  421.630091][ T2017] mmc mmc1:0001: AR6K-MAINLINE CMD53 arg=0x941f9834 WR addr=0xfcc blocks=0 blksz=52 mode=BYTE incr=1
[  421.640789][ T2017] mmc mmc1:0001: AR6K-MAINLINE CMD53 arg=0x941f9834 WR addr=0xfcc blocks=0 blksz=52 mode=BYTE incr=1
[  421.651434][ T2017] mmc mmc1:0001: AR6K-MAINLINE CMD53 arg=0x941f9834 WR addr=0xfcc blocks=0 blksz=52 mode=BYTE incr=1
[  421.662032][ T2017] mmc mmc1:0001: AR6K-MAINLINE CMD53 arg=0x941f9834 WR addr=0xfcc blocks=0 blksz=52 mode=BYTE incr=1
[  421.672796][ T2017] mmc mmc1:0001: AR6K-MAINLINE CMD53 arg=0x941f9834 WR addr=0xfcc blocks=0 blksz=52 mode=BYTE incr=1
[  421.683407][ T2017] mmc mmc1:0001: AR6K-MAINLINE CMD53 arg=0x941f9834 WR addr=0xfcc blocks=0 blksz=52 mode=BYTE incr=1
[  421.694281][ T2017] mmc mmc1:0001: AR6K-MAINLINE CMD53 arg=0x941f9834 WR addr=0xfcc blocks=0 blksz=52 mode=BYTE incr=1
[  421.704716][ T2017] mmc mmc1:0001: AR6K-MAINLINE CMD53 arg=0x941f9834 WR addr=0xfcc blocks=0 blksz=52 mode=BYTE incr=1
[  421.715456][ T2017] mmc mmc1:0001: AR6K-MAINLINE CMD53 arg=0x941f9834 WR addr=0xfcc blocks=0 blksz=52 mode=BYTE incr=1
[  421.726105][ T2017] mmc mmc1:0001: AR6K-MAINLINE CMD53 arg=0x941f9834 WR addr=0xfcc blocks=0 blksz=52 mode=BYTE incr=1
[  421.736848][ T2017] mmc mmc1:0001: AR6K-MAINLINE CMD53 arg=0x941f9834 WR addr=0xfcc blocks=0 blksz=52 mode=BYTE incr=1
[  421.747500][ T2017] mmc mmc1:0001: AR6K-MAINLINE CMD53 arg=0x941f9834 WR addr=0xfcc blocks=0 blksz=52 mode=BYTE incr=1
[  421.758217][ T2017] mmc mmc1:0001: AR6K-MAINLINE CMD53 arg=0x941f9834 WR addr=0xfcc blocks=0 blksz=52 mode=BYTE incr=1
[  421.768915][ T2017] mmc mmc1:0001: AR6K-MAINLINE CMD53 arg=0x941f9834 WR addr=0xfcc blocks=0 blksz=52 mode=BYTE incr=1
[  421.779699][ T2017] mmc mmc1:0001: AR6K-MAINLINE CMD53 arg=0x941f9834 WR addr=0xfcc blocks=0 blksz=52 mode=BYTE incr=1
[  421.790316][ T2017] mmc mmc1:0001: AR6K-MAINLINE CMD53 arg=0x941f9834 WR addr=0xfcc blocks=0 blksz=52 mode=BYTE incr=1
[  421.800931][ T2017] mmc mmc1:0001: AR6K-MAINLINE CMD53 arg=0x941f9834 WR addr=0xfcc blocks=0 blksz=52 mode=BYTE incr=1
[  421.811835][ T2017] mmc mmc1:0001: AR6K-MAINLINE CMD53 arg=0x941f9834 WR addr=0xfcc blocks=0 blksz=52 mode=BYTE incr=1
[  421.822347][ T2017] mmc mmc1:0001: AR6K-MAINLINE CMD53 arg=0x941f9834 WR addr=0xfcc blocks=0 blksz=52 mode=BYTE incr=1
[  421.833056][ T2017] mmc mmc1:0001: AR6K-MAINLINE CMD53 arg=0x941f9834 WR addr=0xfcc blocks=0 blksz=52 mode=BYTE incr=1
[  421.843848][ T2017] mmc mmc1:0001: AR6K-MAINLINE CMD53 arg=0x941f9834 WR addr=0xfcc blocks=0 blksz=52 mode=BYTE incr=1
[  421.854244][ T2017] mmc mmc1:0001: AR6K-MAINLINE CMD53 arg=0x941f9834 WR addr=0xfcc blocks=0 blksz=52 mode=BYTE incr=1
[  421.865051][ T2017] mmc mmc1:0001: AR6K-MAINLINE CMD53 arg=0x941f9834 WR addr=0xfcc blocks=0 blksz=52 mode=BYTE incr=1
[  421.875560][ T2017] mmc mmc1:0001: AR6K-MAINLINE CMD53 arg=0x941f9834 WR addr=0xfcc blocks=0 blksz=52 mode=BYTE incr=1
[  421.886397][ T2017] mmc mmc1:0001: AR6K-MAINLINE CMD53 arg=0x941f9834 WR addr=0xfcc blocks=0 blksz=52 mode=BYTE incr=1
[  421.897043][ T2017] mmc mmc1:0001: AR6K-MAINLINE CMD53 arg=0x941f9834 WR addr=0xfcc blocks=0 blksz=52 mode=BYTE incr=1
[  421.907769][ T2017] mmc mmc1:0001: AR6K-MAINLINE CMD53 arg=0x941f9834 WR addr=0xfcc blocks=0 blksz=52 mode=BYTE incr=1
[  421.918278][ T2017] mmc mmc1:0001: AR6K-MAINLINE CMD53 arg=0x941f9834 WR addr=0xfcc blocks=0 blksz=52 mode=BYTE incr=1
[  421.929080][ T2017] mmc mmc1:0001: AR6K-MAINLINE CMD53 arg=0x941f9834 WR addr=0xfcc blocks=0 blksz=52 mode=BYTE incr=1
[  421.939696][ T2017] mmc mmc1:0001: AR6K-MAINLINE CMD53 arg=0x941f9834 WR addr=0xfcc blocks=0 blksz=52 mode=BYTE incr=1
[  421.950447][ T2017] mmc mmc1:0001: AR6K-MAINLINE CMD53 arg=0x941f9834 WR addr=0xfcc blocks=0 blksz=52 mode=BYTE incr=1
[  421.960972][ T2017] mmc mmc1:0001: AR6K-MAINLINE CMD53 arg=0x941f9834 WR addr=0xfcc blocks=0 blksz=52 mode=BYTE incr=1
[  421.971786][ T2017] mmc mmc1:0001: AR6K-MAINLINE CMD53 arg=0x941f9834 WR addr=0xfcc blocks=0 blksz=52 mode=BYTE incr=1
[  421.982338][ T2017] mmc mmc1:0001: AR6K-MAINLINE CMD53 arg=0x941f9834 WR addr=0xfcc blocks=0 blksz=52 mode=BYTE incr=1
[  421.993242][ T2017] mmc mmc1:0001: AR6K-MAINLINE CMD53 arg=0x941f9834 WR addr=0xfcc blocks=0 blksz=52 mode=BYTE incr=1
[  422.003687][ T2017] mmc mmc1:0001: AR6K-MAINLINE CMD53 arg=0x941f9834 WR addr=0xfcc blocks=0 blksz=52 mode=BYTE incr=1
[  422.014519][ T2017] mmc mmc1:0001: AR6K-MAINLINE CMD53 arg=0x941f9834 WR addr=0xfcc blocks=0 blksz=52 mode=BYTE incr=1
[  422.025028][ T2017] mmc mmc1:0001: AR6K-MAINLINE CMD53 arg=0x941f9834 WR addr=0xfcc blocks=0 blksz=52 mode=BYTE incr=1
[  422.035860][ T2017] mmc mmc1:0001: AR6K-MAINLINE CMD53 arg=0x941f9834 WR addr=0xfcc blocks=0 blksz=52 mode=BYTE incr=1
[  422.046482][ T2017] mmc mmc1:0001: AR6K-MAINLINE CMD53 arg=0x941f9834 WR addr=0xfcc blocks=0 blksz=52 mode=BYTE incr=1
[  422.057214][ T2017] mmc mmc1:0001: AR6K-MAINLINE CMD53 arg=0x941f9834 WR addr=0xfcc blocks=0 blksz=52 mode=BYTE incr=1
[  422.067764][ T2017] mmc mmc1:0001: AR6K-MAINLINE CMD53 arg=0x941f9834 WR addr=0xfcc blocks=0 blksz=52 mode=BYTE incr=1
[  422.078567][ T2017] mmc mmc1:0001: AR6K-MAINLINE CMD53 arg=0x941f9834 WR addr=0xfcc blocks=0 blksz=52 mode=BYTE incr=1
[  422.089057][ T2017] mmc mmc1:0001: AR6K-MAINLINE CMD53 arg=0x941f9834 WR addr=0xfcc blocks=0 blksz=52 mode=BYTE incr=1
[  422.100029][ T2017] mmc mmc1:0001: AR6K-MAINLINE CMD53 arg=0x941f9834 WR addr=0xfcc blocks=0 blksz=52 mode=BYTE incr=1
[  422.110427][ T2017] mmc mmc1:0001: AR6K-MAINLINE CMD53 arg=0x941f9834 WR addr=0xfcc blocks=0 blksz=52 mode=BYTE incr=1
[  422.121275][ T2017] mmc mmc1:0001: AR6K-MAINLINE CMD53 arg=0x941f9834 WR addr=0xfcc blocks=0 blksz=52 mode=BYTE incr=1
[  422.131808][ T2017] mmc mmc1:0001: AR6K-MAINLINE CMD53 arg=0x941f9834 WR addr=0xfcc blocks=0 blksz=52 mode=BYTE incr=1
[  422.142596][ T2017] mmc mmc1:0001: AR6K-MAINLINE CMD53 arg=0x941f9834 WR addr=0xfcc blocks=0 blksz=52 mode=BYTE incr=1
[  422.153292][ T2017] mmc mmc1:0001: AR6K-MAINLINE CMD53 arg=0x941f9834 WR addr=0xfcc blocks=0 blksz=52 mode=BYTE incr=1
[  422.163964][ T2017] mmc mmc1:0001: AR6K-MAINLINE CMD53 arg=0x941f9834 WR addr=0xfcc blocks=0 blksz=52 mode=BYTE incr=1
[  422.174478][ T2017] mmc mmc1:0001: AR6K-MAINLINE CMD53 arg=0x941f9834 WR addr=0xfcc blocks=0 blksz=52 mode=BYTE incr=1
[  422.185351][ T2017] mmc mmc1:0001: AR6K-MAINLINE CMD53 arg=0x941f9834 WR addr=0xfcc blocks=0 blksz=52 mode=BYTE incr=1
[  422.195864][ T2017] mmc mmc1:0001: AR6K-MAINLINE CMD53 arg=0x941f9834 WR addr=0xfcc blocks=0 blksz=52 mode=BYTE incr=1
[  422.206751][ T2017] mmc mmc1:0001: AR6K-MAINLINE CMD53 arg=0x941f9834 WR addr=0xfcc blocks=0 blksz=52 mode=BYTE incr=1
[  422.217237][ T2017] mmc mmc1:0001: AR6K-MAINLINE CMD53 arg=0x941f9834 WR addr=0xfcc blocks=0 blksz=52 mode=BYTE incr=1
[  422.228047][ T2017] mmc mmc1:0001: AR6K-MAINLINE CMD53 arg=0x941f9834 WR addr=0xfcc blocks=0 blksz=52 mode=BYTE incr=1
[  422.238568][ T2017] mmc mmc1:0001: AR6K-MAINLINE CMD53 arg=0x941f9834 WR addr=0xfcc blocks=0 blksz=52 mode=BYTE incr=1
[  422.249558][ T2017] mmc mmc1:0001: AR6K-MAINLINE CMD53 arg=0x941f9834 WR addr=0xfcc blocks=0 blksz=52 mode=BYTE incr=1
[  422.259941][ T2017] mmc mmc1:0001: AR6K-MAINLINE CMD53 arg=0x941f9834 WR addr=0xfcc blocks=0 blksz=52 mode=BYTE incr=1
[  422.270663][ T2017] mmc mmc1:0001: AR6K-MAINLINE CMD53 arg=0x941f9834 WR addr=0xfcc blocks=0 blksz=52 mode=BYTE incr=1
[  422.281367][ T2017] mmc mmc1:0001: AR6K-MAINLINE CMD53 arg=0x941f9834 WR addr=0xfcc blocks=0 blksz=52 mode=BYTE incr=1
[  422.292075][ T2017] mmc mmc1:0001: AR6K-MAINLINE CMD53 arg=0x941f9834 WR addr=0xfcc blocks=0 blksz=52 mode=BYTE incr=1
[  422.302735][ T2017] mmc mmc1:0001: AR6K-MAINLINE CMD53 arg=0x941f9834 WR addr=0xfcc blocks=0 blksz=52 mode=BYTE incr=1
[  422.313451][ T2017] mmc mmc1:0001: AR6K-MAINLINE CMD53 arg=0x941f9834 WR addr=0xfcc blocks=0 blksz=52 mode=BYTE incr=1
[  422.324017][ T2017] mmc mmc1:0001: AR6K-MAINLINE CMD53 arg=0x941f9834 WR addr=0xfcc blocks=0 blksz=52 mode=BYTE incr=1
[  422.334830][ T2017] mmc mmc1:0001: AR6K-MAINLINE CMD53 arg=0x941f9834 WR addr=0xfcc blocks=0 blksz=52 mode=BYTE incr=1
[  422.345351][ T2017] mmc mmc1:0001: AR6K-MAINLINE CMD53 arg=0x941f9834 WR addr=0xfcc blocks=0 blksz=52 mode=BYTE incr=1
[  422.356249][ T2017] mmc mmc1:0001: AR6K-MAINLINE CMD53 arg=0x941f9834 WR addr=0xfcc blocks=0 blksz=52 mode=BYTE incr=1
[  422.366705][ T2017] mmc mmc1:0001: AR6K-MAINLINE CMD53 arg=0x941f9834 WR addr=0xfcc blocks=0 blksz=52 mode=BYTE incr=1
[  422.377536][ T2017] mmc mmc1:0001: AR6K-MAINLINE CMD53 arg=0x941f9834 WR addr=0xfcc blocks=0 blksz=52 mode=BYTE incr=1
[  422.388065][ T2017] mmc mmc1:0001: AR6K-MAINLINE CMD53 arg=0x941f9834 WR addr=0xfcc blocks=0 blksz=52 mode=BYTE incr=1
[  422.398858][ T2017] mmc mmc1:0001: AR6K-MAINLINE CMD53 arg=0x941f9834 WR addr=0xfcc blocks=0 blksz=52 mode=BYTE incr=1
[  422.409600][ T2017] mmc mmc1:0001: AR6K-MAINLINE CMD53 arg=0x941f9834 WR addr=0xfcc blocks=0 blksz=52 mode=BYTE incr=1
[  422.420175][ T2017] mmc mmc1:0001: AR6K-MAINLINE CMD53 arg=0x941f9834 WR addr=0xfcc blocks=0 blksz=52 mode=BYTE incr=1
[  422.430820][ T2017] mmc mmc1:0001: AR6K-MAINLINE CMD53 arg=0x941f9834 WR addr=0xfcc blocks=0 blksz=52 mode=BYTE incr=1
[  422.441564][ T2017] mmc mmc1:0001: AR6K-MAINLINE CMD53 arg=0x941f9834 WR addr=0xfcc blocks=0 blksz=52 mode=BYTE incr=1
[  422.452205][ T2017] mmc mmc1:0001: AR6K-MAINLINE CMD53 arg=0x941f9834 WR addr=0xfcc blocks=0 blksz=52 mode=BYTE incr=1
[  422.462855][ T2017] mmc mmc1:0001: AR6K-MAINLINE CMD53 arg=0x941f9834 WR addr=0xfcc blocks=0 blksz=52 mode=BYTE incr=1
[  422.473500][ T2017] mmc mmc1:0001: AR6K-MAINLINE CMD53 arg=0x941f9834 WR addr=0xfcc blocks=0 blksz=52 mode=BYTE incr=1
[  422.484235][ T2017] mmc mmc1:0001: AR6K-MAINLINE CMD53 arg=0x941f9834 WR addr=0xfcc blocks=0 blksz=52 mode=BYTE incr=1
[  422.494833][ T2017] mmc mmc1:0001: AR6K-MAINLINE CMD53 arg=0x941f9834 WR addr=0xfcc blocks=0 blksz=52 mode=BYTE incr=1
[  422.505733][ T2017] mmc mmc1:0001: AR6K-MAINLINE CMD53 arg=0x941f9834 WR addr=0xfcc blocks=0 blksz=52 mode=BYTE incr=1
[  422.516192][ T2017] mmc mmc1:0001: AR6K-MAINLINE CMD53 arg=0x941f9834 WR addr=0xfcc blocks=0 blksz=52 mode=BYTE incr=1
[  422.526978][ T2017] mmc mmc1:0001: AR6K-MAINLINE CMD53 arg=0x941f9834 WR addr=0xfcc blocks=0 blksz=52 mode=BYTE incr=1
[  422.537634][ T2017] mmc mmc1:0001: AR6K-MAINLINE CMD53 arg=0x941f9834 WR addr=0xfcc blocks=0 blksz=52 mode=BYTE incr=1
[  422.548336][ T2017] mmc mmc1:0001: AR6K-MAINLINE CMD53 arg=0x941f9834 WR addr=0xfcc blocks=0 blksz=52 mode=BYTE incr=1
[  422.558977][ T2017] mmc mmc1:0001: AR6K-MAINLINE CMD53 arg=0x941f9834 WR addr=0xfcc blocks=0 blksz=52 mode=BYTE incr=1
[  422.569708][ T2017] mmc mmc1:0001: AR6K-MAINLINE CMD53 arg=0x941f9834 WR addr=0xfcc blocks=0 blksz=52 mode=BYTE incr=1
[  422.580248][ T2017] mmc mmc1:0001: AR6K-MAINLINE CMD53 arg=0x941f9834 WR addr=0xfcc blocks=0 blksz=52 mode=BYTE incr=1
[  422.591043][ T2017] mmc mmc1:0001: AR6K-MAINLINE CMD53 arg=0x941f9834 WR addr=0xfcc blocks=0 blksz=52 mode=BYTE incr=1
[  422.601718][ T2017] mmc mmc1:0001: AR6K-MAINLINE CMD53 arg=0x941f9834 WR addr=0xfcc blocks=0 blksz=52 mode=BYTE incr=1
[  422.612381][ T2017] mmc mmc1:0001: AR6K-MAINLINE CMD53 arg=0x941f9834 WR addr=0xfcc blocks=0 blksz=52 mode=BYTE incr=1
[  422.622951][ T2017] mmc mmc1:0001: AR6K-MAINLINE CMD53 arg=0x941f9834 WR addr=0xfcc blocks=0 blksz=52 mode=BYTE incr=1
[  422.633729][ T2017] mmc mmc1:0001: AR6K-MAINLINE CMD53 arg=0x941f9834 WR addr=0xfcc blocks=0 blksz=52 mode=BYTE incr=1
[  422.644320][ T2017] mmc mmc1:0001: AR6K-MAINLINE CMD53 arg=0x941f9834 WR addr=0xfcc blocks=0 blksz=52 mode=BYTE incr=1
[  422.655216][ T2017] mmc mmc1:0001: AR6K-MAINLINE CMD53 arg=0x941f9834 WR addr=0xfcc blocks=0 blksz=52 mode=BYTE incr=1
[  422.665665][ T2017] mmc mmc1:0001: AR6K-MAINLINE CMD53 arg=0x941f9834 WR addr=0xfcc blocks=0 blksz=52 mode=BYTE incr=1
[  422.676449][ T2017] mmc mmc1:0001: AR6K-MAINLINE CMD53 arg=0x941f9834 WR addr=0xfcc blocks=0 blksz=52 mode=BYTE incr=1
[  422.687060][ T2017] mmc mmc1:0001: AR6K-MAINLINE CMD53 arg=0x941f9834 WR addr=0xfcc blocks=0 blksz=52 mode=BYTE incr=1
[  422.697816][ T2017] mmc mmc1:0001: AR6K-MAINLINE CMD53 arg=0x941f9834 WR addr=0xfcc blocks=0 blksz=52 mode=BYTE incr=1
[  422.708518][ T2017] mmc mmc1:0001: AR6K-MAINLINE CMD53 arg=0x941f9834 WR addr=0xfcc blocks=0 blksz=52 mode=BYTE incr=1
[  422.719179][ T2017] mmc mmc1:0001: AR6K-MAINLINE CMD53 arg=0x941f9834 WR addr=0xfcc blocks=0 blksz=52 mode=BYTE incr=1
[  422.729689][ T2017] mmc mmc1:0001: AR6K-MAINLINE CMD53 arg=0x941f9834 WR addr=0xfcc blocks=0 blksz=52 mode=BYTE incr=1
[  422.740491][ T2017] mmc mmc1:0001: AR6K-MAINLINE CMD53 arg=0x941f9834 WR addr=0xfcc blocks=0 blksz=52 mode=BYTE incr=1
[  422.751208][ T2017] mmc mmc1:0001: AR6K-MAINLINE CMD53 arg=0x941f9834 WR addr=0xfcc blocks=0 blksz=52 mode=BYTE incr=1
[  422.761898][ T2017] mmc mmc1:0001: AR6K-MAINLINE CMD53 arg=0x941f9834 WR addr=0xfcc blocks=0 blksz=52 mode=BYTE incr=1
[  422.772510][ T2017] mmc mmc1:0001: AR6K-MAINLINE CMD53 arg=0x941f9834 WR addr=0xfcc blocks=0 blksz=52 mode=BYTE incr=1
[  422.783118][ T2017] mmc mmc1:0001: AR6K-MAINLINE CMD53 arg=0x941f9834 WR addr=0xfcc blocks=0 blksz=52 mode=BYTE incr=1
[  422.793883][ T2017] mmc mmc1:0001: AR6K-MAINLINE CMD53 arg=0x941f9834 WR addr=0xfcc blocks=0 blksz=52 mode=BYTE incr=1
[  422.804561][ T2017] mmc mmc1:0001: AR6K-MAINLINE CMD53 arg=0x941f9834 WR addr=0xfcc blocks=0 blksz=52 mode=BYTE incr=1
[  422.815243][ T2017] mmc mmc1:0001: AR6K-MAINLINE CMD53 arg=0x941f9834 WR addr=0xfcc blocks=0 blksz=52 mode=BYTE incr=1
[  422.825812][ T2017] mmc mmc1:0001: AR6K-MAINLINE CMD53 arg=0x941f9834 WR addr=0xfcc blocks=0 blksz=52 mode=BYTE incr=1
[  422.836629][ T2017] mmc mmc1:0001: AR6K-MAINLINE CMD53 arg=0x941f9834 WR addr=0xfcc blocks=0 blksz=52 mode=BYTE incr=1
[  422.847201][ T2017] mmc mmc1:0001: AR6K-MAINLINE CMD53 arg=0x941f9834 WR addr=0xfcc blocks=0 blksz=52 mode=BYTE incr=1
[  422.858158][ T2017] mmc mmc1:0001: AR6K-MAINLINE CMD53 arg=0x941f9834 WR addr=0xfcc blocks=0 blksz=52 mode=BYTE incr=1
[  422.868542][ T2017] mmc mmc1:0001: AR6K-MAINLINE CMD53 arg=0x941f9834 WR addr=0xfcc blocks=0 blksz=52 mode=BYTE incr=1
[  422.879465][ T2017] mmc mmc1:0001: AR6K-MAINLINE CMD53 arg=0x941f9834 WR addr=0xfcc blocks=0 blksz=52 mode=BYTE incr=1
[  422.889958][ T2017] mmc mmc1:0001: AR6K-MAINLINE CMD53 arg=0x941f9834 WR addr=0xfcc blocks=0 blksz=52 mode=BYTE incr=1
[  422.900613][ T2017] mmc mmc1:0001: AR6K-MAINLINE CMD53 arg=0x941f9834 WR addr=0xfcc blocks=0 blksz=52 mode=BYTE incr=1
[  422.911352][ T2017] mmc mmc1:0001: AR6K-MAINLINE CMD53 arg=0x941f9834 WR addr=0xfcc blocks=0 blksz=52 mode=BYTE incr=1
[  422.921931][ T2017] mmc mmc1:0001: AR6K-MAINLINE CMD53 arg=0x941f9834 WR addr=0xfcc blocks=0 blksz=52 mode=BYTE incr=1
[  422.932679][ T2017] mmc mmc1:0001: AR6K-MAINLINE CMD53 arg=0x941f9834 WR addr=0xfcc blocks=0 blksz=52 mode=BYTE incr=1
[  422.943310][ T2017] mmc mmc1:0001: AR6K-MAINLINE CMD53 arg=0x941f9834 WR addr=0xfcc blocks=0 blksz=52 mode=BYTE incr=1
[  422.954128][ T2017] mmc mmc1:0001: AR6K-MAINLINE CMD53 arg=0x941f9834 WR addr=0xfcc blocks=0 blksz=52 mode=BYTE incr=1
[  422.964649][ T2017] mmc mmc1:0001: AR6K-MAINLINE CMD53 arg=0x941f9834 WR addr=0xfcc blocks=0 blksz=52 mode=BYTE incr=1
[  422.975385][ T2017] mmc mmc1:0001: AR6K-MAINLINE CMD53 arg=0x941f9834 WR addr=0xfcc blocks=0 blksz=52 mode=BYTE incr=1
[  422.985948][ T2017] mmc mmc1:0001: AR6K-MAINLINE CMD53 arg=0x941f9834 WR addr=0xfcc blocks=0 blksz=52 mode=BYTE incr=1
[  422.996755][ T2017] mmc mmc1:0001: AR6K-MAINLINE CMD53 arg=0x941f9834 WR addr=0xfcc blocks=0 blksz=52 mode=BYTE incr=1
[  423.007465][ T2017] mmc mmc1:0001: AR6K-MAINLINE CMD53 arg=0x941f9834 WR addr=0xfcc blocks=0 blksz=52 mode=BYTE incr=1
[  423.018121][ T2017] mmc mmc1:0001: AR6K-MAINLINE CMD53 arg=0x941f9834 WR addr=0xfcc blocks=0 blksz=52 mode=BYTE incr=1
[  423.028707][ T2017] mmc mmc1:0001: AR6K-MAINLINE CMD53 arg=0x941f9834 WR addr=0xfcc blocks=0 blksz=52 mode=BYTE incr=1
[  423.039578][ T2017] mmc mmc1:0001: AR6K-MAINLINE CMD53 arg=0x941f9834 WR addr=0xfcc blocks=0 blksz=52 mode=BYTE incr=1
[  423.050134][ T2017] mmc mmc1:0001: AR6K-MAINLINE CMD53 arg=0x941f9834 WR addr=0xfcc blocks=0 blksz=52 mode=BYTE incr=1
[  423.060710][ T2017] mmc mmc1:0001: AR6K-MAINLINE CMD53 arg=0x941f9834 WR addr=0xfcc blocks=0 blksz=52 mode=BYTE incr=1
[  423.071518][ T2017] mmc mmc1:0001: AR6K-MAINLINE CMD53 arg=0x941f9834 WR addr=0xfcc blocks=0 blksz=52 mode=BYTE incr=1
[  423.082085][ T2017] mmc mmc1:0001: AR6K-MAINLINE CMD53 arg=0x941f9834 WR addr=0xfcc blocks=0 blksz=52 mode=BYTE incr=1
[  423.092859][ T2017] mmc mmc1:0001: AR6K-MAINLINE CMD53 arg=0x941f9834 WR addr=0xfcc blocks=0 blksz=52 mode=BYTE incr=1
[  423.103554][ T2017] mmc mmc1:0001: AR6K-MAINLINE CMD53 arg=0x941f9834 WR addr=0xfcc blocks=0 blksz=52 mode=BYTE incr=1
[  423.114206][ T2017] mmc mmc1:0001: AR6K-MAINLINE CMD53 arg=0x941f9834 WR addr=0xfcc blocks=0 blksz=52 mode=BYTE incr=1
[  423.124813][ T2017] mmc mmc1:0001: AR6K-MAINLINE CMD53 arg=0x941f9834 WR addr=0xfcc blocks=0 blksz=52 mode=BYTE incr=1
[  423.135554][ T2017] mmc mmc1:0001: AR6K-MAINLINE CMD53 arg=0x941f9834 WR addr=0xfcc blocks=0 blksz=52 mode=BYTE incr=1
[  423.146129][ T2017] mmc mmc1:0001: AR6K-MAINLINE CMD53 arg=0x941f9834 WR addr=0xfcc blocks=0 blksz=52 mode=BYTE incr=1
[  423.157011][ T2017] mmc mmc1:0001: AR6K-MAINLINE CMD53 arg=0x941f9834 WR addr=0xfcc blocks=0 blksz=52 mode=BYTE incr=1
[  423.167530][ T2017] mmc mmc1:0001: AR6K-MAINLINE CMD53 arg=0x941f9834 WR addr=0xfcc blocks=0 blksz=52 mode=BYTE incr=1
[  423.178256][ T2017] mmc mmc1:0001: AR6K-MAINLINE CMD53 arg=0x941f9834 WR addr=0xfcc blocks=0 blksz=52 mode=BYTE incr=1
[  423.188886][ T2017] mmc mmc1:0001: AR6K-MAINLINE CMD53 arg=0x941f9834 WR addr=0xfcc blocks=0 blksz=52 mode=BYTE incr=1
[  423.199764][ T2017] mmc mmc1:0001: AR6K-MAINLINE CMD53 arg=0x941f9834 WR addr=0xfcc blocks=0 blksz=52 mode=BYTE incr=1
[  423.210230][ T2017] mmc mmc1:0001: AR6K-MAINLINE CMD53 arg=0x941f9834 WR addr=0xfcc blocks=0 blksz=52 mode=BYTE incr=1
[  423.221014][ T2017] mmc mmc1:0001: AR6K-MAINLINE CMD53 arg=0x941f9834 WR addr=0xfcc blocks=0 blksz=52 mode=BYTE incr=1
[  423.231647][ T2017] mmc mmc1:0001: AR6K-MAINLINE CMD53 arg=0x941f9834 WR addr=0xfcc blocks=0 blksz=52 mode=BYTE incr=1
[  423.242385][ T2017] mmc mmc1:0001: AR6K-MAINLINE CMD53 arg=0x941f9834 WR addr=0xfcc blocks=0 blksz=52 mode=BYTE incr=1
[  423.252986][ T2017] mmc mmc1:0001: AR6K-MAINLINE CMD53 arg=0x941f9834 WR addr=0xfcc blocks=0 blksz=52 mode=BYTE incr=1
[  423.263693][ T2017] mmc mmc1:0001: AR6K-MAINLINE CMD53 arg=0x941f9834 WR addr=0xfcc blocks=0 blksz=52 mode=BYTE incr=1
[  423.274285][ T2017] mmc mmc1:0001: AR6K-MAINLINE CMD53 arg=0x941f9834 WR addr=0xfcc blocks=0 blksz=52 mode=BYTE incr=1
[  423.285013][ T2017] mmc mmc1:0001: AR6K-MAINLINE CMD53 arg=0x941f9834 WR addr=0xfcc blocks=0 blksz=52 mode=BYTE incr=1
[  423.295609][ T2017] mmc mmc1:0001: AR6K-MAINLINE CMD53 arg=0x941f9834 WR addr=0xfcc blocks=0 blksz=52 mode=BYTE incr=1
[  423.306515][ T2017] mmc mmc1:0001: AR6K-MAINLINE CMD53 arg=0x941f9834 WR addr=0xfcc blocks=0 blksz=52 mode=BYTE incr=1
[  423.316968][ T2017] mmc mmc1:0001: AR6K-MAINLINE CMD53 arg=0x941f9834 WR addr=0xfcc blocks=0 blksz=52 mode=BYTE incr=1
[  423.327750][ T2017] mmc mmc1:0001: AR6K-MAINLINE CMD53 arg=0x941f9834 WR addr=0xfcc blocks=0 blksz=52 mode=BYTE incr=1
[  423.338371][ T2017] mmc mmc1:0001: AR6K-MAINLINE CMD53 arg=0x941f9834 WR addr=0xfcc blocks=0 blksz=52 mode=BYTE incr=1
[  423.349113][ T2017] mmc mmc1:0001: AR6K-MAINLINE CMD53 arg=0x941f9834 WR addr=0xfcc blocks=0 blksz=52 mode=BYTE incr=1
[  423.359747][ T2017] mmc mmc1:0001: AR6K-MAINLINE CMD53 arg=0x941f9834 WR addr=0xfcc blocks=0 blksz=52 mode=BYTE incr=1
[  423.370461][ T2017] mmc mmc1:0001: AR6K-MAINLINE CMD53 arg=0x941f9834 WR addr=0xfcc blocks=0 blksz=52 mode=BYTE incr=1
[  423.381026][ T2017] mmc mmc1:0001: AR6K-MAINLINE CMD53 arg=0x941f9834 WR addr=0xfcc blocks=0 blksz=52 mode=BYTE incr=1
[  423.391820][ T2017] mmc mmc1:0001: AR6K-MAINLINE CMD53 arg=0x941f9834 WR addr=0xfcc blocks=0 blksz=52 mode=BYTE incr=1
[  423.402877][ T2017] mmc mmc1:0001: AR6K-MAINLINE CMD53 arg=0x941f9834 WR addr=0xfcc blocks=0 blksz=52 mode=BYTE incr=1
[  423.413284][ T2017] mmc mmc1:0001: AR6K-MAINLINE CMD53 arg=0x941f9834 WR addr=0xfcc blocks=0 blksz=52 mode=BYTE incr=1
[  423.423805][ T2017] mmc mmc1:0001: AR6K-MAINLINE CMD53 arg=0x941f9834 WR addr=0xfcc blocks=0 blksz=52 mode=BYTE incr=1
[  423.434506][ T2017] mmc mmc1:0001: AR6K-MAINLINE CMD53 arg=0x941f9834 WR addr=0xfcc blocks=0 blksz=52 mode=BYTE incr=1
[  423.445094][ T2017] mmc mmc1:0001: AR6K-MAINLINE CMD53 arg=0x941f9834 WR addr=0xfcc blocks=0 blksz=52 mode=BYTE incr=1
[  423.455872][ T2017] mmc mmc1:0001: AR6K-MAINLINE CMD53 arg=0x941f9834 WR addr=0xfcc blocks=0 blksz=52 mode=BYTE incr=1
[  423.466561][ T2017] mmc mmc1:0001: AR6K-MAINLINE CMD53 arg=0x941f9834 WR addr=0xfcc blocks=0 blksz=52 mode=BYTE incr=1
[  423.477224][ T2017] mmc mmc1:0001: AR6K-MAINLINE CMD53 arg=0x941f9834 WR addr=0xfcc blocks=0 blksz=52 mode=BYTE incr=1
[  423.487833][ T2017] mmc mmc1:0001: AR6K-MAINLINE CMD53 arg=0x941f9834 WR addr=0xfcc blocks=0 blksz=52 mode=BYTE incr=1
[  423.498587][ T2017] mmc mmc1:0001: AR6K-MAINLINE CMD53 arg=0x941f9834 WR addr=0xfcc blocks=0 blksz=52 mode=BYTE incr=1
[  423.509203][ T2017] mmc mmc1:0001: AR6K-MAINLINE CMD53 arg=0x941f9834 WR addr=0xfcc blocks=0 blksz=52 mode=BYTE incr=1
[  423.520036][ T2017] mmc mmc1:0001: AR6K-MAINLINE CMD53 arg=0x941f9834 WR addr=0xfcc blocks=0 blksz=52 mode=BYTE incr=1
[  423.530538][ T2017] mmc mmc1:0001: AR6K-MAINLINE CMD53 arg=0x941f9834 WR addr=0xfcc blocks=0 blksz=52 mode=BYTE incr=1
[  423.541270][ T2017] mmc mmc1:0001: AR6K-MAINLINE CMD53 arg=0x941f9834 WR addr=0xfcc blocks=0 blksz=52 mode=BYTE incr=1
[  423.551857][ T2017] mmc mmc1:0001: AR6K-MAINLINE CMD53 arg=0x941f9834 WR addr=0xfcc blocks=0 blksz=52 mode=BYTE incr=1
[  423.562655][ T2017] mmc mmc1:0001: AR6K-MAINLINE CMD53 arg=0x941f9834 WR addr=0xfcc blocks=0 blksz=52 mode=BYTE incr=1
[  423.573343][ T2017] mmc mmc1:0001: AR6K-MAINLINE CMD53 arg=0x941f9834 WR addr=0xfcc blocks=0 blksz=52 mode=BYTE incr=1
[  423.584032][ T2017] mmc mmc1:0001: AR6K-MAINLINE CMD53 arg=0x941f9834 WR addr=0xfcc blocks=0 blksz=52 mode=BYTE incr=1
[  423.594609][ T2017] mmc mmc1:0001: AR6K-MAINLINE CMD53 arg=0x941f9834 WR addr=0xfcc blocks=0 blksz=52 mode=BYTE incr=1
[  423.605367][ T2017] mmc mmc1:0001: AR6K-MAINLINE CMD53 arg=0x941f9834 WR addr=0xfcc blocks=0 blksz=52 mode=BYTE incr=1
[  423.615958][ T2017] mmc mmc1:0001: AR6K-MAINLINE CMD53 arg=0x941f9834 WR addr=0xfcc blocks=0 blksz=52 mode=BYTE incr=1
[  423.626776][ T2017] mmc mmc1:0001: AR6K-MAINLINE CMD53 arg=0x941f9834 WR addr=0xfcc blocks=0 blksz=52 mode=BYTE incr=1
[  423.637281][ T2017] mmc mmc1:0001: AR6K-MAINLINE CMD53 arg=0x941f9834 WR addr=0xfcc blocks=0 blksz=52 mode=BYTE incr=1
[  423.648070][ T2017] mmc mmc1:0001: AR6K-MAINLINE CMD53 arg=0x941f9834 WR addr=0xfcc blocks=0 blksz=52 mode=BYTE incr=1
[  423.658648][ T2017] mmc mmc1:0001: AR6K-MAINLINE CMD53 arg=0x941f9834 WR addr=0xfcc blocks=0 blksz=52 mode=BYTE incr=1
[  423.669570][ T2017] mmc mmc1:0001: AR6K-MAINLINE CMD53 arg=0x941f9834 WR addr=0xfcc blocks=0 blksz=52 mode=BYTE incr=1
[  423.679990][ T2017] mmc mmc1:0001: AR6K-MAINLINE CMD53 arg=0x941f9834 WR addr=0xfcc blocks=0 blksz=52 mode=BYTE incr=1
[  423.690654][ T2017] mmc mmc1:0001: AR6K-MAINLINE CMD53 arg=0x941f9834 WR addr=0xfcc blocks=0 blksz=52 mode=BYTE incr=1
[  423.701472][ T2017] mmc mmc1:0001: AR6K-MAINLINE CMD53 arg=0x941f9834 WR addr=0xfcc blocks=0 blksz=52 mode=BYTE incr=1
[  423.712051][ T2017] mmc mmc1:0001: AR6K-MAINLINE CMD53 arg=0x941f9834 WR addr=0xfcc blocks=0 blksz=52 mode=BYTE incr=1
[  423.722922][ T2017] mmc mmc1:0001: AR6K-MAINLINE CMD53 arg=0x941f9834 WR addr=0xfcc blocks=0 blksz=52 mode=BYTE incr=1
[  423.733376][ T2017] mmc mmc1:0001: AR6K-MAINLINE CMD53 arg=0x941f9834 WR addr=0xfcc blocks=0 blksz=52 mode=BYTE incr=1
[  423.744210][ T2017] mmc mmc1:0001: AR6K-MAINLINE CMD53 arg=0x941f9834 WR addr=0xfcc blocks=0 blksz=52 mode=BYTE incr=1
[  423.754727][ T2017] mmc mmc1:0001: AR6K-MAINLINE CMD53 arg=0x941f9834 WR addr=0xfcc blocks=0 blksz=52 mode=BYTE incr=1
[  423.765533][ T2017] mmc mmc1:0001: AR6K-MAINLINE CMD53 arg=0x941f9834 WR addr=0xfcc blocks=0 blksz=52 mode=BYTE incr=1
[  423.776223][ T2017] mmc mmc1:0001: AR6K-MAINLINE CMD53 arg=0x941f9834 WR addr=0xfcc blocks=0 blksz=52 mode=BYTE incr=1
[  423.786881][ T2017] mmc mmc1:0001: AR6K-MAINLINE CMD53 arg=0x941f9834 WR addr=0xfcc blocks=0 blksz=52 mode=BYTE incr=1
[  423.797420][ T2017] mmc mmc1:0001: AR6K-MAINLINE CMD53 arg=0x941f9834 WR addr=0xfcc blocks=0 blksz=52 mode=BYTE incr=1
[  423.808275][ T2017] mmc mmc1:0001: AR6K-MAINLINE CMD53 arg=0x941f9834 WR addr=0xfcc blocks=0 blksz=52 mode=BYTE incr=1
[  423.818792][ T2017] mmc mmc1:0001: AR6K-MAINLINE CMD53 arg=0x941f9834 WR addr=0xfcc blocks=0 blksz=52 mode=BYTE incr=1
[  423.829758][ T2017] mmc mmc1:0001: AR6K-MAINLINE CMD53 arg=0x941f9834 WR addr=0xfcc blocks=0 blksz=52 mode=BYTE incr=1
[  423.840145][ T2017] mmc mmc1:0001: AR6K-MAINLINE CMD53 arg=0x941f9834 WR addr=0xfcc blocks=0 blksz=52 mode=BYTE incr=1
[  423.850897][ T2017] mmc mmc1:0001: AR6K-MAINLINE CMD53 arg=0x941f9834 WR addr=0xfcc blocks=0 blksz=52 mode=BYTE incr=1
[  423.861622][ T2017] mmc mmc1:0001: AR6K-MAINLINE CMD53 arg=0x941f9834 WR addr=0xfcc blocks=0 blksz=52 mode=BYTE incr=1
[  423.872348][ T2017] mmc mmc1:0001: AR6K-MAINLINE CMD53 arg=0x941f9834 WR addr=0xfcc blocks=0 blksz=52 mode=BYTE incr=1
[  423.882973][ T2017] mmc mmc1:0001: AR6K-MAINLINE CMD53 arg=0x941f9834 WR addr=0xfcc blocks=0 blksz=52 mode=BYTE incr=1
[  423.893545][ T2017] mmc mmc1:0001: AR6K-MAINLINE CMD53 arg=0x941f9834 WR addr=0xfcc blocks=0 blksz=52 mode=BYTE incr=1
[  423.904297][ T2017] mmc mmc1:0001: AR6K-MAINLINE CMD53 arg=0x941f9834 WR addr=0xfcc blocks=0 blksz=52 mode=BYTE incr=1
[  423.914925][ T2017] mmc mmc1:0001: AR6K-MAINLINE CMD53 arg=0x941f9834 WR addr=0xfcc blocks=0 blksz=52 mode=BYTE incr=1
[  423.925793][ T2017] mmc mmc1:0001: AR6K-MAINLINE CMD53 arg=0x941f9834 WR addr=0xfcc blocks=0 blksz=52 mode=BYTE incr=1
[  423.936249][ T2017] mmc mmc1:0001: AR6K-MAINLINE CMD53 arg=0x941f9834 WR addr=0xfcc blocks=0 blksz=52 mode=BYTE incr=1
[  423.947011][ T2017] mmc mmc1:0001: AR6K-MAINLINE CMD53 arg=0x941f9834 WR addr=0xfcc blocks=0 blksz=52 mode=BYTE incr=1
[  423.957595][ T2017] mmc mmc1:0001: AR6K-MAINLINE CMD53 arg=0x941f9834 WR addr=0xfcc blocks=0 blksz=52 mode=BYTE incr=1
[  423.968373][ T2017] mmc mmc1:0001: AR6K-MAINLINE CMD53 arg=0x941f9834 WR addr=0xfcc blocks=0 blksz=52 mode=BYTE incr=1
[  423.979071][ T2017] mmc mmc1:0001: AR6K-MAINLINE CMD53 arg=0x941f9834 WR addr=0xfcc blocks=0 blksz=52 mode=BYTE incr=1
[  423.989744][ T2017] mmc mmc1:0001: AR6K-MAINLINE CMD53 arg=0x941f9834 WR addr=0xfcc blocks=0 blksz=52 mode=BYTE incr=1
[  424.000329][ T2017] mmc mmc1:0001: AR6K-MAINLINE CMD53 arg=0x941f9834 WR addr=0xfcc blocks=0 blksz=52 mode=BYTE incr=1
[  424.011049][ T2017] mmc mmc1:0001: AR6K-MAINLINE CMD53 arg=0x941f9834 WR addr=0xfcc blocks=0 blksz=52 mode=BYTE incr=1
[  424.021808][ T2017] mmc mmc1:0001: AR6K-MAINLINE CMD53 arg=0x941f9834 WR addr=0xfcc blocks=0 blksz=52 mode=BYTE incr=1
[  424.032492][ T2017] mmc mmc1:0001: AR6K-MAINLINE CMD53 arg=0x941f9834 WR addr=0xfcc blocks=0 blksz=52 mode=BYTE incr=1
[  424.043160][ T2017] mmc mmc1:0001: AR6K-MAINLINE CMD53 arg=0x941f9834 WR addr=0xfcc blocks=0 blksz=52 mode=BYTE incr=1
[  424.053805][ T2017] mmc mmc1:0001: AR6K-MAINLINE CMD53 arg=0x941f9834 WR addr=0xfcc blocks=0 blksz=52 mode=BYTE incr=1
[  424.064374][ T2017] mmc mmc1:0001: AR6K-MAINLINE CMD53 arg=0x941f9834 WR addr=0xfcc blocks=0 blksz=52 mode=BYTE incr=1
[  424.075239][ T2017] mmc mmc1:0001: AR6K-MAINLINE CMD53 arg=0x941f9834 WR addr=0xfcc blocks=0 blksz=52 mode=BYTE incr=1
[  424.085767][ T2017] mmc mmc1:0001: AR6K-MAINLINE CMD53 arg=0x941f9834 WR addr=0xfcc blocks=0 blksz=52 mode=BYTE incr=1
[  424.096489][ T2017] mmc mmc1:0001: AR6K-MAINLINE CMD53 arg=0x941f9834 WR addr=0xfcc blocks=0 blksz=52 mode=BYTE incr=1
[  424.107083][ T2017] mmc mmc1:0001: AR6K-MAINLINE CMD53 arg=0x941f9834 WR addr=0xfcc blocks=0 blksz=52 mode=BYTE incr=1
[  424.117847][ T2017] mmc mmc1:0001: AR6K-MAINLINE CMD53 arg=0x941f9834 WR addr=0xfcc blocks=0 blksz=52 mode=BYTE incr=1
[  424.128555][ T2017] mmc mmc1:0001: AR6K-MAINLINE CMD53 arg=0x941f9834 WR addr=0xfcc blocks=0 blksz=52 mode=BYTE incr=1
[  424.139217][ T2017] mmc mmc1:0001: AR6K-MAINLINE CMD53 arg=0x941f9834 WR addr=0xfcc blocks=0 blksz=52 mode=BYTE incr=1
[  424.149801][ T2017] mmc mmc1:0001: AR6K-MAINLINE CMD53 arg=0x941f9834 WR addr=0xfcc blocks=0 blksz=52 mode=BYTE incr=1
[  424.160542][ T2017] mmc mmc1:0001: AR6K-MAINLINE CMD53 arg=0x941f9834 WR addr=0xfcc blocks=0 blksz=52 mode=BYTE incr=1
[  424.171233][ T2017] mmc mmc1:0001: AR6K-MAINLINE CMD53 arg=0x941f9834 WR addr=0xfcc blocks=0 blksz=52 mode=BYTE incr=1
[  424.181916][ T2017] mmc mmc1:0001: AR6K-MAINLINE CMD53 arg=0x941f9834 WR addr=0xfcc blocks=0 blksz=52 mode=BYTE incr=1
[  424.192507][ T2017] mmc mmc1:0001: AR6K-MAINLINE CMD53 arg=0x941f9834 WR addr=0xfcc blocks=0 blksz=52 mode=BYTE incr=1
[  424.203271][ T2017] mmc mmc1:0001: AR6K-MAINLINE CMD53 arg=0x941f9834 WR addr=0xfcc blocks=0 blksz=52 mode=BYTE incr=1
[  424.213844][ T2017] mmc mmc1:0001: AR6K-MAINLINE CMD53 arg=0x941f9834 WR addr=0xfcc blocks=0 blksz=52 mode=BYTE incr=1
[  424.224759][ T2017] mmc mmc1:0001: AR6K-MAINLINE CMD53 arg=0x941f9834 WR addr=0xfcc blocks=0 blksz=52 mode=BYTE incr=1
[  424.235242][ T2017] mmc mmc1:0001: AR6K-MAINLINE CMD53 arg=0x941f9834 WR addr=0xfcc blocks=0 blksz=52 mode=BYTE incr=1
[  424.245993][ T2017] mmc mmc1:0001: AR6K-MAINLINE CMD53 arg=0x941f9834 WR addr=0xfcc blocks=0 blksz=52 mode=BYTE incr=1
[  424.256587][ T2017] mmc mmc1:0001: AR6K-MAINLINE CMD53 arg=0x941f9834 WR addr=0xfcc blocks=0 blksz=52 mode=BYTE incr=1
[  424.267301][ T2017] mmc mmc1:0001: AR6K-MAINLINE CMD53 arg=0x941f9834 WR addr=0xfcc blocks=0 blksz=52 mode=BYTE incr=1
[  424.278106][ T2017] mmc mmc1:0001: AR6K-MAINLINE CMD53 arg=0x941f9834 WR addr=0xfcc blocks=0 blksz=52 mode=BYTE incr=1
[  424.288664][ T2017] mmc mmc1:0001: AR6K-MAINLINE CMD53 arg=0x941f9834 WR addr=0xfcc blocks=0 blksz=52 mode=BYTE incr=1
[  424.299591][ T2017] mmc mmc1:0001: AR6K-MAINLINE CMD53 arg=0x941f9834 WR addr=0xfcc blocks=0 blksz=52 mode=BYTE incr=1
[  424.310080][ T2017] mmc mmc1:0001: AR6K-MAINLINE CMD53 arg=0x941f9834 WR addr=0xfcc blocks=0 blksz=52 mode=BYTE incr=1
[  424.320892][ T2017] mmc mmc1:0001: AR6K-MAINLINE CMD53 arg=0x941f9834 WR addr=0xfcc blocks=0 blksz=52 mode=BYTE incr=1
[  424.331463][ T2017] mmc mmc1:0001: AR6K-MAINLINE CMD53 arg=0x941f9834 WR addr=0xfcc blocks=0 blksz=52 mode=BYTE incr=1
[  424.347593][ T2017] mmc mmc1:0001: AR6K-MAINLINE CMD53 arg=0x941f9834 WR addr=0xfcc blocks=0 blksz=52 mode=BYTE incr=1
[  424.356380][ T2017] mmc mmc1:0001: AR6K-MAINLINE CMD53 arg=0x941f9834 WR addr=0xfcc blocks=0 blksz=52 mode=BYTE incr=1
[  424.363555][ T2017] mmc mmc1:0001: AR6K-MAINLINE CMD53 arg=0x941f9834 WR addr=0xfcc blocks=0 blksz=52 mode=BYTE incr=1
[  424.375328][ T2017] mmc mmc1:0001: AR6K-MAINLINE CMD53 arg=0x941f9834 WR addr=0xfcc blocks=0 blksz=52 mode=BYTE incr=1
[  424.384922][ T2017] mmc mmc1:0001: AR6K-MAINLINE CMD53 arg=0x941f9834 WR addr=0xfcc blocks=0 blksz=52 mode=BYTE incr=1
[  424.395585][ T2017] mmc mmc1:0001: AR6K-MAINLINE CMD53 arg=0x941f9834 WR addr=0xfcc blocks=0 blksz=52 mode=BYTE incr=1
[  424.406202][ T2017] mmc mmc1:0001: AR6K-MAINLINE CMD53 arg=0x941f9834 WR addr=0xfcc blocks=0 blksz=52 mode=BYTE incr=1
[  424.416957][ T2017] mmc mmc1:0001: AR6K-MAINLINE CMD53 arg=0x941f9834 WR addr=0xfcc blocks=0 blksz=52 mode=BYTE incr=1
[  424.427699][ T2017] mmc mmc1:0001: AR6K-MAINLINE CMD53 arg=0x941f9834 WR addr=0xfcc blocks=0 blksz=52 mode=BYTE incr=1
[  424.438236][ T2017] mmc mmc1:0001: AR6K-MAINLINE CMD53 arg=0x941f9834 WR addr=0xfcc blocks=0 blksz=52 mode=BYTE incr=1
[  424.448861][ T2017] mmc mmc1:0001: AR6K-MAINLINE CMD53 arg=0x941f9834 WR addr=0xfcc blocks=0 blksz=52 mode=BYTE incr=1
[  424.459531][ T2017] mmc mmc1:0001: AR6K-MAINLINE CMD53 arg=0x941f9834 WR addr=0xfcc blocks=0 blksz=52 mode=BYTE incr=1
[  424.470294][ T2017] mmc mmc1:0001: AR6K-MAINLINE CMD53 arg=0x941f9834 WR addr=0xfcc blocks=0 blksz=52 mode=BYTE incr=1
[  424.480822][ T2017] mmc mmc1:0001: AR6K-MAINLINE CMD53 arg=0x941f9834 WR addr=0xfcc blocks=0 blksz=52 mode=BYTE incr=1
[  424.491544][ T2017] mmc mmc1:0001: AR6K-MAINLINE CMD53 arg=0x941f9834 WR addr=0xfcc blocks=0 blksz=52 mode=BYTE incr=1
[  424.502142][ T2017] mmc mmc1:0001: AR6K-MAINLINE CMD53 arg=0x941f9834 WR addr=0xfcc blocks=0 blksz=52 mode=BYTE incr=1
[  424.512942][ T2017] mmc mmc1:0001: AR6K-MAINLINE CMD53 arg=0x941f9834 WR addr=0xfcc blocks=0 blksz=52 mode=BYTE incr=1
[  424.523590][ T2017] mmc mmc1:0001: AR6K-MAINLINE CMD53 arg=0x941f9834 WR addr=0xfcc blocks=0 blksz=52 mode=BYTE incr=1
[  424.534283][ T2017] mmc mmc1:0001: AR6K-MAINLINE CMD53 arg=0x941f9834 WR addr=0xfcc blocks=0 blksz=52 mode=BYTE incr=1
[  424.544892][ T2017] mmc mmc1:0001: AR6K-MAINLINE CMD53 arg=0x941f9834 WR addr=0xfcc blocks=0 blksz=52 mode=BYTE incr=1
[  424.555622][ T2017] mmc mmc1:0001: AR6K-MAINLINE CMD53 arg=0x941f9834 WR addr=0xfcc blocks=0 blksz=52 mode=BYTE incr=1
[  424.566228][ T2017] mmc mmc1:0001: AR6K-MAINLINE CMD53 arg=0x941f9834 WR addr=0xfcc blocks=0 blksz=52 mode=BYTE incr=1
[  424.577052][ T2017] mmc mmc1:0001: AR6K-MAINLINE CMD53 arg=0x941f9834 WR addr=0xfcc blocks=0 blksz=52 mode=BYTE incr=1
[  424.587575][ T2017] mmc mmc1:0001: AR6K-MAINLINE CMD53 arg=0x941f9834 WR addr=0xfcc blocks=0 blksz=52 mode=BYTE incr=1
[  424.598293][ T2017] mmc mmc1:0001: AR6K-MAINLINE CMD53 arg=0x941f9834 WR addr=0xfcc blocks=0 blksz=52 mode=BYTE incr=1
[  424.608936][ T2017] mmc mmc1:0001: AR6K-MAINLINE CMD53 arg=0x941f9834 WR addr=0xfcc blocks=0 blksz=52 mode=BYTE incr=1
[  424.619799][ T2017] mmc mmc1:0001: AR6K-MAINLINE CMD53 arg=0x941f9834 WR addr=0xfcc blocks=0 blksz=52 mode=BYTE incr=1
[  424.630258][ T2017] mmc mmc1:0001: AR6K-MAINLINE CMD53 arg=0x941f9834 WR addr=0xfcc blocks=0 blksz=52 mode=BYTE incr=1
[  424.641013][ T2017] mmc mmc1:0001: AR6K-MAINLINE CMD53 arg=0x941f9834 WR addr=0xfcc blocks=0 blksz=52 mode=BYTE incr=1
[  424.651617][ T2017] mmc mmc1:0001: AR6K-MAINLINE CMD53 arg=0x941f9834 WR addr=0xfcc blocks=0 blksz=52 mode=BYTE incr=1
[  424.662376][ T2017] mmc mmc1:0001: AR6K-MAINLINE CMD53 arg=0x941f9834 WR addr=0xfcc blocks=0 blksz=52 mode=BYTE incr=1
[  424.673107][ T2017] mmc mmc1:0001: AR6K-MAINLINE CMD53 arg=0x941f9834 WR addr=0xfcc blocks=0 blksz=52 mode=BYTE incr=1
[  424.683751][ T2017] mmc mmc1:0001: AR6K-MAINLINE CMD53 arg=0x941f9834 WR addr=0xfcc blocks=0 blksz=52 mode=BYTE incr=1
[  424.694311][ T2017] mmc mmc1:0001: AR6K-MAINLINE CMD53 arg=0x941f9834 WR addr=0xfcc blocks=0 blksz=52 mode=BYTE incr=1
[  424.705110][ T2017] mmc mmc1:0001: AR6K-MAINLINE CMD53 arg=0x941f9834 WR addr=0xfcc blocks=0 blksz=52 mode=BYTE incr=1
[  424.715700][ T2017] mmc mmc1:0001: AR6K-MAINLINE CMD53 arg=0x941f9834 WR addr=0xfcc blocks=0 blksz=52 mode=BYTE incr=1
[  424.726561][ T2017] mmc mmc1:0001: AR6K-MAINLINE CMD53 arg=0x941f9834 WR addr=0xfcc blocks=0 blksz=52 mode=BYTE incr=1
[  424.737058][ T2017] mmc mmc1:0001: AR6K-MAINLINE CMD53 arg=0x941f9834 WR addr=0xfcc blocks=0 blksz=52 mode=BYTE incr=1
[  424.747774][ T2017] mmc mmc1:0001: AR6K-MAINLINE CMD53 arg=0x941f9834 WR addr=0xfcc blocks=0 blksz=52 mode=BYTE incr=1
[  424.758371][ T2017] mmc mmc1:0001: AR6K-MAINLINE CMD53 arg=0x941f9834 WR addr=0xfcc blocks=0 blksz=52 mode=BYTE incr=1
[  424.769159][ T2017] mmc mmc1:0001: AR6K-MAINLINE CMD53 arg=0x941f9834 WR addr=0xfcc blocks=0 blksz=52 mode=BYTE incr=1
[  424.779864][ T2017] mmc mmc1:0001: AR6K-MAINLINE CMD53 arg=0x941f9834 WR addr=0xfcc blocks=0 blksz=52 mode=BYTE incr=1
[  424.790526][ T2017] mmc mmc1:0001: AR6K-MAINLINE CMD53 arg=0x941f9834 WR addr=0xfcc blocks=0 blksz=52 mode=BYTE incr=1
[  424.801120][ T2017] mmc mmc1:0001: AR6K-MAINLINE CMD53 arg=0x941f9834 WR addr=0xfcc blocks=0 blksz=52 mode=BYTE incr=1
[  424.811829][ T2017] mmc mmc1:0001: AR6K-MAINLINE CMD53 arg=0x941f9834 WR addr=0xfcc blocks=0 blksz=52 mode=BYTE incr=1
[  424.822436][ T2017] mmc mmc1:0001: AR6K-MAINLINE CMD53 arg=0x941f9834 WR addr=0xfcc blocks=0 blksz=52 mode=BYTE incr=1
[  424.833319][ T2017] mmc mmc1:0001: AR6K-MAINLINE CMD53 arg=0x941f9834 WR addr=0xfcc blocks=0 blksz=52 mode=BYTE incr=1
[  424.843852][ T2017] mmc mmc1:0001: AR6K-MAINLINE CMD53 arg=0x941f9834 WR addr=0xfcc blocks=0 blksz=52 mode=BYTE incr=1
[  424.854557][ T2017] mmc mmc1:0001: AR6K-MAINLINE CMD53 arg=0x941f9834 WR addr=0xfcc blocks=0 blksz=52 mode=BYTE incr=1
[  424.865155][ T2017] mmc mmc1:0001: AR6K-MAINLINE CMD53 arg=0x941f9834 WR addr=0xfcc blocks=0 blksz=52 mode=BYTE incr=1
[  424.875935][ T2017] mmc mmc1:0001: AR6K-MAINLINE CMD53 arg=0x941f9834 WR addr=0xfcc blocks=0 blksz=52 mode=BYTE incr=1
[  424.886633][ T2017] mmc mmc1:0001: AR6K-MAINLINE CMD53 arg=0x941f9834 WR addr=0xfcc blocks=0 blksz=52 mode=BYTE incr=1
[  424.897293][ T2017] mmc mmc1:0001: AR6K-MAINLINE CMD53 arg=0x941f9834 WR addr=0xfcc blocks=0 blksz=52 mode=BYTE incr=1
[  424.907884][ T2017] mmc mmc1:0001: AR6K-MAINLINE CMD53 arg=0x941f9834 WR addr=0xfcc blocks=0 blksz=52 mode=BYTE incr=1
[  424.918642][ T2017] mmc mmc1:0001: AR6K-MAINLINE CMD53 arg=0x941f9834 WR addr=0xfcc blocks=0 blksz=52 mode=BYTE incr=1
[  424.929210][ T2017] mmc mmc1:0001: AR6K-MAINLINE CMD53 arg=0x941f9834 WR addr=0xfcc blocks=0 blksz=52 mode=BYTE incr=1
[  424.940117][ T2017] mmc mmc1:0001: AR6K-MAINLINE CMD53 arg=0x941f9834 WR addr=0xfcc blocks=0 blksz=52 mode=BYTE incr=1
[  424.950607][ T2017] mmc mmc1:0001: AR6K-MAINLINE CMD53 arg=0x941f9834 WR addr=0xfcc blocks=0 blksz=52 mode=BYTE incr=1
[  424.961360][ T2017] mmc mmc1:0001: AR6K-MAINLINE CMD53 arg=0x941f9834 WR addr=0xfcc blocks=0 blksz=52 mode=BYTE incr=1
[  424.971935][ T2017] mmc mmc1:0001: AR6K-MAINLINE CMD53 arg=0x941f9834 WR addr=0xfcc blocks=0 blksz=52 mode=BYTE incr=1
[  424.983183][ T2017] mmc mmc1:0001: AR6K-MAINLINE CMD53 arg=0x941f9834 WR addr=0xfcc blocks=0 blksz=52 mode=BYTE incr=1
[  424.993407][ T2017] mmc mmc1:0001: AR6K-MAINLINE CMD53 arg=0x941f9834 WR addr=0xfcc blocks=0 blksz=52 mode=BYTE incr=1
[  425.004051][ T2017] mmc mmc1:0001: AR6K-MAINLINE CMD53 arg=0x941f9834 WR addr=0xfcc blocks=0 blksz=52 mode=BYTE incr=1
[  425.014642][ T2017] mmc mmc1:0001: AR6K-MAINLINE CMD53 arg=0x941f9834 WR addr=0xfcc blocks=0 blksz=52 mode=BYTE incr=1
[  425.025411][ T2017] mmc mmc1:0001: AR6K-MAINLINE CMD53 arg=0x941f9834 WR addr=0xfcc blocks=0 blksz=52 mode=BYTE incr=1
[  425.036027][ T2017] mmc mmc1:0001: AR6K-MAINLINE CMD53 arg=0x941f9834 WR addr=0xfcc blocks=0 blksz=52 mode=BYTE incr=1
[  425.046896][ T2017] mmc mmc1:0001: AR6K-MAINLINE CMD53 arg=0x941f9834 WR addr=0xfcc blocks=0 blksz=52 mode=BYTE incr=1
[  425.057379][ T2017] mmc mmc1:0001: AR6K-MAINLINE CMD53 arg=0x941f9834 WR addr=0xfcc blocks=0 blksz=52 mode=BYTE incr=1
[  425.068136][ T2017] mmc mmc1:0001: AR6K-MAINLINE CMD53 arg=0x941f9834 WR addr=0xfcc blocks=0 blksz=52 mode=BYTE incr=1
[  425.078652][ T2017] mmc mmc1:0001: AR6K-MAINLINE CMD53 arg=0x941f9834 WR addr=0xfcc blocks=0 blksz=52 mode=BYTE incr=1
[  425.089640][ T2017] mmc mmc1:0001: AR6K-MAINLINE CMD53 arg=0x941f9834 WR addr=0xfcc blocks=0 blksz=52 mode=BYTE incr=1
[  425.100025][ T2017] mmc mmc1:0001: AR6K-MAINLINE CMD53 arg=0x941f9834 WR addr=0xfcc blocks=0 blksz=52 mode=BYTE incr=1
[  425.110716][ T2017] mmc mmc1:0001: AR6K-MAINLINE CMD53 arg=0x941f9834 WR addr=0xfcc blocks=0 blksz=52 mode=BYTE incr=1
[  425.121495][ T2017] mmc mmc1:0001: AR6K-MAINLINE CMD53 arg=0x941f9834 WR addr=0xfcc blocks=0 blksz=52 mode=BYTE incr=1
[  425.132080][ T2017] mmc mmc1:0001: AR6K-MAINLINE CMD53 arg=0x941f9834 WR addr=0xfcc blocks=0 blksz=52 mode=BYTE incr=1
[  425.142938][ T2017] mmc mmc1:0001: AR6K-MAINLINE CMD53 arg=0x941f9834 WR addr=0xfcc blocks=0 blksz=52 mode=BYTE incr=1
[  425.153411][ T2017] mmc mmc1:0001: AR6K-MAINLINE CMD53 arg=0x941f9834 WR addr=0xfcc blocks=0 blksz=52 mode=BYTE incr=1
[  425.164258][ T2017] mmc mmc1:0001: AR6K-MAINLINE CMD53 arg=0x941f9834 WR addr=0xfcc blocks=0 blksz=52 mode=BYTE incr=1
[  425.174771][ T2017] mmc mmc1:0001: AR6K-MAINLINE CMD53 arg=0x941f9834 WR addr=0xfcc blocks=0 blksz=52 mode=BYTE incr=1
[  425.185579][ T2017] mmc mmc1:0001: AR6K-MAINLINE CMD53 arg=0x941f9834 WR addr=0xfcc blocks=0 blksz=52 mode=BYTE incr=1
[  425.196244][ T2017] mmc mmc1:0001: AR6K-MAINLINE CMD53 arg=0x941f9834 WR addr=0xfcc blocks=0 blksz=52 mode=BYTE incr=1
[  425.206949][ T2017] mmc mmc1:0001: AR6K-MAINLINE CMD53 arg=0x941f9834 WR addr=0xfcc blocks=0 blksz=52 mode=BYTE incr=1
[  425.217495][ T2017] mmc mmc1:0001: AR6K-MAINLINE CMD53 arg=0x941f9834 WR addr=0xfcc blocks=0 blksz=52 mode=BYTE incr=1
[  425.228280][ T2017] mmc mmc1:0001: AR6K-MAINLINE CMD53 arg=0x941f9834 WR addr=0xfcc blocks=0 blksz=52 mode=BYTE incr=1
[  425.238920][ T2017] mmc mmc1:0001: AR6K-MAINLINE CMD53 arg=0x941f9834 WR addr=0xfcc blocks=0 blksz=52 mode=BYTE incr=1
[  425.249838][ T2017] mmc mmc1:0001: AR6K-MAINLINE CMD53 arg=0x941f9834 WR addr=0xfcc blocks=0 blksz=52 mode=BYTE incr=1
[  425.260202][ T2017] mmc mmc1:0001: AR6K-MAINLINE CMD53 arg=0x941f9834 WR addr=0xfcc blocks=0 blksz=52 mode=BYTE incr=1
[  425.271045][ T2017] mmc mmc1:0001: AR6K-MAINLINE CMD53 arg=0x941f9834 WR addr=0xfcc blocks=0 blksz=52 mode=BYTE incr=1
[  425.281543][ T2017] mmc mmc1:0001: AR6K-MAINLINE CMD53 arg=0x941f9834 WR addr=0xfcc blocks=0 blksz=52 mode=BYTE incr=1
[  425.292332][ T2017] mmc mmc1:0001: AR6K-MAINLINE CMD53 arg=0x941f9834 WR addr=0xfcc blocks=0 blksz=52 mode=BYTE incr=1
[  425.303028][ T2017] mmc mmc1:0001: AR6K-MAINLINE CMD53 arg=0x941f9834 WR addr=0xfcc blocks=0 blksz=52 mode=BYTE incr=1
[  425.313704][ T2017] mmc mmc1:0001: AR6K-MAINLINE CMD53 arg=0x941f9834 WR addr=0xfcc blocks=0 blksz=52 mode=BYTE incr=1
[  425.324249][ T2017] mmc mmc1:0001: AR6K-MAINLINE CMD53 arg=0x941f9834 WR addr=0xfcc blocks=0 blksz=52 mode=BYTE incr=1
[  425.335073][ T2017] mmc mmc1:0001: AR6K-MAINLINE CMD53 arg=0x941f9834 WR addr=0xfcc blocks=0 blksz=52 mode=BYTE incr=1
[  425.345582][ T2017] mmc mmc1:0001: AR6K-MAINLINE CMD53 arg=0x941f9834 WR addr=0xfcc blocks=0 blksz=52 mode=BYTE incr=1
[  425.356521][ T2017] mmc mmc1:0001: AR6K-MAINLINE CMD53 arg=0x941f9834 WR addr=0xfcc blocks=0 blksz=52 mode=BYTE incr=1
[  425.366973][ T2017] mmc mmc1:0001: AR6K-MAINLINE CMD53 arg=0x941f9834 WR addr=0xfcc blocks=0 blksz=52 mode=BYTE incr=1
[  425.377808][ T2017] mmc mmc1:0001: AR6K-MAINLINE CMD53 arg=0x941f9834 WR addr=0xfcc blocks=0 blksz=52 mode=BYTE incr=1
[  425.388345][ T2017] mmc mmc1:0001: AR6K-MAINLINE CMD53 arg=0x941f9834 WR addr=0xfcc blocks=0 blksz=52 mode=BYTE incr=1
[  425.399144][ T2017] mmc mmc1:0001: AR6K-MAINLINE CMD53 arg=0x941f9834 WR addr=0xfcc blocks=0 blksz=52 mode=BYTE incr=1
[  425.409776][ T2017] mmc mmc1:0001: AR6K-MAINLINE CMD53 arg=0x941f9834 WR addr=0xfcc blocks=0 blksz=52 mode=BYTE incr=1
[  425.420461][ T2017] mmc mmc1:0001: AR6K-MAINLINE CMD53 arg=0x941f9834 WR addr=0xfcc blocks=0 blksz=52 mode=BYTE incr=1
[  425.431020][ T2017] mmc mmc1:0001: AR6K-MAINLINE CMD53 arg=0x941f9834 WR addr=0xfcc blocks=0 blksz=52 mode=BYTE incr=1
[  425.441829][ T2017] mmc mmc1:0001: AR6K-MAINLINE CMD53 arg=0x941f9834 WR addr=0xfcc blocks=0 blksz=52 mode=BYTE incr=1
[  425.452382][ T2017] mmc mmc1:0001: AR6K-MAINLINE CMD53 arg=0x941f9834 WR addr=0xfcc blocks=0 blksz=52 mode=BYTE incr=1
[  425.463348][ T2017] mmc mmc1:0001: AR6K-MAINLINE CMD53 arg=0x941f9834 WR addr=0xfcc blocks=0 blksz=52 mode=BYTE incr=1
[  425.473750][ T2017] mmc mmc1:0001: AR6K-MAINLINE CMD53 arg=0x941f9834 WR addr=0xfcc blocks=0 blksz=52 mode=BYTE incr=1
[  425.484569][ T2017] mmc mmc1:0001: AR6K-MAINLINE CMD53 arg=0x941f9834 WR addr=0xfcc blocks=0 blksz=52 mode=BYTE incr=1
[  425.495077][ T2017] mmc mmc1:0001: AR6K-MAINLINE CMD53 arg=0x941f9834 WR addr=0xfcc blocks=0 blksz=52 mode=BYTE incr=1
[  425.505919][ T2017] mmc mmc1:0001: AR6K-MAINLINE CMD53 arg=0x941f9834 WR addr=0xfcc blocks=0 blksz=52 mode=BYTE incr=1
[  425.516552][ T2017] mmc mmc1:0001: AR6K-MAINLINE CMD53 arg=0x941f9834 WR addr=0xfcc blocks=0 blksz=52 mode=BYTE incr=1
[  425.527289][ T2017] mmc mmc1:0001: AR6K-MAINLINE CMD53 arg=0x941f9834 WR addr=0xfcc blocks=0 blksz=52 mode=BYTE incr=1
[  425.537819][ T2017] mmc mmc1:0001: AR6K-MAINLINE CMD53 arg=0x941f9834 WR addr=0xfcc blocks=0 blksz=52 mode=BYTE incr=1
[  425.548582][ T2017] mmc mmc1:0001: AR6K-MAINLINE CMD53 arg=0x941f9834 WR addr=0xfcc blocks=0 blksz=52 mode=BYTE incr=1
[  425.559164][ T2017] mmc mmc1:0001: AR6K-MAINLINE CMD53 arg=0x941f9834 WR addr=0xfcc blocks=0 blksz=52 mode=BYTE incr=1
[  425.570153][ T2017] mmc mmc1:0001: AR6K-MAINLINE CMD53 arg=0x941f9834 WR addr=0xfcc blocks=0 blksz=52 mode=BYTE incr=1
[  425.580506][ T2017] mmc mmc1:0001: AR6K-MAINLINE CMD53 arg=0x941f9834 WR addr=0xfcc blocks=0 blksz=52 mode=BYTE incr=1
[  425.591339][ T2017] mmc mmc1:0001: AR6K-MAINLINE CMD53 arg=0x941f9834 WR addr=0xfcc blocks=0 blksz=52 mode=BYTE incr=1
[  425.601831][ T2017] mmc mmc1:0001: AR6K-MAINLINE CMD53 arg=0x941f9834 WR addr=0xfcc blocks=0 blksz=52 mode=BYTE incr=1
[  425.612643][ T2017] mmc mmc1:0001: AR6K-MAINLINE CMD53 arg=0x941f9834 WR addr=0xfcc blocks=0 blksz=52 mode=BYTE incr=1
[  425.623316][ T2017] mmc mmc1:0001: AR6K-MAINLINE CMD53 arg=0x941f9834 WR addr=0xfcc blocks=0 blksz=52 mode=BYTE incr=1
[  425.634055][ T2017] mmc mmc1:0001: AR6K-MAINLINE CMD53 arg=0x941f9834 WR addr=0xfcc blocks=0 blksz=52 mode=BYTE incr=1
[  425.644552][ T2017] mmc mmc1:0001: AR6K-MAINLINE CMD53 arg=0x941f9834 WR addr=0xfcc blocks=0 blksz=52 mode=BYTE incr=1
[  425.655406][ T2017] mmc mmc1:0001: AR6K-MAINLINE CMD53 arg=0x941f9834 WR addr=0xfcc blocks=0 blksz=52 mode=BYTE incr=1
[  425.665913][ T2017] mmc mmc1:0001: AR6K-MAINLINE CMD53 arg=0x941f9834 WR addr=0xfcc blocks=0 blksz=52 mode=BYTE incr=1
[  425.676829][ T2017] mmc mmc1:0001: AR6K-MAINLINE CMD53 arg=0x941f9834 WR addr=0xfcc blocks=0 blksz=52 mode=BYTE incr=1
[  425.687287][ T2017] mmc mmc1:0001: AR6K-MAINLINE CMD53 arg=0x941f9834 WR addr=0xfcc blocks=0 blksz=52 mode=BYTE incr=1
[  425.698072][ T2017] mmc mmc1:0001: AR6K-MAINLINE CMD53 arg=0x941f9834 WR addr=0xfcc blocks=0 blksz=52 mode=BYTE incr=1
[  425.708639][ T2017] mmc mmc1:0001: AR6K-MAINLINE CMD53 arg=0x941f9834 WR addr=0xfcc blocks=0 blksz=52 mode=BYTE incr=1
[  425.719640][ T2017] mmc mmc1:0001: AR6K-MAINLINE CMD53 arg=0x941f9834 WR addr=0xfcc blocks=0 blksz=52 mode=BYTE incr=1
[  425.729997][ T2017] mmc mmc1:0001: AR6K-MAINLINE CMD53 arg=0x941f9834 WR addr=0xfcc blocks=0 blksz=52 mode=BYTE incr=1
[  425.740658][ T2017] mmc mmc1:0001: AR6K-MAINLINE CMD53 arg=0x941f9834 WR addr=0xfcc blocks=0 blksz=52 mode=BYTE incr=1
[  425.751432][ T2017] mmc mmc1:0001: AR6K-MAINLINE CMD53 arg=0x941f9834 WR addr=0xfcc blocks=0 blksz=52 mode=BYTE incr=1
[  425.762090][ T2017] mmc mmc1:0001: AR6K-MAINLINE CMD53 arg=0x941f9834 WR addr=0xfcc blocks=0 blksz=52 mode=BYTE incr=1
[  425.772963][ T2017] mmc mmc1:0001: AR6K-MAINLINE CMD53 arg=0x941f9834 WR addr=0xfcc blocks=0 blksz=52 mode=BYTE incr=1
[  425.783396][ T2017] mmc mmc1:0001: AR6K-MAINLINE CMD53 arg=0x941f9834 WR addr=0xfcc blocks=0 blksz=52 mode=BYTE incr=1
[  425.794166][ T2017] mmc mmc1:0001: AR6K-MAINLINE CMD53 arg=0x941f9834 WR addr=0xfcc blocks=0 blksz=52 mode=BYTE incr=1
[  425.804709][ T2017] mmc mmc1:0001: AR6K-MAINLINE CMD53 arg=0x941f9834 WR addr=0xfcc blocks=0 blksz=52 mode=BYTE incr=1
[  425.815558][ T2017] mmc mmc1:0001: AR6K-MAINLINE CMD53 arg=0x941f9834 WR addr=0xfcc blocks=0 blksz=52 mode=BYTE incr=1
[  425.826192][ T2017] mmc mmc1:0001: AR6K-MAINLINE CMD53 arg=0x941f9834 WR addr=0xfcc blocks=0 blksz=52 mode=BYTE incr=1
[  425.836924][ T2017] mmc mmc1:0001: AR6K-MAINLINE CMD53 arg=0x941f9834 WR addr=0xfcc blocks=0 blksz=52 mode=BYTE incr=1
[  425.847434][ T2017] mmc mmc1:0001: AR6K-MAINLINE CMD53 arg=0x941f9834 WR addr=0xfcc blocks=0 blksz=52 mode=BYTE incr=1
[  425.858275][ T2017] mmc mmc1:0001: AR6K-MAINLINE CMD53 arg=0x941f9834 WR addr=0xfcc blocks=0 blksz=52 mode=BYTE incr=1
[  425.868795][ T2017] mmc mmc1:0001: AR6K-MAINLINE CMD53 arg=0x941f9834 WR addr=0xfcc blocks=0 blksz=52 mode=BYTE incr=1
[  425.879778][ T2017] mmc mmc1:0001: AR6K-MAINLINE CMD53 arg=0x941f9834 WR addr=0xfcc blocks=0 blksz=52 mode=BYTE incr=1
[  425.890172][ T2017] mmc mmc1:0001: AR6K-MAINLINE CMD53 arg=0x941f9834 WR addr=0xfcc blocks=0 blksz=52 mode=BYTE incr=1
[  425.900970][ T2017] mmc mmc1:0001: AR6K-MAINLINE CMD53 arg=0x941f9834 WR addr=0xfcc blocks=0 blksz=52 mode=BYTE incr=1
[  425.911495][ T2017] mmc mmc1:0001: AR6K-MAINLINE CMD53 arg=0x941f9834 WR addr=0xfcc blocks=0 blksz=52 mode=BYTE incr=1
[  425.922359][ T2017] mmc mmc1:0001: AR6K-MAINLINE CMD53 arg=0x941f9834 WR addr=0xfcc blocks=0 blksz=52 mode=BYTE incr=1
[  425.932856][ T2017] mmc mmc1:0001: AR6K-MAINLINE CMD53 arg=0x941f9834 WR addr=0xfcc blocks=0 blksz=52 mode=BYTE incr=1
[  425.943641][ T2017] mmc mmc1:0001: AR6K-MAINLINE CMD53 arg=0x941f9834 WR addr=0xfcc blocks=0 blksz=52 mode=BYTE incr=1
[  425.954214][ T2017] mmc mmc1:0001: AR6K-MAINLINE CMD53 arg=0x941f9834 WR addr=0xfcc blocks=0 blksz=52 mode=BYTE incr=1
[  425.965013][ T2017] mmc mmc1:0001: AR6K-MAINLINE CMD53 arg=0x941f9834 WR addr=0xfcc blocks=0 blksz=52 mode=BYTE incr=1
[  425.975659][ T2017] mmc mmc1:0001: AR6K-MAINLINE CMD53 arg=0x941f9834 WR addr=0xfcc blocks=0 blksz=52 mode=BYTE incr=1
[  425.986401][ T2017] mmc mmc1:0001: AR6K-MAINLINE CMD53 arg=0x941f9834 WR addr=0xfcc blocks=0 blksz=52 mode=BYTE incr=1
[  425.996906][ T2017] mmc mmc1:0001: AR6K-MAINLINE CMD53 arg=0x941f9834 WR addr=0xfcc blocks=0 blksz=52 mode=BYTE incr=1
[  426.007727][ T2017] mmc mmc1:0001: AR6K-MAINLINE CMD53 arg=0x941f9834 WR addr=0xfcc blocks=0 blksz=52 mode=BYTE incr=1
[  426.018264][ T2017] mmc mmc1:0001: AR6K-MAINLINE CMD53 arg=0x941f9834 WR addr=0xfcc blocks=0 blksz=52 mode=BYTE incr=1
[  426.029172][ T2017] mmc mmc1:0001: AR6K-MAINLINE CMD53 arg=0x941f9834 WR addr=0xfcc blocks=0 blksz=52 mode=BYTE incr=1
[  426.039676][ T2017] mmc mmc1:0001: AR6K-MAINLINE CMD53 arg=0x941f9834 WR addr=0xfcc blocks=0 blksz=52 mode=BYTE incr=1
[  426.050457][ T2017] mmc mmc1:0001: AR6K-MAINLINE CMD53 arg=0x941f9834 WR addr=0xfcc blocks=0 blksz=52 mode=BYTE incr=1
[  426.060965][ T2017] mmc mmc1:0001: AR6K-MAINLINE CMD53 arg=0x941f9834 WR addr=0xfcc blocks=0 blksz=52 mode=BYTE incr=1
[  426.071879][ T2017] mmc mmc1:0001: AR6K-MAINLINE CMD53 arg=0x941f9834 WR addr=0xfcc blocks=0 blksz=52 mode=BYTE incr=1
[  426.082311][ T2017] mmc mmc1:0001: AR6K-MAINLINE CMD53 arg=0x941f9834 WR addr=0xfcc blocks=0 blksz=52 mode=BYTE incr=1
[  426.093108][ T2017] mmc mmc1:0001: AR6K-MAINLINE CMD53 arg=0x941f9834 WR addr=0xfcc blocks=0 blksz=52 mode=BYTE incr=1
[  426.103688][ T2017] mmc mmc1:0001: AR6K-MAINLINE CMD53 arg=0x941f9834 WR addr=0xfcc blocks=0 blksz=52 mode=BYTE incr=1
[  426.114472][ T2017] mmc mmc1:0001: AR6K-MAINLINE CMD53 arg=0x941f9834 WR addr=0xfcc blocks=0 blksz=52 mode=BYTE incr=1
[  426.125170][ T2017] mmc mmc1:0001: AR6K-MAINLINE CMD53 arg=0x941f9834 WR addr=0xfcc blocks=0 blksz=52 mode=BYTE incr=1
[  426.135840][ T2017] mmc mmc1:0001: AR6K-MAINLINE CMD53 arg=0x941f9834 WR addr=0xfcc blocks=0 blksz=52 mode=BYTE incr=1
[  426.146387][ T2017] mmc mmc1:0001: AR6K-MAINLINE CMD53 arg=0x941f9834 WR addr=0xfcc blocks=0 blksz=52 mode=BYTE incr=1
[  426.157227][ T2017] mmc mmc1:0001: AR6K-MAINLINE CMD53 arg=0x941f9834 WR addr=0xfcc blocks=0 blksz=52 mode=BYTE incr=1
[  426.167742][ T2017] mmc mmc1:0001: AR6K-MAINLINE CMD53 arg=0x941f9834 WR addr=0xfcc blocks=0 blksz=52 mode=BYTE incr=1
[  426.178664][ T2017] mmc mmc1:0001: AR6K-MAINLINE CMD53 arg=0x941f9834 WR addr=0xfcc blocks=0 blksz=52 mode=BYTE incr=1
[  426.189114][ T2017] mmc mmc1:0001: AR6K-MAINLINE CMD53 arg=0x941f9834 WR addr=0xfcc blocks=0 blksz=52 mode=BYTE incr=1
[  426.199869][ T2017] mmc mmc1:0001: AR6K-MAINLINE CMD53 arg=0x941f9834 WR addr=0xfcc blocks=0 blksz=52 mode=BYTE incr=1
[  426.210450][ T2017] mmc mmc1:0001: AR6K-MAINLINE CMD53 arg=0x941f9834 WR addr=0xfcc blocks=0 blksz=52 mode=BYTE incr=1
[  426.221363][ T2017] mmc mmc1:0001: AR6K-MAINLINE CMD53 arg=0x941f9834 WR addr=0xfcc blocks=0 blksz=52 mode=BYTE incr=1
[  426.231799][ T2017] mmc mmc1:0001: AR6K-MAINLINE CMD53 arg=0x941f9834 WR addr=0xfcc blocks=0 blksz=52 mode=BYTE incr=1
[  426.242583][ T2017] mmc mmc1:0001: AR6K-MAINLINE CMD53 arg=0x941f9834 WR addr=0xfcc blocks=0 blksz=52 mode=BYTE incr=1
[  426.253158][ T2017] mmc mmc1:0001: AR6K-MAINLINE CMD53 arg=0x941f9834 WR addr=0xfcc blocks=0 blksz=52 mode=BYTE incr=1
[  426.263981][ T2017] mmc mmc1:0001: AR6K-MAINLINE CMD53 arg=0x941f9834 WR addr=0xfcc blocks=0 blksz=52 mode=BYTE incr=1
[  426.274680][ T2017] mmc mmc1:0001: AR6K-MAINLINE CMD53 arg=0x941f9834 WR addr=0xfcc blocks=0 blksz=52 mode=BYTE incr=1
[  426.285321][ T2017] mmc mmc1:0001: AR6K-MAINLINE CMD53 arg=0x941f9834 WR addr=0xfcc blocks=0 blksz=52 mode=BYTE incr=1
[  426.295856][ T2017] mmc mmc1:0001: AR6K-MAINLINE CMD53 arg=0x941f9834 WR addr=0xfcc blocks=0 blksz=52 mode=BYTE incr=1
[  426.306676][ T2017] mmc mmc1:0001: AR6K-MAINLINE CMD53 arg=0x941f9834 WR addr=0xfcc blocks=0 blksz=52 mode=BYTE incr=1
[  426.317191][ T2017] mmc mmc1:0001: AR6K-MAINLINE CMD53 arg=0x941f9834 WR addr=0xfcc blocks=0 blksz=52 mode=BYTE incr=1
[  426.328176][ T2017] mmc mmc1:0001: AR6K-MAINLINE CMD53 arg=0x941f9834 WR addr=0xfcc blocks=0 blksz=52 mode=BYTE incr=1
[  426.338560][ T2017] mmc mmc1:0001: AR6K-MAINLINE CMD53 arg=0x941f9834 WR addr=0xfcc blocks=0 blksz=52 mode=BYTE incr=1
[  426.349467][ T2017] mmc mmc1:0001: AR6K-MAINLINE CMD53 arg=0x941f9834 WR addr=0xfcc blocks=0 blksz=52 mode=BYTE incr=1
[  426.360007][ T2017] mmc mmc1:0001: AR6K-MAINLINE CMD53 arg=0x941f9834 WR addr=0xfcc blocks=0 blksz=52 mode=BYTE incr=1
[  426.370701][ T2017] mmc mmc1:0001: AR6K-MAINLINE CMD53 arg=0x941f9834 WR addr=0xfcc blocks=0 blksz=52 mode=BYTE incr=1
[  426.381373][ T2017] mmc mmc1:0001: AR6K-MAINLINE CMD53 arg=0x941f9834 WR addr=0xfcc blocks=0 blksz=52 mode=BYTE incr=1
[  426.391996][ T2017] mmc mmc1:0001: AR6K-MAINLINE CMD53 arg=0x941f9834 WR addr=0xfcc blocks=0 blksz=52 mode=BYTE incr=1
[  426.402733][ T2017] mmc mmc1:0001: AR6K-MAINLINE CMD53 arg=0x941f9834 WR addr=0xfcc blocks=0 blksz=52 mode=BYTE incr=1
[  426.413372][ T2017] mmc mmc1:0001: AR6K-MAINLINE CMD53 arg=0x941f9834 WR addr=0xfcc blocks=0 blksz=52 mode=BYTE incr=1
[  426.424204][ T2017] mmc mmc1:0001: AR6K-MAINLINE CMD53 arg=0x941f9834 WR addr=0xfcc blocks=0 blksz=52 mode=BYTE incr=1
[  426.434705][ T2017] mmc mmc1:0001: AR6K-MAINLINE CMD53 arg=0x941f9834 WR addr=0xfcc blocks=0 blksz=52 mode=BYTE incr=1
[  426.445478][ T2017] mmc mmc1:0001: AR6K-MAINLINE CMD53 arg=0x941f9834 WR addr=0xfcc blocks=0 blksz=52 mode=BYTE incr=1
[  426.456031][ T2017] mmc mmc1:0001: AR6K-MAINLINE CMD53 arg=0x941f9834 WR addr=0xfcc blocks=0 blksz=52 mode=BYTE incr=1
[  426.466804][ T2017] mmc mmc1:0001: AR6K-MAINLINE CMD53 arg=0x941f9834 WR addr=0xfcc blocks=0 blksz=52 mode=BYTE incr=1
[  426.477504][ T2017] mmc mmc1:0001: AR6K-MAINLINE CMD53 arg=0x941f9834 WR addr=0xfcc blocks=0 blksz=52 mode=BYTE incr=1
[  426.488174][ T2017] mmc mmc1:0001: AR6K-MAINLINE CMD53 arg=0x941f9834 WR addr=0xfcc blocks=0 blksz=52 mode=BYTE incr=1
[  426.498778][ T2017] mmc mmc1:0001: AR6K-MAINLINE CMD53 arg=0x941f9834 WR addr=0xfcc blocks=0 blksz=52 mode=BYTE incr=1
[  426.509656][ T2017] mmc mmc1:0001: AR6K-MAINLINE CMD53 arg=0x941f9834 WR addr=0xfcc blocks=0 blksz=52 mode=BYTE incr=1
[  426.520170][ T2017] mmc mmc1:0001: AR6K-MAINLINE CMD53 arg=0x941f9834 WR addr=0xfcc blocks=0 blksz=52 mode=BYTE incr=1
[  426.530803][ T2017] mmc mmc1:0001: AR6K-MAINLINE CMD53 arg=0x941f9834 WR addr=0xfcc blocks=0 blksz=52 mode=BYTE incr=1
[  426.541574][ T2017] mmc mmc1:0001: AR6K-MAINLINE CMD53 arg=0x941f9834 WR addr=0xfcc blocks=0 blksz=52 mode=BYTE incr=1
[  426.552244][ T2017] mmc mmc1:0001: AR6K-MAINLINE CMD53 arg=0x941f9834 WR addr=0xfcc blocks=0 blksz=52 mode=BYTE incr=1
[  426.562795][ T2017] mmc mmc1:0001: AR6K-MAINLINE CMD53 arg=0x941f9834 WR addr=0xfcc blocks=0 blksz=52 mode=BYTE incr=1
[  426.573794][ T2017] mmc mmc1:0001: AR6K-MAINLINE CMD53 arg=0x941f9834 WR addr=0xfcc blocks=0 blksz=52 mode=BYTE incr=1
[  426.584164][ T2017] mmc mmc1:0001: AR6K-MAINLINE CMD53 arg=0x941f9834 WR addr=0xfcc blocks=0 blksz=52 mode=BYTE incr=1
[  426.594941][ T2017] mmc mmc1:0001: AR6K-MAINLINE CMD53 arg=0x941f9834 WR addr=0xfcc blocks=0 blksz=52 mode=BYTE incr=1
[  426.605489][ T2017] mmc mmc1:0001: AR6K-MAINLINE CMD53 arg=0x941f9834 WR addr=0xfcc blocks=0 blksz=52 mode=BYTE incr=1
[  426.616296][ T2017] mmc mmc1:0001: AR6K-MAINLINE CMD53 arg=0x941f9834 WR addr=0xfcc blocks=0 blksz=52 mode=BYTE incr=1
[  426.626966][ T2017] mmc mmc1:0001: AR6K-MAINLINE CMD53 arg=0x941f9834 WR addr=0xfcc blocks=0 blksz=52 mode=BYTE incr=1
[  426.637705][ T2017] mmc mmc1:0001: AR6K-MAINLINE CMD53 arg=0x941f9834 WR addr=0xfcc blocks=0 blksz=52 mode=BYTE incr=1
[  426.648212][ T2017] mmc mmc1:0001: AR6K-MAINLINE CMD53 arg=0x941f9834 WR addr=0xfcc blocks=0 blksz=52 mode=BYTE incr=1
[  426.659032][ T2017] mmc mmc1:0001: AR6K-MAINLINE CMD53 arg=0x941f9834 WR addr=0xfcc blocks=0 blksz=52 mode=BYTE incr=1
[  426.669684][ T2017] mmc mmc1:0001: AR6K-MAINLINE CMD53 arg=0x941f9834 WR addr=0xfcc blocks=0 blksz=52 mode=BYTE incr=1
[  426.680362][ T2017] mmc mmc1:0001: AR6K-MAINLINE CMD53 arg=0x941f9834 WR addr=0xfcc blocks=0 blksz=52 mode=BYTE incr=1
[  426.690912][ T2017] mmc mmc1:0001: AR6K-MAINLINE CMD53 arg=0x941f9834 WR addr=0xfcc blocks=0 blksz=52 mode=BYTE incr=1
[  426.701756][ T2017] mmc mmc1:0001: AR6K-MAINLINE CMD53 arg=0x941f9834 WR addr=0xfcc blocks=0 blksz=52 mode=BYTE incr=1
[  426.712243][ T2017] mmc mmc1:0001: AR6K-MAINLINE CMD53 arg=0x941f9834 WR addr=0xfcc blocks=0 blksz=52 mode=BYTE incr=1
[  426.723187][ T2017] mmc mmc1:0001: AR6K-MAINLINE CMD53 arg=0x941f9834 WR addr=0xfcc blocks=0 blksz=52 mode=BYTE incr=1
[  426.733632][ T2017] mmc mmc1:0001: AR6K-MAINLINE CMD53 arg=0x941f9834 WR addr=0xfcc blocks=0 blksz=52 mode=BYTE incr=1
[  426.744387][ T2017] mmc mmc1:0001: AR6K-MAINLINE CMD53 arg=0x941f9834 WR addr=0xfcc blocks=0 blksz=52 mode=BYTE incr=1
[  426.755009][ T2017] mmc mmc1:0001: AR6K-MAINLINE CMD53 arg=0x941f9834 WR addr=0xfcc blocks=0 blksz=52 mode=BYTE incr=1
[  426.765747][ T2017] mmc mmc1:0001: AR6K-MAINLINE CMD53 arg=0x941f9834 WR addr=0xfcc blocks=0 blksz=52 mode=BYTE incr=1
[  426.776475][ T2017] mmc mmc1:0001: AR6K-MAINLINE CMD53 arg=0x941f9834 WR addr=0xfcc blocks=0 blksz=52 mode=BYTE incr=1
[  426.787119][ T2017] mmc mmc1:0001: AR6K-MAINLINE CMD53 arg=0x941f9834 WR addr=0xfcc blocks=0 blksz=52 mode=BYTE incr=1
[  426.797685][ T2017] mmc mmc1:0001: AR6K-MAINLINE CMD53 arg=0x941f9834 WR addr=0xfcc blocks=0 blksz=52 mode=BYTE incr=1
[  426.808503][ T2017] mmc mmc1:0001: AR6K-MAINLINE CMD53 arg=0x941f9834 WR addr=0xfcc blocks=0 blksz=52 mode=BYTE incr=1
[  426.819049][ T2017] mmc mmc1:0001: AR6K-MAINLINE CMD53 arg=0x941f9834 WR addr=0xfcc blocks=0 blksz=52 mode=BYTE incr=1
[  426.829983][ T2017] mmc mmc1:0001: AR6K-MAINLINE CMD53 arg=0x941f9834 WR addr=0xfcc blocks=0 blksz=52 mode=BYTE incr=1
[  426.840420][ T2017] mmc mmc1:0001: AR6K-MAINLINE CMD53 arg=0x941f9834 WR addr=0xfcc blocks=0 blksz=52 mode=BYTE incr=1
[  426.851202][ T2017] mmc mmc1:0001: AR6K-MAINLINE CMD53 arg=0x941f9834 WR addr=0xfcc blocks=0 blksz=52 mode=BYTE incr=1
[  426.861745][ T2017] mmc mmc1:0001: AR6K-MAINLINE CMD53 arg=0x941f9834 WR addr=0xfcc blocks=0 blksz=52 mode=BYTE incr=1
[  426.872566][ T2017] mmc mmc1:0001: AR6K-MAINLINE CMD53 arg=0x941f9834 WR addr=0xfcc blocks=0 blksz=52 mode=BYTE incr=1
[  426.883218][ T2017] mmc mmc1:0001: AR6K-MAINLINE CMD53 arg=0x941f9834 WR addr=0xfcc blocks=0 blksz=52 mode=BYTE incr=1
[  426.893931][ T2017] mmc mmc1:0001: AR6K-MAINLINE CMD53 arg=0x941f9834 WR addr=0xfcc blocks=0 blksz=52 mode=BYTE incr=1
[  426.904471][ T2017] mmc mmc1:0001: AR6K-MAINLINE CMD53 arg=0x941f9834 WR addr=0xfcc blocks=0 blksz=52 mode=BYTE incr=1
[  426.915331][ T2017] mmc mmc1:0001: AR6K-MAINLINE CMD53 arg=0x941f9834 WR addr=0xfcc blocks=0 blksz=52 mode=BYTE incr=1
[  426.925867][ T2017] mmc mmc1:0001: AR6K-MAINLINE CMD53 arg=0x941f9834 WR addr=0xfcc blocks=0 blksz=52 mode=BYTE incr=1
[  426.936736][ T2017] mmc mmc1:0001: AR6K-MAINLINE CMD53 arg=0x941f9834 WR addr=0xfcc blocks=0 blksz=52 mode=BYTE incr=1
[  426.947199][ T2017] mmc mmc1:0001: AR6K-MAINLINE CMD53 arg=0x941f9834 WR addr=0xfcc blocks=0 blksz=52 mode=BYTE incr=1
[  426.957983][ T2017] mmc mmc1:0001: AR6K-MAINLINE CMD53 arg=0x941f9834 WR addr=0xfcc blocks=0 blksz=52 mode=BYTE incr=1
[  426.968528][ T2017] mmc mmc1:0001: AR6K-MAINLINE CMD53 arg=0x941f9834 WR addr=0xfcc blocks=0 blksz=52 mode=BYTE incr=1
[  426.979506][ T2017] mmc mmc1:0001: AR6K-MAINLINE CMD53 arg=0x941f9834 WR addr=0xfcc blocks=0 blksz=52 mode=BYTE incr=1
[  426.989914][ T2017] mmc mmc1:0001: AR6K-MAINLINE CMD53 arg=0x941f9834 WR addr=0xfcc blocks=0 blksz=52 mode=BYTE incr=1
[  427.000572][ T2017] mmc mmc1:0001: AR6K-MAINLINE CMD53 arg=0x941f9834 WR addr=0xfcc blocks=0 blksz=52 mode=BYTE incr=1
[  427.011340][ T2017] mmc mmc1:0001: AR6K-MAINLINE CMD53 arg=0x941f9834 WR addr=0xfcc blocks=0 blksz=52 mode=BYTE incr=1
[  427.021935][ T2017] mmc mmc1:0001: AR6K-MAINLINE CMD53 arg=0x941f9834 WR addr=0xfcc blocks=0 blksz=52 mode=BYTE incr=1
[  427.032767][ T2017] mmc mmc1:0001: AR6K-MAINLINE CMD53 arg=0x941f9834 WR addr=0xfcc blocks=0 blksz=52 mode=BYTE incr=1
[  427.043309][ T2017] mmc mmc1:0001: AR6K-MAINLINE CMD53 arg=0x941f9834 WR addr=0xfcc blocks=0 blksz=52 mode=BYTE incr=1
[  427.054060][ T2017] mmc mmc1:0001: AR6K-MAINLINE CMD53 arg=0x941f9834 WR addr=0xfcc blocks=0 blksz=52 mode=BYTE incr=1
[  427.064627][ T2017] mmc mmc1:0001: AR6K-MAINLINE CMD53 arg=0x941f9834 WR addr=0xfcc blocks=0 blksz=52 mode=BYTE incr=1
[  427.075433][ T2017] mmc mmc1:0001: AR6K-MAINLINE CMD53 arg=0x941f9834 WR addr=0xfcc blocks=0 blksz=52 mode=BYTE incr=1
[  427.086113][ T2017] mmc mmc1:0001: AR6K-MAINLINE CMD53 arg=0x941f9834 WR addr=0xfcc blocks=0 blksz=52 mode=BYTE incr=1
[  427.096757][ T2017] mmc mmc1:0001: AR6K-MAINLINE CMD53 arg=0x941f9834 WR addr=0xfcc blocks=0 blksz=52 mode=BYTE incr=1
[  427.107319][ T2017] mmc mmc1:0001: AR6K-MAINLINE CMD53 arg=0x941f9834 WR addr=0xfcc blocks=0 blksz=52 mode=BYTE incr=1
[  427.118137][ T2017] mmc mmc1:0001: AR6K-MAINLINE CMD53 arg=0x941f9834 WR addr=0xfcc blocks=0 blksz=52 mode=BYTE incr=1
[  427.128682][ T2017] mmc mmc1:0001: AR6K-MAINLINE CMD53 arg=0x941f9834 WR addr=0xfcc blocks=0 blksz=52 mode=BYTE incr=1
[  427.139719][ T2017] mmc mmc1:0001: AR6K-MAINLINE CMD53 arg=0x941f9834 WR addr=0xfcc blocks=0 blksz=52 mode=BYTE incr=1
[  427.150094][ T2017] mmc mmc1:0001: AR6K-MAINLINE CMD53 arg=0x941f9834 WR addr=0xfcc blocks=0 blksz=52 mode=BYTE incr=1
[  427.160813][ T2017] mmc mmc1:0001: AR6K-MAINLINE CMD53 arg=0x941f9834 WR addr=0xfcc blocks=0 blksz=52 mode=BYTE incr=1
[  427.171423][ T2017] mmc mmc1:0001: AR6K-MAINLINE CMD53 arg=0x941f9834 WR addr=0xfcc blocks=0 blksz=52 mode=BYTE incr=1
[  427.182267][ T2017] mmc mmc1:0001: AR6K-MAINLINE CMD53 arg=0x941f9834 WR addr=0xfcc blocks=0 blksz=52 mode=BYTE incr=1
[  427.192783][ T2017] mmc mmc1:0001: AR6K-MAINLINE CMD53 arg=0x941f9834 WR addr=0xfcc blocks=0 blksz=52 mode=BYTE incr=1
[  427.203514][ T2017] mmc mmc1:0001: AR6K-MAINLINE CMD53 arg=0x941f9834 WR addr=0xfcc blocks=0 blksz=52 mode=BYTE incr=1
[  427.214141][ T2017] mmc mmc1:0001: AR6K-MAINLINE CMD53 arg=0x941f9834 WR addr=0xfcc blocks=0 blksz=52 mode=BYTE incr=1
[  427.224883][ T2017] mmc mmc1:0001: AR6K-MAINLINE CMD53 arg=0x941f9834 WR addr=0xfcc blocks=0 blksz=52 mode=BYTE incr=1
[  427.235603][ T2017] mmc mmc1:0001: AR6K-MAINLINE CMD53 arg=0x941f9834 WR addr=0xfcc blocks=0 blksz=52 mode=BYTE incr=1
[  427.246329][ T2017] mmc mmc1:0001: AR6K-MAINLINE CMD53 arg=0x941f9834 WR addr=0xfcc blocks=0 blksz=52 mode=BYTE incr=1
[  427.256825][ T2017] mmc mmc1:0001: AR6K-MAINLINE CMD53 arg=0x941f9834 WR addr=0xfcc blocks=0 blksz=52 mode=BYTE incr=1
[  427.267595][ T2017] mmc mmc1:0001: AR6K-MAINLINE CMD53 arg=0x941f9834 WR addr=0xfcc blocks=0 blksz=52 mode=BYTE incr=1
[  427.278140][ T2017] mmc mmc1:0001: AR6K-MAINLINE CMD53 arg=0x941f9834 WR addr=0xfcc blocks=0 blksz=52 mode=BYTE incr=1
[  427.289066][ T2017] mmc mmc1:0001: AR6K-MAINLINE CMD53 arg=0x941f9834 WR addr=0xfcc blocks=0 blksz=52 mode=BYTE incr=1
[  427.299567][ T2017] mmc mmc1:0001: AR6K-MAINLINE CMD53 arg=0x941f9834 WR addr=0xfcc blocks=0 blksz=52 mode=BYTE incr=1
[  427.310263][ T2017] mmc mmc1:0001: AR6K-MAINLINE CMD53 arg=0x941f9834 WR addr=0xfcc blocks=0 blksz=52 mode=BYTE incr=1
[  427.320893][ T2017] mmc mmc1:0001: AR6K-MAINLINE CMD53 arg=0x941f9834 WR addr=0xfcc blocks=0 blksz=52 mode=BYTE incr=1
[  427.331760][ T2017] mmc mmc1:0001: AR6K-MAINLINE CMD53 arg=0x941f9834 WR addr=0xfcc blocks=0 blksz=52 mode=BYTE incr=1
[  427.342264][ T2017] mmc mmc1:0001: AR6K-MAINLINE CMD53 arg=0x941f9834 WR addr=0xfcc blocks=0 blksz=52 mode=BYTE incr=1
[  427.353011][ T2017] mmc mmc1:0001: AR6K-MAINLINE CMD53 arg=0x941f9834 WR addr=0xfcc blocks=0 blksz=52 mode=BYTE incr=1
[  427.363599][ T2017] mmc mmc1:0001: AR6K-MAINLINE CMD53 arg=0x941f9834 WR addr=0xfcc blocks=0 blksz=52 mode=BYTE incr=1
[  427.374371][ T2017] mmc mmc1:0001: AR6K-MAINLINE CMD53 arg=0x941f9834 WR addr=0xfcc blocks=0 blksz=52 mode=BYTE incr=1
[  427.385061][ T2017] mmc mmc1:0001: AR6K-MAINLINE CMD53 arg=0x941f9834 WR addr=0xfcc blocks=0 blksz=52 mode=BYTE incr=1
[  427.395734][ T2017] mmc mmc1:0001: AR6K-MAINLINE CMD53 arg=0x941f9834 WR addr=0xfcc blocks=0 blksz=52 mode=BYTE incr=1
[  427.406313][ T2017] mmc mmc1:0001: AR6K-MAINLINE CMD53 arg=0x941f9834 WR addr=0xfcc blocks=0 blksz=52 mode=BYTE incr=1
[  427.417059][ T2017] mmc mmc1:0001: AR6K-MAINLINE CMD53 arg=0x941f9834 WR addr=0xfcc blocks=0 blksz=52 mode=BYTE incr=1
[  427.427644][ T2017] mmc mmc1:0001: AR6K-MAINLINE CMD53 arg=0x941f9834 WR addr=0xfcc blocks=0 blksz=52 mode=BYTE incr=1
[  427.438520][ T2017] mmc mmc1:0001: AR6K-MAINLINE CMD53 arg=0x941f9834 WR addr=0xfcc blocks=0 blksz=52 mode=BYTE incr=1
[  427.449048][ T2017] mmc mmc1:0001: AR6K-MAINLINE CMD53 arg=0x941f9834 WR addr=0xfcc blocks=0 blksz=52 mode=BYTE incr=1
[  427.459786][ T2017] mmc mmc1:0001: AR6K-MAINLINE CMD53 arg=0x941f9834 WR addr=0xfcc blocks=0 blksz=52 mode=BYTE incr=1
[  427.470353][ T2017] mmc mmc1:0001: AR6K-MAINLINE CMD53 arg=0x941f9834 WR addr=0xfcc blocks=0 blksz=52 mode=BYTE incr=1
[  427.481234][ T2017] mmc mmc1:0001: AR6K-MAINLINE CMD53 arg=0x941f9834 WR addr=0xfcc blocks=0 blksz=52 mode=BYTE incr=1
[  427.491729][ T2017] mmc mmc1:0001: AR6K-MAINLINE CMD53 arg=0x941f9834 WR addr=0xfcc blocks=0 blksz=52 mode=BYTE incr=1
[  427.502484][ T2017] mmc mmc1:0001: AR6K-MAINLINE CMD53 arg=0x941f9834 WR addr=0xfcc blocks=0 blksz=52 mode=BYTE incr=1
[  427.513081][ T2017] mmc mmc1:0001: AR6K-MAINLINE CMD53 arg=0x941f9834 WR addr=0xfcc blocks=0 blksz=52 mode=BYTE incr=1
[  427.523849][ T2017] mmc mmc1:0001: AR6K-MAINLINE CMD53 arg=0x941f9834 WR addr=0xfcc blocks=0 blksz=52 mode=BYTE incr=1
[  427.534651][ T2017] mmc mmc1:0001: AR6K-MAINLINE CMD53 arg=0x941f9834 WR addr=0xfcc blocks=0 blksz=52 mode=BYTE incr=1
[  427.545216][ T2017] mmc mmc1:0001: AR6K-MAINLINE CMD53 arg=0x941f9834 WR addr=0xfcc blocks=0 blksz=52 mode=BYTE incr=1
[  427.555813][ T2017] mmc mmc1:0001: AR6K-MAINLINE CMD53 arg=0x941f9834 WR addr=0xfcc blocks=0 blksz=52 mode=BYTE incr=1
[  427.566569][ T2017] mmc mmc1:0001: AR6K-MAINLINE CMD53 arg=0x941f9834 WR addr=0xfcc blocks=0 blksz=52 mode=BYTE incr=1
[  427.577169][ T2017] mmc mmc1:0001: AR6K-MAINLINE CMD53 arg=0x941f9834 WR addr=0xfcc blocks=0 blksz=52 mode=BYTE incr=1
[  427.588017][ T2017] mmc mmc1:0001: AR6K-MAINLINE CMD53 arg=0x941f9834 WR addr=0xfcc blocks=0 blksz=52 mode=BYTE incr=1
[  427.598478][ T2017] mmc mmc1:0001: AR6K-MAINLINE CMD53 arg=0x941f9834 WR addr=0xfcc blocks=0 blksz=52 mode=BYTE incr=1
[  427.609268][ T2017] mmc mmc1:0001: AR6K-MAINLINE CMD53 arg=0x941f9834 WR addr=0xfcc blocks=0 blksz=52 mode=BYTE incr=1
[  427.619872][ T2017] mmc mmc1:0001: AR6K-MAINLINE CMD53 arg=0x941f9834 WR addr=0xfcc blocks=0 blksz=52 mode=BYTE incr=1
[  427.630730][ T2017] mmc mmc1:0001: AR6K-MAINLINE CMD53 arg=0x941f9834 WR addr=0xfcc blocks=0 blksz=52 mode=BYTE incr=1
[  427.641229][ T2017] mmc mmc1:0001: AR6K-MAINLINE CMD53 arg=0x941f9834 WR addr=0xfcc blocks=0 blksz=52 mode=BYTE incr=1
[  427.651963][ T2017] mmc mmc1:0001: AR6K-MAINLINE CMD53 arg=0x941f9834 WR addr=0xfcc blocks=0 blksz=52 mode=BYTE incr=1
[  427.662571][ T2017] mmc mmc1:0001: AR6K-MAINLINE CMD53 arg=0x941f9834 WR addr=0xfcc blocks=0 blksz=52 mode=BYTE incr=1
[  427.673327][ T2017] mmc mmc1:0001: AR6K-MAINLINE CMD53 arg=0x941f9834 WR addr=0xfcc blocks=0 blksz=52 mode=BYTE incr=1
[  427.683998][ T2017] mmc mmc1:0001: AR6K-MAINLINE CMD53 arg=0x941f9834 WR addr=0xfcc blocks=0 blksz=52 mode=BYTE incr=1
[  427.694651][ T2017] mmc mmc1:0001: AR6K-MAINLINE CMD53 arg=0x941f9834 WR addr=0xfcc blocks=0 blksz=52 mode=BYTE incr=1
[  427.705284][ T2017] mmc mmc1:0001: AR6K-MAINLINE CMD53 arg=0x941f9834 WR addr=0xfcc blocks=0 blksz=52 mode=BYTE incr=1
[  427.716026][ T2017] mmc mmc1:0001: AR6K-MAINLINE CMD53 arg=0x941f9834 WR addr=0xfcc blocks=0 blksz=52 mode=BYTE incr=1
[  427.726605][ T2017] mmc mmc1:0001: AR6K-MAINLINE CMD53 arg=0x941f9834 WR addr=0xfcc blocks=0 blksz=52 mode=BYTE incr=1
[  427.737492][ T2017] mmc mmc1:0001: AR6K-MAINLINE CMD53 arg=0x941f9834 WR addr=0xfcc blocks=0 blksz=52 mode=BYTE incr=1
[  427.747996][ T2017] mmc mmc1:0001: AR6K-MAINLINE CMD53 arg=0x941f9834 WR addr=0xfcc blocks=0 blksz=52 mode=BYTE incr=1
[  427.758743][ T2017] mmc mmc1:0001: AR6K-MAINLINE CMD53 arg=0x941f9834 WR addr=0xfcc blocks=0 blksz=52 mode=BYTE incr=1
[  427.769440][ T2017] mmc mmc1:0001: AR6K-MAINLINE CMD53 arg=0x941f9834 WR addr=0xfcc blocks=0 blksz=52 mode=BYTE incr=1
[  427.780191][ T2017] mmc mmc1:0001: AR6K-MAINLINE CMD53 arg=0x941f9834 WR addr=0xfcc blocks=0 blksz=52 mode=BYTE incr=1
[  427.790720][ T2017] mmc mmc1:0001: AR6K-MAINLINE CMD53 arg=0x941f9834 WR addr=0xfcc blocks=0 blksz=52 mode=BYTE incr=1
[  427.801413][ T2017] mmc mmc1:0001: AR6K-MAINLINE CMD53 arg=0x941f9834 WR addr=0xfcc blocks=0 blksz=52 mode=BYTE incr=1
[  427.812041][ T2017] mmc mmc1:0001: AR6K-MAINLINE CMD53 arg=0x941f9834 WR addr=0xfcc blocks=0 blksz=52 mode=BYTE incr=1
[  427.822774][ T2017] mmc mmc1:0001: AR6K-MAINLINE CMD53 arg=0x941f9834 WR addr=0xfcc blocks=0 blksz=52 mode=BYTE incr=1
[  427.833490][ T2017] mmc mmc1:0001: AR6K-MAINLINE CMD53 arg=0x941f9834 WR addr=0xfcc blocks=0 blksz=52 mode=BYTE incr=1
[  427.844176][ T2017] mmc mmc1:0001: AR6K-MAINLINE CMD53 arg=0x941f9834 WR addr=0xfcc blocks=0 blksz=52 mode=BYTE incr=1
[  427.854741][ T2017] mmc mmc1:0001: AR6K-MAINLINE CMD53 arg=0x941f9834 WR addr=0xfcc blocks=0 blksz=52 mode=BYTE incr=1
[  427.865517][ T2017] mmc mmc1:0001: AR6K-MAINLINE CMD53 arg=0x941f9834 WR addr=0xfcc blocks=0 blksz=52 mode=BYTE incr=1
[  427.876123][ T2017] mmc mmc1:0001: AR6K-MAINLINE CMD53 arg=0x941f9834 WR addr=0xfcc blocks=0 blksz=52 mode=BYTE incr=1
[  427.886998][ T2017] mmc mmc1:0001: AR6K-MAINLINE CMD53 arg=0x941f9834 WR addr=0xfcc blocks=0 blksz=52 mode=BYTE incr=1
[  427.897482][ T2017] mmc mmc1:0001: AR6K-MAINLINE CMD53 arg=0x941f9834 WR addr=0xfcc blocks=0 blksz=52 mode=BYTE incr=1
[  427.908231][ T2017] mmc mmc1:0001: AR6K-MAINLINE CMD53 arg=0x941f9834 WR addr=0xfcc blocks=0 blksz=52 mode=BYTE incr=1
[  427.918789][ T2017] mmc mmc1:0001: AR6K-MAINLINE CMD53 arg=0x941f9834 WR addr=0xfcc blocks=0 blksz=52 mode=BYTE incr=1
[  427.929755][ T2017] mmc mmc1:0001: AR6K-MAINLINE CMD53 arg=0x941f9834 WR addr=0xfcc blocks=0 blksz=52 mode=BYTE incr=1
[  427.940116][ T2017] mmc mmc1:0001: AR6K-MAINLINE CMD53 arg=0x941f9834 WR addr=0xfcc blocks=0 blksz=52 mode=BYTE incr=1
[  427.950847][ T2017] mmc mmc1:0001: AR6K-MAINLINE CMD53 arg=0x941f9834 WR addr=0xfcc blocks=0 blksz=52 mode=BYTE incr=1
[  427.961615][ T2017] mmc mmc1:0001: AR6K-MAINLINE CMD53 arg=0x941f9834 WR addr=0xfcc blocks=0 blksz=52 mode=BYTE incr=1
[  427.972235][ T2017] mmc mmc1:0001: AR6K-MAINLINE CMD53 arg=0x941f9834 WR addr=0xfcc blocks=0 blksz=52 mode=BYTE incr=1
[  427.983040][ T2017] mmc mmc1:0001: AR6K-MAINLINE CMD53 arg=0x941f9834 WR addr=0xfcc blocks=0 blksz=52 mode=BYTE incr=1
[  427.993545][ T2017] mmc mmc1:0001: AR6K-MAINLINE CMD53 arg=0x941f9834 WR addr=0xfcc blocks=0 blksz=52 mode=BYTE incr=1
[  428.004294][ T2017] mmc mmc1:0001: AR6K-MAINLINE CMD53 arg=0x941f9834 WR addr=0xfcc blocks=0 blksz=52 mode=BYTE incr=1
[  428.014919][ T2017] mmc mmc1:0001: AR6K-MAINLINE CMD53 arg=0x941f9834 WR addr=0xfcc blocks=0 blksz=52 mode=BYTE incr=1
[  428.025658][ T2017] mmc mmc1:0001: AR6K-MAINLINE CMD53 arg=0x941f9834 WR addr=0xfcc blocks=0 blksz=52 mode=BYTE incr=1
[  428.036410][ T2017] mmc mmc1:0001: AR6K-MAINLINE CMD53 arg=0x941f9834 WR addr=0xfcc blocks=0 blksz=52 mode=BYTE incr=1
[  428.047038][ T2017] mmc mmc1:0001: AR6K-MAINLINE CMD53 arg=0x941f9834 WR addr=0xfcc blocks=0 blksz=52 mode=BYTE incr=1
[  428.057630][ T2017] mmc mmc1:0001: AR6K-MAINLINE CMD53 arg=0x941f9834 WR addr=0xfcc blocks=0 blksz=52 mode=BYTE incr=1
[  428.068397][ T2017] mmc mmc1:0001: AR6K-MAINLINE CMD53 arg=0x941f9834 WR addr=0xfcc blocks=0 blksz=52 mode=BYTE incr=1
[  428.078916][ T2017] mmc mmc1:0001: AR6K-MAINLINE CMD53 arg=0x941f9834 WR addr=0xfcc blocks=0 blksz=52 mode=BYTE incr=1
[  428.089871][ T2017] mmc mmc1:0001: AR6K-MAINLINE CMD53 arg=0x941f9834 WR addr=0xfcc blocks=0 blksz=52 mode=BYTE incr=1
[  428.100350][ T2017] mmc mmc1:0001: AR6K-MAINLINE CMD53 arg=0x941f9834 WR addr=0xfcc blocks=0 blksz=52 mode=BYTE incr=1
[  428.111037][ T2017] mmc mmc1:0001: AR6K-MAINLINE CMD53 arg=0x941f9834 WR addr=0xfcc blocks=0 blksz=52 mode=BYTE incr=1
[  428.121670][ T2017] mmc mmc1:0001: AR6K-MAINLINE CMD53 arg=0x941f9834 WR addr=0xfcc blocks=0 blksz=52 mode=BYTE incr=1
[  428.132427][ T2017] mmc mmc1:0001: AR6K-MAINLINE CMD53 arg=0x941f9834 WR addr=0xfcc blocks=0 blksz=52 mode=BYTE incr=1
[  428.143143][ T2017] mmc mmc1:0001: AR6K-MAINLINE CMD53 arg=0x941f9834 WR addr=0xfcc blocks=0 blksz=52 mode=BYTE incr=1
[  428.153806][ T2017] mmc mmc1:0001: AR6K-MAINLINE CMD53 arg=0x941f9834 WR addr=0xfcc blocks=0 blksz=52 mode=BYTE incr=1
[  428.164359][ T2017] mmc mmc1:0001: AR6K-MAINLINE CMD53 arg=0x941f9834 WR addr=0xfcc blocks=0 blksz=52 mode=BYTE incr=1
[  428.175139][ T2017] mmc mmc1:0001: AR6K-MAINLINE CMD53 arg=0x941f9834 WR addr=0xfcc blocks=0 blksz=52 mode=BYTE incr=1
[  428.185953][ T2017] mmc mmc1:0001: AR6K-MAINLINE CMD53 arg=0x941f9834 WR addr=0xfcc blocks=0 blksz=52 mode=BYTE incr=1
[  428.196637][ T2017] mmc mmc1:0001: AR6K-MAINLINE CMD53 arg=0x941f9834 WR addr=0xfcc blocks=0 blksz=52 mode=BYTE incr=1
[  428.207124][ T2017] mmc mmc1:0001: AR6K-MAINLINE CMD53 arg=0x941f9834 WR addr=0xfcc blocks=0 blksz=52 mode=BYTE incr=1
[  428.217878][ T2017] mmc mmc1:0001: AR6K-MAINLINE CMD53 arg=0x941f9834 WR addr=0xfcc blocks=0 blksz=52 mode=BYTE incr=1
[  428.228453][ T2017] mmc mmc1:0001: AR6K-MAINLINE CMD53 arg=0x941f9834 WR addr=0xfcc blocks=0 blksz=52 mode=BYTE incr=1
[  428.239175][ T2017] mmc mmc1:0001: AR6K-MAINLINE CMD53 arg=0x941f9834 WR addr=0xfcc blocks=0 blksz=52 mode=BYTE incr=1
[  428.249922][ T2017] mmc mmc1:0001: AR6K-MAINLINE CMD53 arg=0x941f9834 WR addr=0xfcc blocks=0 blksz=52 mode=BYTE incr=1
[  428.260543][ T2017] mmc mmc1:0001: AR6K-MAINLINE CMD53 arg=0x941f9834 WR addr=0xfcc blocks=0 blksz=52 mode=BYTE incr=1
[  428.271245][ T2017] mmc mmc1:0001: AR6K-MAINLINE CMD53 arg=0x941f9834 WR addr=0xfcc blocks=0 blksz=52 mode=BYTE incr=1
[  428.281936][ T2017] mmc mmc1:0001: AR6K-MAINLINE CMD53 arg=0x941f9834 WR addr=0xfcc blocks=0 blksz=52 mode=BYTE incr=1
[  428.292506][ T2017] mmc mmc1:0001: AR6K-MAINLINE CMD53 arg=0x941f9834 WR addr=0xfcc blocks=0 blksz=52 mode=BYTE incr=1
[  428.303377][ T2017] mmc mmc1:0001: AR6K-MAINLINE CMD53 arg=0x941f9834 WR addr=0xfcc blocks=0 blksz=52 mode=BYTE incr=1
[  428.313872][ T2017] mmc mmc1:0001: AR6K-MAINLINE CMD53 arg=0x941f9834 WR addr=0xfcc blocks=0 blksz=52 mode=BYTE incr=1
[  428.324627][ T2017] mmc mmc1:0001: AR6K-MAINLINE CMD53 arg=0x941f9834 WR addr=0xfcc blocks=0 blksz=52 mode=BYTE incr=1
[  428.335232][ T2017] mmc mmc1:0001: AR6K-MAINLINE CMD53 arg=0x941f9834 WR addr=0xfcc blocks=0 blksz=52 mode=BYTE incr=1
[  428.345985][ T2017] mmc mmc1:0001: AR6K-MAINLINE CMD53 arg=0x941f9834 WR addr=0xfcc blocks=0 blksz=52 mode=BYTE incr=1
[  428.356682][ T2017] mmc mmc1:0001: AR6K-MAINLINE CMD53 arg=0x941f9834 WR addr=0xfcc blocks=0 blksz=52 mode=BYTE incr=1
[  428.367346][ T2017] mmc mmc1:0001: AR6K-MAINLINE CMD53 arg=0x941f9834 WR addr=0xfcc blocks=0 blksz=52 mode=BYTE incr=1
[  428.377942][ T2017] mmc mmc1:0001: AR6K-MAINLINE CMD53 arg=0x941f9834 WR addr=0xfcc blocks=0 blksz=52 mode=BYTE incr=1
[  428.388673][ T2017] mmc mmc1:0001: AR6K-MAINLINE CMD53 arg=0x941f9834 WR addr=0xfcc blocks=0 blksz=52 mode=BYTE incr=1
[  428.399261][ T2017] mmc mmc1:0001: AR6K-MAINLINE CMD53 arg=0x941f9834 WR addr=0xfcc blocks=0 blksz=52 mode=BYTE incr=1
[  428.410164][ T2017] mmc mmc1:0001: AR6K-MAINLINE CMD53 arg=0x941f9834 WR addr=0xfcc blocks=0 blksz=52 mode=BYTE incr=1
[  428.420620][ T2017] mmc mmc1:0001: AR6K-MAINLINE CMD53 arg=0x941f9834 WR addr=0xfcc blocks=0 blksz=52 mode=BYTE incr=1
[  428.431409][ T2017] mmc mmc1:0001: AR6K-MAINLINE CMD53 arg=0x941f9834 WR addr=0xfcc blocks=0 blksz=52 mode=BYTE incr=1
[  428.441982][ T2017] mmc mmc1:0001: AR6K-MAINLINE CMD53 arg=0x941f9834 WR addr=0xfcc blocks=0 blksz=52 mode=BYTE incr=1
[  428.452738][ T2017] mmc mmc1:0001: AR6K-MAINLINE CMD53 arg=0x941f9834 WR addr=0xfcc blocks=0 blksz=52 mode=BYTE incr=1
[  428.463475][ T2017] mmc mmc1:0001: AR6K-MAINLINE CMD53 arg=0x941f9834 WR addr=0xfcc blocks=0 blksz=52 mode=BYTE incr=1
[  428.474112][ T2017] mmc mmc1:0001: AR6K-MAINLINE CMD53 arg=0x941f9834 WR addr=0xfcc blocks=0 blksz=52 mode=BYTE incr=1
[  428.484682][ T2017] mmc mmc1:0001: AR6K-MAINLINE CMD53 arg=0x941f9834 WR addr=0xfcc blocks=0 blksz=52 mode=BYTE incr=1
[  428.495464][ T2017] mmc mmc1:0001: AR6K-MAINLINE CMD53 arg=0x941f9834 WR addr=0xfcc blocks=0 blksz=52 mode=BYTE incr=1
[  428.506061][ T2017] mmc mmc1:0001: AR6K-MAINLINE CMD53 arg=0x941f9834 WR addr=0xfcc blocks=0 blksz=52 mode=BYTE incr=1
[  428.516911][ T2017] mmc mmc1:0001: AR6K-MAINLINE CMD53 arg=0x941f9834 WR addr=0xfcc blocks=0 blksz=52 mode=BYTE incr=1
[  428.527430][ T2017] mmc mmc1:0001: AR6K-MAINLINE CMD53 arg=0x941f9834 WR addr=0xfcc blocks=0 blksz=52 mode=BYTE incr=1
[  428.538192][ T2017] mmc mmc1:0001: AR6K-MAINLINE CMD53 arg=0x941f9834 WR addr=0xfcc blocks=0 blksz=52 mode=BYTE incr=1
[  428.548766][ T2017] mmc mmc1:0001: AR6K-MAINLINE CMD53 arg=0x941f9834 WR addr=0xfcc blocks=0 blksz=52 mode=BYTE incr=1
[  428.559692][ T2017] mmc mmc1:0001: AR6K-MAINLINE CMD53 arg=0x941f9834 WR addr=0xfcc blocks=0 blksz=52 mode=BYTE incr=1
[  428.570095][ T2017] mmc mmc1:0001: AR6K-MAINLINE CMD53 arg=0x941f9834 WR addr=0xfcc blocks=0 blksz=52 mode=BYTE incr=1
[  428.580803][ T2017] mmc mmc1:0001: AR6K-MAINLINE CMD53 arg=0x941f9834 WR addr=0xfcc blocks=0 blksz=52 mode=BYTE incr=1
[  428.591550][ T2017] mmc mmc1:0001: AR6K-MAINLINE CMD53 arg=0x941f9834 WR addr=0xfcc blocks=0 blksz=52 mode=BYTE incr=1
[  428.602188][ T2017] mmc mmc1:0001: AR6K-MAINLINE CMD53 arg=0x941f9834 WR addr=0xfcc blocks=0 blksz=52 mode=BYTE incr=1
[  428.613012][ T2017] mmc mmc1:0001: AR6K-MAINLINE CMD53 arg=0x941f9834 WR addr=0xfcc blocks=0 blksz=52 mode=BYTE incr=1
[  428.623505][ T2017] mmc mmc1:0001: AR6K-MAINLINE CMD53 arg=0x941f9834 WR addr=0xfcc blocks=0 blksz=52 mode=BYTE incr=1
[  428.634267][ T2017] mmc mmc1:0001: AR6K-MAINLINE CMD53 arg=0x941f9834 WR addr=0xfcc blocks=0 blksz=52 mode=BYTE incr=1
[  428.644799][ T2017] mmc mmc1:0001: AR6K-MAINLINE CMD53 arg=0x941f9834 WR addr=0xfcc blocks=0 blksz=52 mode=BYTE incr=1
[  428.655613][ T2017] mmc mmc1:0001: AR6K-MAINLINE CMD53 arg=0x941f9834 WR addr=0xfcc blocks=0 blksz=52 mode=BYTE incr=1
[  428.666291][ T2017] mmc mmc1:0001: AR6K-MAINLINE CMD53 arg=0x941f9834 WR addr=0xfcc blocks=0 blksz=52 mode=BYTE incr=1
[  428.676980][ T2017] mmc mmc1:0001: AR6K-MAINLINE CMD53 arg=0x941f9834 WR addr=0xfcc blocks=0 blksz=52 mode=BYTE incr=1
[  428.687561][ T2017] mmc mmc1:0001: AR6K-MAINLINE CMD53 arg=0x941f9834 WR addr=0xfcc blocks=0 blksz=52 mode=BYTE incr=1
[  428.698317][ T2017] mmc mmc1:0001: AR6K-MAINLINE CMD53 arg=0x941f9834 WR addr=0xfcc blocks=0 blksz=52 mode=BYTE incr=1
[  428.708893][ T2017] mmc mmc1:0001: AR6K-MAINLINE CMD53 arg=0x941f9834 WR addr=0xfcc blocks=0 blksz=52 mode=BYTE incr=1
[  428.719798][ T2017] mmc mmc1:0001: AR6K-MAINLINE CMD53 arg=0x941f9834 WR addr=0xfcc blocks=0 blksz=52 mode=BYTE incr=1
[  428.730252][ T2017] mmc mmc1:0001: AR6K-MAINLINE CMD53 arg=0x941f9834 WR addr=0xfcc blocks=0 blksz=52 mode=BYTE incr=1
[  428.741036][ T2017] mmc mmc1:0001: AR6K-MAINLINE CMD53 arg=0x941f9834 WR addr=0xfcc blocks=0 blksz=52 mode=BYTE incr=1
[  428.751647][ T2017] mmc mmc1:0001: AR6K-MAINLINE CMD53 arg=0x941f9834 WR addr=0xfcc blocks=0 blksz=52 mode=BYTE incr=1
[  428.762415][ T2017] mmc mmc1:0001: AR6K-MAINLINE CMD53 arg=0x941f9834 WR addr=0xfcc blocks=0 blksz=52 mode=BYTE incr=1
[  428.773099][ T2017] mmc mmc1:0001: AR6K-MAINLINE CMD53 arg=0x941f9834 WR addr=0xfcc blocks=0 blksz=52 mode=BYTE incr=1
[  428.783761][ T2017] mmc mmc1:0001: AR6K-MAINLINE CMD53 arg=0x941f9834 WR addr=0xfcc blocks=0 blksz=52 mode=BYTE incr=1
[  428.794312][ T2017] mmc mmc1:0001: AR6K-MAINLINE CMD53 arg=0x941f9834 WR addr=0xfcc blocks=0 blksz=52 mode=BYTE incr=1
[  428.805079][ T2017] mmc mmc1:0001: AR6K-MAINLINE CMD53 arg=0x941f9834 WR addr=0xfcc blocks=0 blksz=52 mode=BYTE incr=1
[  428.815702][ T2017] mmc mmc1:0001: AR6K-MAINLINE CMD53 arg=0x941f9834 WR addr=0xfcc blocks=0 blksz=52 mode=BYTE incr=1
[  428.826563][ T2017] mmc mmc1:0001: AR6K-MAINLINE CMD53 arg=0x941f9834 WR addr=0xfcc blocks=0 blksz=52 mode=BYTE incr=1
[  428.837065][ T2017] mmc mmc1:0001: AR6K-MAINLINE CMD53 arg=0x941f9834 WR addr=0xfcc blocks=0 blksz=52 mode=BYTE incr=1
[  428.847827][ T2017] mmc mmc1:0001: AR6K-MAINLINE CMD53 arg=0x941f9834 WR addr=0xfcc blocks=0 blksz=52 mode=BYTE incr=1
[  428.858408][ T2017] mmc mmc1:0001: AR6K-MAINLINE CMD53 arg=0x941f9834 WR addr=0xfcc blocks=0 blksz=52 mode=BYTE incr=1
[  428.869145][ T2017] mmc mmc1:0001: AR6K-MAINLINE CMD53 arg=0x941f9834 WR addr=0xfcc blocks=0 blksz=52 mode=BYTE incr=1
[  428.879839][ T2017] mmc mmc1:0001: AR6K-MAINLINE CMD53 arg=0x941f9834 WR addr=0xfcc blocks=0 blksz=52 mode=BYTE incr=1
[  428.890519][ T2017] mmc mmc1:0001: AR6K-MAINLINE CMD53 arg=0x941f9834 WR addr=0xfcc blocks=0 blksz=52 mode=BYTE incr=1
[  428.901112][ T2017] mmc mmc1:0001: AR6K-MAINLINE CMD53 arg=0x941f9834 WR addr=0xfcc blocks=0 blksz=52 mode=BYTE incr=1
[  428.911881][ T2017] mmc mmc1:0001: AR6K-MAINLINE CMD53 arg=0x941f9834 WR addr=0xfcc blocks=0 blksz=52 mode=BYTE incr=1
[  428.922450][ T2017] mmc mmc1:0001: AR6K-MAINLINE CMD53 arg=0x941f9834 WR addr=0xfcc blocks=0 blksz=52 mode=BYTE incr=1
[  428.933320][ T2017] mmc mmc1:0001: AR6K-MAINLINE CMD53 arg=0x941f9834 WR addr=0xfcc blocks=0 blksz=52 mode=BYTE incr=1
[  428.943821][ T2017] mmc mmc1:0001: AR6K-MAINLINE CMD53 arg=0x941f9834 WR addr=0xfcc blocks=0 blksz=52 mode=BYTE incr=1
[  428.954559][ T2017] mmc mmc1:0001: AR6K-MAINLINE CMD53 arg=0x941f9834 WR addr=0xfcc blocks=0 blksz=52 mode=BYTE incr=1
[  428.965139][ T2017] mmc mmc1:0001: AR6K-MAINLINE CMD53 arg=0x941f9834 WR addr=0xfcc blocks=0 blksz=52 mode=BYTE incr=1
[  428.975928][ T2017] mmc mmc1:0001: AR6K-MAINLINE CMD53 arg=0x941f9834 WR addr=0xfcc blocks=0 blksz=52 mode=BYTE incr=1
[  428.986551][ T2017] mmc mmc1:0001: AR6K-MAINLINE CMD53 arg=0x941f9834 WR addr=0xfcc blocks=0 blksz=52 mode=BYTE incr=1
[  428.997286][ T2017] mmc mmc1:0001: AR6K-MAINLINE CMD53 arg=0x941f9834 WR addr=0xfcc blocks=0 blksz=52 mode=BYTE incr=1
[  429.007875][ T2017] mmc mmc1:0001: AR6K-MAINLINE CMD53 arg=0x941f9834 WR addr=0xfcc blocks=0 blksz=52 mode=BYTE incr=1
[  429.018649][ T2017] mmc mmc1:0001: AR6K-MAINLINE CMD53 arg=0x941f9834 WR addr=0xfcc blocks=0 blksz=52 mode=BYTE incr=1
[  429.029237][ T2017] mmc mmc1:0001: AR6K-MAINLINE CMD53 arg=0x941f9834 WR addr=0xfcc blocks=0 blksz=52 mode=BYTE incr=1
[  429.040118][ T2017] mmc mmc1:0001: AR6K-MAINLINE CMD53 arg=0x941f9834 WR addr=0xfcc blocks=0 blksz=52 mode=BYTE incr=1
[  429.050595][ T2017] mmc mmc1:0001: AR6K-MAINLINE CMD53 arg=0x941f9834 WR addr=0xfcc blocks=0 blksz=52 mode=BYTE incr=1
[  429.061327][ T2017] mmc mmc1:0001: AR6K-MAINLINE CMD53 arg=0x941f9834 WR addr=0xfcc blocks=0 blksz=52 mode=BYTE incr=1
[  429.071990][ T2017] mmc mmc1:0001: AR6K-MAINLINE CMD53 arg=0x941f9834 WR addr=0xfcc blocks=0 blksz=52 mode=BYTE incr=1
[  429.082685][ T2017] mmc mmc1:0001: AR6K-MAINLINE CMD53 arg=0x941f9834 WR addr=0xfcc blocks=0 blksz=52 mode=BYTE incr=1
[  429.093365][ T2017] mmc mmc1:0001: AR6K-MAINLINE CMD53 arg=0x941f9834 WR addr=0xfcc blocks=0 blksz=52 mode=BYTE incr=1
[  429.104077][ T2017] mmc mmc1:0001: AR6K-MAINLINE CMD53 arg=0x941f9834 WR addr=0xfcc blocks=0 blksz=52 mode=BYTE incr=1
[  429.114649][ T2017] mmc mmc1:0001: AR6K-MAINLINE CMD53 arg=0x941f9834 WR addr=0xfcc blocks=0 blksz=52 mode=BYTE incr=1
[  429.125401][ T2017] mmc mmc1:0001: AR6K-MAINLINE CMD53 arg=0x941f9834 WR addr=0xfcc blocks=0 blksz=52 mode=BYTE incr=1
[  429.135951][ T2017] mmc mmc1:0001: AR6K-MAINLINE CMD53 arg=0x941f9834 WR addr=0xfcc blocks=0 blksz=52 mode=BYTE incr=1
[  429.146888][ T2017] mmc mmc1:0001: AR6K-MAINLINE CMD53 arg=0x941f9834 WR addr=0xfcc blocks=0 blksz=52 mode=BYTE incr=1
[  429.157379][ T2017] mmc mmc1:0001: AR6K-MAINLINE CMD53 arg=0x941f9834 WR addr=0xfcc blocks=0 blksz=52 mode=BYTE incr=1
[  429.168131][ T2017] mmc mmc1:0001: AR6K-MAINLINE CMD53 arg=0x941f9834 WR addr=0xfcc blocks=0 blksz=52 mode=BYTE incr=1
[  429.178734][ T2017] mmc mmc1:0001: AR6K-MAINLINE CMD53 arg=0x941f9834 WR addr=0xfcc blocks=0 blksz=52 mode=BYTE incr=1
[  429.189700][ T2017] mmc mmc1:0001: AR6K-MAINLINE CMD53 arg=0x941f9834 WR addr=0xfcc blocks=0 blksz=52 mode=BYTE incr=1
[  429.200030][ T2017] mmc mmc1:0001: AR6K-MAINLINE CMD53 arg=0x941f9834 WR addr=0xfcc blocks=0 blksz=52 mode=BYTE incr=1
[  429.210751][ T2017] mmc mmc1:0001: AR6K-MAINLINE CMD53 arg=0x941f9834 WR addr=0xfcc blocks=0 blksz=52 mode=BYTE incr=1
[  429.221515][ T2017] mmc mmc1:0001: AR6K-MAINLINE CMD53 arg=0x941f9834 WR addr=0xfcc blocks=0 blksz=52 mode=BYTE incr=1
[  429.232297][ T2017] mmc mmc1:0001: AR6K-MAINLINE CMD53 arg=0x941f9834 WR addr=0xfcc blocks=0 blksz=52 mode=BYTE incr=1
[  429.242921][ T2017] mmc mmc1:0001: AR6K-MAINLINE CMD53 arg=0x941f9834 WR addr=0xfcc blocks=0 blksz=52 mode=BYTE incr=1
[  429.253534][ T2017] mmc mmc1:0001: AR6K-MAINLINE CMD53 arg=0x941f9834 WR addr=0xfcc blocks=0 blksz=52 mode=BYTE incr=1
[  429.264114][ T2017] mmc mmc1:0001: AR6K-MAINLINE CMD53 arg=0x941f9834 WR addr=0xfcc blocks=0 blksz=52 mode=BYTE incr=1
[  429.274896][ T2017] mmc mmc1:0001: AR6K-MAINLINE CMD53 arg=0x941f9834 WR addr=0xfcc blocks=0 blksz=52 mode=BYTE incr=1
[  429.285412][ T2017] mmc mmc1:0001: AR6K-MAINLINE CMD53 arg=0x941f9834 WR addr=0xfcc blocks=0 blksz=52 mode=BYTE incr=1
[  429.296343][ T2017] mmc mmc1:0001: AR6K-MAINLINE CMD53 arg=0x941f9834 WR addr=0xfcc blocks=0 blksz=52 mode=BYTE incr=1
[  429.306785][ T2017] mmc mmc1:0001: AR6K-MAINLINE CMD53 arg=0x941f9834 WR addr=0xfcc blocks=0 blksz=52 mode=BYTE incr=1
[  429.317641][ T2017] mmc mmc1:0001: AR6K-MAINLINE CMD53 arg=0x941f9834 WR addr=0xfcc blocks=0 blksz=52 mode=BYTE incr=1
[  429.328160][ T2017] mmc mmc1:0001: AR6K-MAINLINE CMD53 arg=0x941f9834 WR addr=0xfcc blocks=0 blksz=52 mode=BYTE incr=1
[  429.339015][ T2017] mmc mmc1:0001: AR6K-MAINLINE CMD53 arg=0x941f9834 WR addr=0xfcc blocks=0 blksz=52 mode=BYTE incr=1
[  429.349644][ T2017] mmc mmc1:0001: AR6K-MAINLINE CMD53 arg=0x941f9834 WR addr=0xfcc blocks=0 blksz=52 mode=BYTE incr=1
[  429.360320][ T2017] mmc mmc1:0001: AR6K-MAINLINE CMD53 arg=0x941f9834 WR addr=0xfcc blocks=0 blksz=52 mode=BYTE incr=1
[  429.370887][ T2017] mmc mmc1:0001: AR6K-MAINLINE CMD53 arg=0x941f9834 WR addr=0xfcc blocks=0 blksz=52 mode=BYTE incr=1
[  429.381705][ T2017] mmc mmc1:0001: AR6K-MAINLINE CMD53 arg=0x941f9834 WR addr=0xfcc blocks=0 blksz=52 mode=BYTE incr=1
[  429.392219][ T2017] mmc mmc1:0001: AR6K-MAINLINE CMD53 arg=0x941f9834 WR addr=0xfcc blocks=0 blksz=52 mode=BYTE incr=1
[  429.403117][ T2017] mmc mmc1:0001: AR6K-MAINLINE CMD53 arg=0x941f9834 WR addr=0xfcc blocks=0 blksz=52 mode=BYTE incr=1
[  429.413591][ T2017] mmc mmc1:0001: AR6K-MAINLINE CMD53 arg=0x941f9834 WR addr=0xfcc blocks=0 blksz=52 mode=BYTE incr=1
[  429.424378][ T2017] mmc mmc1:0001: AR6K-MAINLINE CMD53 arg=0x941f9834 WR addr=0xfcc blocks=0 blksz=52 mode=BYTE incr=1
[  429.434916][ T2017] mmc mmc1:0001: AR6K-MAINLINE CMD53 arg=0x941f9834 WR addr=0xfcc blocks=0 blksz=52 mode=BYTE incr=1
[  429.445837][ T2017] mmc mmc1:0001: AR6K-MAINLINE CMD53 arg=0x941f9834 WR addr=0xfcc blocks=0 blksz=52 mode=BYTE incr=1
[  429.456591][ T2017] mmc mmc1:0001: AR6K-MAINLINE CMD53 arg=0x941f9834 WR addr=0xfcc blocks=0 blksz=52 mode=BYTE incr=1
[  429.467176][ T2017] mmc mmc1:0001: AR6K-MAINLINE CMD53 arg=0x941f9834 WR addr=0xfcc blocks=0 blksz=52 mode=BYTE incr=1
[  429.477842][ T2017] mmc mmc1:0001: AR6K-MAINLINE CMD53 arg=0x941f9834 WR addr=0xfcc blocks=0 blksz=52 mode=BYTE incr=1
[  429.489758][ T2017] mmc mmc1:0001: AR6K-MAINLINE CMD53 arg=0x941f9834 WR addr=0xfcc blocks=0 blksz=52 mode=BYTE incr=1
[  429.499084][ T2017] mmc mmc1:0001: AR6K-MAINLINE CMD53 arg=0x941f9834 WR addr=0xfcc blocks=0 blksz=52 mode=BYTE incr=1
[  429.513643][ T2017] mmc mmc1:0001: AR6K-MAINLINE CMD53 arg=0x941f9834 WR addr=0xfcc blocks=0 blksz=52 mode=BYTE incr=1
[  429.520493][ T2017] mmc mmc1:0001: AR6K-MAINLINE CMD53 arg=0x941f9834 WR addr=0xfcc blocks=0 blksz=52 mode=BYTE incr=1
[  429.531183][ T2017] mmc mmc1:0001: AR6K-MAINLINE CMD53 arg=0x941f9834 WR addr=0xfcc blocks=0 blksz=52 mode=BYTE incr=1
[  429.544192][ T2017] mmc mmc1:0001: AR6K-MAINLINE CMD53 arg=0x941f9834 WR addr=0xfcc blocks=0 blksz=52 mode=BYTE incr=1
[  429.558460][ T2017] mmc mmc1:0001: AR6K-MAINLINE CMD53 arg=0x941f9834 WR addr=0xfcc blocks=0 blksz=52 mode=BYTE incr=1
[  429.567880][ T2017] mmc mmc1:0001: AR6K-MAINLINE CMD53 arg=0x941f9834 WR addr=0xfcc blocks=0 blksz=52 mode=BYTE incr=1
[  429.575728][ T2017] mmc mmc1:0001: AR6K-MAINLINE CMD53 arg=0x941f9834 WR addr=0xfcc blocks=0 blksz=52 mode=BYTE incr=1
[  429.584752][ T2017] mmc mmc1:0001: AR6K-MAINLINE CMD53 arg=0x941f9834 WR addr=0xfcc blocks=0 blksz=52 mode=BYTE incr=1
[  429.595284][ T2017] mmc mmc1:0001: AR6K-MAINLINE CMD53 arg=0x941f9834 WR addr=0xfcc blocks=0 blksz=52 mode=BYTE incr=1
[  429.606054][ T2017] mmc mmc1:0001: AR6K-MAINLINE CMD53 arg=0x941f9834 WR addr=0xfcc blocks=0 blksz=52 mode=BYTE incr=1
[  429.616702][ T2017] mmc mmc1:0001: AR6K-MAINLINE CMD53 arg=0x941f9834 WR addr=0xfcc blocks=0 blksz=52 mode=BYTE incr=1
[  429.627339][ T2017] mmc mmc1:0001: AR6K-MAINLINE CMD53 arg=0x941f9834 WR addr=0xfcc blocks=0 blksz=52 mode=BYTE incr=1
[  429.637928][ T2017] mmc mmc1:0001: AR6K-MAINLINE CMD53 arg=0x941f9834 WR addr=0xfcc blocks=0 blksz=52 mode=BYTE incr=1
[  429.648691][ T2017] mmc mmc1:0001: AR6K-MAINLINE CMD53 arg=0x941f9834 WR addr=0xfcc blocks=0 blksz=52 mode=BYTE incr=1
[  429.659159][ T2017] mmc mmc1:0001: AR6K-MAINLINE CMD53 arg=0x941f9834 WR addr=0xfcc blocks=0 blksz=52 mode=BYTE incr=1
[  429.670203][ T2017] mmc mmc1:0001: AR6K-MAINLINE CMD53 arg=0x941f9834 WR addr=0xfcc blocks=0 blksz=52 mode=BYTE incr=1
[  429.680566][ T2017] mmc mmc1:0001: AR6K-MAINLINE CMD53 arg=0x941f9834 WR addr=0xfcc blocks=0 blksz=52 mode=BYTE incr=1
[  429.691340][ T2017] mmc mmc1:0001: AR6K-MAINLINE CMD53 arg=0x941f9834 WR addr=0xfcc blocks=0 blksz=52 mode=BYTE incr=1
[  429.701850][ T2017] mmc mmc1:0001: AR6K-MAINLINE CMD53 arg=0x941f9834 WR addr=0xfcc blocks=0 blksz=52 mode=BYTE incr=1
[  429.712685][ T2017] mmc mmc1:0001: AR6K-MAINLINE CMD53 arg=0x941f9834 WR addr=0xfcc blocks=0 blksz=52 mode=BYTE incr=1
[  429.723303][ T2017] mmc mmc1:0001: AR6K-MAINLINE CMD53 arg=0x941f9834 WR addr=0xfcc blocks=0 blksz=52 mode=BYTE incr=1
[  429.734139][ T2017] mmc mmc1:0001: AR6K-MAINLINE CMD53 arg=0x941f9834 WR addr=0xfcc blocks=0 blksz=52 mode=BYTE incr=1
[  429.744688][ T2017] mmc mmc1:0001: AR6K-MAINLINE CMD53 arg=0x941f9834 WR addr=0xfcc blocks=0 blksz=52 mode=BYTE incr=1
[  429.755404][ T2017] mmc mmc1:0001: AR6K-MAINLINE CMD53 arg=0x941f9834 WR addr=0xfcc blocks=0 blksz=52 mode=BYTE incr=1
[  429.766006][ T2017] mmc mmc1:0001: AR6K-MAINLINE CMD53 arg=0x941f9834 WR addr=0xfcc blocks=0 blksz=52 mode=BYTE incr=1
[  429.776884][ T2017] mmc mmc1:0001: AR6K-MAINLINE CMD53 arg=0x941f9834 WR addr=0xfcc blocks=0 blksz=52 mode=BYTE incr=1
[  429.787271][ T2017] mmc mmc1:0001: AR6K-MAINLINE CMD53 arg=0x941f9834 WR addr=0xfcc blocks=0 blksz=52 mode=BYTE incr=1
[  429.798098][ T2017] mmc mmc1:0001: AR6K-MAINLINE CMD53 arg=0x941f9834 WR addr=0xfcc blocks=0 blksz=52 mode=BYTE incr=1
[  429.808632][ T2017] mmc mmc1:0001: AR6K-MAINLINE CMD53 arg=0x941f9834 WR addr=0xfcc blocks=0 blksz=52 mode=BYTE incr=1
[  429.819634][ T2017] mmc mmc1:0001: AR6K-MAINLINE CMD53 arg=0x941f9834 WR addr=0xfcc blocks=0 blksz=52 mode=BYTE incr=1
[  429.829994][ T2017] mmc mmc1:0001: AR6K-MAINLINE CMD53 arg=0x941f9834 WR addr=0xfcc blocks=0 blksz=52 mode=BYTE incr=1
[  429.840681][ T2017] mmc mmc1:0001: AR6K-MAINLINE CMD53 arg=0x941f9834 WR addr=0xfcc blocks=0 blksz=52 mode=BYTE incr=1
[  429.851476][ T2017] mmc mmc1:0001: AR6K-MAINLINE CMD53 arg=0x941f9834 WR addr=0xfcc blocks=0 blksz=52 mode=BYTE incr=1
[  429.862170][ T2017] mmc mmc1:0001: AR6K-MAINLINE CMD53 arg=0x941f9834 WR addr=0xfcc blocks=0 blksz=52 mode=BYTE incr=1
[  429.872802][ T2017] mmc mmc1:0001: AR6K-MAINLINE CMD53 arg=0x941f9834 WR addr=0xfcc blocks=0 blksz=52 mode=BYTE incr=1
[  429.883532][ T2017] mmc mmc1:0001: AR6K-MAINLINE CMD53 arg=0x941f9834 WR addr=0xfcc blocks=0 blksz=52 mode=BYTE incr=1
[  429.894049][ T2017] mmc mmc1:0001: AR6K-MAINLINE CMD53 arg=0x941f9834 WR addr=0xfcc blocks=0 blksz=52 mode=BYTE incr=1
[  429.904837][ T2017] mmc mmc1:0001: AR6K-MAINLINE CMD53 arg=0x941f9834 WR addr=0xfcc blocks=0 blksz=52 mode=BYTE incr=1
[  429.915415][ T2017] mmc mmc1:0001: AR6K-MAINLINE CMD53 arg=0x941f9834 WR addr=0xfcc blocks=0 blksz=52 mode=BYTE incr=1
[  429.926354][ T2017] mmc mmc1:0001: AR6K-MAINLINE CMD53 arg=0x941f9834 WR addr=0xfcc blocks=0 blksz=52 mode=BYTE incr=1
[  429.936782][ T2017] mmc mmc1:0001: AR6K-MAINLINE CMD53 arg=0x941f9834 WR addr=0xfcc blocks=0 blksz=52 mode=BYTE incr=1
[  429.947596][ T2017] mmc mmc1:0001: AR6K-MAINLINE CMD53 arg=0x941f9834 WR addr=0xfcc blocks=0 blksz=52 mode=BYTE incr=1
[  429.958112][ T2017] mmc mmc1:0001: AR6K-MAINLINE CMD53 arg=0x941f9834 WR addr=0xfcc blocks=0 blksz=52 mode=BYTE incr=1
[  429.968922][ T2017] mmc mmc1:0001: AR6K-MAINLINE CMD53 arg=0x941f9834 WR addr=0xfcc blocks=0 blksz=52 mode=BYTE incr=1
[  429.979657][ T2017] mmc mmc1:0001: AR6K-MAINLINE CMD53 arg=0x941f9834 WR addr=0xfcc blocks=0 blksz=52 mode=BYTE incr=1
[  429.990246][ T2017] mmc mmc1:0001: AR6K-MAINLINE CMD53 arg=0x941f9834 WR addr=0xfcc blocks=0 blksz=52 mode=BYTE incr=1
[  430.000855][ T2017] mmc mmc1:0001: AR6K-MAINLINE CMD53 arg=0x941f9834 WR addr=0xfcc blocks=0 blksz=52 mode=BYTE incr=1
[  430.011597][ T2017] mmc mmc1:0001: AR6K-MAINLINE CMD53 arg=0x941f9834 WR addr=0xfcc blocks=0 blksz=52 mode=BYTE incr=1
[  430.022293][ T2017] mmc mmc1:0001: AR6K-MAINLINE CMD53 arg=0x941f9834 WR addr=0xfcc blocks=0 blksz=52 mode=BYTE incr=1
[  430.032961][ T2017] mmc mmc1:0001: AR6K-MAINLINE CMD53 arg=0x941f9834 WR addr=0xfcc blocks=0 blksz=52 mode=BYTE incr=1
[  430.043573][ T2017] mmc mmc1:0001: AR6K-MAINLINE CMD53 arg=0x941f9834 WR addr=0xfcc blocks=0 blksz=52 mode=BYTE incr=1
[  430.054331][ T2017] mmc mmc1:0001: AR6K-MAINLINE CMD53 arg=0x941f9834 WR addr=0xfcc blocks=0 blksz=52 mode=BYTE incr=1
[  430.064921][ T2017] mmc mmc1:0001: AR6K-MAINLINE CMD53 arg=0x941f9834 WR addr=0xfcc blocks=0 blksz=52 mode=BYTE incr=1
[  430.075769][ T2017] mmc mmc1:0001: AR6K-MAINLINE CMD53 arg=0x941f9834 WR addr=0xfcc blocks=0 blksz=52 mode=BYTE incr=1
[  430.086282][ T2017] mmc mmc1:0001: AR6K-MAINLINE CMD53 arg=0x941f9834 WR addr=0xfcc blocks=0 blksz=52 mode=BYTE incr=1
[  430.097020][ T2017] mmc mmc1:0001: AR6K-MAINLINE CMD53 arg=0x941f9834 WR addr=0xfcc blocks=0 blksz=52 mode=BYTE incr=1
[  430.107602][ T2017] mmc mmc1:0001: AR6K-MAINLINE CMD53 arg=0x941f9834 WR addr=0xfcc blocks=0 blksz=52 mode=BYTE incr=1
[  430.118351][ T2017] mmc mmc1:0001: AR6K-MAINLINE CMD53 arg=0x941f9834 WR addr=0xfcc blocks=0 blksz=52 mode=BYTE incr=1
[  430.129071][ T2017] mmc mmc1:0001: AR6K-MAINLINE CMD53 arg=0x941f9834 WR addr=0xfcc blocks=0 blksz=52 mode=BYTE incr=1
[  430.139727][ T2017] mmc mmc1:0001: AR6K-MAINLINE CMD53 arg=0x941f9834 WR addr=0xfcc blocks=0 blksz=52 mode=BYTE incr=1
[  430.150331][ T2017] mmc mmc1:0001: AR6K-MAINLINE CMD53 arg=0x941f9834 WR addr=0xfcc blocks=0 blksz=52 mode=BYTE incr=1
[  430.161072][ T2017] mmc mmc1:0001: AR6K-MAINLINE CMD53 arg=0x941f9834 WR addr=0xfcc blocks=0 blksz=52 mode=BYTE incr=1
[  430.171801][ T2017] mmc mmc1:0001: AR6K-MAINLINE CMD53 arg=0x941f9834 WR addr=0xfcc blocks=0 blksz=52 mode=BYTE incr=1
[  430.182436][ T2017] mmc mmc1:0001: AR6K-MAINLINE CMD53 arg=0x941f9834 WR addr=0xfcc blocks=0 blksz=52 mode=BYTE incr=1
[  430.193025][ T2017] mmc mmc1:0001: AR6K-MAINLINE CMD53 arg=0x941f9834 WR addr=0xfcc blocks=0 blksz=52 mode=BYTE incr=1
[  430.203807][ T2017] mmc mmc1:0001: AR6K-MAINLINE CMD53 arg=0x941f9834 WR addr=0xfcc blocks=0 blksz=52 mode=BYTE incr=1
[  430.214398][ T2017] mmc mmc1:0001: AR6K-MAINLINE CMD53 arg=0x941f9834 WR addr=0xfcc blocks=0 blksz=52 mode=BYTE incr=1
[  430.225245][ T2017] mmc mmc1:0001: AR6K-MAINLINE CMD53 arg=0x941f9834 WR addr=0xfcc blocks=0 blksz=52 mode=BYTE incr=1
[  430.235766][ T2017] mmc mmc1:0001: AR6K-MAINLINE CMD53 arg=0x941f9834 WR addr=0xfcc blocks=0 blksz=52 mode=BYTE incr=1
[  430.246467][ T2017] mmc mmc1:0001: AR6K-MAINLINE CMD53 arg=0x941f9834 WR addr=0xfcc blocks=0 blksz=52 mode=BYTE incr=1
[  430.257068][ T2017] mmc mmc1:0001: AR6K-MAINLINE CMD53 arg=0x941f9834 WR addr=0xfcc blocks=0 blksz=52 mode=BYTE incr=1
[  430.267834][ T2017] mmc mmc1:0001: AR6K-MAINLINE CMD53 arg=0x941f9834 WR addr=0xfcc blocks=0 blksz=52 mode=BYTE incr=1
[  430.278585][ T2017] mmc mmc1:0001: AR6K-MAINLINE CMD53 arg=0x941f9834 WR addr=0xfcc blocks=0 blksz=52 mode=BYTE incr=1
[  430.289219][ T2017] mmc mmc1:0001: AR6K-MAINLINE CMD53 arg=0x941f9834 WR addr=0xfcc blocks=0 blksz=52 mode=BYTE incr=1
[  430.299812][ T2017] mmc mmc1:0001: AR6K-MAINLINE CMD53 arg=0x941f9834 WR addr=0xfcc blocks=0 blksz=52 mode=BYTE incr=1
[  430.310555][ T2017] mmc mmc1:0001: AR6K-MAINLINE CMD53 arg=0x941f9834 WR addr=0xfcc blocks=0 blksz=52 mode=BYTE incr=1
[  430.321270][ T2017] mmc mmc1:0001: AR6K-MAINLINE CMD53 arg=0x941f9834 WR addr=0xfcc blocks=0 blksz=52 mode=BYTE incr=1
[  430.331927][ T2017] mmc mmc1:0001: AR6K-MAINLINE CMD53 arg=0x941f9834 WR addr=0xfcc blocks=0 blksz=52 mode=BYTE incr=1
[  430.342481][ T2017] mmc mmc1:0001: AR6K-MAINLINE CMD53 arg=0x941f9834 WR addr=0xfcc blocks=0 blksz=52 mode=BYTE incr=1
[  430.353252][ T2017] mmc mmc1:0001: AR6K-MAINLINE CMD53 arg=0x941f9834 WR addr=0xfcc blocks=0 blksz=52 mode=BYTE incr=1
[  430.363875][ T2017] mmc mmc1:0001: AR6K-MAINLINE CMD53 arg=0x941f9834 WR addr=0xfcc blocks=0 blksz=52 mode=BYTE incr=1
[  430.374724][ T2017] mmc mmc1:0001: AR6K-MAINLINE CMD53 arg=0x941f9834 WR addr=0xfcc blocks=0 blksz=52 mode=BYTE incr=1
[  430.385250][ T2017] mmc mmc1:0001: AR6K-MAINLINE CMD53 arg=0x941f9834 WR addr=0xfcc blocks=0 blksz=52 mode=BYTE incr=1
[  430.395966][ T2017] mmc mmc1:0001: AR6K-MAINLINE CMD53 arg=0x941f9834 WR addr=0xfcc blocks=0 blksz=52 mode=BYTE incr=1
[  430.406558][ T2017] mmc mmc1:0001: AR6K-MAINLINE CMD53 arg=0x941f9834 WR addr=0xfcc blocks=0 blksz=52 mode=BYTE incr=1
[  430.417328][ T2017] mmc mmc1:0001: AR6K-MAINLINE CMD53 arg=0x941f9834 WR addr=0xfcc blocks=0 blksz=52 mode=BYTE incr=1
[  430.428026][ T2017] mmc mmc1:0001: AR6K-MAINLINE CMD53 arg=0x941f9834 WR addr=0xfcc blocks=0 blksz=52 mode=BYTE incr=1
[  430.438693][ T2017] mmc mmc1:0001: AR6K-MAINLINE CMD53 arg=0x941f9834 WR addr=0xfcc blocks=0 blksz=52 mode=BYTE incr=1
[  430.449300][ T2017] mmc mmc1:0001: AR6K-MAINLINE CMD53 arg=0x941f9834 WR addr=0xfcc blocks=0 blksz=52 mode=BYTE incr=1
[  430.460002][ T2017] mmc mmc1:0001: AR6K-MAINLINE CMD53 arg=0x941f9834 WR addr=0xfcc blocks=0 blksz=52 mode=BYTE incr=1
[  430.470752][ T2017] mmc mmc1:0001: AR6K-MAINLINE CMD53 arg=0x941f9834 WR addr=0xfcc blocks=0 blksz=52 mode=BYTE incr=1
[  430.481369][ T2017] mmc mmc1:0001: AR6K-MAINLINE CMD53 arg=0x941f9834 WR addr=0xfcc blocks=0 blksz=52 mode=BYTE incr=1
[  430.491998][ T2017] mmc mmc1:0001: AR6K-MAINLINE CMD53 arg=0x941f9834 WR addr=0xfcc blocks=0 blksz=52 mode=BYTE incr=1
[  430.502746][ T2017] mmc mmc1:0001: AR6K-MAINLINE CMD53 arg=0x941f9834 WR addr=0xfcc blocks=0 blksz=52 mode=BYTE incr=1
[  430.513349][ T2017] mmc mmc1:0001: AR6K-MAINLINE CMD53 arg=0x941f9834 WR addr=0xfcc blocks=0 blksz=52 mode=BYTE incr=1
[  430.524227][ T2017] mmc mmc1:0001: AR6K-MAINLINE CMD53 arg=0x941f9834 WR addr=0xfcc blocks=0 blksz=52 mode=BYTE incr=1
[  430.534721][ T2017] mmc mmc1:0001: AR6K-MAINLINE CMD53 arg=0x941f9834 WR addr=0xfcc blocks=0 blksz=52 mode=BYTE incr=1
[  430.545493][ T2017] mmc mmc1:0001: AR6K-MAINLINE CMD53 arg=0x941f9834 WR addr=0xfcc blocks=0 blksz=52 mode=BYTE incr=1
[  430.556058][ T2017] mmc mmc1:0001: AR6K-MAINLINE CMD53 arg=0x941f9834 WR addr=0xfcc blocks=0 blksz=52 mode=BYTE incr=1
[  430.566802][ T2017] mmc mmc1:0001: AR6K-MAINLINE CMD53 arg=0x941f9834 WR addr=0xfcc blocks=0 blksz=52 mode=BYTE incr=1
[  430.578439][ T2017] mmc mmc1:0001: AR6K-MAINLINE CMD53 arg=0x941f9834 WR addr=0xfcc blocks=0 blksz=52 mode=BYTE incr=1
[  430.588218][ T2017] mmc mmc1:0001: AR6K-MAINLINE CMD53 arg=0x941f9834 WR addr=0xfcc blocks=0 blksz=52 mode=BYTE incr=1
[  430.598751][ T2017] mmc mmc1:0001: AR6K-MAINLINE CMD53 arg=0x941f9834 WR addr=0xfcc blocks=0 blksz=52 mode=BYTE incr=1
[  430.609598][ T2017] mmc mmc1:0001: AR6K-MAINLINE CMD53 arg=0x941f9834 WR addr=0xfcc blocks=0 blksz=52 mode=BYTE incr=1
[  430.620211][ T2017] mmc mmc1:0001: AR6K-MAINLINE CMD53 arg=0x941f9834 WR addr=0xfcc blocks=0 blksz=52 mode=BYTE incr=1
[  430.630787][ T2017] mmc mmc1:0001: AR6K-MAINLINE CMD53 arg=0x941f9834 WR addr=0xfcc blocks=0 blksz=52 mode=BYTE incr=1
[  430.641589][ T2017] mmc mmc1:0001: AR6K-MAINLINE CMD53 arg=0x941f9834 WR addr=0xfcc blocks=0 blksz=52 mode=BYTE incr=1
[  430.652150][ T2017] mmc mmc1:0001: AR6K-MAINLINE CMD53 arg=0x941f9834 WR addr=0xfcc blocks=0 blksz=52 mode=BYTE incr=1
[  430.662922][ T2017] mmc mmc1:0001: AR6K-MAINLINE CMD53 arg=0x941f9834 WR addr=0xfcc blocks=0 blksz=52 mode=BYTE incr=1
[  430.673586][ T2017] mmc mmc1:0001: AR6K-MAINLINE CMD53 arg=0x941f9834 WR addr=0xfcc blocks=0 blksz=52 mode=BYTE incr=1
[  430.684317][ T2017] mmc mmc1:0001: AR6K-MAINLINE CMD53 arg=0x941f9834 WR addr=0xfcc blocks=0 blksz=52 mode=BYTE incr=1
[  430.694827][ T2017] mmc mmc1:0001: AR6K-MAINLINE CMD53 arg=0x941f9834 WR addr=0xfcc blocks=0 blksz=52 mode=BYTE incr=1
[  430.705661][ T2017] mmc mmc1:0001: AR6K-MAINLINE CMD53 arg=0x941f9834 WR addr=0xfcc blocks=0 blksz=52 mode=BYTE incr=1
[  430.716195][ T2017] mmc mmc1:0001: AR6K-MAINLINE CMD53 arg=0x941f9834 WR addr=0xfcc blocks=0 blksz=52 mode=BYTE incr=1
[  430.727133][ T2017] mmc mmc1:0001: AR6K-MAINLINE CMD53 arg=0x941f9834 WR addr=0xfcc blocks=0 blksz=52 mode=BYTE incr=1
[  430.737560][ T2017] mmc mmc1:0001: AR6K-MAINLINE CMD53 arg=0x941f9834 WR addr=0xfcc blocks=0 blksz=52 mode=BYTE incr=1
[  430.748362][ T2017] mmc mmc1:0001: AR6K-MAINLINE CMD53 arg=0x941f9834 WR addr=0xfcc blocks=0 blksz=52 mode=BYTE incr=1
[  430.758924][ T2017] mmc mmc1:0001: AR6K-MAINLINE CMD53 arg=0x941f9834 WR addr=0xfcc blocks=0 blksz=52 mode=BYTE incr=1
[  430.769817][ T2017] mmc mmc1:0001: AR6K-MAINLINE CMD53 arg=0x941f9834 WR addr=0xfcc blocks=0 blksz=52 mode=BYTE incr=1
[  430.780260][ T2017] mmc mmc1:0001: AR6K-MAINLINE CMD53 arg=0x941f9834 WR addr=0xfcc blocks=0 blksz=52 mode=BYTE incr=1
[  430.791085][ T2017] mmc mmc1:0001: AR6K-MAINLINE CMD53 arg=0x941f9834 WR addr=0xfcc blocks=0 blksz=52 mode=BYTE incr=1
[  430.801578][ T2017] mmc mmc1:0001: AR6K-MAINLINE CMD53 arg=0x941f9834 WR addr=0xfcc blocks=0 blksz=52 mode=BYTE incr=1
[  430.812429][ T2017] mmc mmc1:0001: AR6K-MAINLINE CMD53 arg=0x941f9834 WR addr=0xfcc blocks=0 blksz=52 mode=BYTE incr=1
[  430.823060][ T2017] mmc mmc1:0001: AR6K-MAINLINE CMD53 arg=0x941f9834 WR addr=0xfcc blocks=0 blksz=52 mode=BYTE incr=1
[  430.833775][ T2017] mmc mmc1:0001: AR6K-MAINLINE CMD53 arg=0x941f9834 WR addr=0xfcc blocks=0 blksz=52 mode=BYTE incr=1
[  430.844331][ T2017] mmc mmc1:0001: AR6K-MAINLINE CMD53 arg=0x941f9834 WR addr=0xfcc blocks=0 blksz=52 mode=BYTE incr=1
[  430.855123][ T2017] mmc mmc1:0001: AR6K-MAINLINE CMD53 arg=0x941f9834 WR addr=0xfcc blocks=0 blksz=52 mode=BYTE incr=1
[  430.865666][ T2017] mmc mmc1:0001: AR6K-MAINLINE CMD53 arg=0x941f9834 WR addr=0xfcc blocks=0 blksz=52 mode=BYTE incr=1
[  430.876594][ T2017] mmc mmc1:0001: AR6K-MAINLINE CMD53 arg=0x941f9834 WR addr=0xfcc blocks=0 blksz=52 mode=BYTE incr=1
[  430.887007][ T2017] mmc mmc1:0001: AR6K-MAINLINE CMD53 arg=0x941f9834 WR addr=0xfcc blocks=0 blksz=52 mode=BYTE incr=1
[  430.897815][ T2017] mmc mmc1:0001: AR6K-MAINLINE CMD53 arg=0x941f9834 WR addr=0xfcc blocks=0 blksz=52 mode=BYTE incr=1
[  430.908328][ T2017] mmc mmc1:0001: AR6K-MAINLINE CMD53 arg=0x941f9834 WR addr=0xfcc blocks=0 blksz=52 mode=BYTE incr=1
[  430.919221][ T2017] mmc mmc1:0001: AR6K-MAINLINE CMD53 arg=0x941f9834 WR addr=0xfcc blocks=0 blksz=52 mode=BYTE incr=1
[  430.929843][ T2017] mmc mmc1:0001: AR6K-MAINLINE CMD53 arg=0x941f9834 WR addr=0xfcc blocks=0 blksz=52 mode=BYTE incr=1
[  430.940510][ T2017] mmc mmc1:0001: AR6K-MAINLINE CMD53 arg=0x941f9834 WR addr=0xfcc blocks=0 blksz=52 mode=BYTE incr=1
[  430.951084][ T2017] mmc mmc1:0001: AR6K-MAINLINE CMD53 arg=0x941f9834 WR addr=0xfcc blocks=0 blksz=52 mode=BYTE incr=1
[  430.961871][ T2017] mmc mmc1:0001: AR6K-MAINLINE CMD53 arg=0x941f9834 WR addr=0xfcc blocks=0 blksz=52 mode=BYTE incr=1
[  430.972441][ T2017] mmc mmc1:0001: AR6K-MAINLINE CMD53 arg=0x941f9834 WR addr=0xfcc blocks=0 blksz=52 mode=BYTE incr=1
[  430.983338][ T2017] mmc mmc1:0001: AR6K-MAINLINE CMD53 arg=0x941f9834 WR addr=0xfcc blocks=0 blksz=52 mode=BYTE incr=1
[  430.993825][ T2017] mmc mmc1:0001: AR6K-MAINLINE CMD53 arg=0x941f9834 WR addr=0xfcc blocks=0 blksz=52 mode=BYTE incr=1
[  431.004613][ T2017] mmc mmc1:0001: AR6K-MAINLINE CMD53 arg=0x941f9834 WR addr=0xfcc blocks=0 blksz=52 mode=BYTE incr=1
[  431.015141][ T2017] mmc mmc1:0001: AR6K-MAINLINE CMD53 arg=0x941f9834 WR addr=0xfcc blocks=0 blksz=52 mode=BYTE incr=1
[  431.025970][ T2017] mmc mmc1:0001: AR6K-MAINLINE CMD53 arg=0x941f9834 WR addr=0xfcc blocks=0 blksz=52 mode=BYTE incr=1
[  431.036632][ T2017] mmc mmc1:0001: AR6K-MAINLINE CMD53 arg=0x941f9834 WR addr=0xfcc blocks=0 blksz=52 mode=BYTE incr=1
[  431.047309][ T2017] mmc mmc1:0001: AR6K-MAINLINE CMD53 arg=0x941f9834 WR addr=0xfcc blocks=0 blksz=52 mode=BYTE incr=1
[  431.057846][ T2017] mmc mmc1:0001: AR6K-MAINLINE CMD53 arg=0x941f9834 WR addr=0xfcc blocks=0 blksz=52 mode=BYTE incr=1
[  431.068685][ T2017] mmc mmc1:0001: AR6K-MAINLINE CMD53 arg=0x941f9834 WR addr=0xfcc blocks=0 blksz=52 mode=BYTE incr=1
[  431.079231][ T2017] mmc mmc1:0001: AR6K-MAINLINE CMD53 arg=0x941f9834 WR addr=0xfcc blocks=0 blksz=52 mode=BYTE incr=1
[  431.090147][ T2017] mmc mmc1:0001: AR6K-MAINLINE CMD53 arg=0x941f9834 WR addr=0xfcc blocks=0 blksz=52 mode=BYTE incr=1
[  431.100566][ T2017] mmc mmc1:0001: AR6K-MAINLINE CMD53 arg=0x941f9834 WR addr=0xfcc blocks=0 blksz=52 mode=BYTE incr=1
[  431.111347][ T2017] mmc mmc1:0001: AR6K-MAINLINE CMD53 arg=0x941f9834 WR addr=0xfcc blocks=0 blksz=52 mode=BYTE incr=1
[  431.121928][ T2017] mmc mmc1:0001: AR6K-MAINLINE CMD53 arg=0x941f9834 WR addr=0xfcc blocks=0 blksz=52 mode=BYTE incr=1
[  431.132709][ T2017] mmc mmc1:0001: AR6K-MAINLINE CMD53 arg=0x941f9834 WR addr=0xfcc blocks=0 blksz=52 mode=BYTE incr=1
[  431.143367][ T2017] mmc mmc1:0001: AR6K-MAINLINE CMD53 arg=0x941f9834 WR addr=0xfcc blocks=0 blksz=52 mode=BYTE incr=1
[  431.154105][ T2017] mmc mmc1:0001: AR6K-MAINLINE CMD53 arg=0x941f9834 WR addr=0xfcc blocks=0 blksz=52 mode=BYTE incr=1
[  431.164589][ T2017] mmc mmc1:0001: AR6K-MAINLINE CMD53 arg=0x941f9834 WR addr=0xfcc blocks=0 blksz=52 mode=BYTE incr=1
[  431.175446][ T2017] mmc mmc1:0001: AR6K-MAINLINE CMD53 arg=0x941f9834 WR addr=0xfcc blocks=0 blksz=52 mode=BYTE incr=1
[  431.185983][ T2017] mmc mmc1:0001: AR6K-MAINLINE CMD53 arg=0x941f9834 WR addr=0xfcc blocks=0 blksz=52 mode=BYTE incr=1
[  431.196898][ T2017] mmc mmc1:0001: AR6K-MAINLINE CMD53 arg=0x941f9834 WR addr=0xfcc blocks=0 blksz=52 mode=BYTE incr=1
[  431.207339][ T2017] mmc mmc1:0001: AR6K-MAINLINE CMD53 arg=0x941f9834 WR addr=0xfcc blocks=0 blksz=52 mode=BYTE incr=1
[  431.218115][ T2017] mmc mmc1:0001: AR6K-MAINLINE CMD53 arg=0x941f9834 WR addr=0xfcc blocks=0 blksz=52 mode=BYTE incr=1
[  431.228641][ T2017] mmc mmc1:0001: AR6K-MAINLINE CMD53 arg=0x941f9834 WR addr=0xfcc blocks=0 blksz=52 mode=BYTE incr=1
[  431.239729][ T2017] mmc mmc1:0001: AR6K-MAINLINE CMD53 arg=0x941f9834 WR addr=0xfcc blocks=0 blksz=52 mode=BYTE incr=1
[  431.250218][ T2017] mmc mmc1:0001: AR6K-MAINLINE CMD53 arg=0x941f9834 WR addr=0xfcc blocks=0 blksz=52 mode=BYTE incr=1
[  431.260715][ T2017] mmc mmc1:0001: AR6K-MAINLINE CMD53 arg=0x941f9834 WR addr=0xfcc blocks=0 blksz=52 mode=BYTE incr=1
[  431.271514][ T2017] mmc mmc1:0001: AR6K-MAINLINE CMD53 arg=0x941f9834 WR addr=0xfcc blocks=0 blksz=52 mode=BYTE incr=1
[  431.282073][ T2017] mmc mmc1:0001: AR6K-MAINLINE CMD53 arg=0x941f9834 WR addr=0xfcc blocks=0 blksz=52 mode=BYTE incr=1
[  431.292978][ T2017] mmc mmc1:0001: AR6K-MAINLINE CMD53 arg=0x941f9834 WR addr=0xfcc blocks=0 blksz=52 mode=BYTE incr=1
[  431.303450][ T2017] mmc mmc1:0001: AR6K-MAINLINE CMD53 arg=0x941f9834 WR addr=0xfcc blocks=0 blksz=52 mode=BYTE incr=1
[  431.314245][ T2017] mmc mmc1:0001: AR6K-MAINLINE CMD53 arg=0x941f9834 WR addr=0xfcc blocks=0 blksz=52 mode=BYTE incr=1
[  431.324770][ T2017] mmc mmc1:0001: AR6K-MAINLINE CMD53 arg=0x941f9834 WR addr=0xfcc blocks=0 blksz=52 mode=BYTE incr=1
[  431.335599][ T2017] mmc mmc1:0001: AR6K-MAINLINE CMD53 arg=0x941f9834 WR addr=0xfcc blocks=0 blksz=52 mode=BYTE incr=1
[  431.346245][ T2017] mmc mmc1:0001: AR6K-MAINLINE CMD53 arg=0x941f9834 WR addr=0xfcc blocks=0 blksz=52 mode=BYTE incr=1
[  431.356979][ T2017] mmc mmc1:0001: AR6K-MAINLINE CMD53 arg=0x941f9834 WR addr=0xfcc blocks=0 blksz=52 mode=BYTE incr=1
[  431.367469][ T2017] mmc mmc1:0001: AR6K-MAINLINE CMD53 arg=0x941f9834 WR addr=0xfcc blocks=0 blksz=52 mode=BYTE incr=1
[  431.378254][ T2017] mmc mmc1:0001: AR6K-MAINLINE CMD53 arg=0x941f9834 WR addr=0xfcc blocks=0 blksz=52 mode=BYTE incr=1
[  431.388823][ T2017] mmc mmc1:0001: AR6K-MAINLINE CMD53 arg=0x941f9834 WR addr=0xfcc blocks=0 blksz=52 mode=BYTE incr=1
[  431.399785][ T2017] mmc mmc1:0001: AR6K-MAINLINE CMD53 arg=0x941f9834 WR addr=0xfcc blocks=0 blksz=52 mode=BYTE incr=1
[  431.410200][ T2017] mmc mmc1:0001: AR6K-MAINLINE CMD53 arg=0x941f9834 WR addr=0xfcc blocks=0 blksz=52 mode=BYTE incr=1
[  431.420973][ T2017] mmc mmc1:0001: AR6K-MAINLINE CMD53 arg=0x941f9834 WR addr=0xfcc blocks=0 blksz=52 mode=BYTE incr=1
[  431.431558][ T2017] mmc mmc1:0001: AR6K-MAINLINE CMD53 arg=0x941f9834 WR addr=0xfcc blocks=0 blksz=52 mode=BYTE incr=1
[  431.442331][ T2017] mmc mmc1:0001: AR6K-MAINLINE CMD53 arg=0x941f9834 WR addr=0xfcc blocks=0 blksz=52 mode=BYTE incr=1
[  431.453031][ T2017] mmc mmc1:0001: AR6K-MAINLINE CMD53 arg=0x941f9834 WR addr=0xfcc blocks=0 blksz=52 mode=BYTE incr=1
[  431.463702][ T2017] mmc mmc1:0001: AR6K-MAINLINE CMD53 arg=0x941f9834 WR addr=0xfcc blocks=0 blksz=52 mode=BYTE incr=1
[  431.474221][ T2017] mmc mmc1:0001: AR6K-MAINLINE CMD53 arg=0x941f9834 WR addr=0xfcc blocks=0 blksz=52 mode=BYTE incr=1
[  431.485079][ T2017] mmc mmc1:0001: AR6K-MAINLINE CMD53 arg=0x941f9834 WR addr=0xfcc blocks=0 blksz=52 mode=BYTE incr=1
[  431.495605][ T2017] mmc mmc1:0001: AR6K-MAINLINE CMD53 arg=0x941f9834 WR addr=0xfcc blocks=0 blksz=52 mode=BYTE incr=1
[  431.506522][ T2017] mmc mmc1:0001: AR6K-MAINLINE CMD53 arg=0x941f9834 WR addr=0xfcc blocks=0 blksz=52 mode=BYTE incr=1
[  431.516984][ T2017] mmc mmc1:0001: AR6K-MAINLINE CMD53 arg=0x941f9834 WR addr=0xfcc blocks=0 blksz=52 mode=BYTE incr=1
[  431.527773][ T2017] mmc mmc1:0001: AR6K-MAINLINE CMD53 arg=0x941f9834 WR addr=0xfcc blocks=0 blksz=52 mode=BYTE incr=1
[  431.538379][ T2017] mmc mmc1:0001: AR6K-MAINLINE CMD53 arg=0x941f9834 WR addr=0xfcc blocks=0 blksz=52 mode=BYTE incr=1
[  431.549146][ T2017] mmc mmc1:0001: AR6K-MAINLINE CMD53 arg=0x941f9834 WR addr=0xfcc blocks=0 blksz=52 mode=BYTE incr=1
[  431.559820][ T2017] mmc mmc1:0001: AR6K-MAINLINE CMD53 arg=0x941f9834 WR addr=0xfcc blocks=0 blksz=52 mode=BYTE incr=1
[  431.570490][ T2017] mmc mmc1:0001: AR6K-MAINLINE CMD53 arg=0x941f9834 WR addr=0xfcc blocks=0 blksz=52 mode=BYTE incr=1
[  431.581024][ T2017] mmc mmc1:0001: AR6K-MAINLINE CMD53 arg=0x941f9834 WR addr=0xfcc blocks=0 blksz=52 mode=BYTE incr=1
[  431.591792][ T2017] mmc mmc1:0001: AR6K-MAINLINE CMD53 arg=0x941f9834 WR addr=0xfcc blocks=0 blksz=52 mode=BYTE incr=1
[  431.602362][ T2017] mmc mmc1:0001: AR6K-MAINLINE CMD53 arg=0x941f9834 WR addr=0xfcc blocks=0 blksz=52 mode=BYTE incr=1
[  431.613297][ T2017] mmc mmc1:0001: AR6K-MAINLINE CMD53 arg=0x941f9834 WR addr=0xfcc blocks=0 blksz=52 mode=BYTE incr=1
[  431.623735][ T2017] mmc mmc1:0001: AR6K-MAINLINE CMD53 arg=0x941f9834 WR addr=0xfcc blocks=0 blksz=52 mode=BYTE incr=1
[  431.634571][ T2017] mmc mmc1:0001: AR6K-MAINLINE CMD53 arg=0x941f9834 WR addr=0xfcc blocks=0 blksz=52 mode=BYTE incr=1
[  431.645077][ T2017] mmc mmc1:0001: AR6K-MAINLINE CMD53 arg=0x941f9834 WR addr=0xfcc blocks=0 blksz=52 mode=BYTE incr=1
[  431.655896][ T2017] mmc mmc1:0001: AR6K-MAINLINE CMD53 arg=0x941f9834 WR addr=0xfcc blocks=0 blksz=52 mode=BYTE incr=1
[  431.666561][ T2017] mmc mmc1:0001: AR6K-MAINLINE CMD53 arg=0x941f9834 WR addr=0xfcc blocks=0 blksz=52 mode=BYTE incr=1
[  431.677287][ T2017] mmc mmc1:0001: AR6K-MAINLINE CMD53 arg=0x941f9834 WR addr=0xfcc blocks=0 blksz=52 mode=BYTE incr=1
[  431.687813][ T2017] mmc mmc1:0001: AR6K-MAINLINE CMD53 arg=0x941f9834 WR addr=0xfcc blocks=0 blksz=52 mode=BYTE incr=1
[  431.698619][ T2017] mmc mmc1:0001: AR6K-MAINLINE CMD53 arg=0x941f9834 WR addr=0xfcc blocks=0 blksz=52 mode=BYTE incr=1
[  431.709165][ T2017] mmc mmc1:0001: AR6K-MAINLINE CMD53 arg=0x941f9834 WR addr=0xfcc blocks=0 blksz=52 mode=BYTE incr=1
[  431.720046][ T2017] mmc mmc1:0001: AR6K-MAINLINE CMD53 arg=0x941f9834 WR addr=0xfcc blocks=0 blksz=52 mode=BYTE incr=1
[  431.730501][ T2017] mmc mmc1:0001: AR6K-MAINLINE CMD53 arg=0x941f9834 WR addr=0xfcc blocks=0 blksz=52 mode=BYTE incr=1
[  431.741348][ T2017] mmc mmc1:0001: AR6K-MAINLINE CMD53 arg=0x941f9834 WR addr=0xfcc blocks=0 blksz=52 mode=BYTE incr=1
[  431.751863][ T2017] mmc mmc1:0001: AR6K-MAINLINE CMD53 arg=0x941f9834 WR addr=0xfcc blocks=0 blksz=52 mode=BYTE incr=1
[  431.762665][ T2017] mmc mmc1:0001: AR6K-MAINLINE CMD53 arg=0x941f9834 WR addr=0xfcc blocks=0 blksz=52 mode=BYTE incr=1
[  431.773356][ T2017] mmc mmc1:0001: AR6K-MAINLINE CMD53 arg=0x941f9834 WR addr=0xfcc blocks=0 blksz=52 mode=BYTE incr=1
[  431.784028][ T2017] mmc mmc1:0001: AR6K-MAINLINE CMD53 arg=0x941f9834 WR addr=0xfcc blocks=0 blksz=52 mode=BYTE incr=1
[  431.794531][ T2017] mmc mmc1:0001: AR6K-MAINLINE CMD53 arg=0x941f9834 WR addr=0xfcc blocks=0 blksz=52 mode=BYTE incr=1
[  431.805400][ T2017] mmc mmc1:0001: AR6K-MAINLINE CMD53 arg=0x941f9834 WR addr=0xfcc blocks=0 blksz=52 mode=BYTE incr=1
[  431.815919][ T2017] mmc mmc1:0001: AR6K-MAINLINE CMD53 arg=0x941f9834 WR addr=0xfcc blocks=0 blksz=52 mode=BYTE incr=1
[  431.826843][ T2017] mmc mmc1:0001: AR6K-MAINLINE CMD53 arg=0x941f9834 WR addr=0xfcc blocks=0 blksz=52 mode=BYTE incr=1
[  431.837283][ T2017] mmc mmc1:0001: AR6K-MAINLINE CMD53 arg=0x941f9834 WR addr=0xfcc blocks=0 blksz=52 mode=BYTE incr=1
[  431.848105][ T2017] mmc mmc1:0001: AR6K-MAINLINE CMD53 arg=0x941f9834 WR addr=0xfcc blocks=0 blksz=52 mode=BYTE incr=1
[  431.858629][ T2017] mmc mmc1:0001: AR6K-MAINLINE CMD53 arg=0x941f9834 WR addr=0xfcc blocks=0 blksz=52 mode=BYTE incr=1
[  431.869658][ T2017] mmc mmc1:0001: AR6K-MAINLINE CMD53 arg=0x941f9834 WR addr=0xfcc blocks=0 blksz=52 mode=BYTE incr=1
[  431.879991][ T2017] mmc mmc1:0001: AR6K-MAINLINE CMD53 arg=0x941f9834 WR addr=0xfcc blocks=0 blksz=52 mode=BYTE incr=1
[  431.890654][ T2017] mmc mmc1:0001: AR6K-MAINLINE CMD53 arg=0x941f9834 WR addr=0xfcc blocks=0 blksz=52 mode=BYTE incr=1
[  431.901414][ T2017] mmc mmc1:0001: AR6K-MAINLINE CMD53 arg=0x941f9834 WR addr=0xfcc blocks=0 blksz=52 mode=BYTE incr=1
[  431.912013][ T2017] mmc mmc1:0001: AR6K-MAINLINE CMD53 arg=0x941f9834 WR addr=0xfcc blocks=0 blksz=52 mode=BYTE incr=1
[  431.922927][ T2017] mmc mmc1:0001: AR6K-MAINLINE CMD53 arg=0x941f9834 WR addr=0xfcc blocks=0 blksz=52 mode=BYTE incr=1
[  431.933369][ T2017] mmc mmc1:0001: AR6K-MAINLINE CMD53 arg=0x941f9834 WR addr=0xfcc blocks=0 blksz=52 mode=BYTE incr=1
[  431.944167][ T2017] mmc mmc1:0001: AR6K-MAINLINE CMD53 arg=0x941f9834 WR addr=0xfcc blocks=0 blksz=52 mode=BYTE incr=1
[  431.954741][ T2017] mmc mmc1:0001: AR6K-MAINLINE CMD53 arg=0x941f9834 WR addr=0xfcc blocks=0 blksz=52 mode=BYTE incr=1
[  431.965527][ T2017] mmc mmc1:0001: AR6K-MAINLINE CMD53 arg=0x941f9834 WR addr=0xfcc blocks=0 blksz=52 mode=BYTE incr=1
[  431.976151][ T2017] mmc mmc1:0001: AR6K-MAINLINE CMD53 arg=0x941f9834 WR addr=0xfcc blocks=0 blksz=52 mode=BYTE incr=1
[  431.986904][ T2017] mmc mmc1:0001: AR6K-MAINLINE CMD53 arg=0x941f9834 WR addr=0xfcc blocks=0 blksz=52 mode=BYTE incr=1
[  431.997445][ T2017] mmc mmc1:0001: AR6K-MAINLINE CMD53 arg=0x941f9834 WR addr=0xfcc blocks=0 blksz=52 mode=BYTE incr=1
[  432.008269][ T2017] mmc mmc1:0001: AR6K-MAINLINE CMD53 arg=0x941f9834 WR addr=0xfcc blocks=0 blksz=52 mode=BYTE incr=1
[  432.018790][ T2017] mmc mmc1:0001: AR6K-MAINLINE CMD53 arg=0x941f9834 WR addr=0xfcc blocks=0 blksz=52 mode=BYTE incr=1
[  432.029764][ T2017] mmc mmc1:0001: AR6K-MAINLINE CMD53 arg=0x941f9834 WR addr=0xfcc blocks=0 blksz=52 mode=BYTE incr=1
[  432.040210][ T2017] mmc mmc1:0001: AR6K-MAINLINE CMD53 arg=0x941f9834 WR addr=0xfcc blocks=0 blksz=52 mode=BYTE incr=1
[  432.050976][ T2017] mmc mmc1:0001: AR6K-MAINLINE CMD53 arg=0x941f9834 WR addr=0xfcc blocks=0 blksz=52 mode=BYTE incr=1
[  432.061492][ T2017] mmc mmc1:0001: AR6K-MAINLINE CMD53 arg=0x941f9834 WR addr=0xfcc blocks=0 blksz=52 mode=BYTE incr=1
[  432.072395][ T2017] mmc mmc1:0001: AR6K-MAINLINE CMD53 arg=0x941f9834 WR addr=0xfcc blocks=0 blksz=52 mode=BYTE incr=1
[  432.082858][ T2017] mmc mmc1:0001: AR6K-MAINLINE CMD53 arg=0x941f9834 WR addr=0xfcc blocks=0 blksz=52 mode=BYTE incr=1
[  432.093642][ T2017] mmc mmc1:0001: AR6K-MAINLINE CMD53 arg=0x941f9834 WR addr=0xfcc blocks=0 blksz=52 mode=BYTE incr=1
[  432.104219][ T2017] mmc mmc1:0001: AR6K-MAINLINE CMD53 arg=0x941f9834 WR addr=0xfcc blocks=0 blksz=52 mode=BYTE incr=1
[  432.115035][ T2017] mmc mmc1:0001: AR6K-MAINLINE CMD53 arg=0x941f9834 WR addr=0xfcc blocks=0 blksz=52 mode=BYTE incr=1
[  432.125649][ T2017] mmc mmc1:0001: AR6K-MAINLINE CMD53 arg=0x941f9834 WR addr=0xfcc blocks=0 blksz=52 mode=BYTE incr=1
[  432.136394][ T2017] mmc mmc1:0001: AR6K-MAINLINE CMD53 arg=0x941f9834 WR addr=0xfcc blocks=0 blksz=52 mode=BYTE incr=1
[  432.146909][ T2017] mmc mmc1:0001: AR6K-MAINLINE CMD53 arg=0x941f9834 WR addr=0xfcc blocks=0 blksz=52 mode=BYTE incr=1
[  432.157750][ T2017] mmc mmc1:0001: AR6K-MAINLINE CMD53 arg=0x941f9834 WR addr=0xfcc blocks=0 blksz=52 mode=BYTE incr=1
[  432.168247][ T2017] mmc mmc1:0001: AR6K-MAINLINE CMD53 arg=0x941f9834 WR addr=0xfcc blocks=0 blksz=52 mode=BYTE incr=1
[  432.179191][ T2017] mmc mmc1:0001: AR6K-MAINLINE CMD53 arg=0x941f9834 WR addr=0xfcc blocks=0 blksz=52 mode=BYTE incr=1
[  432.189647][ T2017] mmc mmc1:0001: AR6K-MAINLINE CMD53 arg=0x941f9834 WR addr=0xfcc blocks=0 blksz=52 mode=BYTE incr=1
[  432.200445][ T2017] mmc mmc1:0001: AR6K-MAINLINE CMD53 arg=0x941f9834 WR addr=0xfcc blocks=0 blksz=52 mode=BYTE incr=1
[  432.210971][ T2017] mmc mmc1:0001: AR6K-MAINLINE CMD53 arg=0x941f9834 WR addr=0xfcc blocks=0 blksz=52 mode=BYTE incr=1
[  432.221825][ T2017] mmc mmc1:0001: AR6K-MAINLINE CMD53 arg=0x941f9834 WR addr=0xfcc blocks=0 blksz=52 mode=BYTE incr=1
[  432.232347][ T2017] mmc mmc1:0001: AR6K-MAINLINE CMD53 arg=0x941f9834 WR addr=0xfcc blocks=0 blksz=52 mode=BYTE incr=1
[  432.243133][ T2017] mmc mmc1:0001: AR6K-MAINLINE CMD53 arg=0x941f9834 WR addr=0xfcc blocks=0 blksz=52 mode=BYTE incr=1
[  432.253700][ T2017] mmc mmc1:0001: AR6K-MAINLINE CMD53 arg=0x941f9834 WR addr=0xfcc blocks=0 blksz=52 mode=BYTE incr=1
[  432.264477][ T2017] mmc mmc1:0001: AR6K-MAINLINE CMD53 arg=0x941f9834 WR addr=0xfcc blocks=0 blksz=52 mode=BYTE incr=1
[  432.275211][ T2017] mmc mmc1:0001: AR6K-MAINLINE CMD53 arg=0x941f9834 WR addr=0xfcc blocks=0 blksz=52 mode=BYTE incr=1
[  432.285849][ T2017] mmc mmc1:0001: AR6K-MAINLINE CMD53 arg=0x941f9834 WR addr=0xfcc blocks=0 blksz=52 mode=BYTE incr=1
[  432.296390][ T2017] mmc mmc1:0001: AR6K-MAINLINE CMD53 arg=0x941f9834 WR addr=0xfcc blocks=0 blksz=52 mode=BYTE incr=1
[  432.307232][ T2017] mmc mmc1:0001: AR6K-MAINLINE CMD53 arg=0x941f9834 WR addr=0xfcc blocks=0 blksz=52 mode=BYTE incr=1
[  432.317749][ T2017] mmc mmc1:0001: AR6K-MAINLINE CMD53 arg=0x941f9834 WR addr=0xfcc blocks=0 blksz=52 mode=BYTE incr=1
[  432.328683][ T2017] mmc mmc1:0001: AR6K-MAINLINE CMD53 arg=0x941f9834 WR addr=0xfcc blocks=0 blksz=52 mode=BYTE incr=1
[  432.339116][ T2017] mmc mmc1:0001: AR6K-MAINLINE CMD53 arg=0x941f9834 WR addr=0xfcc blocks=0 blksz=52 mode=BYTE incr=1
[  432.349887][ T2017] mmc mmc1:0001: AR6K-MAINLINE CMD53 arg=0x941f9834 WR addr=0xfcc blocks=0 blksz=52 mode=BYTE incr=1
[  432.360478][ T2017] mmc mmc1:0001: AR6K-MAINLINE CMD53 arg=0x941f9834 WR addr=0xfcc blocks=0 blksz=52 mode=BYTE incr=1
[  432.371390][ T2017] mmc mmc1:0001: AR6K-MAINLINE CMD53 arg=0x941f9834 WR addr=0xfcc blocks=0 blksz=52 mode=BYTE incr=1
[  432.381811][ T2017] mmc mmc1:0001: AR6K-MAINLINE CMD53 arg=0x941f9834 WR addr=0xfcc blocks=0 blksz=52 mode=BYTE incr=1
[  432.392552][ T2017] mmc mmc1:0001: AR6K-MAINLINE CMD53 arg=0x941f9834 WR addr=0xfcc blocks=0 blksz=52 mode=BYTE incr=1
[  432.403137][ T2017] mmc mmc1:0001: AR6K-MAINLINE CMD53 arg=0x941f9834 WR addr=0xfcc blocks=0 blksz=52 mode=BYTE incr=1
[  432.413980][ T2017] mmc mmc1:0001: AR6K-MAINLINE CMD53 arg=0x941f9834 WR addr=0xfcc blocks=0 blksz=52 mode=BYTE incr=1
[  432.424658][ T2017] mmc mmc1:0001: AR6K-MAINLINE CMD53 arg=0x941f9834 WR addr=0xfcc blocks=0 blksz=52 mode=BYTE incr=1
[  432.435291][ T2017] mmc mmc1:0001: AR6K-MAINLINE CMD53 arg=0x941f9834 WR addr=0xfcc blocks=0 blksz=52 mode=BYTE incr=1
[  432.445867][ T2017] mmc mmc1:0001: AR6K-MAINLINE CMD53 arg=0x941f9834 WR addr=0xfcc blocks=0 blksz=52 mode=BYTE incr=1
[  432.456683][ T2017] mmc mmc1:0001: AR6K-MAINLINE CMD53 arg=0x941f9834 WR addr=0xfcc blocks=0 blksz=52 mode=BYTE incr=1
[  432.467223][ T2017] mmc mmc1:0001: AR6K-MAINLINE CMD53 arg=0x941f9834 WR addr=0xfcc blocks=0 blksz=52 mode=BYTE incr=1
[  432.478178][ T2017] mmc mmc1:0001: AR6K-MAINLINE CMD53 arg=0x941f9834 WR addr=0xfcc blocks=0 blksz=52 mode=BYTE incr=1
[  432.488604][ T2017] mmc mmc1:0001: AR6K-MAINLINE CMD53 arg=0x941f9834 WR addr=0xfcc blocks=0 blksz=52 mode=BYTE incr=1
[  432.499488][ T2017] mmc mmc1:0001: AR6K-MAINLINE CMD53 arg=0x941f9834 WR addr=0xfcc blocks=0 blksz=52 mode=BYTE incr=1
[  432.510044][ T2017] mmc mmc1:0001: AR6K-MAINLINE CMD53 arg=0x941f9834 WR addr=0xfcc blocks=0 blksz=52 mode=BYTE incr=1
[  432.520707][ T2017] mmc mmc1:0001: AR6K-MAINLINE CMD53 arg=0x941f9834 WR addr=0xfcc blocks=0 blksz=52 mode=BYTE incr=1
[  432.531426][ T2017] mmc mmc1:0001: AR6K-MAINLINE CMD53 arg=0x941f9834 WR addr=0xfcc blocks=0 blksz=52 mode=BYTE incr=1
[  432.542014][ T2017] mmc mmc1:0001: AR6K-MAINLINE CMD53 arg=0x941f9834 WR addr=0xfcc blocks=0 blksz=52 mode=BYTE incr=1
[  432.552748][ T2017] mmc mmc1:0001: AR6K-MAINLINE CMD53 arg=0x941f9834 WR addr=0xfcc blocks=0 blksz=52 mode=BYTE incr=1
[  432.563326][ T2017] mmc mmc1:0001: AR6K-MAINLINE CMD53 arg=0x941f9834 WR addr=0xfcc blocks=0 blksz=52 mode=BYTE incr=1
[  432.574251][ T2017] mmc mmc1:0001: AR6K-MAINLINE CMD53 arg=0x941f9834 WR addr=0xfcc blocks=0 blksz=52 mode=BYTE incr=1
[  432.584694][ T2017] mmc mmc1:0001: AR6K-MAINLINE CMD53 arg=0x941f9834 WR addr=0xfcc blocks=0 blksz=52 mode=BYTE incr=1
[  432.595497][ T2017] mmc mmc1:0001: AR6K-MAINLINE CMD53 arg=0x941f9834 WR addr=0xfcc blocks=0 blksz=52 mode=BYTE incr=1
[  432.606021][ T2017] mmc mmc1:0001: AR6K-MAINLINE CMD53 arg=0x941f9834 WR addr=0xfcc blocks=0 blksz=52 mode=BYTE incr=1
[  432.616867][ T2017] mmc mmc1:0001: AR6K-MAINLINE CMD53 arg=0x941f9834 WR addr=0xfcc blocks=0 blksz=52 mode=BYTE incr=1
[  432.627505][ T2017] mmc mmc1:0001: AR6K-MAINLINE CMD53 arg=0x941f9834 WR addr=0xfcc blocks=0 blksz=52 mode=BYTE incr=1
[  432.638228][ T2017] mmc mmc1:0001: AR6K-MAINLINE CMD53 arg=0x941f9834 WR addr=0xfcc blocks=0 blksz=52 mode=BYTE incr=1
[  432.648740][ T2017] mmc mmc1:0001: AR6K-MAINLINE CMD53 arg=0x941f9834 WR addr=0xfcc blocks=0 blksz=52 mode=BYTE incr=1
[  432.659676][ T2017] mmc mmc1:0001: AR6K-MAINLINE CMD53 arg=0x941f9834 WR addr=0xfcc blocks=0 blksz=52 mode=BYTE incr=1
[  432.670420][ T2017] mmc mmc1:0001: AR6K-MAINLINE CMD53 arg=0x941f9834 WR addr=0xfcc blocks=0 blksz=52 mode=BYTE incr=1
[  432.680885][ T2017] mmc mmc1:0001: AR6K-MAINLINE CMD53 arg=0x941f9834 WR addr=0xfcc blocks=0 blksz=52 mode=BYTE incr=1
[  432.691575][ T2017] mmc mmc1:0001: AR6K-MAINLINE CMD53 arg=0x941f9834 WR addr=0xfcc blocks=0 blksz=52 mode=BYTE incr=1
[  432.702144][ T2017] mmc mmc1:0001: AR6K-MAINLINE CMD53 arg=0x941f9834 WR addr=0xfcc blocks=0 blksz=52 mode=BYTE incr=1
[  432.712884][ T2017] mmc mmc1:0001: AR6K-MAINLINE CMD53 arg=0x941f9834 WR addr=0xfcc blocks=0 blksz=52 mode=BYTE incr=1
[  432.723611][ T2017] mmc mmc1:0001: AR6K-MAINLINE CMD53 arg=0x941f9834 WR addr=0xfcc blocks=0 blksz=52 mode=BYTE incr=1
[  432.734278][ T2017] mmc mmc1:0001: AR6K-MAINLINE CMD53 arg=0x941f9834 WR addr=0xfcc blocks=0 blksz=52 mode=BYTE incr=1
[  432.744859][ T2017] mmc mmc1:0001: AR6K-MAINLINE CMD53 arg=0x941f9834 WR addr=0xfcc blocks=0 blksz=52 mode=BYTE incr=1
[  432.755605][ T2017] mmc mmc1:0001: AR6K-MAINLINE CMD53 arg=0x941f9834 WR addr=0xfcc blocks=0 blksz=52 mode=BYTE incr=1
[  432.766309][ T2017] mmc mmc1:0001: AR6K-MAINLINE CMD53 arg=0x941f9834 WR addr=0xfcc blocks=0 blksz=52 mode=BYTE incr=1
[  432.777050][ T2017] mmc mmc1:0001: AR6K-MAINLINE CMD53 arg=0x941f9834 WR addr=0xfcc blocks=0 blksz=52 mode=BYTE incr=1
[  432.787524][ T2017] mmc mmc1:0001: AR6K-MAINLINE CMD53 arg=0x941f9834 WR addr=0xfcc blocks=0 blksz=52 mode=BYTE incr=1
[  432.798309][ T2017] mmc mmc1:0001: AR6K-MAINLINE CMD53 arg=0x941f9834 WR addr=0xfcc blocks=0 blksz=52 mode=BYTE incr=1
[  432.808951][ T2017] mmc mmc1:0001: AR6K-MAINLINE CMD53 arg=0x941f9834 WR addr=0xfcc blocks=0 blksz=52 mode=BYTE incr=1
[  432.819822][ T2017] mmc mmc1:0001: AR6K-MAINLINE CMD53 arg=0x941f9834 WR addr=0xfcc blocks=0 blksz=52 mode=BYTE incr=1
[  432.830283][ T2017] mmc mmc1:0001: AR6K-MAINLINE CMD53 arg=0x941f9834 WR addr=0xfcc blocks=0 blksz=52 mode=BYTE incr=1
[  432.841021][ T2017] mmc mmc1:0001: AR6K-MAINLINE CMD53 arg=0x941f9834 WR addr=0xfcc blocks=0 blksz=52 mode=BYTE incr=1
[  432.851620][ T2017] mmc mmc1:0001: AR6K-MAINLINE CMD53 arg=0x941f9834 WR addr=0xfcc blocks=0 blksz=52 mode=BYTE incr=1
[  432.862398][ T2017] mmc mmc1:0001: AR6K-MAINLINE CMD53 arg=0x941f9834 WR addr=0xfcc blocks=0 blksz=52 mode=BYTE incr=1
[  432.873041][ T2017] mmc mmc1:0001: AR6K-MAINLINE CMD53 arg=0x941f9834 WR addr=0xfcc blocks=0 blksz=52 mode=BYTE incr=1
[  432.883769][ T2017] mmc mmc1:0001: AR6K-MAINLINE CMD53 arg=0x941f9834 WR addr=0xfcc blocks=0 blksz=52 mode=BYTE incr=1
[  432.894318][ T2017] mmc mmc1:0001: AR6K-MAINLINE CMD53 arg=0x941f9834 WR addr=0xfcc blocks=0 blksz=52 mode=BYTE incr=1
[  432.905054][ T2017] mmc mmc1:0001: AR6K-MAINLINE CMD53 arg=0x941f9834 WR addr=0xfcc blocks=0 blksz=52 mode=BYTE incr=1
[  432.915698][ T2017] mmc mmc1:0001: AR6K-MAINLINE CMD53 arg=0x941f9834 WR addr=0xfcc blocks=0 blksz=52 mode=BYTE incr=1
[  432.926556][ T2017] mmc mmc1:0001: AR6K-MAINLINE CMD53 arg=0x941f9834 WR addr=0xfcc blocks=0 blksz=52 mode=BYTE incr=1
[  432.937016][ T2017] mmc mmc1:0001: AR6K-MAINLINE CMD53 arg=0x941f9834 WR addr=0xfcc blocks=0 blksz=52 mode=BYTE incr=1
[  432.947806][ T2017] mmc mmc1:0001: AR6K-MAINLINE CMD53 arg=0x941f9834 WR addr=0xfcc blocks=0 blksz=52 mode=BYTE incr=1
[  432.958415][ T2017] mmc mmc1:0001: AR6K-MAINLINE CMD53 arg=0x941f9834 WR addr=0xfcc blocks=0 blksz=52 mode=BYTE incr=1
[  432.969156][ T2017] mmc mmc1:0001: AR6K-MAINLINE CMD53 arg=0x941f9834 WR addr=0xfcc blocks=0 blksz=52 mode=BYTE incr=1
[  432.979869][ T2017] mmc mmc1:0001: AR6K-MAINLINE CMD53 arg=0x941f9834 WR addr=0xfcc blocks=0 blksz=52 mode=BYTE incr=1
[  432.990504][ T2017] mmc mmc1:0001: AR6K-MAINLINE CMD53 arg=0x941f9834 WR addr=0xfcc blocks=0 blksz=52 mode=BYTE incr=1
[  433.001115][ T2017] mmc mmc1:0001: AR6K-MAINLINE CMD53 arg=0x941f9834 WR addr=0xfcc blocks=0 blksz=52 mode=BYTE incr=1
[  433.011880][ T2017] mmc mmc1:0001: AR6K-MAINLINE CMD53 arg=0x941f9834 WR addr=0xfcc blocks=0 blksz=52 mode=BYTE incr=1
[  433.022456][ T2017] mmc mmc1:0001: AR6K-MAINLINE CMD53 arg=0x941f9834 WR addr=0xfcc blocks=0 blksz=52 mode=BYTE incr=1
[  433.033299][ T2017] mmc mmc1:0001: AR6K-MAINLINE CMD53 arg=0x941f9834 WR addr=0xfcc blocks=0 blksz=52 mode=BYTE incr=1
[  433.043844][ T2017] mmc mmc1:0001: AR6K-MAINLINE CMD53 arg=0x941f9834 WR addr=0xfcc blocks=0 blksz=52 mode=BYTE incr=1
[  433.054572][ T2017] mmc mmc1:0001: AR6K-MAINLINE CMD53 arg=0x941f9834 WR addr=0xfcc blocks=0 blksz=52 mode=BYTE incr=1
[  433.065169][ T2017] mmc mmc1:0001: AR6K-MAINLINE CMD53 arg=0x941f9834 WR addr=0xfcc blocks=0 blksz=52 mode=BYTE incr=1
[  433.075927][ T2017] mmc mmc1:0001: AR6K-MAINLINE CMD53 arg=0x941f9834 WR addr=0xfcc blocks=0 blksz=52 mode=BYTE incr=1
[  433.086599][ T2017] mmc mmc1:0001: AR6K-MAINLINE CMD53 arg=0x941f9834 WR addr=0xfcc blocks=0 blksz=52 mode=BYTE incr=1
[  433.097279][ T2017] mmc mmc1:0001: AR6K-MAINLINE CMD53 arg=0x941f9834 WR addr=0xfcc blocks=0 blksz=52 mode=BYTE incr=1
[  433.107886][ T2017] mmc mmc1:0001: AR6K-MAINLINE CMD53 arg=0x941f9834 WR addr=0xfcc blocks=0 blksz=52 mode=BYTE incr=1
[  433.118639][ T2017] mmc mmc1:0001: AR6K-MAINLINE CMD53 arg=0x941f9834 WR addr=0xfcc blocks=0 blksz=52 mode=BYTE incr=1
[  433.129260][ T2017] mmc mmc1:0001: AR6K-MAINLINE CMD53 arg=0x941f9834 WR addr=0xfcc blocks=0 blksz=52 mode=BYTE incr=1
[  433.140079][ T2017] mmc mmc1:0001: AR6K-MAINLINE CMD53 arg=0x941f9834 WR addr=0xfcc blocks=0 blksz=52 mode=BYTE incr=1
[  433.150594][ T2017] mmc mmc1:0001: AR6K-MAINLINE CMD53 arg=0x941f9834 WR addr=0xfcc blocks=0 blksz=52 mode=BYTE incr=1
[  433.161337][ T2017] mmc mmc1:0001: AR6K-MAINLINE CMD53 arg=0x941f9834 WR addr=0xfcc blocks=0 blksz=52 mode=BYTE incr=1
[  433.171905][ T2017] mmc mmc1:0001: AR6K-MAINLINE CMD53 arg=0x941f9834 WR addr=0xfcc blocks=0 blksz=52 mode=BYTE incr=1
[  433.182702][ T2017] mmc mmc1:0001: AR6K-MAINLINE CMD53 arg=0x941f9834 WR addr=0xfcc blocks=0 blksz=52 mode=BYTE incr=1
[  433.193398][ T2017] mmc mmc1:0001: AR6K-MAINLINE CMD53 arg=0x941f9834 WR addr=0xfcc blocks=0 blksz=52 mode=BYTE incr=1
[  433.204072][ T2017] mmc mmc1:0001: AR6K-MAINLINE CMD53 arg=0x941f9834 WR addr=0xfcc blocks=0 blksz=52 mode=BYTE incr=1
[  433.214645][ T2017] mmc mmc1:0001: AR6K-MAINLINE CMD53 arg=0x941f9834 WR addr=0xfcc blocks=0 blksz=52 mode=BYTE incr=1
[  433.225405][ T2017] mmc mmc1:0001: AR6K-MAINLINE CMD53 arg=0x941f9834 WR addr=0xfcc blocks=0 blksz=52 mode=BYTE incr=1
[  433.236058][ T2017] mmc mmc1:0001: AR6K-MAINLINE CMD53 arg=0x941f9834 WR addr=0xfcc blocks=0 blksz=52 mode=BYTE incr=1
[  433.246952][ T2017] mmc mmc1:0001: AR6K-MAINLINE CMD53 arg=0x941f9834 WR addr=0xfcc blocks=0 blksz=52 mode=BYTE incr=1
[  433.257337][ T2017] mmc mmc1:0001: AR6K-MAINLINE CMD53 arg=0x941f9834 WR addr=0xfcc blocks=0 blksz=52 mode=BYTE incr=1
[  433.268126][ T2017] mmc mmc1:0001: AR6K-MAINLINE CMD53 arg=0x941f9834 WR addr=0xfcc blocks=0 blksz=52 mode=BYTE incr=1
[  433.278699][ T2017] mmc mmc1:0001: AR6K-MAINLINE CMD53 arg=0x941f9834 WR addr=0xfcc blocks=0 blksz=52 mode=BYTE incr=1
[  433.289632][ T2017] mmc mmc1:0001: AR6K-MAINLINE CMD53 arg=0x941f9834 WR addr=0xfcc blocks=0 blksz=52 mode=BYTE incr=1
[  433.300033][ T2017] mmc mmc1:0001: AR6K-MAINLINE CMD53 arg=0x941f9834 WR addr=0xfcc blocks=0 blksz=52 mode=BYTE incr=1
[  433.310763][ T2017] mmc mmc1:0001: AR6K-MAINLINE CMD53 arg=0x941f9834 WR addr=0xfcc blocks=0 blksz=52 mode=BYTE incr=1
[  433.321546][ T2017] mmc mmc1:0001: AR6K-MAINLINE CMD53 arg=0x941f9834 WR addr=0xfcc blocks=0 blksz=52 mode=BYTE incr=1
[  433.332101][ T2017] mmc mmc1:0001: AR6K-MAINLINE CMD53 arg=0x941f9834 WR addr=0xfcc blocks=0 blksz=52 mode=BYTE incr=1
[  433.343005][ T2017] mmc mmc1:0001: AR6K-MAINLINE CMD53 arg=0x941f9834 WR addr=0xfcc blocks=0 blksz=52 mode=BYTE incr=1
[  433.353429][ T2017] mmc mmc1:0001: AR6K-MAINLINE CMD53 arg=0x941f9834 WR addr=0xfcc blocks=0 blksz=52 mode=BYTE incr=1
[  433.364257][ T2017] mmc mmc1:0001: AR6K-MAINLINE CMD53 arg=0x941f9834 WR addr=0xfcc blocks=0 blksz=52 mode=BYTE incr=1
[  433.374781][ T2017] mmc mmc1:0001: AR6K-MAINLINE CMD53 arg=0x941f9834 WR addr=0xfcc blocks=0 blksz=52 mode=BYTE incr=1
[  433.385564][ T2017] mmc mmc1:0001: AR6K-MAINLINE CMD53 arg=0x941f9834 WR addr=0xfcc blocks=0 blksz=52 mode=BYTE incr=1
[  433.396201][ T2017] mmc mmc1:0001: AR6K-MAINLINE CMD53 arg=0x941f9834 WR addr=0xfcc blocks=0 blksz=52 mode=BYTE incr=1
[  433.406950][ T2017] mmc mmc1:0001: AR6K-MAINLINE CMD53 arg=0x941f9834 WR addr=0xfcc blocks=0 blksz=52 mode=BYTE incr=1
[  433.417475][ T2017] mmc mmc1:0001: AR6K-MAINLINE CMD53 arg=0x941f9834 WR addr=0xfcc blocks=0 blksz=52 mode=BYTE incr=1
[  433.428318][ T2017] mmc mmc1:0001: AR6K-MAINLINE CMD53 arg=0x941f9834 WR addr=0xfcc blocks=0 blksz=52 mode=BYTE incr=1
[  433.438835][ T2017] mmc mmc1:0001: AR6K-MAINLINE CMD53 arg=0x941f9834 WR addr=0xfcc blocks=0 blksz=52 mode=BYTE incr=1
[  433.449782][ T2017] mmc mmc1:0001: AR6K-MAINLINE CMD53 arg=0x941f9834 WR addr=0xfcc blocks=0 blksz=52 mode=BYTE incr=1
[  433.460205][ T2017] mmc mmc1:0001: AR6K-MAINLINE CMD53 arg=0x941f9834 WR addr=0xfcc blocks=0 blksz=52 mode=BYTE incr=1
[  433.470962][ T2017] mmc mmc1:0001: AR6K-MAINLINE CMD53 arg=0x941f9834 WR addr=0xfcc blocks=0 blksz=52 mode=BYTE incr=1
[  433.481540][ T2017] mmc mmc1:0001: AR6K-MAINLINE CMD53 arg=0x941f9834 WR addr=0xfcc blocks=0 blksz=52 mode=BYTE incr=1
[  433.492378][ T2017] mmc mmc1:0001: AR6K-MAINLINE CMD53 arg=0x941f9834 WR addr=0xfcc blocks=0 blksz=52 mode=BYTE incr=1
[  433.503004][ T2017] mmc mmc1:0001: AR6K-MAINLINE CMD53 arg=0x941f9834 WR addr=0xfcc blocks=0 blksz=52 mode=BYTE incr=1
[  433.513722][ T2017] mmc mmc1:0001: AR6K-MAINLINE CMD53 arg=0x941f9834 WR addr=0xfcc blocks=0 blksz=52 mode=BYTE incr=1
[  433.524255][ T2017] mmc mmc1:0001: AR6K-MAINLINE CMD53 arg=0x941f9834 WR addr=0xfcc blocks=0 blksz=52 mode=BYTE incr=1
[  433.535081][ T2017] mmc mmc1:0001: AR6K-MAINLINE CMD53 arg=0x941f9834 WR addr=0xfcc blocks=0 blksz=52 mode=BYTE incr=1
[  433.545618][ T2017] mmc mmc1:0001: AR6K-MAINLINE CMD53 arg=0x941f9834 WR addr=0xfcc blocks=0 blksz=52 mode=BYTE incr=1
[  433.556492][ T2017] mmc mmc1:0001: AR6K-MAINLINE CMD53 arg=0x941f9834 WR addr=0xfcc blocks=0 blksz=52 mode=BYTE incr=1
[  433.566996][ T2017] mmc mmc1:0001: AR6K-MAINLINE CMD53 arg=0x941f9834 WR addr=0xfcc blocks=0 blksz=52 mode=BYTE incr=1
[  433.577811][ T2017] mmc mmc1:0001: AR6K-MAINLINE CMD53 arg=0x941f9834 WR addr=0xfcc blocks=0 blksz=52 mode=BYTE incr=1
[  433.588348][ T2017] mmc mmc1:0001: AR6K-MAINLINE CMD53 arg=0x941f9834 WR addr=0xfcc blocks=0 blksz=52 mode=BYTE incr=1
[  433.599128][ T2017] mmc mmc1:0001: AR6K-MAINLINE CMD53 arg=0x941f9834 WR addr=0xfcc blocks=0 blksz=52 mode=BYTE incr=1
[  433.609791][ T2017] mmc mmc1:0001: AR6K-MAINLINE CMD53 arg=0x941f9834 WR addr=0xfcc blocks=0 blksz=52 mode=BYTE incr=1
[  433.620468][ T2017] mmc mmc1:0001: AR6K-MAINLINE CMD53 arg=0x941f9834 WR addr=0xfcc blocks=0 blksz=52 mode=BYTE incr=1
[  433.631033][ T2017] mmc mmc1:0001: AR6K-MAINLINE CMD53 arg=0x941f9834 WR addr=0xfcc blocks=0 blksz=52 mode=BYTE incr=1
[  433.641821][ T2017] mmc mmc1:0001: AR6K-MAINLINE CMD53 arg=0x941f9834 WR addr=0xfcc blocks=0 blksz=52 mode=BYTE incr=1
[  433.652342][ T2017] mmc mmc1:0001: AR6K-MAINLINE CMD53 arg=0x941f9834 WR addr=0xfcc blocks=0 blksz=52 mode=BYTE incr=1
[  433.663288][ T2017] mmc mmc1:0001: AR6K-MAINLINE CMD53 arg=0x941f9834 WR addr=0xfcc blocks=0 blksz=52 mode=BYTE incr=1
[  433.673733][ T2017] mmc mmc1:0001: AR6K-MAINLINE CMD53 arg=0x941f9834 WR addr=0xfcc blocks=0 blksz=52 mode=BYTE incr=1
[  433.684570][ T2017] mmc mmc1:0001: AR6K-MAINLINE CMD53 arg=0x941f9834 WR addr=0xfcc blocks=0 blksz=52 mode=BYTE incr=1
[  433.695097][ T2017] mmc mmc1:0001: AR6K-MAINLINE CMD53 arg=0x941f9834 WR addr=0xfcc blocks=0 blksz=52 mode=BYTE incr=1
[  433.705898][ T2017] mmc mmc1:0001: AR6K-MAINLINE CMD53 arg=0x941f9834 WR addr=0xfcc blocks=0 blksz=52 mode=BYTE incr=1
[  433.716572][ T2017] mmc mmc1:0001: AR6K-MAINLINE CMD53 arg=0x941f9834 WR addr=0xfcc blocks=0 blksz=52 mode=BYTE incr=1
[  433.727215][ T2017] mmc mmc1:0001: AR6K-MAINLINE CMD53 arg=0x941f9834 WR addr=0xfcc blocks=0 blksz=52 mode=BYTE incr=1
[  433.737786][ T2017] mmc mmc1:0001: AR6K-MAINLINE CMD53 arg=0x941f9834 WR addr=0xfcc blocks=0 blksz=52 mode=BYTE incr=1
[  433.748645][ T2017] mmc mmc1:0001: AR6K-MAINLINE CMD53 arg=0x941f9834 WR addr=0xfcc blocks=0 blksz=52 mode=BYTE incr=1
[  433.759149][ T2017] mmc mmc1:0001: AR6K-MAINLINE CMD53 arg=0x941f9834 WR addr=0xfcc blocks=0 blksz=52 mode=BYTE incr=1
[  433.770077][ T2017] mmc mmc1:0001: AR6K-MAINLINE CMD53 arg=0x941f9834 WR addr=0xfcc blocks=0 blksz=52 mode=BYTE incr=1
[  433.780517][ T2017] mmc mmc1:0001: AR6K-MAINLINE CMD53 arg=0x941f9834 WR addr=0xfcc blocks=0 blksz=52 mode=BYTE incr=1
[  433.791302][ T2017] mmc mmc1:0001: AR6K-MAINLINE CMD53 arg=0x941f9834 WR addr=0xfcc blocks=0 blksz=52 mode=BYTE incr=1
[  433.801846][ T2017] mmc mmc1:0001: AR6K-MAINLINE CMD53 arg=0x941f9834 WR addr=0xfcc blocks=0 blksz=52 mode=BYTE incr=1
[  433.812696][ T2017] mmc mmc1:0001: AR6K-MAINLINE CMD53 arg=0x941f9834 WR addr=0xfcc blocks=0 blksz=52 mode=BYTE incr=1
[  433.823318][ T2017] mmc mmc1:0001: AR6K-MAINLINE CMD53 arg=0x941f9834 WR addr=0xfcc blocks=0 blksz=52 mode=BYTE incr=1
[  433.834065][ T2017] mmc mmc1:0001: AR6K-MAINLINE CMD53 arg=0x941f9834 WR addr=0xfcc blocks=0 blksz=52 mode=BYTE incr=1
[  433.844562][ T2017] mmc mmc1:0001: AR6K-MAINLINE CMD53 arg=0x941f9834 WR addr=0xfcc blocks=0 blksz=52 mode=BYTE incr=1
[  433.855411][ T2017] mmc mmc1:0001: AR6K-MAINLINE CMD53 arg=0x941f9834 WR addr=0xfcc blocks=0 blksz=52 mode=BYTE incr=1
[  433.865931][ T2017] mmc mmc1:0001: AR6K-MAINLINE CMD53 arg=0x941f9834 WR addr=0xfcc blocks=0 blksz=52 mode=BYTE incr=1
[  433.876826][ T2017] mmc mmc1:0001: AR6K-MAINLINE CMD53 arg=0x941f9834 WR addr=0xfcc blocks=0 blksz=52 mode=BYTE incr=1
[  433.887298][ T2017] mmc mmc1:0001: AR6K-MAINLINE CMD53 arg=0x941f9834 WR addr=0xfcc blocks=0 blksz=52 mode=BYTE incr=1
[  433.898081][ T2017] mmc mmc1:0001: AR6K-MAINLINE CMD53 arg=0x941f9834 WR addr=0xfcc blocks=0 blksz=52 mode=BYTE incr=1
[  433.908602][ T2017] mmc mmc1:0001: AR6K-MAINLINE CMD53 arg=0x941f9834 WR addr=0xfcc blocks=0 blksz=52 mode=BYTE incr=1
[  433.919621][ T2017] mmc mmc1:0001: AR6K-MAINLINE CMD53 arg=0x941f9834 WR addr=0xfcc blocks=0 blksz=52 mode=BYTE incr=1
[  433.930004][ T2017] mmc mmc1:0001: AR6K-MAINLINE CMD53 arg=0x941f9834 WR addr=0xfcc blocks=0 blksz=52 mode=BYTE incr=1
[  433.940666][ T2017] mmc mmc1:0001: AR6K-MAINLINE CMD53 arg=0x941f9834 WR addr=0xfcc blocks=0 blksz=52 mode=BYTE incr=1
[  433.951467][ T2017] mmc mmc1:0001: AR6K-MAINLINE CMD53 arg=0x941f9834 WR addr=0xfcc blocks=0 blksz=52 mode=BYTE incr=1
[  433.962042][ T2017] mmc mmc1:0001: AR6K-MAINLINE CMD53 arg=0x941f9834 WR addr=0xfcc blocks=0 blksz=52 mode=BYTE incr=1
[  433.972916][ T2017] mmc mmc1:0001: AR6K-MAINLINE CMD53 arg=0x941f9834 WR addr=0xfcc blocks=0 blksz=52 mode=BYTE incr=1
[  433.983365][ T2017] mmc mmc1:0001: AR6K-MAINLINE CMD53 arg=0x941f9834 WR addr=0xfcc blocks=0 blksz=52 mode=BYTE incr=1
[  433.994208][ T2017] mmc mmc1:0001: AR6K-MAINLINE CMD53 arg=0x941f9834 WR addr=0xfcc blocks=0 blksz=52 mode=BYTE incr=1
[  434.004724][ T2017] mmc mmc1:0001: AR6K-MAINLINE CMD53 arg=0x941f9834 WR addr=0xfcc blocks=0 blksz=52 mode=BYTE incr=1
[  434.015554][ T2017] mmc mmc1:0001: AR6K-MAINLINE CMD53 arg=0x941f9834 WR addr=0xfcc blocks=0 blksz=52 mode=BYTE incr=1
[  434.026168][ T2017] mmc mmc1:0001: AR6K-MAINLINE CMD53 arg=0x941f9834 WR addr=0xfcc blocks=0 blksz=52 mode=BYTE incr=1
[  434.036897][ T2017] mmc mmc1:0001: AR6K-MAINLINE CMD53 arg=0x941f9834 WR addr=0xfcc blocks=0 blksz=52 mode=BYTE incr=1
[  434.047452][ T2017] mmc mmc1:0001: AR6K-MAINLINE CMD53 arg=0x941f9834 WR addr=0xfcc blocks=0 blksz=52 mode=BYTE incr=1
[  434.058219][ T2017] mmc mmc1:0001: AR6K-MAINLINE CMD53 arg=0x941f9834 WR addr=0xfcc blocks=0 blksz=52 mode=BYTE incr=1
[  434.068814][ T2017] mmc mmc1:0001: AR6K-MAINLINE CMD53 arg=0x941f9834 WR addr=0xfcc blocks=0 blksz=52 mode=BYTE incr=1
[  434.079776][ T2017] mmc mmc1:0001: AR6K-MAINLINE CMD53 arg=0x941f9834 WR addr=0xfcc blocks=0 blksz=52 mode=BYTE incr=1
[  434.090147][ T2017] mmc mmc1:0001: AR6K-MAINLINE CMD53 arg=0x941f9834 WR addr=0xfcc blocks=0 blksz=52 mode=BYTE incr=1
[  434.100941][ T2017] mmc mmc1:0001: AR6K-MAINLINE CMD53 arg=0x941f9834 WR addr=0xfcc blocks=0 blksz=52 mode=BYTE incr=1
[  434.111563][ T2017] mmc mmc1:0001: AR6K-MAINLINE CMD53 arg=0x941f9834 WR addr=0xfcc blocks=0 blksz=52 mode=BYTE incr=1
[  434.122446][ T2017] mmc mmc1:0001: AR6K-MAINLINE CMD53 arg=0x941f9834 WR addr=0xfcc blocks=0 blksz=52 mode=BYTE incr=1
[  434.132872][ T2017] mmc mmc1:0001: AR6K-MAINLINE CMD53 arg=0x941f9834 WR addr=0xfcc blocks=0 blksz=52 mode=BYTE incr=1
[  434.143657][ T2017] mmc mmc1:0001: AR6K-MAINLINE CMD53 arg=0x941f9834 WR addr=0xfcc blocks=0 blksz=52 mode=BYTE incr=1
[  434.154196][ T2017] mmc mmc1:0001: AR6K-MAINLINE CMD53 arg=0x941f9834 WR addr=0xfcc blocks=0 blksz=52 mode=BYTE incr=1
[  434.165042][ T2017] mmc mmc1:0001: AR6K-MAINLINE CMD53 arg=0x941f9834 WR addr=0xfcc blocks=0 blksz=52 mode=BYTE incr=1
[  434.175681][ T2017] mmc mmc1:0001: AR6K-MAINLINE CMD53 arg=0x941f9834 WR addr=0xfcc blocks=0 blksz=52 mode=BYTE incr=1
[  434.186404][ T2017] mmc mmc1:0001: AR6K-MAINLINE CMD53 arg=0x941f9834 WR addr=0xfcc blocks=0 blksz=52 mode=BYTE incr=1
[  434.196923][ T2017] mmc mmc1:0001: AR6K-MAINLINE CMD53 arg=0x941f9834 WR addr=0xfcc blocks=0 blksz=52 mode=BYTE incr=1
[  434.207781][ T2017] mmc mmc1:0001: AR6K-MAINLINE CMD53 arg=0x941f9834 WR addr=0xfcc blocks=0 blksz=52 mode=BYTE incr=1
[  434.218248][ T2017] mmc mmc1:0001: AR6K-MAINLINE CMD53 arg=0x941f9834 WR addr=0xfcc blocks=0 blksz=52 mode=BYTE incr=1
[  434.229144][ T2017] mmc mmc1:0001: AR6K-MAINLINE CMD53 arg=0x941f9834 WR addr=0xfcc blocks=0 blksz=52 mode=BYTE incr=1
[  434.239624][ T2017] mmc mmc1:0001: AR6K-MAINLINE CMD53 arg=0x941f9834 WR addr=0xfcc blocks=0 blksz=52 mode=BYTE incr=1
[  434.250450][ T2017] mmc mmc1:0001: AR6K-MAINLINE CMD53 arg=0x941f9834 WR addr=0xfcc blocks=0 blksz=52 mode=BYTE incr=1
[  434.260949][ T2017] mmc mmc1:0001: AR6K-MAINLINE CMD53 arg=0x941f9834 WR addr=0xfcc blocks=0 blksz=52 mode=BYTE incr=1
[  434.271945][ T2017] mmc mmc1:0001: AR6K-MAINLINE CMD53 arg=0x941f9834 WR addr=0xfcc blocks=0 blksz=52 mode=BYTE incr=1
[  434.282316][ T2017] mmc mmc1:0001: AR6K-MAINLINE CMD53 arg=0x941f9834 WR addr=0xfcc blocks=0 blksz=52 mode=BYTE incr=1
[  434.293107][ T2017] mmc mmc1:0001: AR6K-MAINLINE CMD53 arg=0x941f9834 WR addr=0xfcc blocks=0 blksz=52 mode=BYTE incr=1
[  434.303673][ T2017] mmc mmc1:0001: AR6K-MAINLINE CMD53 arg=0x941f9834 WR addr=0xfcc blocks=0 blksz=52 mode=BYTE incr=1
[  434.314496][ T2017] mmc mmc1:0001: AR6K-MAINLINE CMD53 arg=0x941f9834 WR addr=0xfcc blocks=0 blksz=52 mode=BYTE incr=1
[  434.325110][ T2017] mmc mmc1:0001: AR6K-MAINLINE CMD53 arg=0x941f9834 WR addr=0xfcc blocks=0 blksz=52 mode=BYTE incr=1
[  434.335852][ T2017] mmc mmc1:0001: AR6K-MAINLINE CMD53 arg=0x941f9834 WR addr=0xfcc blocks=0 blksz=52 mode=BYTE incr=1
[  434.346391][ T2017] mmc mmc1:0001: AR6K-MAINLINE CMD53 arg=0x941f9834 WR addr=0xfcc blocks=0 blksz=52 mode=BYTE incr=1
[  434.357237][ T2017] mmc mmc1:0001: AR6K-MAINLINE CMD53 arg=0x941f9834 WR addr=0xfcc blocks=0 blksz=52 mode=BYTE incr=1
[  434.367737][ T2017] mmc mmc1:0001: AR6K-MAINLINE CMD53 arg=0x941f9834 WR addr=0xfcc blocks=0 blksz=52 mode=BYTE incr=1
[  434.378659][ T2017] mmc mmc1:0001: AR6K-MAINLINE CMD53 arg=0x941f9834 WR addr=0xfcc blocks=0 blksz=52 mode=BYTE incr=1
[  434.389137][ T2017] mmc mmc1:0001: AR6K-MAINLINE CMD53 arg=0x941f9834 WR addr=0xfcc blocks=0 blksz=52 mode=BYTE incr=1
[  434.399875][ T2017] mmc mmc1:0001: AR6K-MAINLINE CMD53 arg=0x941f9834 WR addr=0xfcc blocks=0 blksz=52 mode=BYTE incr=1
[  434.410456][ T2017] mmc mmc1:0001: AR6K-MAINLINE CMD53 arg=0x941f9834 WR addr=0xfcc blocks=0 blksz=52 mode=BYTE incr=1
[  434.421378][ T2017] mmc mmc1:0001: AR6K-MAINLINE CMD53 arg=0x941f9834 WR addr=0xfcc blocks=0 blksz=52 mode=BYTE incr=1
[  434.431816][ T2017] mmc mmc1:0001: AR6K-MAINLINE CMD53 arg=0x941f9834 WR addr=0xfcc blocks=0 blksz=52 mode=BYTE incr=1
[  434.442599][ T2017] mmc mmc1:0001: AR6K-MAINLINE CMD53 arg=0x941f9834 WR addr=0xfcc blocks=0 blksz=52 mode=BYTE incr=1
[  434.453173][ T2017] mmc mmc1:0001: AR6K-MAINLINE CMD53 arg=0x941f9834 WR addr=0xfcc blocks=0 blksz=52 mode=BYTE incr=1
[  434.463967][ T2017] mmc mmc1:0001: AR6K-MAINLINE CMD53 arg=0x941f9834 WR addr=0xfcc blocks=0 blksz=52 mode=BYTE incr=1
[  434.474636][ T2017] mmc mmc1:0001: AR6K-MAINLINE CMD53 arg=0x941f9834 WR addr=0xfcc blocks=0 blksz=52 mode=BYTE incr=1
[  434.485353][ T2017] mmc mmc1:0001: AR6K-MAINLINE CMD53 arg=0x941f9834 WR addr=0xfcc blocks=0 blksz=52 mode=BYTE incr=1
[  434.495868][ T2017] mmc mmc1:0001: AR6K-MAINLINE CMD53 arg=0x941f9834 WR addr=0xfcc blocks=0 blksz=52 mode=BYTE incr=1
[  434.506704][ T2017] mmc mmc1:0001: AR6K-MAINLINE CMD53 arg=0x941f9834 WR addr=0xfcc blocks=0 blksz=52 mode=BYTE incr=1
[  434.517202][ T2017] mmc mmc1:0001: AR6K-MAINLINE CMD53 arg=0x941f9834 WR addr=0xfcc blocks=0 blksz=52 mode=BYTE incr=1
[  434.528170][ T2017] mmc mmc1:0001: AR6K-MAINLINE CMD53 arg=0x941f9834 WR addr=0xfcc blocks=0 blksz=52 mode=BYTE incr=1
[  434.538645][ T2017] mmc mmc1:0001: AR6K-MAINLINE CMD53 arg=0x941f9834 WR addr=0xfcc blocks=0 blksz=52 mode=BYTE incr=1
[  434.549477][ T2017] mmc mmc1:0001: AR6K-MAINLINE CMD53 arg=0x941f9834 WR addr=0xfcc blocks=0 blksz=52 mode=BYTE incr=1
[  434.560005][ T2017] mmc mmc1:0001: AR6K-MAINLINE CMD53 arg=0x941f9834 WR addr=0xfcc blocks=0 blksz=52 mode=BYTE incr=1
[  434.572389][ T2017] mmc mmc1:0001: AR6K-MAINLINE CMD53 arg=0x941f9834 WR addr=0xfcc blocks=0 blksz=52 mode=BYTE incr=1
[  434.581492][ T2017] mmc mmc1:0001: AR6K-MAINLINE CMD53 arg=0x941f9834 WR addr=0xfcc blocks=0 blksz=52 mode=BYTE incr=1
[  434.592229][ T2017] mmc mmc1:0001: AR6K-MAINLINE CMD53 arg=0x941f9834 WR addr=0xfcc blocks=0 blksz=52 mode=BYTE incr=1
[  434.602865][ T2017] mmc mmc1:0001: AR6K-MAINLINE CMD53 arg=0x941f9834 WR addr=0xfcc blocks=0 blksz=52 mode=BYTE incr=1
[  434.613501][ T2017] mmc mmc1:0001: AR6K-MAINLINE CMD53 arg=0x941f9834 WR addr=0xfcc blocks=0 blksz=52 mode=BYTE incr=1
[  434.624289][ T2017] mmc mmc1:0001: AR6K-MAINLINE CMD53 arg=0x941f9834 WR addr=0xfcc blocks=0 blksz=52 mode=BYTE incr=1
[  434.643909][ T2017] mmc mmc1:0001: AR6K-MAINLINE CMD53 arg=0x941f9834 WR addr=0xfcc blocks=0 blksz=52 mode=BYTE incr=1
[  434.645338][ T2017] mmc mmc1:0001: AR6K-MAINLINE CMD53 arg=0x941f9834 WR addr=0xfcc blocks=0 blksz=52 mode=BYTE incr=1
[  434.656231][ T2017] mmc mmc1:0001: AR6K-MAINLINE CMD53 arg=0x941f9834 WR addr=0xfcc blocks=0 blksz=52 mode=BYTE incr=1
[  434.666892][ T2017] mmc mmc1:0001: AR6K-MAINLINE CMD53 arg=0x941f9834 WR addr=0xfcc blocks=0 blksz=52 mode=BYTE incr=1
[  434.677650][ T2017] mmc mmc1:0001: AR6K-MAINLINE CMD53 arg=0x941f9834 WR addr=0xfcc blocks=0 blksz=52 mode=BYTE incr=1
[  434.688309][ T2017] mmc mmc1:0001: AR6K-MAINLINE CMD53 arg=0x941f9834 WR addr=0xfcc blocks=0 blksz=52 mode=BYTE incr=1
[  434.699737][ T2017] mmc mmc1:0001: AR6K-MAINLINE CMD53 arg=0x941f9834 WR addr=0xfcc blocks=0 blksz=52 mode=BYTE incr=1
[  434.712417][ T2017] mmc mmc1:0001: AR6K-MAINLINE CMD53 arg=0x941f9834 WR addr=0xfcc blocks=0 blksz=52 mode=BYTE incr=1
[  434.720292][ T2017] mmc mmc1:0001: AR6K-MAINLINE CMD53 arg=0x941f9834 WR addr=0xfcc blocks=0 blksz=52 mode=BYTE incr=1
[  434.730861][ T2017] mmc mmc1:0001: AR6K-MAINLINE CMD53 arg=0x941f9834 WR addr=0xfcc blocks=0 blksz=52 mode=BYTE incr=1
[  434.741595][ T2017] mmc mmc1:0001: AR6K-MAINLINE CMD53 arg=0x941f9834 WR addr=0xfcc blocks=0 blksz=52 mode=BYTE incr=1
[  434.752229][ T2017] mmc mmc1:0001: AR6K-MAINLINE CMD53 arg=0x941f9834 WR addr=0xfcc blocks=0 blksz=52 mode=BYTE incr=1
[  434.762995][ T2017] mmc mmc1:0001: AR6K-MAINLINE CMD53 arg=0x941f9834 WR addr=0xfcc blocks=0 blksz=52 mode=BYTE incr=1
[  434.773597][ T2017] mmc mmc1:0001: AR6K-MAINLINE CMD53 arg=0x941f9834 WR addr=0xfcc blocks=0 blksz=52 mode=BYTE incr=1
[  434.784320][ T2017] mmc mmc1:0001: AR6K-MAINLINE CMD53 arg=0x941f9834 WR addr=0xfcc blocks=0 blksz=52 mode=BYTE incr=1
[  434.794818][ T2017] mmc mmc1:0001: AR6K-MAINLINE CMD53 arg=0x941f9834 WR addr=0xfcc blocks=0 blksz=52 mode=BYTE incr=1
[  434.805637][ T2017] mmc mmc1:0001: AR6K-MAINLINE CMD53 arg=0x941f9834 WR addr=0xfcc blocks=0 blksz=52 mode=BYTE incr=1
[  434.816178][ T2017] mmc mmc1:0001: AR6K-MAINLINE CMD53 arg=0x941f9834 WR addr=0xfcc blocks=0 blksz=52 mode=BYTE incr=1
[  434.827104][ T2017] mmc mmc1:0001: AR6K-MAINLINE CMD53 arg=0x941f9834 WR addr=0xfcc blocks=0 blksz=52 mode=BYTE incr=1
[  434.837554][ T2017] mmc mmc1:0001: AR6K-MAINLINE CMD53 arg=0x941f9834 WR addr=0xfcc blocks=0 blksz=52 mode=BYTE incr=1
[  434.848377][ T2017] mmc mmc1:0001: AR6K-MAINLINE CMD53 arg=0x941f9834 WR addr=0xfcc blocks=0 blksz=52 mode=BYTE incr=1
[  434.858881][ T2017] mmc mmc1:0001: AR6K-MAINLINE CMD53 arg=0x941f9834 WR addr=0xfcc blocks=0 blksz=52 mode=BYTE incr=1
[  434.869819][ T2017] mmc mmc1:0001: AR6K-MAINLINE CMD53 arg=0x941f9834 WR addr=0xfcc blocks=0 blksz=52 mode=BYTE incr=1
[  434.880218][ T2017] mmc mmc1:0001: AR6K-MAINLINE CMD53 arg=0x941f9834 WR addr=0xfcc blocks=0 blksz=52 mode=BYTE incr=1
[  434.891076][ T2017] mmc mmc1:0001: AR6K-MAINLINE CMD53 arg=0x941f9834 WR addr=0xfcc blocks=0 blksz=52 mode=BYTE incr=1
[  434.901588][ T2017] mmc mmc1:0001: AR6K-MAINLINE CMD53 arg=0x941f9834 WR addr=0xfcc blocks=0 blksz=52 mode=BYTE incr=1
[  434.912388][ T2017] mmc mmc1:0001: AR6K-MAINLINE CMD53 arg=0x941f9834 WR addr=0xfcc blocks=0 blksz=52 mode=BYTE incr=1
[  434.923086][ T2017] mmc mmc1:0001: AR6K-MAINLINE CMD53 arg=0x941f9834 WR addr=0xfcc blocks=0 blksz=52 mode=BYTE incr=1
[  434.933767][ T2017] mmc mmc1:0001: AR6K-MAINLINE CMD53 arg=0x941f9834 WR addr=0xfcc blocks=0 blksz=52 mode=BYTE incr=1
[  434.944296][ T2017] mmc mmc1:0001: AR6K-MAINLINE CMD53 arg=0x941f9834 WR addr=0xfcc blocks=0 blksz=52 mode=BYTE incr=1
[  434.955139][ T2017] mmc mmc1:0001: AR6K-MAINLINE CMD53 arg=0x941f9834 WR addr=0xfcc blocks=0 blksz=52 mode=BYTE incr=1
[  434.965666][ T2017] mmc mmc1:0001: AR6K-MAINLINE CMD53 arg=0x941f9834 WR addr=0xfcc blocks=0 blksz=52 mode=BYTE incr=1
[  434.976576][ T2017] mmc mmc1:0001: AR6K-MAINLINE CMD53 arg=0x941f9834 WR addr=0xfcc blocks=0 blksz=52 mode=BYTE incr=1
[  434.987017][ T2017] mmc mmc1:0001: AR6K-MAINLINE CMD53 arg=0x941f9834 WR addr=0xfcc blocks=0 blksz=52 mode=BYTE incr=1
[  434.997854][ T2017] mmc mmc1:0001: AR6K-MAINLINE CMD53 arg=0x941f9834 WR addr=0xfcc blocks=0 blksz=52 mode=BYTE incr=1
[  435.008381][ T2017] mmc mmc1:0001: AR6K-MAINLINE CMD53 arg=0x941f9834 WR addr=0xfcc blocks=0 blksz=52 mode=BYTE incr=1
[  435.019769][ T2017] mmc mmc1:0001: AR6K-MAINLINE CMD53 arg=0x941f9834 WR addr=0xfcc blocks=0 blksz=52 mode=BYTE incr=1
[  435.029724][ T2017] mmc mmc1:0001: AR6K-MAINLINE CMD53 arg=0x941f9834 WR addr=0xfcc blocks=0 blksz=52 mode=BYTE incr=1
[  435.040564][ T2017] mmc mmc1:0001: AR6K-MAINLINE CMD53 arg=0x941f9834 WR addr=0xfcc blocks=0 blksz=52 mode=BYTE incr=1
[  435.051079][ T2017] mmc mmc1:0001: AR6K-MAINLINE CMD53 arg=0x941f9834 WR addr=0xfcc blocks=0 blksz=52 mode=BYTE incr=1
[  435.061878][ T2017] mmc mmc1:0001: AR6K-MAINLINE CMD53 arg=0x941f9834 WR addr=0xfcc blocks=0 blksz=52 mode=BYTE incr=1
[  435.072562][ T2017] mmc mmc1:0001: AR6K-MAINLINE CMD53 arg=0x941f9834 WR addr=0xfcc blocks=0 blksz=52 mode=BYTE incr=1
[  435.083270][ T2017] mmc mmc1:0001: AR6K-MAINLINE CMD53 arg=0x941f9834 WR addr=0xfcc blocks=0 blksz=52 mode=BYTE incr=1
[  435.093799][ T2017] mmc mmc1:0001: AR6K-MAINLINE CMD53 arg=0x941f9834 WR addr=0xfcc blocks=0 blksz=52 mode=BYTE incr=1
[  435.104589][ T2017] mmc mmc1:0001: AR6K-MAINLINE CMD53 arg=0x941f9834 WR addr=0xfcc blocks=0 blksz=52 mode=BYTE incr=1
[  435.115131][ T2017] mmc mmc1:0001: AR6K-MAINLINE CMD53 arg=0x941f9834 WR addr=0xfcc blocks=0 blksz=52 mode=BYTE incr=1
[  435.126023][ T2017] mmc mmc1:0001: AR6K-MAINLINE CMD53 arg=0x941f9834 WR addr=0xfcc blocks=0 blksz=52 mode=BYTE incr=1
[  435.136532][ T2017] mmc mmc1:0001: AR6K-MAINLINE CMD53 arg=0x941f9834 WR addr=0xfcc blocks=0 blksz=52 mode=BYTE incr=1
[  435.147320][ T2017] mmc mmc1:0001: AR6K-MAINLINE CMD53 arg=0x941f9834 WR addr=0xfcc blocks=0 blksz=52 mode=BYTE incr=1
[  435.157859][ T2017] mmc mmc1:0001: AR6K-MAINLINE CMD53 arg=0x941f9834 WR addr=0xfcc blocks=0 blksz=52 mode=BYTE incr=1
[  435.168650][ T2017] mmc mmc1:0001: AR6K-MAINLINE CMD53 arg=0x941f9834 WR addr=0xfcc blocks=0 blksz=52 mode=BYTE incr=1
[  435.179425][ T2017] mmc mmc1:0001: AR6K-MAINLINE CMD53 arg=0x941f9834 WR addr=0xfcc blocks=0 blksz=52 mode=BYTE incr=1
[  435.189988][ T2017] mmc mmc1:0001: AR6K-MAINLINE CMD53 arg=0x941f9834 WR addr=0xfcc blocks=0 blksz=52 mode=BYTE incr=1
[  435.200563][ T2017] mmc mmc1:0001: AR6K-MAINLINE CMD53 arg=0x941f9834 WR addr=0xfcc blocks=0 blksz=52 mode=BYTE incr=1
[  435.211350][ T2017] mmc mmc1:0001: AR6K-MAINLINE CMD53 arg=0x941f9834 WR addr=0xfcc blocks=0 blksz=52 mode=BYTE incr=1
[  435.222037][ T2017] mmc mmc1:0001: AR6K-MAINLINE CMD53 arg=0x941f9834 WR addr=0xfcc blocks=0 blksz=52 mode=BYTE incr=1
[  435.232763][ T2017] mmc mmc1:0001: AR6K-MAINLINE CMD53 arg=0x941f9834 WR addr=0xfcc blocks=0 blksz=52 mode=BYTE incr=1
[  435.243353][ T2017] mmc mmc1:0001: AR6K-MAINLINE CMD53 arg=0x941f9834 WR addr=0xfcc blocks=0 blksz=52 mode=BYTE incr=1
[  435.254009][ T2017] mmc mmc1:0001: AR6K-MAINLINE CMD53 arg=0x941f9834 WR addr=0xfcc blocks=0 blksz=52 mode=BYTE incr=1
[  435.264591][ T2017] mmc mmc1:0001: AR6K-MAINLINE CMD53 arg=0x941f9834 WR addr=0xfcc blocks=0 blksz=52 mode=BYTE incr=1
[  435.275534][ T2017] mmc mmc1:0001: AR6K-MAINLINE CMD53 arg=0x941f9834 WR addr=0xfcc blocks=0 blksz=52 mode=BYTE incr=1
[  435.285985][ T2017] mmc mmc1:0001: AR6K-MAINLINE CMD53 arg=0x941f9834 WR addr=0xfcc blocks=0 blksz=52 mode=BYTE incr=1
[  435.296773][ T2017] mmc mmc1:0001: AR6K-MAINLINE CMD53 arg=0x941f9834 WR addr=0xfcc blocks=0 blksz=52 mode=BYTE incr=1
[  435.307346][ T2017] mmc mmc1:0001: AR6K-MAINLINE CMD53 arg=0x941f9834 WR addr=0xfcc blocks=0 blksz=52 mode=BYTE incr=1
[  435.318123][ T2017] mmc mmc1:0001: AR6K-MAINLINE CMD53 arg=0x941f9834 WR addr=0xfcc blocks=0 blksz=52 mode=BYTE incr=1
[  435.328827][ T2017] mmc mmc1:0001: AR6K-MAINLINE CMD53 arg=0x941f9834 WR addr=0xfcc blocks=0 blksz=52 mode=BYTE incr=1
[  435.339586][ T2017] mmc mmc1:0001: AR6K-MAINLINE CMD53 arg=0x941f9834 WR addr=0xfcc blocks=0 blksz=52 mode=BYTE incr=1
[  435.350020][ T2017] mmc mmc1:0001: AR6K-MAINLINE CMD53 arg=0x941f9834 WR addr=0xfcc blocks=0 blksz=52 mode=BYTE incr=1
[  435.360711][ T2017] mmc mmc1:0001: AR6K-MAINLINE CMD53 arg=0x941f9834 WR addr=0xfcc blocks=0 blksz=52 mode=BYTE incr=1
[  435.371591][ T2017] mmc mmc1:0001: AR6K-MAINLINE CMD53 arg=0x941f9834 WR addr=0xfcc blocks=0 blksz=52 mode=BYTE incr=1
[  435.382092][ T2017] mmc mmc1:0001: AR6K-MAINLINE CMD53 arg=0x941f9834 WR addr=0xfcc blocks=0 blksz=52 mode=BYTE incr=1
[  435.392834][ T2017] mmc mmc1:0001: AR6K-MAINLINE CMD53 arg=0x941f9834 WR addr=0xfcc blocks=0 blksz=52 mode=BYTE incr=1
[  435.403454][ T2017] mmc mmc1:0001: AR6K-MAINLINE CMD53 arg=0x941f9834 WR addr=0xfcc blocks=0 blksz=52 mode=BYTE incr=1
[  435.414201][ T2017] mmc mmc1:0001: AR6K-MAINLINE CMD53 arg=0x941f9834 WR addr=0xfcc blocks=0 blksz=52 mode=BYTE incr=1
[  435.424863][ T2017] mmc mmc1:0001: AR6K-MAINLINE CMD53 arg=0x941f9834 WR addr=0xfcc blocks=0 blksz=52 mode=BYTE incr=1
[  435.435560][ T2017] mmc mmc1:0001: AR6K-MAINLINE CMD53 arg=0x941f9834 WR addr=0xfcc blocks=0 blksz=52 mode=BYTE incr=1
[  435.446106][ T2017] mmc mmc1:0001: AR6K-MAINLINE CMD53 arg=0x941f9834 WR addr=0xfcc blocks=0 blksz=52 mode=BYTE incr=1
[  435.456896][ T2017] mmc mmc1:0001: AR6K-MAINLINE CMD53 arg=0x941f9834 WR addr=0xfcc blocks=0 blksz=52 mode=BYTE incr=1
[  435.467534][ T2017] mmc mmc1:0001: AR6K-MAINLINE CMD53 arg=0x941f9834 WR addr=0xfcc blocks=0 blksz=52 mode=BYTE incr=1
[  435.478397][ T2017] mmc mmc1:0001: AR6K-MAINLINE CMD53 arg=0x941f9834 WR addr=0xfcc blocks=0 blksz=52 mode=BYTE incr=1
[  435.488862][ T2017] mmc mmc1:0001: AR6K-MAINLINE CMD53 arg=0x941f9834 WR addr=0xfcc blocks=0 blksz=52 mode=BYTE incr=1
[  435.499650][ T2017] mmc mmc1:0001: AR6K-MAINLINE CMD53 arg=0x941f9834 WR addr=0xfcc blocks=0 blksz=52 mode=BYTE incr=1
[  435.510226][ T2017] mmc mmc1:0001: AR6K-MAINLINE CMD53 arg=0x941f9834 WR addr=0xfcc blocks=0 blksz=52 mode=BYTE incr=1
[  435.521079][ T2017] mmc mmc1:0001: AR6K-MAINLINE CMD53 arg=0x941f9834 WR addr=0xfcc blocks=0 blksz=52 mode=BYTE incr=1
[  435.531582][ T2017] mmc mmc1:0001: AR6K-MAINLINE CMD53 arg=0x941f9834 WR addr=0xfcc blocks=0 blksz=52 mode=BYTE incr=1
[  435.542348][ T2017] mmc mmc1:0001: AR6K-MAINLINE CMD53 arg=0x941f9834 WR addr=0xfcc blocks=0 blksz=52 mode=BYTE incr=1
[  435.552941][ T2017] mmc mmc1:0001: AR6K-MAINLINE CMD53 arg=0x941f9834 WR addr=0xfcc blocks=0 blksz=52 mode=BYTE incr=1
[  435.563709][ T2017] mmc mmc1:0001: AR6K-MAINLINE CMD53 arg=0x941f9834 WR addr=0xfcc blocks=0 blksz=52 mode=BYTE incr=1
[  435.574374][ T2017] mmc mmc1:0001: AR6K-MAINLINE CMD53 arg=0x941f9834 WR addr=0xfcc blocks=0 blksz=52 mode=BYTE incr=1
[  435.585014][ T2017] mmc mmc1:0001: AR6K-MAINLINE CMD53 arg=0x941f9834 WR addr=0xfcc blocks=0 blksz=52 mode=BYTE incr=1
[  435.595652][ T2017] mmc mmc1:0001: AR6K-MAINLINE CMD53 arg=0x941f9834 WR addr=0xfcc blocks=0 blksz=52 mode=BYTE incr=1
[  435.606387][ T2017] mmc mmc1:0001: AR6K-MAINLINE CMD53 arg=0x941f9834 WR addr=0xfcc blocks=0 blksz=52 mode=BYTE incr=1
[  435.616984][ T2017] mmc mmc1:0001: AR6K-MAINLINE CMD53 arg=0x941f9834 WR addr=0xfcc blocks=0 blksz=52 mode=BYTE incr=1
[  435.627867][ T2017] mmc mmc1:0001: AR6K-MAINLINE CMD53 arg=0x941f9834 WR addr=0xfcc blocks=0 blksz=52 mode=BYTE incr=1
[  435.638364][ T2017] mmc mmc1:0001: AR6K-MAINLINE CMD53 arg=0x941f9834 WR addr=0xfcc blocks=0 blksz=52 mode=BYTE incr=1
[  435.649124][ T2017] mmc mmc1:0001: AR6K-MAINLINE CMD53 arg=0x941f9834 WR addr=0xfcc blocks=0 blksz=52 mode=BYTE incr=1
[  435.659720][ T2017] mmc mmc1:0001: AR6K-MAINLINE CMD53 arg=0x941f9834 WR addr=0xfcc blocks=0 blksz=52 mode=BYTE incr=1
[  435.670572][ T2017] mmc mmc1:0001: AR6K-MAINLINE CMD53 arg=0x941f9834 WR addr=0xfcc blocks=0 blksz=52 mode=BYTE incr=1
[  435.681031][ T2017] mmc mmc1:0001: AR6K-MAINLINE CMD53 arg=0x941f9834 WR addr=0xfcc blocks=0 blksz=52 mode=BYTE incr=1
[  435.691796][ T2017] mmc mmc1:0001: AR6K-MAINLINE CMD53 arg=0x941f9834 WR addr=0xfcc blocks=0 blksz=52 mode=BYTE incr=1
[  435.702400][ T2017] mmc mmc1:0001: AR6K-MAINLINE CMD53 arg=0x941f9834 WR addr=0xfcc blocks=0 blksz=52 mode=BYTE incr=1
[  435.713152][ T2017] mmc mmc1:0001: AR6K-MAINLINE CMD53 arg=0x941f9834 WR addr=0xfcc blocks=0 blksz=52 mode=BYTE incr=1
[  435.723870][ T2017] mmc mmc1:0001: AR6K-MAINLINE CMD53 arg=0x941f9834 WR addr=0xfcc blocks=0 blksz=52 mode=BYTE incr=1
[  435.734538][ T2017] mmc mmc1:0001: AR6K-MAINLINE CMD53 arg=0x941f9834 WR addr=0xfcc blocks=0 blksz=52 mode=BYTE incr=1
[  435.745121][ T2017] mmc mmc1:0001: AR6K-MAINLINE CMD53 arg=0x941f9834 WR addr=0xfcc blocks=0 blksz=52 mode=BYTE incr=1
[  435.755863][ T2017] mmc mmc1:0001: AR6K-MAINLINE CMD53 arg=0x941f9834 WR addr=0xfcc blocks=0 blksz=52 mode=BYTE incr=1
[  435.766525][ T2017] mmc mmc1:0001: AR6K-MAINLINE CMD53 arg=0x941f9834 WR addr=0xfcc blocks=0 blksz=52 mode=BYTE incr=1
[  435.777348][ T2017] mmc mmc1:0001: AR6K-MAINLINE CMD53 arg=0x941f9834 WR addr=0xfcc blocks=0 blksz=52 mode=BYTE incr=1
[  435.787847][ T2017] mmc mmc1:0001: AR6K-MAINLINE CMD53 arg=0x941f9834 WR addr=0xfcc blocks=0 blksz=52 mode=BYTE incr=1
[  435.798592][ T2017] mmc mmc1:0001: AR6K-MAINLINE CMD53 arg=0x941f9834 WR addr=0xfcc blocks=0 blksz=52 mode=BYTE incr=1
[  435.809179][ T2017] mmc mmc1:0001: AR6K-MAINLINE CMD53 arg=0x941f9834 WR addr=0xfcc blocks=0 blksz=52 mode=BYTE incr=1
[  435.820049][ T2017] mmc mmc1:0001: AR6K-MAINLINE CMD53 arg=0x941f9834 WR addr=0xfcc blocks=0 blksz=52 mode=BYTE incr=1
[  435.830546][ T2017] mmc mmc1:0001: AR6K-MAINLINE CMD53 arg=0x941f9834 WR addr=0xfcc blocks=0 blksz=52 mode=BYTE incr=1
[  435.841278][ T2017] mmc mmc1:0001: AR6K-MAINLINE CMD53 arg=0x941f9834 WR addr=0xfcc blocks=0 blksz=52 mode=BYTE incr=1
[  435.851890][ T2017] mmc mmc1:0001: AR6K-MAINLINE CMD53 arg=0x941f9834 WR addr=0xfcc blocks=0 blksz=52 mode=BYTE incr=1
[  435.862658][ T2017] mmc mmc1:0001: AR6K-MAINLINE CMD53 arg=0x941f9834 WR addr=0xfcc blocks=0 blksz=52 mode=BYTE incr=1
[  435.873351][ T2017] mmc mmc1:0001: AR6K-MAINLINE CMD53 arg=0x941f9834 WR addr=0xfcc blocks=0 blksz=52 mode=BYTE incr=1
[  435.884020][ T2017] mmc mmc1:0001: AR6K-MAINLINE CMD53 arg=0x941f9834 WR addr=0xfcc blocks=0 blksz=52 mode=BYTE incr=1
[  435.894602][ T2017] mmc mmc1:0001: AR6K-MAINLINE CMD53 arg=0x941f9834 WR addr=0xfcc blocks=0 blksz=52 mode=BYTE incr=1
[  435.905345][ T2017] mmc mmc1:0001: AR6K-MAINLINE CMD53 arg=0x941f9834 WR addr=0xfcc blocks=0 blksz=52 mode=BYTE incr=1
[  435.915964][ T2017] mmc mmc1:0001: AR6K-MAINLINE CMD53 arg=0x941f9834 WR addr=0xfcc blocks=0 blksz=52 mode=BYTE incr=1
[  435.926794][ T2017] mmc mmc1:0001: AR6K-MAINLINE CMD53 arg=0x941f9834 WR addr=0xfcc blocks=0 blksz=52 mode=BYTE incr=1
[  435.937329][ T2017] mmc mmc1:0001: AR6K-MAINLINE CMD53 arg=0x941f9834 WR addr=0xfcc blocks=0 blksz=52 mode=BYTE incr=1
[  435.948075][ T2017] mmc mmc1:0001: AR6K-MAINLINE CMD53 arg=0x941f9834 WR addr=0xfcc blocks=0 blksz=52 mode=BYTE incr=1
[  435.958688][ T2017] mmc mmc1:0001: AR6K-MAINLINE CMD53 arg=0x941f9834 WR addr=0xfcc blocks=0 blksz=52 mode=BYTE incr=1
[  435.969632][ T2017] mmc mmc1:0001: AR6K-MAINLINE CMD53 arg=0x941f9834 WR addr=0xfcc blocks=0 blksz=52 mode=BYTE incr=1
[  435.979971][ T2017] mmc mmc1:0001: AR6K-MAINLINE CMD53 arg=0x941f9834 WR addr=0xfcc blocks=0 blksz=52 mode=BYTE incr=1
[  435.990698][ T2017] mmc mmc1:0001: AR6K-MAINLINE CMD53 arg=0x941f9834 WR addr=0xfcc blocks=0 blksz=52 mode=BYTE incr=1
[  436.001474][ T2017] mmc mmc1:0001: AR6K-MAINLINE CMD53 arg=0x941f9834 WR addr=0xfcc blocks=0 blksz=52 mode=BYTE incr=1
[  436.012153][ T2017] mmc mmc1:0001: AR6K-MAINLINE CMD53 arg=0x941f9834 WR addr=0xfcc blocks=0 blksz=52 mode=BYTE incr=1
[  436.022804][ T2017] mmc mmc1:0001: AR6K-MAINLINE CMD53 arg=0x941f9834 WR addr=0xfcc blocks=0 blksz=52 mode=BYTE incr=1
[  436.033513][ T2017] mmc mmc1:0001: AR6K-MAINLINE CMD53 arg=0x941f9834 WR addr=0xfcc blocks=0 blksz=52 mode=BYTE incr=1
[  436.044094][ T2017] mmc mmc1:0001: AR6K-MAINLINE CMD53 arg=0x941f9834 WR addr=0xfcc blocks=0 blksz=52 mode=BYTE incr=1
[  436.054828][ T2017] mmc mmc1:0001: AR6K-MAINLINE CMD53 arg=0x941f9834 WR addr=0xfcc blocks=0 blksz=52 mode=BYTE incr=1
[  436.065417][ T2017] mmc mmc1:0001: AR6K-MAINLINE CMD53 arg=0x941f9834 WR addr=0xfcc blocks=0 blksz=52 mode=BYTE incr=1
[  436.076306][ T2017] mmc mmc1:0001: AR6K-MAINLINE CMD53 arg=0x941f9834 WR addr=0xfcc blocks=0 blksz=52 mode=BYTE incr=1
[  436.086748][ T2017] mmc mmc1:0001: AR6K-MAINLINE CMD53 arg=0x941f9834 WR addr=0xfcc blocks=0 blksz=52 mode=BYTE incr=1
[  436.097589][ T2017] mmc mmc1:0001: AR6K-MAINLINE CMD53 arg=0x941f9834 WR addr=0xfcc blocks=0 blksz=52 mode=BYTE incr=1
[  436.108107][ T2017] mmc mmc1:0001: AR6K-MAINLINE CMD53 arg=0x941f9834 WR addr=0xfcc blocks=0 blksz=52 mode=BYTE incr=1
[  436.118920][ T2017] mmc mmc1:0001: AR6K-MAINLINE CMD53 arg=0x941f9834 WR addr=0xfcc blocks=0 blksz=52 mode=BYTE incr=1
[  436.129675][ T2017] mmc mmc1:0001: AR6K-MAINLINE CMD53 arg=0x941f9834 WR addr=0xfcc blocks=0 blksz=52 mode=BYTE incr=1
[  436.140244][ T2017] mmc mmc1:0001: AR6K-MAINLINE CMD53 arg=0x941f9834 WR addr=0xfcc blocks=0 blksz=52 mode=BYTE incr=1
[  436.150847][ T2017] mmc mmc1:0001: AR6K-MAINLINE CMD53 arg=0x941f9834 WR addr=0xfcc blocks=0 blksz=52 mode=BYTE incr=1
[  436.161601][ T2017] mmc mmc1:0001: AR6K-MAINLINE CMD53 arg=0x941f9834 WR addr=0xfcc blocks=0 blksz=52 mode=BYTE incr=1
[  436.172263][ T2017] mmc mmc1:0001: AR6K-MAINLINE CMD53 arg=0x941f9834 WR addr=0xfcc blocks=0 blksz=52 mode=BYTE incr=1
[  436.182972][ T2017] mmc mmc1:0001: AR6K-MAINLINE CMD53 arg=0x941f9834 WR addr=0xfcc blocks=0 blksz=52 mode=BYTE incr=1
[  436.193566][ T2017] mmc mmc1:0001: AR6K-MAINLINE CMD53 arg=0x941f9834 WR addr=0xfcc blocks=0 blksz=52 mode=BYTE incr=1
[  436.204311][ T2017] mmc mmc1:0001: AR6K-MAINLINE CMD53 arg=0x941f9834 WR addr=0xfcc blocks=0 blksz=52 mode=BYTE incr=1
[  436.214925][ T2017] mmc mmc1:0001: AR6K-MAINLINE CMD53 arg=0x941f9834 WR addr=0xfcc blocks=0 blksz=52 mode=BYTE incr=1
[  436.225769][ T2017] mmc mmc1:0001: AR6K-MAINLINE CMD53 arg=0x941f9834 WR addr=0xfcc blocks=0 blksz=52 mode=BYTE incr=1
[  436.236252][ T2017] mmc mmc1:0001: AR6K-MAINLINE CMD53 arg=0x941f9834 WR addr=0xfcc blocks=0 blksz=52 mode=BYTE incr=1
[  436.247023][ T2017] mmc mmc1:0001: AR6K-MAINLINE CMD53 arg=0x941f9834 WR addr=0xfcc blocks=0 blksz=52 mode=BYTE incr=1
[  436.257631][ T2017] mmc mmc1:0001: AR6K-MAINLINE CMD53 arg=0x941f9834 WR addr=0xfcc blocks=0 blksz=52 mode=BYTE incr=1
[  436.268383][ T2017] mmc mmc1:0001: AR6K-MAINLINE CMD53 arg=0x941f9834 WR addr=0xfcc blocks=0 blksz=52 mode=BYTE incr=1
[  436.279126][ T2017] mmc mmc1:0001: AR6K-MAINLINE CMD53 arg=0x941f9834 WR addr=0xfcc blocks=0 blksz=52 mode=BYTE incr=1
[  436.289757][ T2017] mmc mmc1:0001: AR6K-MAINLINE CMD53 arg=0x941f9834 WR addr=0xfcc blocks=0 blksz=52 mode=BYTE incr=1
[  436.300343][ T2017] mmc mmc1:0001: AR6K-MAINLINE CMD53 arg=0x941f9834 WR addr=0xfcc blocks=0 blksz=52 mode=BYTE incr=1
[  436.311059][ T2017] mmc mmc1:0001: AR6K-MAINLINE CMD53 arg=0x941f9834 WR addr=0xfcc blocks=0 blksz=52 mode=BYTE incr=1
[  436.321754][ T2017] mmc mmc1:0001: AR6K-MAINLINE CMD53 arg=0x941f9834 WR addr=0xfcc blocks=0 blksz=52 mode=BYTE incr=1
[  436.332414][ T2017] mmc mmc1:0001: AR6K-MAINLINE CMD53 arg=0x941f9834 WR addr=0xfcc blocks=0 blksz=52 mode=BYTE incr=1
[  436.343013][ T2017] mmc mmc1:0001: AR6K-MAINLINE CMD53 arg=0x941f9834 WR addr=0xfcc blocks=0 blksz=52 mode=BYTE incr=1
[  436.353808][ T2017] mmc mmc1:0001: AR6K-MAINLINE CMD53 arg=0x941f9834 WR addr=0xfcc blocks=0 blksz=52 mode=BYTE incr=1
[  436.364382][ T2017] mmc mmc1:0001: AR6K-MAINLINE CMD53 arg=0x941f9834 WR addr=0xfcc blocks=0 blksz=52 mode=BYTE incr=1
[  436.375241][ T2017] mmc mmc1:0001: AR6K-MAINLINE CMD53 arg=0x941f9834 WR addr=0xfcc blocks=0 blksz=52 mode=BYTE incr=1
[  436.385741][ T2017] mmc mmc1:0001: AR6K-MAINLINE CMD53 arg=0x941f9834 WR addr=0xfcc blocks=0 blksz=52 mode=BYTE incr=1
[  436.396492][ T2017] mmc mmc1:0001: AR6K-MAINLINE CMD53 arg=0x941f9834 WR addr=0xfcc blocks=0 blksz=52 mode=BYTE incr=1
[  436.407071][ T2017] mmc mmc1:0001: AR6K-MAINLINE CMD53 arg=0x941f9834 WR addr=0xfcc blocks=0 blksz=52 mode=BYTE incr=1
[  436.417854][ T2017] mmc mmc1:0001: AR6K-MAINLINE CMD53 arg=0x941f9834 WR addr=0xfcc blocks=0 blksz=52 mode=BYTE incr=1
[  436.428569][ T2017] mmc mmc1:0001: AR6K-MAINLINE CMD53 arg=0x941f9834 WR addr=0xfcc blocks=0 blksz=52 mode=BYTE incr=1
[  436.439221][ T2017] mmc mmc1:0001: AR6K-MAINLINE CMD53 arg=0x941f9834 WR addr=0xfcc blocks=0 blksz=52 mode=BYTE incr=1
[  436.449797][ T2017] mmc mmc1:0001: AR6K-MAINLINE CMD53 arg=0x941f9834 WR addr=0xfcc blocks=0 blksz=52 mode=BYTE incr=1
[  436.460546][ T2017] mmc mmc1:0001: AR6K-MAINLINE CMD53 arg=0x941f9834 WR addr=0xfcc blocks=0 blksz=52 mode=BYTE incr=1
[  436.471259][ T2017] mmc mmc1:0001: AR6K-MAINLINE CMD53 arg=0x941f9834 WR addr=0xfcc blocks=0 blksz=52 mode=BYTE incr=1
[  436.481918][ T2017] mmc mmc1:0001: AR6K-MAINLINE CMD53 arg=0x941f9834 WR addr=0xfcc blocks=0 blksz=52 mode=BYTE incr=1
[  436.492505][ T2017] mmc mmc1:0001: AR6K-MAINLINE CMD53 arg=0x941f9834 WR addr=0xfcc blocks=0 blksz=52 mode=BYTE incr=1
[  436.503272][ T2017] mmc mmc1:0001: AR6K-MAINLINE CMD53 arg=0x941f9834 WR addr=0xfcc blocks=0 blksz=52 mode=BYTE incr=1
[  436.513877][ T2017] mmc mmc1:0001: AR6K-MAINLINE CMD53 arg=0x941f9834 WR addr=0xfcc blocks=0 blksz=52 mode=BYTE incr=1
[  436.524757][ T2017] mmc mmc1:0001: AR6K-MAINLINE CMD53 arg=0x941f9834 WR addr=0xfcc blocks=0 blksz=52 mode=BYTE incr=1
[  436.535293][ T2017] mmc mmc1:0001: AR6K-MAINLINE CMD53 arg=0x941f9834 WR addr=0xfcc blocks=0 blksz=52 mode=BYTE incr=1
[  436.545976][ T2017] mmc mmc1:0001: AR6K-MAINLINE CMD53 arg=0x941f9834 WR addr=0xfcc blocks=0 blksz=52 mode=BYTE incr=1
[  436.556554][ T2017] mmc mmc1:0001: AR6K-MAINLINE CMD53 arg=0x941f9834 WR addr=0xfcc blocks=0 blksz=52 mode=BYTE incr=1
[  436.567305][ T2017] mmc mmc1:0001: AR6K-MAINLINE CMD53 arg=0x941f9834 WR addr=0xfcc blocks=0 blksz=52 mode=BYTE incr=1
[  436.578022][ T2017] mmc mmc1:0001: AR6K-MAINLINE CMD53 arg=0x941f9834 WR addr=0xfcc blocks=0 blksz=52 mode=BYTE incr=1
[  436.588688][ T2017] mmc mmc1:0001: AR6K-MAINLINE CMD53 arg=0x941f9834 WR addr=0xfcc blocks=0 blksz=52 mode=BYTE incr=1
[  436.599266][ T2017] mmc mmc1:0001: AR6K-MAINLINE CMD53 arg=0x941f9834 WR addr=0xfcc blocks=0 blksz=52 mode=BYTE incr=1
[  436.610069][ T2017] mmc mmc1:0001: AR6K-MAINLINE CMD53 arg=0x941f9834 WR addr=0xfcc blocks=0 blksz=52 mode=BYTE incr=1
[  436.620746][ T2017] mmc mmc1:0001: AR6K-MAINLINE CMD53 arg=0x941f9834 WR addr=0xfcc blocks=0 blksz=52 mode=BYTE incr=1
[  436.631396][ T2017] mmc mmc1:0001: AR6K-MAINLINE CMD53 arg=0x941f9834 WR addr=0xfcc blocks=0 blksz=52 mode=BYTE incr=1
[  436.642005][ T2017] mmc mmc1:0001: AR6K-MAINLINE CMD53 arg=0x941f9834 WR addr=0xfcc blocks=0 blksz=52 mode=BYTE incr=1
[  436.652751][ T2017] mmc mmc1:0001: AR6K-MAINLINE CMD53 arg=0x941f9834 WR addr=0xfcc blocks=0 blksz=52 mode=BYTE incr=1
[  436.663356][ T2017] mmc mmc1:0001: AR6K-MAINLINE CMD53 arg=0x941f9834 WR addr=0xfcc blocks=0 blksz=52 mode=BYTE incr=1
[  436.674236][ T2017] mmc mmc1:0001: AR6K-MAINLINE CMD53 arg=0x941f9834 WR addr=0xfcc blocks=0 blksz=52 mode=BYTE incr=1
[  436.684696][ T2017] mmc mmc1:0001: AR6K-MAINLINE CMD53 arg=0x941f9834 WR addr=0xfcc blocks=0 blksz=52 mode=BYTE incr=1
[  436.695427][ T2017] mmc mmc1:0001: AR6K-MAINLINE CMD53 arg=0x941f9834 WR addr=0xfcc blocks=0 blksz=52 mode=BYTE incr=1
[  436.706053][ T2017] mmc mmc1:0001: AR6K-MAINLINE CMD53 arg=0x941f9834 WR addr=0xfcc blocks=0 blksz=52 mode=BYTE incr=1
[  436.716799][ T2017] mmc mmc1:0001: AR6K-MAINLINE CMD53 arg=0x941f9834 WR addr=0xfcc blocks=0 blksz=52 mode=BYTE incr=1
[  436.727498][ T2017] mmc mmc1:0001: AR6K-MAINLINE CMD53 arg=0x941f9834 WR addr=0xfcc blocks=0 blksz=52 mode=BYTE incr=1
[  436.738168][ T2017] mmc mmc1:0001: AR6K-MAINLINE CMD53 arg=0x941f9834 WR addr=0xfcc blocks=0 blksz=52 mode=BYTE incr=1
[  436.748785][ T2017] mmc mmc1:0001: AR6K-MAINLINE CMD53 arg=0x941f9834 WR addr=0xfcc blocks=0 blksz=52 mode=BYTE incr=1
[  436.759613][ T2017] mmc mmc1:0001: AR6K-MAINLINE CMD53 arg=0x941f9834 WR addr=0xfcc blocks=0 blksz=52 mode=BYTE incr=1
[  436.770266][ T2017] mmc mmc1:0001: AR6K-MAINLINE CMD53 arg=0x941f9834 WR addr=0xfcc blocks=0 blksz=52 mode=BYTE incr=1
[  436.780834][ T2017] mmc mmc1:0001: AR6K-MAINLINE CMD53 arg=0x941f9834 WR addr=0xfcc blocks=0 blksz=52 mode=BYTE incr=1
[  436.791560][ T2017] mmc mmc1:0001: AR6K-MAINLINE CMD53 arg=0x941f9834 WR addr=0xfcc blocks=0 blksz=52 mode=BYTE incr=1
[  436.802279][ T2017] mmc mmc1:0001: AR6K-MAINLINE CMD53 arg=0x941f9834 WR addr=0xfcc blocks=0 blksz=52 mode=BYTE incr=1
[  436.812788][ T2017] mmc mmc1:0001: AR6K-MAINLINE CMD53 arg=0x941f9834 WR addr=0xfcc blocks=0 blksz=52 mode=BYTE incr=1
[  436.823710][ T2017] mmc mmc1:0001: AR6K-MAINLINE CMD53 arg=0x941f9834 WR addr=0xfcc blocks=0 blksz=52 mode=BYTE incr=1
[  436.834153][ T2017] mmc mmc1:0001: AR6K-MAINLINE CMD53 arg=0x941f9834 WR addr=0xfcc blocks=0 blksz=52 mode=BYTE incr=1
[  436.845000][ T2017] mmc mmc1:0001: AR6K-MAINLINE CMD53 arg=0x941f9834 WR addr=0xfcc blocks=0 blksz=52 mode=BYTE incr=1
[  436.855516][ T2017] mmc mmc1:0001: AR6K-MAINLINE CMD53 arg=0x941f9834 WR addr=0xfcc blocks=0 blksz=52 mode=BYTE incr=1
[  436.866301][ T2017] mmc mmc1:0001: AR6K-MAINLINE CMD53 arg=0x941f9834 WR addr=0xfcc blocks=0 blksz=52 mode=BYTE incr=1
[  436.877002][ T2017] mmc mmc1:0001: AR6K-MAINLINE CMD53 arg=0x941f9834 WR addr=0xfcc blocks=0 blksz=52 mode=BYTE incr=1
[  436.887662][ T2017] mmc mmc1:0001: AR6K-MAINLINE CMD53 arg=0x941f9834 WR addr=0xfcc blocks=0 blksz=52 mode=BYTE incr=1
[  436.898240][ T2017] mmc mmc1:0001: AR6K-MAINLINE CMD53 arg=0x941f9834 WR addr=0xfcc blocks=0 blksz=52 mode=BYTE incr=1
[  436.909046][ T2017] mmc mmc1:0001: AR6K-MAINLINE CMD53 arg=0x941f9834 WR addr=0xfcc blocks=0 blksz=52 mode=BYTE incr=1
[  436.919652][ T2017] mmc mmc1:0001: AR6K-MAINLINE CMD53 arg=0x941f9834 WR addr=0xfcc blocks=0 blksz=52 mode=BYTE incr=1
[  436.930333][ T2017] mmc mmc1:0001: AR6K-MAINLINE CMD53 arg=0x941f9834 WR addr=0xfcc blocks=0 blksz=52 mode=BYTE incr=1
[  436.940899][ T2017] mmc mmc1:0001: AR6K-MAINLINE CMD53 arg=0x941f9834 WR addr=0xfcc blocks=0 blksz=52 mode=BYTE incr=1
[  436.951692][ T2017] mmc mmc1:0001: AR6K-MAINLINE CMD53 arg=0x941f9834 WR addr=0xfcc blocks=0 blksz=52 mode=BYTE incr=1
[  436.962286][ T2017] mmc mmc1:0001: AR6K-MAINLINE CMD53 arg=0x941f9834 WR addr=0xfcc blocks=0 blksz=52 mode=BYTE incr=1
[  436.973189][ T2017] mmc mmc1:0001: AR6K-MAINLINE CMD53 arg=0x941f9834 WR addr=0xfcc blocks=0 blksz=52 mode=BYTE incr=1
[  436.983650][ T2017] mmc mmc1:0001: AR6K-MAINLINE CMD53 arg=0x941f9834 WR addr=0xfcc blocks=0 blksz=52 mode=BYTE incr=1
[  436.994451][ T2017] mmc mmc1:0001: AR6K-MAINLINE CMD53 arg=0x941f9834 WR addr=0xfcc blocks=0 blksz=52 mode=BYTE incr=1
[  437.004985][ T2017] mmc mmc1:0001: AR6K-MAINLINE CMD53 arg=0x941f9834 WR addr=0xfcc blocks=0 blksz=52 mode=BYTE incr=1
[  437.015784][ T2017] mmc mmc1:0001: AR6K-MAINLINE CMD53 arg=0x941f9834 WR addr=0xfcc blocks=0 blksz=52 mode=BYTE incr=1
[  437.026474][ T2017] mmc mmc1:0001: AR6K-MAINLINE CMD53 arg=0x941f9834 WR addr=0xfcc blocks=0 blksz=52 mode=BYTE incr=1
[  437.037180][ T2017] mmc mmc1:0001: AR6K-MAINLINE CMD53 arg=0x941f9834 WR addr=0xfcc blocks=0 blksz=52 mode=BYTE incr=1
[  437.047720][ T2017] mmc mmc1:0001: AR6K-MAINLINE CMD53 arg=0x941f9834 WR addr=0xfcc blocks=0 blksz=52 mode=BYTE incr=1
[  437.058538][ T2017] mmc mmc1:0001: AR6K-MAINLINE CMD53 arg=0x941f9834 WR addr=0xfcc blocks=0 blksz=52 mode=BYTE incr=1
[  437.069038][ T2017] mmc mmc1:0001: AR6K-MAINLINE CMD53 arg=0x941f9834 WR addr=0xfcc blocks=0 blksz=52 mode=BYTE incr=1
[  437.079906][ T2017] mmc mmc1:0001: AR6K-MAINLINE CMD53 arg=0x941f9834 WR addr=0xfcc blocks=0 blksz=52 mode=BYTE incr=1
[  437.090411][ T2017] mmc mmc1:0001: AR6K-MAINLINE CMD53 arg=0x941f9834 WR addr=0xfcc blocks=0 blksz=52 mode=BYTE incr=1
[  437.101198][ T2017] mmc mmc1:0001: AR6K-MAINLINE CMD53 arg=0x941f9834 WR addr=0xfcc blocks=0 blksz=52 mode=BYTE incr=1
[  437.111766][ T2017] mmc mmc1:0001: AR6K-MAINLINE CMD53 arg=0x941f9834 WR addr=0xfcc blocks=0 blksz=52 mode=BYTE incr=1
[  437.122551][ T2017] mmc mmc1:0001: AR6K-MAINLINE CMD53 arg=0x941f9834 WR addr=0xfcc blocks=0 blksz=52 mode=BYTE incr=1
[  437.133219][ T2017] mmc mmc1:0001: AR6K-MAINLINE CMD53 arg=0x941f9834 WR addr=0xfcc blocks=0 blksz=52 mode=BYTE incr=1
[  437.143958][ T2017] mmc mmc1:0001: AR6K-MAINLINE CMD53 arg=0x941f9834 WR addr=0xfcc blocks=0 blksz=52 mode=BYTE incr=1
[  437.154518][ T2017] mmc mmc1:0001: AR6K-MAINLINE CMD53 arg=0x941f9834 WR addr=0xfcc blocks=0 blksz=52 mode=BYTE incr=1
[  437.165305][ T2017] mmc mmc1:0001: AR6K-MAINLINE CMD53 arg=0x941f9834 WR addr=0xfcc blocks=0 blksz=52 mode=BYTE incr=1
[  437.175822][ T2017] mmc mmc1:0001: AR6K-MAINLINE CMD53 arg=0x941f9834 WR addr=0xfcc blocks=0 blksz=52 mode=BYTE incr=1
[  437.186717][ T2017] mmc mmc1:0001: AR6K-MAINLINE CMD53 arg=0x941f9834 WR addr=0xfcc blocks=0 blksz=52 mode=BYTE incr=1
[  437.197156][ T2017] mmc mmc1:0001: AR6K-MAINLINE CMD53 arg=0x941f9834 WR addr=0xfcc blocks=0 blksz=52 mode=BYTE incr=1
[  437.207945][ T2017] mmc mmc1:0001: AR6K-MAINLINE CMD53 arg=0x941f9834 WR addr=0xfcc blocks=0 blksz=52 mode=BYTE incr=1
[  437.218553][ T2017] mmc mmc1:0001: AR6K-MAINLINE CMD53 arg=0x941f9834 WR addr=0xfcc blocks=0 blksz=52 mode=BYTE incr=1
[  437.229559][ T2017] mmc mmc1:0001: AR6K-MAINLINE CMD53 arg=0x941f9834 WR addr=0xfcc blocks=0 blksz=52 mode=BYTE incr=1
[  437.239967][ T2017] mmc mmc1:0001: AR6K-MAINLINE CMD53 arg=0x941f9834 WR addr=0xfcc blocks=0 blksz=52 mode=BYTE incr=1
[  437.250547][ T2017] mmc mmc1:0001: AR6K-MAINLINE CMD53 arg=0x941f9834 WR addr=0xfcc blocks=0 blksz=52 mode=BYTE incr=1
[  437.261342][ T2017] mmc mmc1:0001: AR6K-MAINLINE CMD53 arg=0x941f9834 WR addr=0xfcc blocks=0 blksz=52 mode=BYTE incr=1
[  437.271972][ T2017] mmc mmc1:0001: AR6K-MAINLINE CMD53 arg=0x941f9834 WR addr=0xfcc blocks=0 blksz=52 mode=BYTE incr=1
[  437.282812][ T2017] mmc mmc1:0001: AR6K-MAINLINE CMD53 arg=0x941f9834 WR addr=0xfcc blocks=0 blksz=52 mode=BYTE incr=1
[  437.293315][ T2017] mmc mmc1:0001: AR6K-MAINLINE CMD53 arg=0x941f9834 WR addr=0xfcc blocks=0 blksz=52 mode=BYTE incr=1
[  437.304059][ T2017] mmc mmc1:0001: AR6K-MAINLINE CMD53 arg=0x941f9834 WR addr=0xfcc blocks=0 blksz=52 mode=BYTE incr=1
[  437.314625][ T2017] mmc mmc1:0001: AR6K-MAINLINE CMD53 arg=0x941f9834 WR addr=0xfcc blocks=0 blksz=52 mode=BYTE incr=1
[  437.325422][ T2017] mmc mmc1:0001: AR6K-MAINLINE CMD53 arg=0x941f9834 WR addr=0xfcc blocks=0 blksz=52 mode=BYTE incr=1
[  437.336073][ T2017] mmc mmc1:0001: AR6K-MAINLINE CMD53 arg=0x941f9834 WR addr=0xfcc blocks=0 blksz=52 mode=BYTE incr=1
[  437.346778][ T2017] mmc mmc1:0001: AR6K-MAINLINE CMD53 arg=0x941f9834 WR addr=0xfcc blocks=0 blksz=52 mode=BYTE incr=1
[  437.357336][ T2017] mmc mmc1:0001: AR6K-MAINLINE CMD53 arg=0x941f9834 WR addr=0xfcc blocks=0 blksz=52 mode=BYTE incr=1
[  437.368085][ T2017] mmc mmc1:0001: AR6K-MAINLINE CMD53 arg=0x941f9834 WR addr=0xfcc blocks=0 blksz=52 mode=BYTE incr=1
[  437.378723][ T2017] mmc mmc1:0001: AR6K-MAINLINE CMD53 arg=0x941f9834 WR addr=0xfcc blocks=0 blksz=52 mode=BYTE incr=1
[  437.389675][ T2017] mmc mmc1:0001: AR6K-MAINLINE CMD53 arg=0x941f9834 WR addr=0xfcc blocks=0 blksz=52 mode=BYTE incr=1
[  437.400050][ T2017] mmc mmc1:0001: AR6K-MAINLINE CMD53 arg=0x941f9834 WR addr=0xfcc blocks=0 blksz=52 mode=BYTE incr=1
[  437.410826][ T2017] mmc mmc1:0001: AR6K-MAINLINE CMD53 arg=0x941f9834 WR addr=0xfcc blocks=0 blksz=52 mode=BYTE incr=1
[  437.421396][ T2017] mmc mmc1:0001: AR6K-MAINLINE CMD53 arg=0x941f9834 WR addr=0xfcc blocks=0 blksz=52 mode=BYTE incr=1
[  437.432354][ T2017] mmc mmc1:0001: AR6K-MAINLINE CMD53 arg=0x941f9834 WR addr=0xfcc blocks=0 blksz=52 mode=BYTE incr=1
[  437.442767][ T2017] mmc mmc1:0001: AR6K-MAINLINE CMD53 arg=0x941f9834 WR addr=0xfcc blocks=0 blksz=52 mode=BYTE incr=1
[  437.453546][ T2017] mmc mmc1:0001: AR6K-MAINLINE CMD53 arg=0x941f9834 WR addr=0xfcc blocks=0 blksz=52 mode=BYTE incr=1
[  437.464096][ T2017] mmc mmc1:0001: AR6K-MAINLINE CMD53 arg=0x941f9834 WR addr=0xfcc blocks=0 blksz=52 mode=BYTE incr=1
[  437.474924][ T2017] mmc mmc1:0001: AR6K-MAINLINE CMD53 arg=0x941f9834 WR addr=0xfcc blocks=0 blksz=52 mode=BYTE incr=1
[  437.485534][ T2017] mmc mmc1:0001: AR6K-MAINLINE CMD53 arg=0x941f9834 WR addr=0xfcc blocks=0 blksz=52 mode=BYTE incr=1
[  437.496296][ T2017] mmc mmc1:0001: AR6K-MAINLINE CMD53 arg=0x941f9834 WR addr=0xfcc blocks=0 blksz=52 mode=BYTE incr=1
[  437.506785][ T2017] mmc mmc1:0001: AR6K-MAINLINE CMD53 arg=0x941f9834 WR addr=0xfcc blocks=0 blksz=52 mode=BYTE incr=1
[  437.517573][ T2017] mmc mmc1:0001: AR6K-MAINLINE CMD53 arg=0x941f9834 WR addr=0xfcc blocks=0 blksz=52 mode=BYTE incr=1
[  437.528178][ T2017] mmc mmc1:0001: AR6K-MAINLINE CMD53 arg=0x941f9834 WR addr=0xfcc blocks=0 blksz=52 mode=BYTE incr=1
[  437.539056][ T2017] mmc mmc1:0001: AR6K-MAINLINE CMD53 arg=0x941f9834 WR addr=0xfcc blocks=0 blksz=52 mode=BYTE incr=1
[  437.549545][ T2017] mmc mmc1:0001: AR6K-MAINLINE CMD53 arg=0x941f9834 WR addr=0xfcc blocks=0 blksz=52 mode=BYTE incr=1
[  437.560328][ T2017] mmc mmc1:0001: AR6K-MAINLINE CMD53 arg=0x941f9834 WR addr=0xfcc blocks=0 blksz=52 mode=BYTE incr=1
[  437.570873][ T2017] mmc mmc1:0001: AR6K-MAINLINE CMD53 arg=0x941f9834 WR addr=0xfcc blocks=0 blksz=52 mode=BYTE incr=1
[  437.581798][ T2017] mmc mmc1:0001: AR6K-MAINLINE CMD53 arg=0x941f9834 WR addr=0xfcc blocks=0 blksz=52 mode=BYTE incr=1
[  437.592241][ T2017] mmc mmc1:0001: AR6K-MAINLINE CMD53 arg=0x941f9834 WR addr=0xfcc blocks=0 blksz=52 mode=BYTE incr=1
[  437.603018][ T2017] mmc mmc1:0001: AR6K-MAINLINE CMD53 arg=0x941f9834 WR addr=0xfcc blocks=0 blksz=52 mode=BYTE incr=1
[  437.613601][ T2017] mmc mmc1:0001: AR6K-MAINLINE CMD53 arg=0x941f9834 WR addr=0xfcc blocks=0 blksz=52 mode=BYTE incr=1
[  437.624422][ T2017] mmc mmc1:0001: AR6K-MAINLINE CMD53 arg=0x941f9834 WR addr=0xfcc blocks=0 blksz=52 mode=BYTE incr=1
[  437.635006][ T2017] mmc mmc1:0001: AR6K-MAINLINE CMD53 arg=0x941f9834 WR addr=0xfcc blocks=0 blksz=52 mode=BYTE incr=1
[  437.645731][ T2017] mmc mmc1:0001: AR6K-MAINLINE CMD53 arg=0x941f9834 WR addr=0xfcc blocks=0 blksz=52 mode=BYTE incr=1
[  437.656285][ T2017] mmc mmc1:0001: AR6K-MAINLINE CMD53 arg=0x941f9834 WR addr=0xfcc blocks=0 blksz=52 mode=BYTE incr=1
[  437.667109][ T2017] mmc mmc1:0001: AR6K-MAINLINE CMD53 arg=0x941f9834 WR addr=0xfcc blocks=0 blksz=52 mode=BYTE incr=1
[  437.677651][ T2017] mmc mmc1:0001: AR6K-MAINLINE CMD53 arg=0x941f9834 WR addr=0xfcc blocks=0 blksz=52 mode=BYTE incr=1
[  437.688552][ T2017] mmc mmc1:0001: AR6K-MAINLINE CMD53 arg=0x941f9834 WR addr=0xfcc blocks=0 blksz=52 mode=BYTE incr=1
[  437.699025][ T2017] mmc mmc1:0001: AR6K-MAINLINE CMD53 arg=0x941f9834 WR addr=0xfcc blocks=0 blksz=52 mode=BYTE incr=1
[  437.709818][ T2017] mmc mmc1:0001: AR6K-MAINLINE CMD53 arg=0x941f9834 WR addr=0xfcc blocks=0 blksz=52 mode=BYTE incr=1
[  437.720363][ T2017] mmc mmc1:0001: AR6K-MAINLINE CMD53 arg=0x941f9834 WR addr=0xfcc blocks=0 blksz=52 mode=BYTE incr=1
[  437.731235][ T2017] mmc mmc1:0001: AR6K-MAINLINE CMD53 arg=0x941f9834 WR addr=0xfcc blocks=0 blksz=52 mode=BYTE incr=1
[  437.741691][ T2017] mmc mmc1:0001: AR6K-MAINLINE CMD53 arg=0x941f9834 WR addr=0xfcc blocks=0 blksz=52 mode=BYTE incr=1
[  437.752536][ T2017] mmc mmc1:0001: AR6K-MAINLINE CMD53 arg=0x941f9834 WR addr=0xfcc blocks=0 blksz=52 mode=BYTE incr=1
[  437.763138][ T2017] mmc mmc1:0001: AR6K-MAINLINE CMD53 arg=0x941f9834 WR addr=0xfcc blocks=0 blksz=52 mode=BYTE incr=1
[  437.773897][ T2017] mmc mmc1:0001: AR6K-MAINLINE CMD53 arg=0x941f9834 WR addr=0xfcc blocks=0 blksz=52 mode=BYTE incr=1
[  437.784532][ T2017] mmc mmc1:0001: AR6K-MAINLINE CMD53 arg=0x941f9834 WR addr=0xfcc blocks=0 blksz=52 mode=BYTE incr=1
[  437.795231][ T2017] mmc mmc1:0001: AR6K-MAINLINE CMD53 arg=0x941f9834 WR addr=0xfcc blocks=0 blksz=52 mode=BYTE incr=1
[  437.805765][ T2017] mmc mmc1:0001: AR6K-MAINLINE CMD53 arg=0x941f9834 WR addr=0xfcc blocks=0 blksz=52 mode=BYTE incr=1
[  437.816600][ T2017] mmc mmc1:0001: AR6K-MAINLINE CMD53 arg=0x941f9834 WR addr=0xfcc blocks=0 blksz=52 mode=BYTE incr=1
[  437.827097][ T2017] mmc mmc1:0001: AR6K-MAINLINE CMD53 arg=0x941f9834 WR addr=0xfcc blocks=0 blksz=52 mode=BYTE incr=1
[  437.837993][ T2017] mmc mmc1:0001: AR6K-MAINLINE CMD53 arg=0x941f9834 WR addr=0xfcc blocks=0 blksz=52 mode=BYTE incr=1
[  437.848544][ T2017] mmc mmc1:0001: AR6K-MAINLINE CMD53 arg=0x941f9834 WR addr=0xfcc blocks=0 blksz=52 mode=BYTE incr=1
[  437.859446][ T2017] mmc mmc1:0001: AR6K-MAINLINE CMD53 arg=0x941f9834 WR addr=0xfcc blocks=0 blksz=52 mode=BYTE incr=1
[  437.869905][ T2017] mmc mmc1:0001: AR6K-MAINLINE CMD53 arg=0x941f9834 WR addr=0xfcc blocks=0 blksz=52 mode=BYTE incr=1
[  437.880638][ T2017] mmc mmc1:0001: AR6K-MAINLINE CMD53 arg=0x941f9834 WR addr=0xfcc blocks=0 blksz=52 mode=BYTE incr=1
[  437.891309][ T2017] mmc mmc1:0001: AR6K-MAINLINE CMD53 arg=0x941f9834 WR addr=0xfcc blocks=0 blksz=52 mode=BYTE incr=1
[  437.901855][ T2017] mmc mmc1:0001: AR6K-MAINLINE CMD53 arg=0x941f9834 WR addr=0xfcc blocks=0 blksz=52 mode=BYTE incr=1
[  437.912662][ T2017] mmc mmc1:0001: AR6K-MAINLINE CMD53 arg=0x941f9834 WR addr=0xfcc blocks=0 blksz=52 mode=BYTE incr=1
[  437.923255][ T2017] mmc mmc1:0001: AR6K-MAINLINE CMD53 arg=0x941f9834 WR addr=0xfcc blocks=0 blksz=52 mode=BYTE incr=1
[  437.934103][ T2017] mmc mmc1:0001: AR6K-MAINLINE CMD53 arg=0x941f9834 WR addr=0xfcc blocks=0 blksz=52 mode=BYTE incr=1
[  437.944600][ T2017] mmc mmc1:0001: AR6K-MAINLINE CMD53 arg=0x941f9834 WR addr=0xfcc blocks=0 blksz=52 mode=BYTE incr=1
[  437.955353][ T2017] mmc mmc1:0001: AR6K-MAINLINE CMD53 arg=0x941f9834 WR addr=0xfcc blocks=0 blksz=52 mode=BYTE incr=1
[  437.965934][ T2017] mmc mmc1:0001: AR6K-MAINLINE CMD53 arg=0x941f9834 WR addr=0xfcc blocks=0 blksz=52 mode=BYTE incr=1
[  437.976717][ T2017] mmc mmc1:0001: AR6K-MAINLINE CMD53 arg=0x941f9834 WR addr=0xfcc blocks=0 blksz=52 mode=BYTE incr=1
[  437.987413][ T2017] mmc mmc1:0001: AR6K-MAINLINE CMD53 arg=0x941f9834 WR addr=0xfcc blocks=0 blksz=52 mode=BYTE incr=1
[  437.998077][ T2017] mmc mmc1:0001: AR6K-MAINLINE CMD53 arg=0x941f9834 WR addr=0xfcc blocks=0 blksz=52 mode=BYTE incr=1
[  438.008657][ T2017] mmc mmc1:0001: AR6K-MAINLINE CMD53 arg=0x941f9834 WR addr=0xfcc blocks=0 blksz=52 mode=BYTE incr=1
[  438.019528][ T2017] mmc mmc1:0001: AR6K-MAINLINE CMD53 arg=0x941f9834 WR addr=0xfcc blocks=0 blksz=52 mode=BYTE incr=1
[  438.030175][ T2017] mmc mmc1:0001: AR6K-MAINLINE CMD53 arg=0x941f9834 WR addr=0xfcc blocks=0 blksz=52 mode=BYTE incr=1
[  438.040719][ T2017] mmc mmc1:0001: AR6K-MAINLINE CMD53 arg=0x941f9834 WR addr=0xfcc blocks=0 blksz=52 mode=BYTE incr=1
[  438.051457][ T2017] mmc mmc1:0001: AR6K-MAINLINE CMD53 arg=0x941f9834 WR addr=0xfcc blocks=0 blksz=52 mode=BYTE incr=1
[  438.062048][ T2017] mmc mmc1:0001: AR6K-MAINLINE CMD53 arg=0x941f9834 WR addr=0xfcc blocks=0 blksz=52 mode=BYTE incr=1
[  438.072774][ T2017] mmc mmc1:0001: AR6K-MAINLINE CMD53 arg=0x941f9834 WR addr=0xfcc blocks=0 blksz=52 mode=BYTE incr=1
[  438.083515][ T2017] mmc mmc1:0001: AR6K-MAINLINE CMD53 arg=0x941f9834 WR addr=0xfcc blocks=0 blksz=52 mode=BYTE incr=1
[  438.094162][ T2017] mmc mmc1:0001: AR6K-MAINLINE CMD53 arg=0x941f9834 WR addr=0xfcc blocks=0 blksz=52 mode=BYTE incr=1
[  438.104728][ T2017] mmc mmc1:0001: AR6K-MAINLINE CMD53 arg=0x941f9834 WR addr=0xfcc blocks=0 blksz=52 mode=BYTE incr=1
[  438.115488][ T2017] mmc mmc1:0001: AR6K-MAINLINE CMD53 arg=0x941f9834 WR addr=0xfcc blocks=0 blksz=52 mode=BYTE incr=1
[  438.126125][ T2017] mmc mmc1:0001: AR6K-MAINLINE CMD53 arg=0x941f9834 WR addr=0xfcc blocks=0 blksz=52 mode=BYTE incr=1
[  438.136993][ T2017] mmc mmc1:0001: AR6K-MAINLINE CMD53 arg=0x941f9834 WR addr=0xfcc blocks=0 blksz=52 mode=BYTE incr=1
[  438.147491][ T2017] mmc mmc1:0001: AR6K-MAINLINE CMD53 arg=0x941f9834 WR addr=0xfcc blocks=0 blksz=52 mode=BYTE incr=1
[  438.158234][ T2017] mmc mmc1:0001: AR6K-MAINLINE CMD53 arg=0x941f9834 WR addr=0xfcc blocks=0 blksz=52 mode=BYTE incr=1
[  438.168821][ T2017] mmc mmc1:0001: AR6K-MAINLINE CMD53 arg=0x941f9834 WR addr=0xfcc blocks=0 blksz=52 mode=BYTE incr=1
[  438.179806][ T2017] mmc mmc1:0001: AR6K-MAINLINE CMD53 arg=0x941f9834 WR addr=0xfcc blocks=0 blksz=52 mode=BYTE incr=1
[  438.190144][ T2017] mmc mmc1:0001: AR6K-MAINLINE CMD53 arg=0x941f9834 WR addr=0xfcc blocks=0 blksz=52 mode=BYTE incr=1
[  438.200825][ T2017] mmc mmc1:0001: AR6K-MAINLINE CMD53 arg=0x941f9834 WR addr=0xfcc blocks=0 blksz=52 mode=BYTE incr=1
[  438.211594][ T2017] mmc mmc1:0001: AR6K-MAINLINE CMD53 arg=0x941f9834 WR addr=0xfcc blocks=0 blksz=52 mode=BYTE incr=1
[  438.222240][ T2017] mmc mmc1:0001: AR6K-MAINLINE CMD53 arg=0x941f9834 WR addr=0xfcc blocks=0 blksz=52 mode=BYTE incr=1
[  438.232953][ T2017] mmc mmc1:0001: AR6K-MAINLINE CMD53 arg=0x941f9834 WR addr=0xfcc blocks=0 blksz=52 mode=BYTE incr=1
[  438.243619][ T2017] mmc mmc1:0001: AR6K-MAINLINE CMD53 arg=0x941f9834 WR addr=0xfcc blocks=0 blksz=52 mode=BYTE incr=1
[  438.254186][ T2017] mmc mmc1:0001: AR6K-MAINLINE CMD53 arg=0x941f9834 WR addr=0xfcc blocks=0 blksz=52 mode=BYTE incr=1
[  438.264982][ T2017] mmc mmc1:0001: AR6K-MAINLINE CMD53 arg=0x941f9834 WR addr=0xfcc blocks=0 blksz=52 mode=BYTE incr=1
[  438.275602][ T2017] mmc mmc1:0001: AR6K-MAINLINE CMD53 arg=0x941f9834 WR addr=0xfcc blocks=0 blksz=52 mode=BYTE incr=1
[  438.286434][ T2017] mmc mmc1:0001: AR6K-MAINLINE CMD53 arg=0x941f9834 WR addr=0xfcc blocks=0 blksz=52 mode=BYTE incr=1
[  438.296914][ T2017] mmc mmc1:0001: AR6K-MAINLINE CMD53 arg=0x941f9834 WR addr=0xfcc blocks=0 blksz=52 mode=BYTE incr=1
[  438.307734][ T2017] mmc mmc1:0001: AR6K-MAINLINE CMD53 arg=0x941f9834 WR addr=0xfcc blocks=0 blksz=52 mode=BYTE incr=1
[  438.318276][ T2017] mmc mmc1:0001: AR6K-MAINLINE CMD53 arg=0x941f9834 WR addr=0xfcc blocks=0 blksz=52 mode=BYTE incr=1
[  438.329099][ T2017] mmc mmc1:0001: AR6K-MAINLINE CMD53 arg=0x941f9834 WR addr=0xfcc blocks=0 blksz=52 mode=BYTE incr=1
[  438.339746][ T2017] mmc mmc1:0001: AR6K-MAINLINE CMD53 arg=0x941f9834 WR addr=0xfcc blocks=0 blksz=52 mode=BYTE incr=1
[  438.350463][ T2017] mmc mmc1:0001: AR6K-MAINLINE CMD53 arg=0x941f9834 WR addr=0xfcc blocks=0 blksz=52 mode=BYTE incr=1
[  438.360935][ T2017] mmc mmc1:0001: AR6K-MAINLINE CMD53 arg=0x941f9834 WR addr=0xfcc blocks=0 blksz=52 mode=BYTE incr=1
[  438.371805][ T2017] mmc mmc1:0001: AR6K-MAINLINE CMD53 arg=0x941f9834 WR addr=0xfcc blocks=0 blksz=52 mode=BYTE incr=1
[  438.382322][ T2017] mmc mmc1:0001: AR6K-MAINLINE CMD53 arg=0x941f9834 WR addr=0xfcc blocks=0 blksz=52 mode=BYTE incr=1
[  438.393298][ T2017] mmc mmc1:0001: AR6K-MAINLINE CMD53 arg=0x941f9834 WR addr=0xfcc blocks=0 blksz=52 mode=BYTE incr=1
[  438.403692][ T2017] mmc mmc1:0001: AR6K-MAINLINE CMD53 arg=0x941f9834 WR addr=0xfcc blocks=0 blksz=52 mode=BYTE incr=1
[  438.414485][ T2017] mmc mmc1:0001: AR6K-MAINLINE CMD53 arg=0x941f9834 WR addr=0xfcc blocks=0 blksz=52 mode=BYTE incr=1
[  438.425093][ T2017] mmc mmc1:0001: AR6K-MAINLINE CMD53 arg=0x941f9834 WR addr=0xfcc blocks=0 blksz=52 mode=BYTE incr=1
[  438.435859][ T2017] mmc mmc1:0001: AR6K-MAINLINE CMD53 arg=0x941f9834 WR addr=0xfcc blocks=0 blksz=52 mode=BYTE incr=1
[  438.446509][ T2017] mmc mmc1:0001: AR6K-MAINLINE CMD53 arg=0x941f9834 WR addr=0xfcc blocks=0 blksz=52 mode=BYTE incr=1
[  438.457233][ T2017] mmc mmc1:0001: AR6K-MAINLINE CMD53 arg=0x941f9834 WR addr=0xfcc blocks=0 blksz=52 mode=BYTE incr=1
[  438.467742][ T2017] mmc mmc1:0001: AR6K-MAINLINE CMD53 arg=0x941f9834 WR addr=0xfcc blocks=0 blksz=52 mode=BYTE incr=1
[  438.478569][ T2017] mmc mmc1:0001: AR6K-MAINLINE CMD53 arg=0x941f9834 WR addr=0xfcc blocks=0 blksz=52 mode=BYTE incr=1
[  438.489109][ T2017] mmc mmc1:0001: AR6K-MAINLINE CMD53 arg=0x941f9834 WR addr=0xfcc blocks=0 blksz=52 mode=BYTE incr=1
[  438.500009][ T2017] mmc mmc1:0001: AR6K-MAINLINE CMD53 arg=0x941f9834 WR addr=0xfcc blocks=0 blksz=52 mode=BYTE incr=1
[  438.510446][ T2017] mmc mmc1:0001: AR6K-MAINLINE CMD53 arg=0x941f9834 WR addr=0xfcc blocks=0 blksz=52 mode=BYTE incr=1
[  438.521286][ T2017] mmc mmc1:0001: AR6K-MAINLINE CMD53 arg=0x941f9834 WR addr=0xfcc blocks=0 blksz=52 mode=BYTE incr=1
[  438.531797][ T2017] mmc mmc1:0001: AR6K-MAINLINE CMD53 arg=0x941f9834 WR addr=0xfcc blocks=0 blksz=52 mode=BYTE incr=1
[  438.542624][ T2017] mmc mmc1:0001: AR6K-MAINLINE CMD53 arg=0x941f9834 WR addr=0xfcc blocks=0 blksz=52 mode=BYTE incr=1
[  438.553245][ T2017] mmc mmc1:0001: AR6K-MAINLINE CMD53 arg=0x941f9834 WR addr=0xfcc blocks=0 blksz=52 mode=BYTE incr=1
[  438.563994][ T2017] mmc mmc1:0001: AR6K-MAINLINE CMD53 arg=0x941f9834 WR addr=0xfcc blocks=0 blksz=52 mode=BYTE incr=1
[  438.574533][ T2017] mmc mmc1:0001: AR6K-MAINLINE CMD53 arg=0x941f9834 WR addr=0xfcc blocks=0 blksz=52 mode=BYTE incr=1
[  438.585341][ T2017] mmc mmc1:0001: AR6K-MAINLINE CMD53 arg=0x941f9834 WR addr=0xfcc blocks=0 blksz=52 mode=BYTE incr=1
[  438.595832][ T2017] mmc mmc1:0001: AR6K-MAINLINE CMD53 arg=0x941f9834 WR addr=0xfcc blocks=0 blksz=52 mode=BYTE incr=1
[  438.606761][ T2017] mmc mmc1:0001: AR6K-MAINLINE CMD53 arg=0x941f9834 WR addr=0xfcc blocks=0 blksz=52 mode=BYTE incr=1
[  438.617201][ T2017] mmc mmc1:0001: AR6K-MAINLINE CMD53 arg=0x941f9834 WR addr=0xfcc blocks=0 blksz=52 mode=BYTE incr=1
[  438.628054][ T2017] mmc mmc1:0001: AR6K-MAINLINE CMD53 arg=0x941f9834 WR addr=0xfcc blocks=0 blksz=52 mode=BYTE incr=1
[  438.638582][ T2017] mmc mmc1:0001: AR6K-MAINLINE CMD53 arg=0x941f9834 WR addr=0xfcc blocks=0 blksz=52 mode=BYTE incr=1
[  438.649533][ T2017] mmc mmc1:0001: AR6K-MAINLINE CMD53 arg=0x941f9834 WR addr=0xfcc blocks=0 blksz=52 mode=BYTE incr=1
[  438.659930][ T2017] mmc mmc1:0001: AR6K-MAINLINE CMD53 arg=0x941f9834 WR addr=0xfcc blocks=0 blksz=52 mode=BYTE incr=1
[  438.670576][ T2017] mmc mmc1:0001: AR6K-MAINLINE CMD53 arg=0x941f9834 WR addr=0xfcc blocks=0 blksz=52 mode=BYTE incr=1
[  438.681410][ T2017] mmc mmc1:0001: AR6K-MAINLINE CMD53 arg=0x941f9834 WR addr=0xfcc blocks=0 blksz=52 mode=BYTE incr=1
[  438.691985][ T2017] mmc mmc1:0001: AR6K-MAINLINE CMD53 arg=0x941f9834 WR addr=0xfcc blocks=0 blksz=52 mode=BYTE incr=1
[  438.702865][ T2017] mmc mmc1:0001: AR6K-MAINLINE CMD53 arg=0x941f9834 WR addr=0xfcc blocks=0 blksz=52 mode=BYTE incr=1
[  438.713321][ T2017] mmc mmc1:0001: AR6K-MAINLINE CMD53 arg=0x941f9834 WR addr=0xfcc blocks=0 blksz=52 mode=BYTE incr=1
[  438.724127][ T2017] mmc mmc1:0001: AR6K-MAINLINE CMD53 arg=0x941f9834 WR addr=0xfcc blocks=0 blksz=52 mode=BYTE incr=1
[  438.734685][ T2017] mmc mmc1:0001: AR6K-MAINLINE CMD53 arg=0x941f9834 WR addr=0xfcc blocks=0 blksz=52 mode=BYTE incr=1
[  438.745485][ T2017] mmc mmc1:0001: AR6K-MAINLINE CMD53 arg=0x941f9834 WR addr=0xfcc blocks=0 blksz=52 mode=BYTE incr=1
[  438.756097][ T2017] mmc mmc1:0001: AR6K-MAINLINE CMD53 arg=0x941f9834 WR addr=0xfcc blocks=0 blksz=52 mode=BYTE incr=1
[  438.766842][ T2017] mmc mmc1:0001: AR6K-MAINLINE CMD53 arg=0x941f9834 WR addr=0xfcc blocks=0 blksz=52 mode=BYTE incr=1
[  438.777376][ T2017] mmc mmc1:0001: AR6K-MAINLINE CMD53 arg=0x941f9834 WR addr=0xfcc blocks=0 blksz=52 mode=BYTE incr=1
[  438.788220][ T2017] mmc mmc1:0001: AR6K-MAINLINE CMD53 arg=0x941f9834 WR addr=0xfcc blocks=0 blksz=52 mode=BYTE incr=1
[  438.798718][ T2017] mmc mmc1:0001: AR6K-MAINLINE CMD53 arg=0x941f9834 WR addr=0xfcc blocks=0 blksz=52 mode=BYTE incr=1
[  438.809707][ T2017] mmc mmc1:0001: AR6K-MAINLINE CMD53 arg=0x941f9834 WR addr=0xfcc blocks=0 blksz=52 mode=BYTE incr=1
[  438.820087][ T2017] mmc mmc1:0001: AR6K-MAINLINE CMD53 arg=0x941f9834 WR addr=0xfcc blocks=0 blksz=52 mode=BYTE incr=1
[  438.830925][ T2017] mmc mmc1:0001: AR6K-MAINLINE CMD53 arg=0x941f9834 WR addr=0xfcc blocks=0 blksz=52 mode=BYTE incr=1
[  438.841430][ T2017] mmc mmc1:0001: AR6K-MAINLINE CMD53 arg=0x941f9834 WR addr=0xfcc blocks=0 blksz=52 mode=BYTE incr=1
[  438.852396][ T2017] mmc mmc1:0001: AR6K-MAINLINE CMD53 arg=0x941f9834 WR addr=0xfcc blocks=0 blksz=52 mode=BYTE incr=1
[  438.862811][ T2017] mmc mmc1:0001: AR6K-MAINLINE CMD53 arg=0x941f9834 WR addr=0xfcc blocks=0 blksz=52 mode=BYTE incr=1
[  438.873621][ T2017] mmc mmc1:0001: AR6K-MAINLINE CMD53 arg=0x941f9834 WR addr=0xfcc blocks=0 blksz=52 mode=BYTE incr=1
[  438.884131][ T2017] mmc mmc1:0001: AR6K-MAINLINE CMD53 arg=0x941f9834 WR addr=0xfcc blocks=0 blksz=52 mode=BYTE incr=1
[  438.894949][ T2017] mmc mmc1:0001: AR6K-MAINLINE CMD53 arg=0x941f9834 WR addr=0xfcc blocks=0 blksz=52 mode=BYTE incr=1
[  438.905606][ T2017] mmc mmc1:0001: AR6K-MAINLINE CMD53 arg=0x941f9834 WR addr=0xfcc blocks=0 blksz=52 mode=BYTE incr=1
[  438.916304][ T2017] mmc mmc1:0001: AR6K-MAINLINE CMD53 arg=0x941f9834 WR addr=0xfcc blocks=0 blksz=52 mode=BYTE incr=1
[  438.926832][ T2017] mmc mmc1:0001: AR6K-MAINLINE CMD53 arg=0x941f9834 WR addr=0xfcc blocks=0 blksz=52 mode=BYTE incr=1
[  438.937701][ T2017] mmc mmc1:0001: AR6K-MAINLINE CMD53 arg=0x941f9834 WR addr=0xfcc blocks=0 blksz=52 mode=BYTE incr=1
[  438.948210][ T2017] mmc mmc1:0001: AR6K-MAINLINE CMD53 arg=0x941f9834 WR addr=0xfcc blocks=0 blksz=52 mode=BYTE incr=1
[  438.959094][ T2017] mmc mmc1:0001: AR6K-MAINLINE CMD53 arg=0x941f9834 WR addr=0xfcc blocks=0 blksz=52 mode=BYTE incr=1
[  438.969578][ T2017] mmc mmc1:0001: AR6K-MAINLINE CMD53 arg=0x941f9834 WR addr=0xfcc blocks=0 blksz=52 mode=BYTE incr=1
[  438.980380][ T2017] mmc mmc1:0001: AR6K-MAINLINE CMD53 arg=0x941f9834 WR addr=0xfcc blocks=0 blksz=52 mode=BYTE incr=1
[  438.990878][ T2017] mmc mmc1:0001: AR6K-MAINLINE CMD53 arg=0x941f9834 WR addr=0xfcc blocks=0 blksz=52 mode=BYTE incr=1
[  439.001827][ T2017] mmc mmc1:0001: AR6K-MAINLINE CMD53 arg=0x941f9834 WR addr=0xfcc blocks=0 blksz=52 mode=BYTE incr=1
[  439.012277][ T2017] mmc mmc1:0001: AR6K-MAINLINE CMD53 arg=0x941f9834 WR addr=0xfcc blocks=0 blksz=52 mode=BYTE incr=1
[  439.023086][ T2017] mmc mmc1:0001: AR6K-MAINLINE CMD53 arg=0x941f9834 WR addr=0xfcc blocks=0 blksz=52 mode=BYTE incr=1
[  439.033644][ T2017] mmc mmc1:0001: AR6K-MAINLINE CMD53 arg=0x941f9834 WR addr=0xfcc blocks=0 blksz=52 mode=BYTE incr=1
[  439.044472][ T2017] mmc mmc1:0001: AR6K-MAINLINE CMD53 arg=0x941f9834 WR addr=0xfcc blocks=0 blksz=52 mode=BYTE incr=1
[  439.055111][ T2017] mmc mmc1:0001: AR6K-MAINLINE CMD53 arg=0x941f9834 WR addr=0xfcc blocks=0 blksz=52 mode=BYTE incr=1
[  439.065763][ T2017] mmc mmc1:0001: AR6K-MAINLINE CMD53 arg=0x941f9834 WR addr=0xfcc blocks=0 blksz=52 mode=BYTE incr=1
[  439.076322][ T2017] mmc mmc1:0001: AR6K-MAINLINE CMD53 arg=0x941f9834 WR addr=0xfcc blocks=0 blksz=52 mode=BYTE incr=1
[  439.087182][ T2017] mmc mmc1:0001: AR6K-MAINLINE CMD53 arg=0x941f9834 WR addr=0xfcc blocks=0 blksz=52 mode=BYTE incr=1
[  439.097688][ T2017] mmc mmc1:0001: AR6K-MAINLINE CMD53 arg=0x941f9834 WR addr=0xfcc blocks=0 blksz=52 mode=BYTE incr=1
[  439.108631][ T2017] mmc mmc1:0001: AR6K-MAINLINE CMD53 arg=0x941f9834 WR addr=0xfcc blocks=0 blksz=52 mode=BYTE incr=1
[  439.119058][ T2017] mmc mmc1:0001: AR6K-MAINLINE CMD53 arg=0x941f9834 WR addr=0xfcc blocks=0 blksz=52 mode=BYTE incr=1
[  439.129844][ T2017] mmc mmc1:0001: AR6K-MAINLINE CMD53 arg=0x941f9834 WR addr=0xfcc blocks=0 blksz=52 mode=BYTE incr=1
[  439.140389][ T2017] mmc mmc1:0001: AR6K-MAINLINE CMD53 arg=0x941f9834 WR addr=0xfcc blocks=0 blksz=52 mode=BYTE incr=1
[  439.151283][ T2017] mmc mmc1:0001: AR6K-MAINLINE CMD53 arg=0x941f9834 WR addr=0xfcc blocks=0 blksz=52 mode=BYTE incr=1
[  439.161728][ T2017] mmc mmc1:0001: AR6K-MAINLINE CMD53 arg=0x941f9834 WR addr=0xfcc blocks=0 blksz=52 mode=BYTE incr=1
[  439.172588][ T2017] mmc mmc1:0001: AR6K-MAINLINE CMD53 arg=0x941f9834 WR addr=0xfcc blocks=0 blksz=52 mode=BYTE incr=1
[  439.183104][ T2017] mmc mmc1:0001: AR6K-MAINLINE CMD53 arg=0x941f9834 WR addr=0xfcc blocks=0 blksz=52 mode=BYTE incr=1
[  439.193969][ T2017] mmc mmc1:0001: AR6K-MAINLINE CMD53 arg=0x941f9834 WR addr=0xfcc blocks=0 blksz=52 mode=BYTE incr=1
[  439.204609][ T2017] mmc mmc1:0001: AR6K-MAINLINE CMD53 arg=0x941f9834 WR addr=0xfcc blocks=0 blksz=52 mode=BYTE incr=1
[  439.215277][ T2017] mmc mmc1:0001: AR6K-MAINLINE CMD53 arg=0x941f9834 WR addr=0xfcc blocks=0 blksz=52 mode=BYTE incr=1
[  439.225835][ T2017] mmc mmc1:0001: AR6K-MAINLINE CMD53 arg=0x941f9834 WR addr=0xfcc blocks=0 blksz=52 mode=BYTE incr=1
[  439.236684][ T2017] mmc mmc1:0001: AR6K-MAINLINE CMD53 arg=0x941f9834 WR addr=0xfcc blocks=0 blksz=52 mode=BYTE incr=1
[  439.247298][ T2017] mmc mmc1:0001: AR6K-MAINLINE CMD53 arg=0x941f9834 WR addr=0xfcc blocks=0 blksz=52 mode=BYTE incr=1
[  439.258049][ T2017] mmc mmc1:0001: AR6K-MAINLINE CMD53 arg=0x941f9834 WR addr=0xfcc blocks=0 blksz=52 mode=BYTE incr=1
[  439.268535][ T2017] mmc mmc1:0001: AR6K-MAINLINE CMD53 arg=0x941f9834 WR addr=0xfcc blocks=0 blksz=52 mode=BYTE incr=1
[  439.279447][ T2017] mmc mmc1:0001: AR6K-MAINLINE CMD53 arg=0x941f9834 WR addr=0xfcc blocks=0 blksz=52 mode=BYTE incr=1
[  439.289963][ T2017] mmc mmc1:0001: AR6K-MAINLINE CMD53 arg=0x941f9834 WR addr=0xfcc blocks=0 blksz=52 mode=BYTE incr=1
[  439.300708][ T2017] mmc mmc1:0001: AR6K-MAINLINE CMD53 arg=0x941f9834 WR addr=0xfcc blocks=0 blksz=52 mode=BYTE incr=1
[  439.311341][ T2017] mmc mmc1:0001: AR6K-MAINLINE CMD53 arg=0x941f9834 WR addr=0xfcc blocks=0 blksz=52 mode=BYTE incr=1
[  439.321939][ T2017] mmc mmc1:0001: AR6K-MAINLINE CMD53 arg=0x941f9834 WR addr=0xfcc blocks=0 blksz=52 mode=BYTE incr=1
[  439.332700][ T2017] mmc mmc1:0001: AR6K-MAINLINE CMD53 arg=0x941f9834 WR addr=0xfcc blocks=0 blksz=52 mode=BYTE incr=1
[  439.343301][ T2017] mmc mmc1:0001: AR6K-MAINLINE CMD53 arg=0x941f9834 WR addr=0xfcc blocks=0 blksz=52 mode=BYTE incr=1
[  439.354158][ T2017] mmc mmc1:0001: AR6K-MAINLINE CMD53 arg=0x941f9834 WR addr=0xfcc blocks=0 blksz=52 mode=BYTE incr=1
[  439.364654][ T2017] mmc mmc1:0001: AR6K-MAINLINE CMD53 arg=0x941f9834 WR addr=0xfcc blocks=0 blksz=52 mode=BYTE incr=1
[  439.375400][ T2017] mmc mmc1:0001: AR6K-MAINLINE CMD53 arg=0x941f9834 WR addr=0xfcc blocks=0 blksz=52 mode=BYTE incr=1
[  439.385989][ T2017] mmc mmc1:0001: AR6K-MAINLINE CMD53 arg=0x941f9834 WR addr=0xfcc blocks=0 blksz=52 mode=BYTE incr=1
[  439.396756][ T2017] mmc mmc1:0001: AR6K-MAINLINE CMD53 arg=0x941f9834 WR addr=0xfcc blocks=0 blksz=52 mode=BYTE incr=1
[  439.407454][ T2017] mmc mmc1:0001: AR6K-MAINLINE CMD53 arg=0x941f9834 WR addr=0xfcc blocks=0 blksz=52 mode=BYTE incr=1
[  439.418119][ T2017] mmc mmc1:0001: AR6K-MAINLINE CMD53 arg=0x941f9834 WR addr=0xfcc blocks=0 blksz=52 mode=BYTE incr=1
[  439.428721][ T2017] mmc mmc1:0001: AR6K-MAINLINE CMD53 arg=0x941f9834 WR addr=0xfcc blocks=0 blksz=52 mode=BYTE incr=1
[  439.439578][ T2017] mmc mmc1:0001: AR6K-MAINLINE CMD53 arg=0x941f9834 WR addr=0xfcc blocks=0 blksz=52 mode=BYTE incr=1
[  439.450124][ T2017] mmc mmc1:0001: AR6K-MAINLINE CMD53 arg=0x941f9834 WR addr=0xfcc blocks=0 blksz=52 mode=BYTE incr=1
[  439.460750][ T2017] mmc mmc1:0001: AR6K-MAINLINE CMD53 arg=0x941f9834 WR addr=0xfcc blocks=0 blksz=52 mode=BYTE incr=1
[  439.471510][ T2017] mmc mmc1:0001: AR6K-MAINLINE CMD53 arg=0x941f9834 WR addr=0xfcc blocks=0 blksz=52 mode=BYTE incr=1
[  439.482202][ T2017] mmc mmc1:0001: AR6K-MAINLINE CMD53 arg=0x941f9834 WR addr=0xfcc blocks=0 blksz=52 mode=BYTE incr=1
[  439.492739][ T2017] mmc mmc1:0001: AR6K-MAINLINE CMD53 arg=0x941f9834 WR addr=0xfcc blocks=0 blksz=52 mode=BYTE incr=1
[  439.503675][ T2017] mmc mmc1:0001: AR6K-MAINLINE CMD53 arg=0x941f9834 WR addr=0xfcc blocks=0 blksz=52 mode=BYTE incr=1
[  439.514104][ T2017] mmc mmc1:0001: AR6K-MAINLINE CMD53 arg=0x941f9834 WR addr=0xfcc blocks=0 blksz=52 mode=BYTE incr=1
[  439.524895][ T2017] mmc mmc1:0001: AR6K-MAINLINE CMD53 arg=0x941f9834 WR addr=0xfcc blocks=0 blksz=52 mode=BYTE incr=1
[  439.535503][ T2017] mmc mmc1:0001: AR6K-MAINLINE CMD53 arg=0x941f9834 WR addr=0xfcc blocks=0 blksz=52 mode=BYTE incr=1
[  439.546249][ T2017] mmc mmc1:0001: AR6K-MAINLINE CMD53 arg=0x941f9834 WR addr=0xfcc blocks=0 blksz=52 mode=BYTE incr=1
[  439.556861][ T2017] mmc mmc1:0001: AR6K-MAINLINE CMD53 arg=0x941f9834 WR addr=0xfcc blocks=0 blksz=52 mode=BYTE incr=1
[  439.567645][ T2017] mmc mmc1:0001: AR6K-MAINLINE CMD53 arg=0x941f9834 WR addr=0xfcc blocks=0 blksz=52 mode=BYTE incr=1
[  439.578154][ T2017] mmc mmc1:0001: AR6K-MAINLINE CMD53 arg=0x941f9834 WR addr=0xfcc blocks=0 blksz=52 mode=BYTE incr=1
[  439.588996][ T2017] mmc mmc1:0001: AR6K-MAINLINE CMD53 arg=0x941f9834 WR addr=0xfcc blocks=0 blksz=52 mode=BYTE incr=1
[  439.599628][ T2017] mmc mmc1:0001: AR6K-MAINLINE CMD53 arg=0x941f9834 WR addr=0xfcc blocks=0 blksz=52 mode=BYTE incr=1
[  439.610282][ T2017] mmc mmc1:0001: AR6K-MAINLINE CMD53 arg=0x941f9834 WR addr=0xfcc blocks=0 blksz=52 mode=BYTE incr=1
[  439.620863][ T2017] mmc mmc1:0001: AR6K-MAINLINE CMD53 arg=0x941f9834 WR addr=0xfcc blocks=0 blksz=52 mode=BYTE incr=1
[  439.631647][ T2017] mmc mmc1:0001: AR6K-MAINLINE CMD53 arg=0x941f9834 WR addr=0xfcc blocks=0 blksz=52 mode=BYTE incr=1
[  439.642222][ T2017] mmc mmc1:0001: AR6K-MAINLINE CMD53 arg=0x941f9834 WR addr=0xfcc blocks=0 blksz=52 mode=BYTE incr=1
[  439.653161][ T2017] mmc mmc1:0001: AR6K-MAINLINE CMD53 arg=0x941f9834 WR addr=0xfcc blocks=0 blksz=52 mode=BYTE incr=1
[  439.663581][ T2017] mmc mmc1:0001: AR6K-MAINLINE CMD53 arg=0x941f9834 WR addr=0xfcc blocks=0 blksz=52 mode=BYTE incr=1
[  439.674396][ T2017] mmc mmc1:0001: AR6K-MAINLINE CMD53 arg=0x941f9834 WR addr=0xfcc blocks=0 blksz=52 mode=BYTE incr=1
[  439.684942][ T2017] mmc mmc1:0001: AR6K-MAINLINE CMD53 arg=0x941f9834 WR addr=0xfcc blocks=0 blksz=52 mode=BYTE incr=1
[  439.695755][ T2017] mmc mmc1:0001: AR6K-MAINLINE CMD53 arg=0x941f9834 WR addr=0xfcc blocks=0 blksz=52 mode=BYTE incr=1
[  439.706378][ T2017] mmc mmc1:0001: AR6K-MAINLINE CMD53 arg=0x941f9834 WR addr=0xfcc blocks=0 blksz=52 mode=BYTE incr=1
[  439.718037][ T2017] mmc mmc1:0001: AR6K-MAINLINE CMD53 arg=0x941f9834 WR addr=0xfcc blocks=0 blksz=52 mode=BYTE incr=1
[  439.739882][ T2017] mmc mmc1:0001: AR6K-MAINLINE CMD53 arg=0x941f9834 WR addr=0xfcc blocks=0 blksz=52 mode=BYTE incr=1
[  439.740525][ T2017] mmc mmc1:0001: AR6K-MAINLINE CMD53 arg=0x941f9834 WR addr=0xfcc blocks=0 blksz=52 mode=BYTE incr=1
[  439.759030][ T2017] mmc mmc1:0001: AR6K-MAINLINE CMD53 arg=0x941f9834 WR addr=0xfcc blocks=0 blksz=52 mode=BYTE incr=1
[  439.766696][ T2017] mmc mmc1:0001: AR6K-MAINLINE CMD53 arg=0x941f9834 WR addr=0xfcc blocks=0 blksz=52 mode=BYTE incr=1
[  439.774636][ T2017] mmc mmc1:0001: AR6K-MAINLINE CMD53 arg=0x941f9834 WR addr=0xfcc blocks=0 blksz=52 mode=BYTE incr=1
[  439.782099][ T2017] mmc mmc1:0001: AR6K-MAINLINE CMD53 arg=0x941f9834 WR addr=0xfcc blocks=0 blksz=52 mode=BYTE incr=1
[  439.792889][ T2017] mmc mmc1:0001: AR6K-MAINLINE CMD53 arg=0x941f9834 WR addr=0xfcc blocks=0 blksz=52 mode=BYTE incr=1
[  439.803574][ T2017] mmc mmc1:0001: AR6K-MAINLINE CMD53 arg=0x941f9834 WR addr=0xfcc blocks=0 blksz=52 mode=BYTE incr=1
[  439.814079][ T2017] mmc mmc1:0001: AR6K-MAINLINE CMD53 arg=0x941f9834 WR addr=0xfcc blocks=0 blksz=52 mode=BYTE incr=1
[  439.824771][ T2017] mmc mmc1:0001: AR6K-MAINLINE CMD53 arg=0x941f9834 WR addr=0xfcc blocks=0 blksz=52 mode=BYTE incr=1
[  439.835525][ T2017] mmc mmc1:0001: AR6K-MAINLINE CMD53 arg=0x941f9834 WR addr=0xfcc blocks=0 blksz=52 mode=BYTE incr=1
[  439.846152][ T2017] mmc mmc1:0001: AR6K-MAINLINE CMD53 arg=0x941f9834 WR addr=0xfcc blocks=0 blksz=52 mode=BYTE incr=1
[  439.856794][ T2017] mmc mmc1:0001: AR6K-MAINLINE CMD53 arg=0x941f9834 WR addr=0xfcc blocks=0 blksz=52 mode=BYTE incr=1
[  439.867515][ T2017] mmc mmc1:0001: AR6K-MAINLINE CMD53 arg=0x941f9834 WR addr=0xfcc blocks=0 blksz=52 mode=BYTE incr=1
[  439.878048][ T2017] mmc mmc1:0001: AR6K-MAINLINE CMD53 arg=0x941f9834 WR addr=0xfcc blocks=0 blksz=52 mode=BYTE incr=1
[  439.888840][ T2017] mmc mmc1:0001: AR6K-MAINLINE CMD53 arg=0x941f9834 WR addr=0xfcc blocks=0 blksz=52 mode=BYTE incr=1
[  439.899554][ T2017] mmc mmc1:0001: AR6K-MAINLINE CMD53 arg=0x941f9834 WR addr=0xfcc blocks=0 blksz=52 mode=BYTE incr=1
[  439.910165][ T2017] mmc mmc1:0001: AR6K-MAINLINE CMD53 arg=0x941f9834 WR addr=0xfcc blocks=0 blksz=52 mode=BYTE incr=1
[  439.920742][ T2017] mmc mmc1:0001: AR6K-MAINLINE CMD53 arg=0x941f9834 WR addr=0xfcc blocks=0 blksz=52 mode=BYTE incr=1
[  439.931508][ T2017] mmc mmc1:0001: AR6K-MAINLINE CMD53 arg=0x941f9834 WR addr=0xfcc blocks=0 blksz=52 mode=BYTE incr=1
[  439.942114][ T2017] mmc mmc1:0001: AR6K-MAINLINE CMD53 arg=0x941f9834 WR addr=0xfcc blocks=0 blksz=52 mode=BYTE incr=1
[  439.952974][ T2017] mmc mmc1:0001: AR6K-MAINLINE CMD53 arg=0x941f9834 WR addr=0xfcc blocks=0 blksz=52 mode=BYTE incr=1
[  439.963464][ T2017] mmc mmc1:0001: AR6K-MAINLINE CMD53 arg=0x941f9834 WR addr=0xfcc blocks=0 blksz=52 mode=BYTE incr=1
[  439.974222][ T2017] mmc mmc1:0001: AR6K-MAINLINE CMD53 arg=0x941f9834 WR addr=0xfcc blocks=0 blksz=52 mode=BYTE incr=1
[  439.984794][ T2017] mmc mmc1:0001: AR6K-MAINLINE CMD53 arg=0x941f9834 WR addr=0xfcc blocks=0 blksz=52 mode=BYTE incr=1
[  439.995543][ T2017] mmc mmc1:0001: AR6K-MAINLINE CMD53 arg=0x941f9834 WR addr=0xfcc blocks=0 blksz=52 mode=BYTE incr=1
[  440.006272][ T2017] mmc mmc1:0001: AR6K-MAINLINE CMD53 arg=0x941f9834 WR addr=0xfcc blocks=0 blksz=52 mode=BYTE incr=1
[  440.016916][ T2017] mmc mmc1:0001: AR6K-MAINLINE CMD53 arg=0x941f9834 WR addr=0xfcc blocks=0 blksz=52 mode=BYTE incr=1
[  440.027538][ T2017] mmc mmc1:0001: AR6K-MAINLINE CMD53 arg=0x941f9834 WR addr=0xfcc blocks=0 blksz=52 mode=BYTE incr=1
[  440.038301][ T2017] mmc mmc1:0001: AR6K-MAINLINE CMD53 arg=0x941f9834 WR addr=0xfcc blocks=0 blksz=52 mode=BYTE incr=1
[  440.048865][ T2017] mmc mmc1:0001: AR6K-MAINLINE CMD53 arg=0x941f9834 WR addr=0xfcc blocks=0 blksz=52 mode=BYTE incr=1
[  440.059793][ T2017] mmc mmc1:0001: AR6K-MAINLINE CMD53 arg=0x941f9834 WR addr=0xfcc blocks=0 blksz=52 mode=BYTE incr=1
[  440.070242][ T2017] mmc mmc1:0001: AR6K-MAINLINE CMD53 arg=0x941f9834 WR addr=0xfcc blocks=0 blksz=52 mode=BYTE incr=1
[  440.080999][ T2017] mmc mmc1:0001: AR6K-MAINLINE CMD53 arg=0x941f9834 WR addr=0xfcc blocks=0 blksz=52 mode=BYTE incr=1
[  440.091559][ T2017] mmc mmc1:0001: AR6K-MAINLINE CMD53 arg=0x941f9834 WR addr=0xfcc blocks=0 blksz=52 mode=BYTE incr=1
[  440.102351][ T2017] mmc mmc1:0001: AR6K-MAINLINE CMD53 arg=0x941f9834 WR addr=0xfcc blocks=0 blksz=52 mode=BYTE incr=1
[  440.113020][ T2017] mmc mmc1:0001: AR6K-MAINLINE CMD53 arg=0x941f9834 WR addr=0xfcc blocks=0 blksz=52 mode=BYTE incr=1
[  440.123679][ T2017] mmc mmc1:0001: AR6K-MAINLINE CMD53 arg=0x941f9834 WR addr=0xfcc blocks=0 blksz=52 mode=BYTE incr=1
[  440.134295][ T2017] mmc mmc1:0001: AR6K-MAINLINE CMD53 arg=0x941f9834 WR addr=0xfcc blocks=0 blksz=52 mode=BYTE incr=1
[  440.145060][ T2017] mmc mmc1:0001: AR6K-MAINLINE CMD53 arg=0x941f9834 WR addr=0xfcc blocks=0 blksz=52 mode=BYTE incr=1
[  440.155618][ T2017] mmc mmc1:0001: AR6K-MAINLINE CMD53 arg=0x941f9834 WR addr=0xfcc blocks=0 blksz=52 mode=BYTE incr=1
[  440.166522][ T2017] mmc mmc1:0001: AR6K-MAINLINE CMD53 arg=0x941f9834 WR addr=0xfcc blocks=0 blksz=52 mode=BYTE incr=1
[  440.177021][ T2017] mmc mmc1:0001: AR6K-MAINLINE CMD53 arg=0x941f9834 WR addr=0xfcc blocks=0 blksz=52 mode=BYTE incr=1
[  440.187774][ T2017] mmc mmc1:0001: AR6K-MAINLINE CMD53 arg=0x941f9834 WR addr=0xfcc blocks=0 blksz=52 mode=BYTE incr=1
[  440.198369][ T2017] mmc mmc1:0001: AR6K-MAINLINE CMD53 arg=0x941f9834 WR addr=0xfcc blocks=0 blksz=52 mode=BYTE incr=1
[  440.209140][ T2017] mmc mmc1:0001: AR6K-MAINLINE CMD53 arg=0x941f9834 WR addr=0xfcc blocks=0 blksz=52 mode=BYTE incr=1
[  440.219838][ T2017] mmc mmc1:0001: AR6K-MAINLINE CMD53 arg=0x941f9834 WR addr=0xfcc blocks=0 blksz=52 mode=BYTE incr=1
[  440.230473][ T2017] mmc mmc1:0001: AR6K-MAINLINE CMD53 arg=0x941f9834 WR addr=0xfcc blocks=0 blksz=52 mode=BYTE incr=1
[  440.241007][ T2017] mmc mmc1:0001: AR6K-MAINLINE CMD53 arg=0x941f9834 WR addr=0xfcc blocks=0 blksz=52 mode=BYTE incr=1
[  440.251806][ T2017] mmc mmc1:0001: AR6K-MAINLINE CMD53 arg=0x941f9834 WR addr=0xfcc blocks=0 blksz=52 mode=BYTE incr=1
[  440.262379][ T2017] mmc mmc1:0001: AR6K-MAINLINE CMD53 arg=0x941f9834 WR addr=0xfcc blocks=0 blksz=52 mode=BYTE incr=1
[  440.273348][ T2017] mmc mmc1:0001: AR6K-MAINLINE CMD53 arg=0x941f9834 WR addr=0xfcc blocks=0 blksz=52 mode=BYTE incr=1
[  440.283799][ T2017] mmc mmc1:0001: AR6K-MAINLINE CMD53 arg=0x941f9834 WR addr=0xfcc blocks=0 blksz=52 mode=BYTE incr=1
[  440.294525][ T2017] mmc mmc1:0001: AR6K-MAINLINE CMD53 arg=0x941f9834 WR addr=0xfcc blocks=0 blksz=52 mode=BYTE incr=1
[  440.305129][ T2017] mmc mmc1:0001: AR6K-MAINLINE CMD53 arg=0x941f9834 WR addr=0xfcc blocks=0 blksz=52 mode=BYTE incr=1
[  440.315876][ T2017] mmc mmc1:0001: AR6K-MAINLINE CMD53 arg=0x941f9834 WR addr=0xfcc blocks=0 blksz=52 mode=BYTE incr=1
[  440.326596][ T2017] mmc mmc1:0001: AR6K-MAINLINE CMD53 arg=0x941f9834 WR addr=0xfcc blocks=0 blksz=52 mode=BYTE incr=1
[  440.337250][ T2017] mmc mmc1:0001: AR6K-MAINLINE CMD53 arg=0x941f9834 WR addr=0xfcc blocks=0 blksz=52 mode=BYTE incr=1
[  440.347847][ T2017] mmc mmc1:0001: AR6K-MAINLINE CMD53 arg=0x941f9834 WR addr=0xfcc blocks=0 blksz=52 mode=BYTE incr=1
[  440.358602][ T2017] mmc mmc1:0001: AR6K-MAINLINE CMD53 arg=0x941f9834 WR addr=0xfcc blocks=0 blksz=52 mode=BYTE incr=1
[  440.369186][ T2017] mmc mmc1:0001: AR6K-MAINLINE CMD53 arg=0x941f9834 WR addr=0xfcc blocks=0 blksz=52 mode=BYTE incr=1
[  440.380061][ T2017] mmc mmc1:0001: AR6K-MAINLINE CMD53 arg=0x941f9834 WR addr=0xfcc blocks=0 blksz=52 mode=BYTE incr=1
[  440.390550][ T2017] mmc mmc1:0001: AR6K-MAINLINE CMD53 arg=0x941f9834 WR addr=0xfcc blocks=0 blksz=52 mode=BYTE incr=1
[  440.401309][ T2017] mmc mmc1:0001: AR6K-MAINLINE CMD53 arg=0x941f9834 WR addr=0xfcc blocks=0 blksz=52 mode=BYTE incr=1
[  440.411896][ T2017] mmc mmc1:0001: AR6K-MAINLINE CMD53 arg=0x941f9834 WR addr=0xfcc blocks=0 blksz=52 mode=BYTE incr=1
[  440.422663][ T2017] mmc mmc1:0001: AR6K-MAINLINE CMD53 arg=0x941f9834 WR addr=0xfcc blocks=0 blksz=52 mode=BYTE incr=1
[  440.433373][ T2017] mmc mmc1:0001: AR6K-MAINLINE CMD53 arg=0x941f9834 WR addr=0xfcc blocks=0 blksz=52 mode=BYTE incr=1
[  440.444033][ T2017] mmc mmc1:0001: AR6K-MAINLINE CMD53 arg=0x941f9834 WR addr=0xfcc blocks=0 blksz=52 mode=BYTE incr=1
[  440.454611][ T2017] mmc mmc1:0001: AR6K-MAINLINE CMD53 arg=0x941f9834 WR addr=0xfcc blocks=0 blksz=52 mode=BYTE incr=1
[  440.465381][ T2017] mmc mmc1:0001: AR6K-MAINLINE CMD53 arg=0x941f9834 WR addr=0xfcc blocks=0 blksz=52 mode=BYTE incr=1
[  440.475930][ T2017] mmc mmc1:0001: AR6K-MAINLINE CMD53 arg=0x941f9834 WR addr=0xfcc blocks=0 blksz=52 mode=BYTE incr=1
[  440.486801][ T2017] mmc mmc1:0001: AR6K-MAINLINE CMD53 arg=0x941f9834 WR addr=0xfcc blocks=0 blksz=52 mode=BYTE incr=1
[  440.497270][ T2017] mmc mmc1:0001: AR6K-MAINLINE CMD53 arg=0x941f9834 WR addr=0xfcc blocks=0 blksz=52 mode=BYTE incr=1
[  440.508060][ T2017] mmc mmc1:0001: AR6K-MAINLINE CMD53 arg=0x941f9834 WR addr=0xfcc blocks=0 blksz=52 mode=BYTE incr=1
[  440.518681][ T2017] mmc mmc1:0001: AR6K-MAINLINE CMD53 arg=0x941f9834 WR addr=0xfcc blocks=0 blksz=52 mode=BYTE incr=1
[  440.529619][ T2017] mmc mmc1:0001: AR6K-MAINLINE CMD53 arg=0x941f9834 WR addr=0xfcc blocks=0 blksz=52 mode=BYTE incr=1
[  440.540057][ T2017] mmc mmc1:0001: AR6K-MAINLINE CMD53 arg=0x941f9834 WR addr=0xfcc blocks=0 blksz=52 mode=BYTE incr=1
[  440.550687][ T2017] mmc mmc1:0001: AR6K-MAINLINE CMD53 arg=0x941f9834 WR addr=0xfcc blocks=0 blksz=52 mode=BYTE incr=1
[  440.561456][ T2017] mmc mmc1:0001: AR6K-MAINLINE CMD53 arg=0x941f9834 WR addr=0xfcc blocks=0 blksz=52 mode=BYTE incr=1
[  440.572833][ T2017] mmc mmc1:0001: AR6K-MAINLINE CMD53 arg=0x941f9834 WR addr=0xfcc blocks=0 blksz=52 mode=BYTE incr=1
[  440.583044][ T2017] mmc mmc1:0001: AR6K-MAINLINE CMD53 arg=0x941f9834 WR addr=0xfcc blocks=0 blksz=52 mode=BYTE incr=1
[  440.597066][ T2017] mmc mmc1:0001: AR6K-MAINLINE CMD53 arg=0x941f9834 WR addr=0xfcc blocks=0 blksz=52 mode=BYTE incr=1
[  440.604214][ T2017] mmc mmc1:0001: AR6K-MAINLINE CMD53 arg=0x941f9834 WR addr=0xfcc blocks=0 blksz=52 mode=BYTE incr=1
[  440.614956][ T2017] mmc mmc1:0001: AR6K-MAINLINE CMD53 arg=0x941f9834 WR addr=0xfcc blocks=0 blksz=52 mode=BYTE incr=1
[  440.625695][ T2017] mmc mmc1:0001: AR6K-MAINLINE CMD53 arg=0x941f9834 WR addr=0xfcc blocks=0 blksz=52 mode=BYTE incr=1
[  440.644354][ T2017] mmc mmc1:0001: AR6K-MAINLINE CMD53 arg=0x941f9834 WR addr=0xfcc blocks=0 blksz=52 mode=BYTE incr=1
[  440.646780][ T2017] mmc mmc1:0001: AR6K-MAINLINE CMD53 arg=0x941f9834 WR addr=0xfcc blocks=0 blksz=52 mode=BYTE incr=1
[  440.657578][ T2017] mmc mmc1:0001: AR6K-MAINLINE CMD53 arg=0x941f9834 WR addr=0xfcc blocks=0 blksz=52 mode=BYTE incr=1
[  440.668423][ T2017] mmc mmc1:0001: AR6K-MAINLINE CMD53 arg=0x941f9834 WR addr=0xfcc blocks=0 blksz=52 mode=BYTE incr=1
[  440.678834][ T2017] mmc mmc1:0001: AR6K-MAINLINE CMD53 arg=0x941f9834 WR addr=0xfcc blocks=0 blksz=52 mode=BYTE incr=1
[  440.689870][ T2017] mmc mmc1:0001: AR6K-MAINLINE CMD53 arg=0x941f9834 WR addr=0xfcc blocks=0 blksz=52 mode=BYTE incr=1
[  440.700157][ T2017] mmc mmc1:0001: AR6K-MAINLINE CMD53 arg=0x941f9834 WR addr=0xfcc blocks=0 blksz=52 mode=BYTE incr=1
[  440.710982][ T2017] mmc mmc1:0001: AR6K-MAINLINE CMD53 arg=0x941f9834 WR addr=0xfcc blocks=0 blksz=52 mode=BYTE incr=1
[  440.721487][ T2017] mmc mmc1:0001: AR6K-MAINLINE CMD53 arg=0x941f9834 WR addr=0xfcc blocks=0 blksz=52 mode=BYTE incr=1
[  440.732426][ T2017] mmc mmc1:0001: AR6K-MAINLINE CMD53 arg=0x941f9834 WR addr=0xfcc blocks=0 blksz=52 mode=BYTE incr=1
[  440.742879][ T2017] mmc mmc1:0001: AR6K-MAINLINE CMD53 arg=0x941f9834 WR addr=0xfcc blocks=0 blksz=52 mode=BYTE incr=1
[  440.753704][ T2017] mmc mmc1:0001: AR6K-MAINLINE CMD53 arg=0x941f9834 WR addr=0xfcc blocks=0 blksz=52 mode=BYTE incr=1
[  440.764283][ T2017] mmc mmc1:0001: AR6K-MAINLINE CMD53 arg=0x941f9834 WR addr=0xfcc blocks=0 blksz=52 mode=BYTE incr=1
[  440.775029][ T2017] mmc mmc1:0001: AR6K-MAINLINE CMD53 arg=0x941f9834 WR addr=0xfcc blocks=0 blksz=52 mode=BYTE incr=1
[  440.785756][ T2017] mmc mmc1:0001: AR6K-MAINLINE CMD53 arg=0x941f9834 WR addr=0xfcc blocks=0 blksz=52 mode=BYTE incr=1
[  440.796374][ T2017] mmc mmc1:0001: AR6K-MAINLINE CMD53 arg=0x941f9834 WR addr=0xfcc blocks=0 blksz=52 mode=BYTE incr=1
[  440.806894][ T2017] mmc mmc1:0001: AR6K-MAINLINE CMD53 arg=0x941f9834 WR addr=0xfcc blocks=0 blksz=52 mode=BYTE incr=1
[  440.817765][ T2017] mmc mmc1:0001: AR6K-MAINLINE CMD53 arg=0x941f9834 WR addr=0xfcc blocks=0 blksz=52 mode=BYTE incr=1
[  440.828272][ T2017] mmc mmc1:0001: AR6K-MAINLINE CMD53 arg=0x941f9834 WR addr=0xfcc blocks=0 blksz=52 mode=BYTE incr=1
[  440.839196][ T2017] mmc mmc1:0001: AR6K-MAINLINE CMD53 arg=0x941f9834 WR addr=0xfcc blocks=0 blksz=52 mode=BYTE incr=1
[  440.849661][ T2017] mmc mmc1:0001: AR6K-MAINLINE CMD53 arg=0x941f9834 WR addr=0xfcc blocks=0 blksz=52 mode=BYTE incr=1
[  440.860427][ T2017] mmc mmc1:0001: AR6K-MAINLINE CMD53 arg=0x941f9834 WR addr=0xfcc blocks=0 blksz=52 mode=BYTE incr=1
[  440.871003][ T2017] mmc mmc1:0001: AR6K-MAINLINE CMD53 arg=0x941f9834 WR addr=0xfcc blocks=0 blksz=52 mode=BYTE incr=1
[  440.881891][ T2017] mmc mmc1:0001: AR6K-MAINLINE CMD53 arg=0x941f9834 WR addr=0xfcc blocks=0 blksz=52 mode=BYTE incr=1
[  440.892368][ T2017] mmc mmc1:0001: AR6K-MAINLINE CMD53 arg=0x941f9834 WR addr=0xfcc blocks=0 blksz=52 mode=BYTE incr=1
[  440.903165][ T2017] mmc mmc1:0001: AR6K-MAINLINE CMD53 arg=0x941f9834 WR addr=0xfcc blocks=0 blksz=52 mode=BYTE incr=1
[  440.913692][ T2017] mmc mmc1:0001: AR6K-MAINLINE CMD53 arg=0x941f9834 WR addr=0xfcc blocks=0 blksz=52 mode=BYTE incr=1
[  440.924505][ T2017] mmc mmc1:0001: AR6K-MAINLINE CMD53 arg=0x941f9834 WR addr=0xfcc blocks=0 blksz=52 mode=BYTE incr=1
[  440.935170][ T2017] mmc mmc1:0001: AR6K-MAINLINE CMD53 arg=0x941f9834 WR addr=0xfcc blocks=0 blksz=52 mode=BYTE incr=1
[  440.945892][ T2017] mmc mmc1:0001: AR6K-MAINLINE CMD53 arg=0x941f9834 WR addr=0xfcc blocks=0 blksz=52 mode=BYTE incr=1
[  440.956387][ T2017] mmc mmc1:0001: AR6K-MAINLINE CMD53 arg=0x941f9834 WR addr=0xfcc blocks=0 blksz=52 mode=BYTE incr=1
[  440.967204][ T2017] mmc mmc1:0001: AR6K-MAINLINE CMD53 arg=0x941f9834 WR addr=0xfcc blocks=0 blksz=52 mode=BYTE incr=1
[  440.977750][ T2017] mmc mmc1:0001: AR6K-MAINLINE CMD53 arg=0x941f9834 WR addr=0xfcc blocks=0 blksz=52 mode=BYTE incr=1
[  440.988709][ T2017] mmc mmc1:0001: AR6K-MAINLINE CMD53 arg=0x941f9834 WR addr=0xfcc blocks=0 blksz=52 mode=BYTE incr=1
[  440.999117][ T2017] mmc mmc1:0001: AR6K-MAINLINE CMD53 arg=0x941f9834 WR addr=0xfcc blocks=0 blksz=52 mode=BYTE incr=1
[  441.009909][ T2017] mmc mmc1:0001: AR6K-MAINLINE CMD53 arg=0x941f9834 WR addr=0xfcc blocks=0 blksz=52 mode=BYTE incr=1
[  441.020442][ T2017] mmc mmc1:0001: AR6K-MAINLINE CMD53 arg=0x941f9834 WR addr=0xfcc blocks=0 blksz=52 mode=BYTE incr=1
[  441.031329][ T2017] mmc mmc1:0001: AR6K-MAINLINE CMD53 arg=0x941f9834 WR addr=0xfcc blocks=0 blksz=52 mode=BYTE incr=1
[  441.041887][ T2017] mmc mmc1:0001: AR6K-MAINLINE CMD53 arg=0x941f9834 WR addr=0xfcc blocks=0 blksz=52 mode=BYTE incr=1
[  441.052655][ T2017] mmc mmc1:0001: AR6K-MAINLINE CMD53 arg=0x941f9834 WR addr=0xfcc blocks=0 blksz=52 mode=BYTE incr=1
[  441.063166][ T2017] mmc mmc1:0001: AR6K-MAINLINE CMD53 arg=0x941f9834 WR addr=0xfcc blocks=0 blksz=52 mode=BYTE incr=1
[  441.074010][ T2017] mmc mmc1:0001: AR6K-MAINLINE CMD53 arg=0x941f9834 WR addr=0xfcc blocks=0 blksz=52 mode=BYTE incr=1
[  441.084665][ T2017] mmc mmc1:0001: AR6K-MAINLINE CMD53 arg=0x941f9834 WR addr=0xfcc blocks=0 blksz=52 mode=BYTE incr=1
[  441.095313][ T2017] mmc mmc1:0001: AR6K-MAINLINE CMD53 arg=0x941f9834 WR addr=0xfcc blocks=0 blksz=52 mode=BYTE incr=1
[  441.105904][ T2017] mmc mmc1:0001: AR6K-MAINLINE CMD53 arg=0x941f9834 WR addr=0xfcc blocks=0 blksz=52 mode=BYTE incr=1
[  441.116671][ T2017] mmc mmc1:0001: AR6K-MAINLINE CMD53 arg=0x941f9834 WR addr=0xfcc blocks=0 blksz=52 mode=BYTE incr=1
[  441.127221][ T2017] mmc mmc1:0001: AR6K-MAINLINE CMD53 arg=0x941f9834 WR addr=0xfcc blocks=0 blksz=52 mode=BYTE incr=1
[  441.138149][ T2017] mmc mmc1:0001: AR6K-MAINLINE CMD53 arg=0x941f9834 WR addr=0xfcc blocks=0 blksz=52 mode=BYTE incr=1
[  441.148593][ T2017] mmc mmc1:0001: AR6K-MAINLINE CMD53 arg=0x941f9834 WR addr=0xfcc blocks=0 blksz=52 mode=BYTE incr=1
[  441.159517][ T2017] mmc mmc1:0001: AR6K-MAINLINE CMD53 arg=0x941f9834 WR addr=0xfcc blocks=0 blksz=52 mode=BYTE incr=1
[  441.170043][ T2017] mmc mmc1:0001: AR6K-MAINLINE CMD53 arg=0x941f9834 WR addr=0xfcc blocks=0 blksz=52 mode=BYTE incr=1
[  441.180756][ T2017] mmc mmc1:0001: AR6K-MAINLINE CMD53 arg=0x941f9834 WR addr=0xfcc blocks=0 blksz=52 mode=BYTE incr=1
[  441.191400][ T2017] mmc mmc1:0001: AR6K-MAINLINE CMD53 arg=0x941f9834 WR addr=0xfcc blocks=0 blksz=52 mode=BYTE incr=1
[  441.201988][ T2017] mmc mmc1:0001: AR6K-MAINLINE CMD53 arg=0x941f9834 WR addr=0xfcc blocks=0 blksz=52 mode=BYTE incr=1
[  441.212804][ T2017] mmc mmc1:0001: AR6K-MAINLINE CMD53 arg=0x941f9834 WR addr=0xfcc blocks=0 blksz=52 mode=BYTE incr=1
[  441.223328][ T2017] mmc mmc1:0001: AR6K-MAINLINE CMD53 arg=0x941f9834 WR addr=0xfcc blocks=0 blksz=52 mode=BYTE incr=1
[  441.234273][ T2017] mmc mmc1:0001: AR6K-MAINLINE CMD53 arg=0x941f9834 WR addr=0xfcc blocks=0 blksz=52 mode=BYTE incr=1
[  441.244786][ T2017] mmc mmc1:0001: AR6K-MAINLINE CMD53 arg=0x941f9834 WR addr=0xfcc blocks=0 blksz=52 mode=BYTE incr=1
[  441.255527][ T2017] mmc mmc1:0001: AR6K-MAINLINE CMD53 arg=0x941f9834 WR addr=0xfcc blocks=0 blksz=52 mode=BYTE incr=1
[  441.266048][ T2017] mmc mmc1:0001: AR6K-MAINLINE CMD53 arg=0x941f9834 WR addr=0xfcc blocks=0 blksz=52 mode=BYTE incr=1
[  441.276829][ T2017] mmc mmc1:0001: AR6K-MAINLINE CMD53 arg=0x941f9834 WR addr=0xfcc blocks=0 blksz=52 mode=BYTE incr=1
[  441.287541][ T2017] mmc mmc1:0001: AR6K-MAINLINE CMD53 arg=0x941f9834 WR addr=0xfcc blocks=0 blksz=52 mode=BYTE incr=1
[  441.298198][ T2017] mmc mmc1:0001: AR6K-MAINLINE CMD53 arg=0x941f9834 WR addr=0xfcc blocks=0 blksz=52 mode=BYTE incr=1
[  441.308742][ T2017] mmc mmc1:0001: AR6K-MAINLINE CMD53 arg=0x941f9834 WR addr=0xfcc blocks=0 blksz=52 mode=BYTE incr=1
[  441.319666][ T2017] mmc mmc1:0001: AR6K-MAINLINE CMD53 arg=0x941f9834 WR addr=0xfcc blocks=0 blksz=52 mode=BYTE incr=1
[  441.330219][ T2017] mmc mmc1:0001: AR6K-MAINLINE CMD53 arg=0x941f9834 WR addr=0xfcc blocks=0 blksz=52 mode=BYTE incr=1
[  441.340786][ T2017] mmc mmc1:0001: AR6K-MAINLINE CMD53 arg=0x941f9834 WR addr=0xfcc blocks=0 blksz=52 mode=BYTE incr=1
[  441.351577][ T2017] mmc mmc1:0001: AR6K-MAINLINE CMD53 arg=0x941f9834 WR addr=0xfcc blocks=0 blksz=52 mode=BYTE incr=1
[  441.362165][ T2017] mmc mmc1:0001: AR6K-MAINLINE CMD53 arg=0x941f9834 WR addr=0xfcc blocks=0 blksz=52 mode=BYTE incr=1
[  441.372935][ T2017] mmc mmc1:0001: AR6K-MAINLINE CMD53 arg=0x941f9834 WR addr=0xfcc blocks=0 blksz=52 mode=BYTE incr=1
[  441.383606][ T2017] mmc mmc1:0001: AR6K-MAINLINE CMD53 arg=0x941f9834 WR addr=0xfcc blocks=0 blksz=52 mode=BYTE incr=1
[  441.394323][ T2017] mmc mmc1:0001: AR6K-MAINLINE CMD53 arg=0x941f9834 WR addr=0xfcc blocks=0 blksz=52 mode=BYTE incr=1
[  441.404841][ T2017] mmc mmc1:0001: AR6K-MAINLINE CMD53 arg=0x941f9834 WR addr=0xfcc blocks=0 blksz=52 mode=BYTE incr=1
[  441.415672][ T2017] mmc mmc1:0001: AR6K-MAINLINE CMD53 arg=0x941f9834 WR addr=0xfcc blocks=0 blksz=52 mode=BYTE incr=1
[  441.426213][ T2017] mmc mmc1:0001: AR6K-MAINLINE CMD53 arg=0x941f9834 WR addr=0xfcc blocks=0 blksz=52 mode=BYTE incr=1
[  441.437096][ T2017] mmc mmc1:0001: AR6K-MAINLINE CMD53 arg=0x941f9834 WR addr=0xfcc blocks=0 blksz=52 mode=BYTE incr=1
[  441.447545][ T2017] mmc mmc1:0001: AR6K-MAINLINE CMD53 arg=0x941f9834 WR addr=0xfcc blocks=0 blksz=52 mode=BYTE incr=1
[  441.458373][ T2017] mmc mmc1:0001: AR6K-MAINLINE CMD53 arg=0x941f9834 WR addr=0xfcc blocks=0 blksz=52 mode=BYTE incr=1
[  441.468891][ T2017] mmc mmc1:0001: AR6K-MAINLINE CMD53 arg=0x941f9834 WR addr=0xfcc blocks=0 blksz=52 mode=BYTE incr=1
[  441.479832][ T2017] mmc mmc1:0001: AR6K-MAINLINE CMD53 arg=0x941f9834 WR addr=0xfcc blocks=0 blksz=52 mode=BYTE incr=1
[  441.490265][ T2017] mmc mmc1:0001: AR6K-MAINLINE CMD53 arg=0x941f9834 WR addr=0xfcc blocks=0 blksz=52 mode=BYTE incr=1
[  441.501053][ T2017] mmc mmc1:0001: AR6K-MAINLINE CMD53 arg=0x941f9834 WR addr=0xfcc blocks=0 blksz=52 mode=BYTE incr=1
[  441.511623][ T2017] mmc mmc1:0001: AR6K-MAINLINE CMD53 arg=0x941f9834 WR addr=0xfcc blocks=0 blksz=52 mode=BYTE incr=1
[  441.522437][ T2017] mmc mmc1:0001: AR6K-MAINLINE CMD53 arg=0x941f9834 WR addr=0xfcc blocks=0 blksz=52 mode=BYTE incr=1
[  441.533107][ T2017] mmc mmc1:0001: AR6K-MAINLINE CMD53 arg=0x941f9834 WR addr=0xfcc blocks=0 blksz=52 mode=BYTE incr=1
[  441.543779][ T2017] mmc mmc1:0001: AR6K-MAINLINE CMD53 arg=0x941f9834 WR addr=0xfcc blocks=0 blksz=52 mode=BYTE incr=1
[  441.554290][ T2017] mmc mmc1:0001: AR6K-MAINLINE CMD53 arg=0x941f9834 WR addr=0xfcc blocks=0 blksz=52 mode=BYTE incr=1
[  441.565145][ T2017] mmc mmc1:0001: AR6K-MAINLINE CMD53 arg=0x941f9834 WR addr=0xfcc blocks=0 blksz=52 mode=BYTE incr=1
[  441.575668][ T2017] mmc mmc1:0001: AR6K-MAINLINE CMD53 arg=0x941f9834 WR addr=0xfcc blocks=0 blksz=52 mode=BYTE incr=1
[  441.586594][ T2017] mmc mmc1:0001: AR6K-MAINLINE CMD53 arg=0x941f9834 WR addr=0xfcc blocks=0 blksz=52 mode=BYTE incr=1
[  441.597041][ T2017] mmc mmc1:0001: AR6K-MAINLINE CMD53 arg=0x941f9834 WR addr=0xfcc blocks=0 blksz=52 mode=BYTE incr=1
[  441.607817][ T2017] mmc mmc1:0001: AR6K-MAINLINE CMD53 arg=0x941f9834 WR addr=0xfcc blocks=0 blksz=52 mode=BYTE incr=1
[  441.618375][ T2017] mmc mmc1:0001: AR6K-MAINLINE CMD53 arg=0x941f9834 WR addr=0xfcc blocks=0 blksz=52 mode=BYTE incr=1
[  441.629196][ T2017] mmc mmc1:0001: AR6K-MAINLINE CMD53 arg=0x941f9834 WR addr=0xfcc blocks=0 blksz=52 mode=BYTE incr=1
[  441.639859][ T2017] mmc mmc1:0001: AR6K-MAINLINE CMD53 arg=0x941f9834 WR addr=0xfcc blocks=0 blksz=52 mode=BYTE incr=1
[  441.650522][ T2017] mmc mmc1:0001: AR6K-MAINLINE CMD53 arg=0x941f9834 WR addr=0xfcc blocks=0 blksz=52 mode=BYTE incr=1
[  441.661094][ T2017] mmc mmc1:0001: AR6K-MAINLINE CMD53 arg=0x941f9834 WR addr=0xfcc blocks=0 blksz=52 mode=BYTE incr=1
[  441.671861][ T2017] mmc mmc1:0001: AR6K-MAINLINE CMD53 arg=0x941f9834 WR addr=0xfcc blocks=0 blksz=52 mode=BYTE incr=1
[  441.682468][ T2017] mmc mmc1:0001: AR6K-MAINLINE CMD53 arg=0x941f9834 WR addr=0xfcc blocks=0 blksz=52 mode=BYTE incr=1
[  441.693357][ T2017] mmc mmc1:0001: AR6K-MAINLINE CMD53 arg=0x941f9834 WR addr=0xfcc blocks=0 blksz=52 mode=BYTE incr=1
[  441.703790][ T2017] mmc mmc1:0001: AR6K-MAINLINE CMD53 arg=0x941f9834 WR addr=0xfcc blocks=0 blksz=52 mode=BYTE incr=1
[  441.714612][ T2017] mmc mmc1:0001: AR6K-MAINLINE CMD53 arg=0x941f9834 WR addr=0xfcc blocks=0 blksz=52 mode=BYTE incr=1
[  441.725150][ T2017] mmc mmc1:0001: AR6K-MAINLINE CMD53 arg=0x941f9834 WR addr=0xfcc blocks=0 blksz=52 mode=BYTE incr=1
[  441.735966][ T2017] mmc mmc1:0001: AR6K-MAINLINE CMD53 arg=0x941f9834 WR addr=0xfcc blocks=0 blksz=52 mode=BYTE incr=1
[  441.746643][ T2017] mmc mmc1:0001: AR6K-MAINLINE CMD53 arg=0x941f9834 WR addr=0xfcc blocks=0 blksz=52 mode=BYTE incr=1
[  441.757314][ T2017] mmc mmc1:0001: AR6K-MAINLINE CMD53 arg=0x941f9834 WR addr=0xfcc blocks=0 blksz=52 mode=BYTE incr=1
[  441.767951][ T2017] mmc mmc1:0001: AR6K-MAINLINE CMD53 arg=0x941f9834 WR addr=0xfcc blocks=0 blksz=52 mode=BYTE incr=1
[  441.778665][ T2017] mmc mmc1:0001: AR6K-MAINLINE CMD53 arg=0x941f9834 WR addr=0xfcc blocks=0 blksz=52 mode=BYTE incr=1
[  441.789185][ T2017] mmc mmc1:0001: AR6K-MAINLINE CMD53 arg=0x941f9834 WR addr=0xfcc blocks=0 blksz=52 mode=BYTE incr=1
[  441.800169][ T2017] mmc mmc1:0001: AR6K-MAINLINE CMD53 arg=0x941f9834 WR addr=0xfcc blocks=0 blksz=52 mode=BYTE incr=1
[  441.810554][ T2017] mmc mmc1:0001: AR6K-MAINLINE CMD53 arg=0x941f9834 WR addr=0xfcc blocks=0 blksz=52 mode=BYTE incr=1
[  441.821357][ T2017] mmc mmc1:0001: AR6K-MAINLINE CMD53 arg=0x941f9834 WR addr=0xfcc blocks=0 blksz=52 mode=BYTE incr=1
[  441.831927][ T2017] mmc mmc1:0001: AR6K-MAINLINE CMD53 arg=0x941f9834 WR addr=0xfcc blocks=0 blksz=52 mode=BYTE incr=1
[  441.842724][ T2017] mmc mmc1:0001: AR6K-MAINLINE CMD53 arg=0x941f9834 WR addr=0xfcc blocks=0 blksz=52 mode=BYTE incr=1
[  441.853432][ T2017] mmc mmc1:0001: AR6K-MAINLINE CMD53 arg=0x941f9834 WR addr=0xfcc blocks=0 blksz=52 mode=BYTE incr=1
[  441.864101][ T2017] mmc mmc1:0001: AR6K-MAINLINE CMD53 arg=0x941f9834 WR addr=0xfcc blocks=0 blksz=52 mode=BYTE incr=1
[  441.874629][ T2017] mmc mmc1:0001: AR6K-MAINLINE CMD53 arg=0x941f9834 WR addr=0xfcc blocks=0 blksz=52 mode=BYTE incr=1
[  441.885446][ T2017] mmc mmc1:0001: AR6K-MAINLINE CMD53 arg=0x941f9834 WR addr=0xfcc blocks=0 blksz=52 mode=BYTE incr=1
[  441.895991][ T2017] mmc mmc1:0001: AR6K-MAINLINE CMD53 arg=0x941f9834 WR addr=0xfcc blocks=0 blksz=52 mode=BYTE incr=1
[  441.906917][ T2017] mmc mmc1:0001: AR6K-MAINLINE CMD53 arg=0x941f9834 WR addr=0xfcc blocks=0 blksz=52 mode=BYTE incr=1
[  441.917356][ T2017] mmc mmc1:0001: AR6K-MAINLINE CMD53 arg=0x941f9834 WR addr=0xfcc blocks=0 blksz=52 mode=BYTE incr=1
[  441.928178][ T2017] mmc mmc1:0001: AR6K-MAINLINE CMD53 arg=0x941f9834 WR addr=0xfcc blocks=0 blksz=52 mode=BYTE incr=1
[  441.938680][ T2017] mmc mmc1:0001: AR6K-MAINLINE CMD53 arg=0x941f9834 WR addr=0xfcc blocks=0 blksz=52 mode=BYTE incr=1
[  441.949669][ T2017] mmc mmc1:0001: AR6K-MAINLINE CMD53 arg=0x941f9834 WR addr=0xfcc blocks=0 blksz=52 mode=BYTE incr=1
[  441.960059][ T2017] mmc mmc1:0001: AR6K-MAINLINE CMD53 arg=0x941f9834 WR addr=0xfcc blocks=0 blksz=52 mode=BYTE incr=1
[  441.970732][ T2017] mmc mmc1:0001: AR6K-MAINLINE CMD53 arg=0x941f9834 WR addr=0xfcc blocks=0 blksz=52 mode=BYTE incr=1
[  441.981478][ T2017] mmc mmc1:0001: AR6K-MAINLINE CMD53 arg=0x941f9834 WR addr=0xfcc blocks=0 blksz=52 mode=BYTE incr=1
[  441.992071][ T2017] mmc mmc1:0001: AR6K-MAINLINE CMD53 arg=0x941f9834 WR addr=0xfcc blocks=0 blksz=52 mode=BYTE incr=1
[  442.003008][ T2017] mmc mmc1:0001: AR6K-MAINLINE CMD53 arg=0x941f9834 WR addr=0xfcc blocks=0 blksz=52 mode=BYTE incr=1
[  442.013438][ T2017] mmc mmc1:0001: AR6K-MAINLINE CMD53 arg=0x941f9834 WR addr=0xfcc blocks=0 blksz=52 mode=BYTE incr=1
[  442.024246][ T2017] mmc mmc1:0001: AR6K-MAINLINE CMD53 arg=0x941f9834 WR addr=0xfcc blocks=0 blksz=52 mode=BYTE incr=1
[  442.034831][ T2017] mmc mmc1:0001: AR6K-MAINLINE CMD53 arg=0x941f9834 WR addr=0xfcc blocks=0 blksz=52 mode=BYTE incr=1
[  442.045607][ T2017] mmc mmc1:0001: AR6K-MAINLINE CMD53 arg=0x941f9834 WR addr=0xfcc blocks=0 blksz=52 mode=BYTE incr=1
[  442.056268][ T2017] mmc mmc1:0001: AR6K-MAINLINE CMD53 arg=0x941f9834 WR addr=0xfcc blocks=0 blksz=52 mode=BYTE incr=1
[  442.066983][ T2017] mmc mmc1:0001: AR6K-MAINLINE CMD53 arg=0x941f9834 WR addr=0xfcc blocks=0 blksz=52 mode=BYTE incr=1
[  442.077483][ T2017] mmc mmc1:0001: AR6K-MAINLINE CMD53 arg=0x941f9834 WR addr=0xfcc blocks=0 blksz=52 mode=BYTE incr=1
[  442.088316][ T2017] mmc mmc1:0001: AR6K-MAINLINE CMD53 arg=0x941f9834 WR addr=0xfcc blocks=0 blksz=52 mode=BYTE incr=1
[  442.098809][ T2017] mmc mmc1:0001: AR6K-MAINLINE CMD53 arg=0x941f9834 WR addr=0xfcc blocks=0 blksz=52 mode=BYTE incr=1
[  442.109794][ T2017] mmc mmc1:0001: AR6K-MAINLINE CMD53 arg=0x941f9834 WR addr=0xfcc blocks=0 blksz=52 mode=BYTE incr=1
[  442.120208][ T2017] mmc mmc1:0001: AR6K-MAINLINE CMD53 arg=0x941f9834 WR addr=0xfcc blocks=0 blksz=52 mode=BYTE incr=1
[  442.130975][ T2017] mmc mmc1:0001: AR6K-MAINLINE CMD53 arg=0x941f9834 WR addr=0xfcc blocks=0 blksz=52 mode=BYTE incr=1
[  442.141556][ T2017] mmc mmc1:0001: AR6K-MAINLINE CMD53 arg=0x941f9834 WR addr=0xfcc blocks=0 blksz=52 mode=BYTE incr=1
[  442.152345][ T2017] mmc mmc1:0001: AR6K-MAINLINE CMD53 arg=0x941f9834 WR addr=0xfcc blocks=0 blksz=52 mode=BYTE incr=1
[  442.163046][ T2017] mmc mmc1:0001: AR6K-MAINLINE CMD53 arg=0x941f9834 WR addr=0xfcc blocks=0 blksz=52 mode=BYTE incr=1
[  442.173732][ T2017] mmc mmc1:0001: AR6K-MAINLINE CMD53 arg=0x941f9834 WR addr=0xfcc blocks=0 blksz=52 mode=BYTE incr=1
[  442.184255][ T2017] mmc mmc1:0001: AR6K-MAINLINE CMD53 arg=0x941f9834 WR addr=0xfcc blocks=0 blksz=52 mode=BYTE incr=1
[  442.195098][ T2017] mmc mmc1:0001: AR6K-MAINLINE CMD53 arg=0x941f9834 WR addr=0xfcc blocks=0 blksz=52 mode=BYTE incr=1
[  442.205621][ T2017] mmc mmc1:0001: AR6K-MAINLINE CMD53 arg=0x941f9834 WR addr=0xfcc blocks=0 blksz=52 mode=BYTE incr=1
[  442.216540][ T2017] mmc mmc1:0001: AR6K-MAINLINE CMD53 arg=0x941f9834 WR addr=0xfcc blocks=0 blksz=52 mode=BYTE incr=1
[  442.226990][ T2017] mmc mmc1:0001: AR6K-MAINLINE CMD53 arg=0x941f9834 WR addr=0xfcc blocks=0 blksz=52 mode=BYTE incr=1
[  442.237812][ T2017] mmc mmc1:0001: AR6K-MAINLINE CMD53 arg=0x941f9834 WR addr=0xfcc blocks=0 blksz=52 mode=BYTE incr=1
[  442.248315][ T2017] mmc mmc1:0001: AR6K-MAINLINE CMD53 arg=0x941f9834 WR addr=0xfcc blocks=0 blksz=52 mode=BYTE incr=1
[  442.259122][ T2017] mmc mmc1:0001: AR6K-MAINLINE CMD53 arg=0x941f9834 WR addr=0xfcc blocks=0 blksz=52 mode=BYTE incr=1
[  442.269818][ T2017] mmc mmc1:0001: AR6K-MAINLINE CMD53 arg=0x941f9834 WR addr=0xfcc blocks=0 blksz=52 mode=BYTE incr=1
[  442.280497][ T2017] mmc mmc1:0001: AR6K-MAINLINE CMD53 arg=0x941f9834 WR addr=0xfcc blocks=0 blksz=52 mode=BYTE incr=1
[  442.291040][ T2017] mmc mmc1:0001: AR6K-MAINLINE CMD53 arg=0x941f9834 WR addr=0xfcc blocks=0 blksz=52 mode=BYTE incr=1
[  442.301837][ T2017] mmc mmc1:0001: AR6K-MAINLINE CMD53 arg=0x941f9834 WR addr=0xfcc blocks=0 blksz=52 mode=BYTE incr=1
[  442.312396][ T2017] mmc mmc1:0001: AR6K-MAINLINE CMD53 arg=0x941f9834 WR addr=0xfcc blocks=0 blksz=52 mode=BYTE incr=1
[  442.323325][ T2017] mmc mmc1:0001: AR6K-MAINLINE CMD53 arg=0x941f9834 WR addr=0xfcc blocks=0 blksz=52 mode=BYTE incr=1
[  442.333742][ T2017] mmc mmc1:0001: AR6K-MAINLINE CMD53 arg=0x941f9834 WR addr=0xfcc blocks=0 blksz=52 mode=BYTE incr=1
[  442.344582][ T2017] mmc mmc1:0001: AR6K-MAINLINE CMD53 arg=0x941f9834 WR addr=0xfcc blocks=0 blksz=52 mode=BYTE incr=1
[  442.355070][ T2017] mmc mmc1:0001: AR6K-MAINLINE CMD53 arg=0x941f9834 WR addr=0xfcc blocks=0 blksz=52 mode=BYTE incr=1
[  442.365940][ T2017] mmc mmc1:0001: AR6K-MAINLINE CMD53 arg=0x941f9834 WR addr=0xfcc blocks=0 blksz=52 mode=BYTE incr=1
[  442.376570][ T2017] mmc mmc1:0001: AR6K-MAINLINE CMD53 arg=0x941f9834 WR addr=0xfcc blocks=0 blksz=52 mode=BYTE incr=1
[  442.387294][ T2017] mmc mmc1:0001: AR6K-MAINLINE CMD53 arg=0x941f9834 WR addr=0xfcc blocks=0 blksz=52 mode=BYTE incr=1
[  442.397812][ T2017] mmc mmc1:0001: AR6K-MAINLINE CMD53 arg=0x941f9834 WR addr=0xfcc blocks=0 blksz=52 mode=BYTE incr=1
[  442.408604][ T2017] mmc mmc1:0001: AR6K-MAINLINE CMD53 arg=0x941f9834 WR addr=0xfcc blocks=0 blksz=52 mode=BYTE incr=1
[  442.419154][ T2017] mmc mmc1:0001: AR6K-MAINLINE CMD53 arg=0x941f9834 WR addr=0xfcc blocks=0 blksz=52 mode=BYTE incr=1
[  442.430084][ T2017] mmc mmc1:0001: AR6K-MAINLINE CMD53 arg=0x941f9834 WR addr=0xfcc blocks=0 blksz=52 mode=BYTE incr=1
[  442.440517][ T2017] mmc mmc1:0001: AR6K-MAINLINE CMD53 arg=0x941f9834 WR addr=0xfcc blocks=0 blksz=52 mode=BYTE incr=1
[  442.451329][ T2017] mmc mmc1:0001: AR6K-MAINLINE CMD53 arg=0x941f9834 WR addr=0xfcc blocks=0 blksz=52 mode=BYTE incr=1
[  442.461872][ T2017] mmc mmc1:0001: AR6K-MAINLINE CMD53 arg=0x941f9834 WR addr=0xfcc blocks=0 blksz=52 mode=BYTE incr=1
[  442.472664][ T2017] mmc mmc1:0001: AR6K-MAINLINE CMD53 arg=0x941f9834 WR addr=0xfcc blocks=0 blksz=52 mode=BYTE incr=1
[  442.483330][ T2017] mmc mmc1:0001: AR6K-MAINLINE CMD53 arg=0x941f9834 WR addr=0xfcc blocks=0 blksz=52 mode=BYTE incr=1
[  442.494001][ T2017] mmc mmc1:0001: AR6K-MAINLINE CMD53 arg=0x941f9834 WR addr=0xfcc blocks=0 blksz=52 mode=BYTE incr=1
[  442.504560][ T2017] mmc mmc1:0001: AR6K-MAINLINE CMD53 arg=0x941f9834 WR addr=0xfcc blocks=0 blksz=52 mode=BYTE incr=1
[  442.515417][ T2017] mmc mmc1:0001: AR6K-MAINLINE CMD53 arg=0x941f9834 WR addr=0xfcc blocks=0 blksz=52 mode=BYTE incr=1
[  442.525922][ T2017] mmc mmc1:0001: AR6K-MAINLINE CMD53 arg=0x941fc81c WR addr=0xfe4 blocks=0 blksz=28 mode=BYTE incr=1
[  442.536838][ T2017] mmc mmc1:0001: AR6K-MAINLINE CMD53 arg=0x941fe80c WR addr=0xff4 blocks=0 blksz=12 mode=BYTE incr=1
[  442.547256][ T2017] mmc mmc1:0001: AR6K-MAINLINE CMD53 arg=0x941ff008 WR addr=0xff8 blocks=0 blksz=8 mode=BYTE incr=1
[  442.558063][ T2017] mmc mmc1:0001: AR6K-MAINLINE CMD53 arg=0x941ff008 WR addr=0xff8 blocks=0 blksz=8 mode=BYTE incr=1
[  442.568615][ T2017] mmc mmc1:0001: AR6K-MAINLINE CMD53 arg=0x941f9834 WR addr=0xfcc blocks=0 blksz=52 mode=BYTE incr=1
[  442.579521][ T2017] mmc mmc1:0001: AR6K-MAINLINE CMD53 arg=0x941f9834 WR addr=0xfcc blocks=0 blksz=52 mode=BYTE incr=1
[  442.589824][ T2017] mmc mmc1:0001: AR6K-MAINLINE CMD53 arg=0x941f9834 WR addr=0xfcc blocks=0 blksz=52 mode=BYTE incr=1
[  442.600519][ T2017] mmc mmc1:0001: AR6K-MAINLINE CMD53 arg=0x941f9834 WR addr=0xfcc blocks=0 blksz=52 mode=BYTE incr=1
[  442.611260][ T2017] mmc mmc1:0001: AR6K-MAINLINE CMD53 arg=0x941f9834 WR addr=0xfcc blocks=0 blksz=52 mode=BYTE incr=1
[  442.621828][ T2017] mmc mmc1:0001: AR6K-MAINLINE CMD53 arg=0x941f9834 WR addr=0xfcc blocks=0 blksz=52 mode=BYTE incr=1
[  442.632744][ T2017] mmc mmc1:0001: AR6K-MAINLINE CMD53 arg=0x941f9834 WR addr=0xfcc blocks=0 blksz=52 mode=BYTE incr=1
[  442.643216][ T2017] mmc mmc1:0001: AR6K-MAINLINE CMD53 arg=0x941fa82c WR addr=0xfd4 blocks=0 blksz=44 mode=BYTE incr=1
[  442.654045][ T2017] mmc mmc1:0001: AR6K-MAINLINE CMD53 arg=0x941fe010 WR addr=0xff0 blocks=0 blksz=16 mode=BYTE incr=1
[  442.664537][ T2017] mmc mmc1:0001: AR6K-MAINLINE CMD53 arg=0x941fe80c WR addr=0xff4 blocks=0 blksz=12 mode=BYTE incr=1
[  442.675311][ T2017] mmc mmc1:0001: AR6K-MAINLINE CMD53 arg=0x941fe80c WR addr=0xff4 blocks=0 blksz=12 mode=BYTE incr=1
[  442.685984][ T2017] mmc mmc1:0001: AR6K-MAINLINE CMD53 arg=0x941ff804 WR addr=0xffc blocks=0 blksz=4 mode=BYTE incr=1
[  442.706868][ T2017] mmc mmc1:0001: AR6K-MAINLINE CMD53 arg=0x10100080 RD addr=0x800 blocks=0 blksz=128 mode=BYTE incr=0
