1 01 01 01 01 01
[   98.936090] TPADHSUART-DBG RX< 00000200: 01 01 01 01 01 01 01 01 01 01 01 01 01 01 01 ff
[   98.936107] TPADHSUART-DBG RX< 00000210: ff 43 0c 01 01 01 01 00 01 01 01 01 01 00 01 01
[   98.936123] TPADHSUART-DBG RX< 00000220: 01 01 01 01 01 01 01 00 01 01 01 01 01 01 01 01
[   98.936138] TPADHSUART-DBG RX< 00000230: 01 01 01 01 01 01 01 01 01 00 01 ff ff 43 0d 01
[   98.936154] TPADHSUART-DBG RX< 00000240: 01 01 01 01 01 01 01 01 01 01 01 01 01 01 01 01
[   98.936170] TPADHSUART-DBG RX< 00000250: 01 01 01 01 01 01 01 01 01 01 01 01 01 01 01 01
[   98.936187] TPADHSUART-DBG RX< 00000260: 01 01 01 01 01 01 01 ff ff 43 0e 01 01 01 01 01
[   98.936202] TPADHSUART-DBG RX< 00000270: 01 01 01 01 01 01 01 01 01 01 00 01 01 01 01 01
[   98.936217] TPADHSUART-DBG RX< 00000280: 01 01 01 01 01 01 01 01 01 01 01 01 01 01 01 01
[   98.936234] TPADHSUART-DBG RX< 00000290: 01 01 01 ff ff 43 0f 01 01 01 01 01 01 01 01 01
[   98.936251] TPADHSUART-DBG RX< 000002a0: 01 01 01 01 01 01 01 01 01 01 01 01 01 00 01 01
[   98.936268] TPADHSUART-DBG RX< 000002b0: 01 01 01 01 01 01 01 01 01 01 01 01 01 01 01 ff
[   98.936283] TPADHSUART-DBG RX< 000002c0: ff 43 10 00 01 01 01 01 01 01 01 01 01 01 01 01
[   98.936299] TPADHSUART-DBG RX< 000002d0: 01 01 01 01 01 01 01 01 01 01 01 01 01 01 01 01
[   98.936317] TPADHSUART-DBG RX< 000002e0: 01 01 01 01 01 01 01 01 01 01 01 ff ff 43 11 01
[   98.936334] TPADHSUART-DBG RX< 000002f0: 01 01 01 01 01 01 01 01 01 01 01 01 02 01 01 01
[   98.936349] TPADHSUART-DBG RX< 00000300: 01 01 01 01 01 01 01 01 01 00 01 01 01 01 01 01
[   98.936364] TPADHSUART-DBG RX< 00000310: 01 01 01 01 01 01 01 ff ff 43 12 01 01 01 01 01
[   98.936381] TPADHSUART-DBG RX< 00000320: 01 01 01 01 01 00 01 04 03 01 01 01 01 01 01 01
[   98.936396] TPADHSUART-DBG RX< 00000330: 01 01 01 01 01 01 01 01 01 01 01 01 01 01 01 01
[   98.936411] TPADHSUART-DBG RX< 00000340: 01 01 01 ff ff 43 13 01 01 01 01 01 01 01 01 01
[   98.936426] TPADHSUART-DBG RX< 00000350: 01 01 02 05 04 01 01 01 01 01 01 01 01 01 01 01
[   98.936444] TPADHSUART-DBG RX< 00000360: 01 01 01 01 01 01 01 01 01 01 01 01 01 01 01 ff
[   98.936460] TPADHSUART-DBG RX< 00000370: ff 43 14 00 00 01 01 01 01 01 01 01 01 01 06 13
[   98.936475] TPADHSUART-DBG RX< 00000380: 0f 03 01 01 01 01 01 01 01 01 01 01 01 01 01 01
[   98.936491] TPADHSUART-DBG RX< 00000390: 01 01 01 01 01 01 01 01 01 01 01 ff ff 43 15 01
[   98.936507] TPADHSUART-DBG RX< 000003a0: 01 01 01 01 01 01 01 01 01 01 02 0b 0c 03 01 01
[   98.936522] TPADHSUART-DBG RX< 000003b0: 01 01 01 01 01 01 01 01 01 01 01 01 01 01 01 01
[   98.936537] TPADHSUART-DBG RX< 000003c0: 01 01 01 01 01 01 01 ff ff 43 16 01 00 01 01 01
[   98.936553] TPADHSUART-DBG RX< 000003d0: 00 00 01 01 01 01 01 03 06 01 01 01 01 01 01 01
[   98.936570] TPADHSUART-DBG RX< 000003e0: 01 01 01 01 01 01 01 01 01 01 01 01 01 01 01 01
[   98.936586] TPADHSUART-DBG RX< 000003f0: 01 01 01 ff ff 43 17 01 00 01 01 00 01 01 01 01
[   98.936601] TPADHSUART-DBG RX< 00000400: 01 01 01 01 01 01 01 01 01 01 01 01 01 01 01 01
[   98.936616] TPADHSUART-DBG RX< 00000410: 01 01 01 01 01 01 01 01 01 01 01 01 01 01 01 ff
[   98.936633] TPADHSUART-DBG RX< 00000420: ff 43 18 01 01 01 01 01 01 01 00 01 01 01 01 01
[   98.936649] TPADHSUART-DBG RX< 00000430: 01 01 01 01 01 01 01 01 01 01 01 01 01 01 01 01
[   98.936664] TPADHSUART-DBG RX< 00000440: 01 01 01 01 01 01 01 01 01 01 01 ff ff 43 19 01
[   98.936679] TPADHSUART-DBG RX< 00000450: 01 01 01 01 01 00 01 01 01 01 01 02 01 01 01 01
[   98.936697] TPADHSUART-DBG RX< 00000460: 01 01 01 01 01 01 01 01 01 01 01 01 01 01 01 01
[   98.936714] TPADHSUART-DBG RX< 00000470: 01 01 01 01 01 01 01 ff ff 43 1a 01 01 01 01 01
[   98.936729] TPADHSUART-DBG RX< 00000480: 01 01 01 01 01 01 01 01 01 01 01 01 01 01 01 01
[   98.936744] TPADHSUART-DBG RX< 00000490: 01 01 01 01 01 00 01 01 01 01 01 01 01 01 01 01
[   98.936761] TPADHSUART-DBG RX< 000004a0: 01 01 01 ff ff 43 1b 01 01 01 01 01 01 01 01 00
[   98.936778] TPADHSUART-DBG RX< 000004b0: 01 01 01 01 01 01 01 01 01 01 01 01 01 01 01 01
[   98.936793] TPADHSUART-DBG RX< 000004c0: 01 01 01 01 01 01 01 01 01 01 01 01 01 00 01 ff
[   98.936807] TPADHSUART-DBG RX< 000004d0: ff 43 1c 01 01 01 01 01 01 01 01 01 01 01 01 01
[   98.936824] TPADHSUART-DBG RX< 000004e0: 01 01 00 01 01 01 01 01 01 01 01 01 01 01 01 01
[   98.936841] TPADHSUART-DBG RX< 000004f0: 01 01 01 01 01 01 01 01 01 01 01 ff ff 43 1d 01
[   98.936857] TPADHSUART-DBG RX< 00000500: 01 01 01 01 01 01 01 01 01 01 01 01 01 01 01 01
[   98.936872] TPADHSUART-DBG RX< 00000510: 01 01 01 01 01 01 00 01 01 01 01 01 01 01 01 01
[   98.936888] TPADHSUART-DBG RX< 00000520: 01 01 01 01 01 00 01 ff ff 47 08 00 00 00 00 00
[   98.936901] TPADHSUART-DBG RX< 00000530: 00 80 7a ff
[   98.947191] TPADHSUART-DBG RX< 00000000: ff 43 80 01 01 01 01 01 01 01 01 01 01 01 01 01
[   98.947211] TPADHSUART-DBG RX< 00000010: 01 01 01 01 01 01 01 01 01 01 01 01 01 01 01 01
[   98.947227] TPADHSUART-DBG RX< 00000020: 01 01 01 01 01 01 01 01 01 01 01 ff ff 43 01 01
[   98.947242] TPADHSUART-DBG RX< 00000030: 01 01 01 01 01 01 01 01 01 01 01 01 01 01 01 01
[   98.947258] TPADHSUART-DBG RX< 00000040: 01 01 01 01 01 01 01 01 01 00 01 01 01 01 01 01
[   98.947273] TPADHSUART-DBG RX< 00000050: 01 01 01 01 01 01 01 ff ff 43 02 01 00 01 01 01
[   98.947288] TPADHSUART-DBG RX< 00000060: 01 01 01 01 01 01 01 01 01 01 01 01 01 01 01 01
[   98.947303] TPADHSUART-DBG RX< 00000070: 01 01 00 01 00 01 01 01 01 01 01 01 01 01 01 01
[   98.947319] TPADHSUART-DBG RX< 00000080: 01 01 01 ff ff 43 03 01 01 01 01 01 01 01 01 01
[   98.947334] TPADHSUART-DBG RX< 00000090: 01 01 01 01 01 01 01 01 01 01 01 01 01 01 01 01
[   98.947350] TPADHSUART-DBG RX< 000000a0: 01 01 01 01 01 01 01 01 01 01 01 01 01 01 01 ff
[   98.947365] TPADHSUART-DBG RX< 000000b0: ff 43 04 00 00 01 00 00 01 01 01 01 01 00 01 01
[   98.947380] TPADHSUART-DBG RX< 000000c0: 01 01 01 01 01 01 01 01 01 01 01 01 01 01 01 01
[   98.947395] TPADHSUART-DBG RX< 000000d0: 01 01 01 01 01 01 01 01 01 01 01 ff ff 43 05 01
[   98.947410] TPADHSUART-DBG RX< 000000e0: 01 01 00 01 01 00 01 01 01 00 01 01 01 01 01 01
[   98.947427] TPADHSUART-DBG RX< 000000f0: 01 01 01 01 01 01 01 01 01 01 01 01 01 01 01 01
[   98.947442] TPADHSUART-DBG RX< 00000100: 01 01 01 01 01 01 01 ff ff 43 06 01 01 01 01 01
[   98.947457] TPADHSUART-DBG RX< 00000110: 01 01 01 01 01 01 01 01 01 01 01 01 01 01 01 01
[   98.947472] TPADHSUART-DBG RX< 00000120: 01 01 01 01 01 01 01 01 01 01 01 01 01 01 01 01
[   98.947488] TPADHSUART-DBG RX< 00000130: 01 01 01 ff ff 43 07 01 01 01 01 01 01 00 01 01
[   98.947503] TPADHSUART-DBG RX< 00000140: 01 01 01 01 01 01 01 01 01 01 01 01 01 01 01 01
[   98.947518] TPADHSUART-DBG RX< 00000150: 01 01 01 00 01 01 01 01 01 01 01 01 01 01 01 ff
[   98.947534] TPADHSUART-DBG RX< 00000160: ff 43 08 01 01 01 01 01 01 01 01 01 01 01 01 01
[   98.947549] TPADHSUART-DBG RX< 00000170: 01 01 01 01 01 01 01 01 01 01 01 01 01 01 01 01
[   98.947564] TPADHSUART-DBG RX< 00000180: 01 01 01 01 01 01 01 01 01 01 01 ff ff 43 09 00
[   98.947579] TPADHSUART-DBG RX< 00000190: 01 01 01 01 01 01 01 01 01 01 01 01 01 01 01 01
[   98.947595] TPADHSUART-DBG RX< 000001a0: 01 01 01 01 01 01 01 01 01 01 01 01 01 01 01 01
[   98.947610] TPADHSUART-DBG RX< 000001b0: 01 01 01 01 01 01 01 ff ff 43 0a 01 00 01 01 01
[   98.947625] TPADHSUART-DBG RX< 000001c0: 01 01 01 01 01 01 01 01 01 01 01 01 01 01 01 01
[   98.947640] TPADHSUART-DBG RX< 000001d0: 01 01 01 01 01 01 01 01 01 01 01 01 01 01 01 01
[   98.947657] TPADHSUART-DBG RX< 000001e0: 01 01 01 ff ff 43 0b 01 01 01 01 01 01 01 01 01
[   98.947671] TPADHSUART-DBG RX< 000001f0: 01 00 01 01 01 01 01 01 01 01 01 01 01 01 01 01
[   98.947686] TPADHSUART-DBG RX< 00000200: 01 01 01 01 01 01 01 01 01 01 01 01 01 01 01 ff
[   98.947702] TPADHSUART-DBG RX< 00000210: ff 43 0c 01 01 01 01 00 01 01 01 01 01 00 01 01
[   98.947717] TPADHSUART-DBG RX< 00000220: 01 01 01 01 01 01 01 00 01 01 01 01 01 01 01 01
[   98.947732] TPADHSUART-DBG RX< 00000230: 01 01 01 01 01 01 01 01 01 00 01 ff ff 43 0d 01
[   98.947747] TPADHSUART-DBG RX< 00000240: 01 01 01 01 01 01 01 01 01 01 01 01 01 01 01 01
[   98.947764] TPADHSUART-DBG RX< 00000250: 01 01 01 01 01 01 01 01 01 01 01 01 01 01 01 01
[   98.947779] TPADHSUART-DBG RX< 00000260: 01 01 01 01 01 01 01 ff ff 43 0e 01 01 01 01 01
[   98.947794] TPADHSUART-DBG RX< 00000270: 01 01 01 01 01 01 01 01 01 01 00 01 01 01 01 01
[   98.947809] TPADHSUART-DBG RX< 00000280: 01 01 01 01 01 01 01 01 01 01 01 01 01 01 01 01
[   98.947825] TPADHSUART-DBG RX< 00000290: 01 01 01 ff ff 43 0f 01 01 01 01 01 01 01 01 01
[   98.947840] TPADHSUART-DBG RX< 000002a0: 01 01 01 01 01 01 01 01 01 01 01 01 01 00 01 01
[   98.947855] TPADHSUART-DBG RX< 000002b0: 01 01 01 01 01 01 01 01 01 01 01 01 01 01 01 ff
[   98.947871] TPADHSUART-DBG RX< 000002c0: ff 43 10 00 01 01 01 01 01 01 01 01 01 01 01 01
[   98.947886] TPADHSUART-DBG RX< 000002d0: 01 01 01 01 01 01 01 01 01 01 01 01 01 01 01 01
[   98.947901] TPADHSUART-DBG RX< 000002e0: 01 01 01 01 01 01 01 01 01 01 01 ff ff 43 11 01
[   98.947915] TPADHSUART-DBG RX< 000002f0: 01 01 01 01 01 01 01 01 01 01 01 01 01 01 01 01
[   98.947932] TPADHSUART-DBG RX< 00000300: 01 01 01 01 01 01 01 01 01 00 01 01 01 01 01 01
[   98.947948] TPADHSUART-DBG RX< 00000310: 01 01 01 01 01 01 01 ff ff 43 12 01 01 01 01 01
[   98.947963] TPADHSUART-DBG RX< 00000320: 01 01 01 01 01 00 01 03 02 01 01 01 01 01 01 01
[   98.947978] TPADHSUART-DBG RX< 00000330: 01 01 01 01 01 01 01 01 01 01 01 01 01 01 01 01
[   98.947994] TPADHSUART-DBG RX< 00000340: 01 01 01 ff ff 43 13 01 01 01 01 01 01 01 01 01
[   98.948009] TPADHSUART-DBG RX< 00000350: 01 01 02 03 03 01 01 01 01 01 01 01 01 01 01 01
[   98.948024] TPADHSUART-DBG RX< 00000360: 01 01 01 01 01 01 01 01 01 01 01 01 01 01 01 ff
[   98.948039] TPADHSUART-DBG RX< 00000370: ff 43 14 00 00 01 01 01 01 01 01 01 01 01 04 0c
[   98.948055] TPADHSUART-DBG RX< 00000380: 08 01 01 01 01 01 01 01 01 01 01 01 01 01 01 01
[   98.948070] TPADHSUART-DBG RX< 00000390: 01 01 01 01 01 01 01 01 01 01 01 ff ff 43 15 01
[   98.948085] TPADHSUART-DBG RX< 000003a0: 01 01 01 01 01 01 01 01 01 01 01 05 06 01 01 01
[   98.948101] TPADHSUART-DBG RX< 000003b0: 01 01 01 01 01 01 01 01 01 01 01 01 01 01 01 01
[   98.948117] TPADHSUART-DBG RX< 000003c0: 01 01 01 01 01 01 01 ff ff 43 16 01 00 01 01 01
[   98.948131] TPADHSUART-DBG RX< 000003d0: 00 00 01 01 01 01 01 02 02 01 01 01 01 01 01 01
[   98.948147] TPADHSUART-DBG RX< 000003e0: 01 01 01 01 01 01 01 01 01 01 01 01 01 01 01 01
[   98.948163] TPADHSUART-DBG RX< 000003f0: 01 01 01 ff ff 43 17 01 00 01 01 00 01 01 01 01
[   98.948178] TPADHSUART-DBG RX< 00000400: 01 01 01 01 01 01 01 01 01 01 01 01 01 01 01 01
[   98.948193] TPADHSUART-DBG RX< 00000410: 01 01 01 01 01 01 01 01 01 01 01 01 01 01 01 ff
[   98.948208] TPADHSUART-DBG RX< 00000420: ff 43 18 01 01 01 01 01 01 01 00 01 01 01 01 01
[   98.948223] TPADHSUART-DBG RX< 00000430: 01 01 01 01 01 01 01 01 01 01 01 01 01 01 01 01
[   98.948238] TPADHSUART-DBG RX< 00000440: 01 01 01 01 01 01 01 01 01 01 01 ff ff 43 19 01
[   98.948253] TPADHSUART-DBG RX< 00000450: 01 01 01 01 01 00 01 01 01 01 01 01 01 01 01 01
[   98.948270] TPADHSUART-DBG RX< 00000460: 01 01 01 01 01 01 01 01 01 01 01 01 01 01 01 01
[   98.948285] TPADHSUART-DBG RX< 00000470: 01 01 01 01 01 01 01 ff ff 43 1a 01 01 01 01 01
[   98.948300] TPADHSUART-DBG RX< 00000480: 01 01 01 01 01 01 01 01 01 01 01 01 01 01 01 01
[   98.948315] TPADHSUART-DBG RX< 00000490: 01 01 01 01 01 00 01 01 01 01 01 01 01 01 01 01
[   98.948331] TPADHSUART-DBG RX< 000004a0: 01 01 01 ff ff 43 1b 01 01 01 01 01 01 01 01 00
[   98.948346] TPADHSUART-DBG RX< 000004b0: 01 01 01 01 01 01 01 01 01 01 01 01 01 01 01 01
[   98.948361] TPADHSUART-DBG RX< 000004c0: 01 01 01 01 01 01 01 01 01 01 01 01 01 00 01 ff
[   98.948377] TPADHSUART-DBG RX< 000004d0: ff 43 1c 01 01 01 01 01 01 01 01 01 01 01 01 01
[   98.948392] TPADHSUART-DBG RX< 000004e0: 01 01 00 01 01 01 01 01 01 01 01 01 01 01 01 01
[   98.948407] TPADHSUART-DBG RX< 000004f0: 01 01 01 01 01 01 01 01 01 01 01 ff ff 43 1d 01
[   98.948422] TPADHSUART-DBG RX< 00000500: 01 01 01 01 01 01 01 01 01 01 01 01 01 01 01 01
[   98.948439] TPADHSUART-DBG RX< 00000510: 01 01 01 01 01 01 00 01 01 01 01 01 01 01 01 01
[   98.948454] TPADHSUART-DBG RX< 00000520: 01 01 01 01 01 00 01 ff ff 47 08 00 00 00 00 00
[   98.948466] TPADHSUART-DBG RX< 00000530: 00 80 7f ff
[   98.958794] TPADHSUART-DBG RX< 00000000: ff 43 80 01 01 01 01 01 01 01 01 01 01 01 01 01
[   98.958816] TPADHSUART-DBG RX< 00000010: 01 01 01 01 01 01 01 01 01 01 01 01 01 01 01 01
[   98.958834] TPADHSUART-DBG RX< 00000020: 01 01 01 01 01 01 01 01 01 01 01 ff ff 43 01 01
[   98.958855] TPADHSUART-DBG RX< 00000030: 01 01 01 01 01 01 01 01 01 01 01 01 01 01 01 01
[   98.958875] TPADHSUART-DBG RX< 00000040: 01 01 01 01 01 01 01 01 01 00 01 01 01 01 01 01
[   98.958895] TPADHSUART-DBG RX< 00000050: 01 01 01 01 01 01 01 ff ff 43 02 01 00 01 01 01
[   98.958915] TPADHSUART-DBG RX< 00000060: 01 01 01 01 01 01 01 01 01 01 01 01 01 01 01 01
[   98.958936] TPADHSUART-DBG RX< 00000070: 01 01 00 01 00 01 01 01 01 01 01 01 01 01 01 01
[   98.958957] TPADHSUART-DBG RX< 00000080: 01 01 01 ff ff 43 03 01 01 01 01 01 01 01 01 01
[   98.958979] TPADHSUART-DBG RX< 00000090: 01 01 01 01 01 01 01 01 01 01 01 01 01 01 01 01
[   98.959000] TPADHSUART-DBG RX< 000000a0: 01 01 01 01 01 01 01 01 01 01 01 01 01 01 01 ff
[   98.959018] TPADHSUART-DBG RX< 000000b0: ff 43 04 00 00 01 00 00 01 01 01 01 01 00 01 01
[   98.959059] TPADHSUART-DBG RX< 000000c0: 01 01 01 01 01 01 01 01 01 01 01 01 01 01 01 01
[   98.959074] TPADHSUART-DBG RX< 000000d0: 01 01 01 01 01 01 01 01 01 01 01 ff ff 43 05 01
[   98.959089] TPADHSUART-DBG RX< 000000e0: 01 01 00 01 01 00 01 01 01 00 01 01 01 01 01 01
[   98.959105] TPADHSUART-DBG RX< 000000f0: 01 01 01 01 01 01 01 01 01 01 01 01 01 01 01 01
[   98.959121] TPADHSUART-DBG RX< 00000100: 01 01 01 01 01 01 01 ff ff 43 06 01 01 01 01 01
[   98.959136] TPADHSUART-DBG RX< 00000110: 01 01 01 01 01 01 01 01 01 01 01 01 01 01 01 01
[   98.959151] TPADHSUART-DBG RX< 00000120: 01 01 01 01 01 01 01 01 01 01 01 01 01 01 01 01
[   98.959167] TPADHSUART-DBG RX< 00000130: 01 01 01 ff ff 43 07 01 01 01 01 01 01 00 01 01
[   98.959182] TPADHSUART-DBG RX< 00000140: 01 01 01 01 01 01 01 01 01 01 01 01 01 01 01 01
[   98.959197] TPADHSUART-DBG RX< 00000150: 01 01 01 00 01 01 01 01 01 01 01 01 01 01 01 ff
[   98.959213] TPADHSUART-DBG RX< 00000160: ff 43 08 01 01 01 01 01 01 01 01 01 01 01 01 01
[   98.959228] TPADHSUART-DBG RX< 00000170: 01 01 01 01 01 01 01 01 01 01 01 01 01 01 01 01
[   98.959243] TPADHSUART-DBG RX< 00000180: 01 01 01 01 01 01 01 01 01 01 01 ff ff 43 09 00
[   98.959258] TPADHSUART-DBG RX< 00000190: 01 01 01 01 01 01 01 01 01 01 01 01 01 01 01 01
[   98.959274] TPADHSUART-DBG RX< 000001a0: 01 01 01 01 01 01 01 01 01 01 01 01 01 01 01 01
[   98.959290] TPADHSUART-DBG RX< 000001b0: 01 01 01 01 01 01 01 ff ff 43 0a 01 00 01 01 01
[   98.959305] TPADHSUART-DBG RX< 000001c0: 01 01 01 01 01 01 01 01 01 01 01 01 01 01 01 01
[   98.959320] TPADHSUART-DBG RX< 000001d0: 01 01 01 01 01 01 01 01 01 01 01 01 01 01 01 01
[   98.959336] TPADHSUART-DBG RX< 000001e0: 01 01 01 ff ff 43 0b 01 01 01 01 01 01 01 01 01
[   98.959351] TPADHSUART-DBG RX< 000001f0: 01 00 01 01 01 01 01 01 01 01 01 01 01 01 01 01
[   98.959366] TPADHSUART-DBG RX< 00000200: 01 01 01 01 01 01 01 01 01 01 01 01 01 01 01 ff
[   98.959382] TPADHSUART-DBG RX< 00000210: ff 43 0c 01 01 01 01 00 01 01 01 01 01 00 01 01
[   98.959397] TPADHSUART-DBG RX< 00000220: 01 01 01 01 01 01 01 00 01 01 01 01 01 01 01 01
[   98.959412] TPADHSUART-DBG RX< 00000230: 01 01 01 01 01 01 01 01 01 00 01 ff ff 43 0d 01
[   98.959427] TPADHSUART-DBG RX< 00000240: 01 01 01 01 01 01 01 01 01 01 01 01 01 01 01 01
[   98.959443] TPADHSUART-DBG RX< 00000250: 01 01 01 01 01 01 01 01 01 01 01 01 01 01 01 01
[   98.959459] TPADHSUART-DBG RX< 00000260: 01 01 01 01 01 01 01 ff ff 43 0e 01 01 01 01 01
[   98.959474] TPADHSUART-DBG RX< 00000270: 01 01 01 01 01 01 01 01 01 01 00 01 01 01 01 01
[   98.959489] TPADHSUART-DBG RX< 00000280: 01 01 01 01 01 01 01 01 01 01 01 01 01 01 01 01
[   98.959505] TPADHSUART-DBG RX< 00000290: 01 01 01 ff ff 43 0f 01 01 01 01 01 01 01 01 01
[   98.959520] TPADHSUART-DBG RX< 000002a0: 01 01 01 01 01 01 01 01 01 01 01 01 01 00 01 01
[   98.959535] TPADHSUART-DBG RX< 000002b0: 01 01 01 01 01 01 01 01 01 01 01 01 01 01 01 ff
[   98.959551] TPADHSUART-DBG RX< 000002c0: ff 43 10 00 01 01 01 01 01 01 01 01 01 01 01 01
[   98.959566] TPADHSUART-DBG RX< 000002d0: 01 01 01 01 01 01 01 01 01 01 01 01 01 01 01 01
[   98.959581] TPADHSUART-DBG RX< 000002e0: 01 01 01 01 01 01 01 01 01 01 01 ff ff 43 11 01
[   98.959596] TPADHSUART-DBG RX< 000002f0: 01 01 01 01 01 01 01 01 01 01 01 01 01 01 01 01
[   98.959613] TPADHSUART-DBG RX< 00000300: 01 01 01 01 01 01 01 01 01 00 01 01 01 01 01 01
[   98.959628] TPADHSUART-DBG RX< 00000310: 01 01 01 01 01 01 01 ff ff 43 12 01 01 01 01 01
[   98.959643] TPADHSUART-DBG RX< 00000320: 01 01 01 01 01 00 01 02 02 01 01 01 01 01 01 01
[   98.959658] TPADHSUART-DBG RX< 00000330: 01 01 01 01 01 01 01 01 01 01 01 01 01 01 01 01
[   98.959675] TPADHSUART-DBG RX< 00000340: 01 01 01 ff ff 43 13 01 01 01 01 01 01 01 01 01
[   98.959690] TPADHSUART-DBG RX< 00000350: 01 01 02 03 02 01 01 01 01 01 01 01 01 01 01 01
[   98.959705] TPADHSUART-DBG RX< 00000360: 01 01 01 01 01 01 01 01 01 01 01 01 01 01 01 ff
[   98.959721] TPADHSUART-DBG RX< 00000370: ff 43 14 00 00 01 01 01 01 01 01 01 01 01 03 08
[   98.959737] TPADHSUART-DBG RX< 00000380: 04 01 01 01 01 01 01 01 01 01 01 01 01 01 01 01
[   98.959752] TPADHSUART-DBG RX< 00000390: 01 01 01 01 01 01 01 01 01 01 01 ff ff 43 15 01
[   98.959767] TPADHSUART-DBG RX< 000003a0: 01 01 01 01 01 01 01 01 01 01 01 05 04 01 01 01
[   98.959783] TPADHSUART-DBG RX< 000003b0: 01 01 01 01 01 01 01 01 01 01 01 01 01 01 01 01
[   98.959798] TPADHSUART-DBG RX< 000003c0: 01 01 01 01 01 01 01 ff ff 43 16 01 00 01 01 01
[   98.959813] TPADHSUART-DBG RX< 000003d0: 00 00 01 01 01 01 01 02 02 01 01 01 01 01 01 01
[   98.959828] TPADHSUART-DBG RX< 000003e0: 01 01 01 01 01 01 01 01 01 01 01 01 01 01 01 01
[   98.959844] TPADHSUART-DBG RX< 000003f0: 01 01 01 ff ff 43 17 01 00 01 01 00 01 01 01 01
[   98.959860] TPADHSUART-DBG RX< 00000400: 01 01 01 01 01 01 01 01 01 01 01 01 01 01 01 01
[   98.959875] TPADHSUART-DBG RX< 00000410: 01 01 01 01 01 01 01 01 01 01 01 01 01 01 01 ff
[   98.959890] TPADHSUART-DBG RX< 00000420: ff 43 18 01 01 01 01 01 01 01 00 01 01 01 01 01
[   98.959906] TPADHSUART-DBG RX< 00000430: 01 01 01 01 01 01 01 01 01 01 01 01 01 01 01 01
[   98.959921] TPADHSUART-DBG RX< 00000440: 01 01 01 01 01 01 01 01 01 01 01 ff ff 43 19 01
[   98.959936] TPADHSUART-DBG RX< 00000450: 01 01 01 01 01 00 01 01 01 01 01 01 01 01 01 01
[   98.959951] TPADHSUART-DBG RX< 00000460: 01 01 01 01 01 01 01 01 01 01 01 01 01 01 01 01
[   98.959967] TPADHSUART-DBG RX< 00000470: 01 01 01 01 01 01 01 ff ff 43 1a 01 01 01 01 01
[   98.959982] TPADHSUART-DBG RX< 00000480: 01 01 01 01 01 01 01 01 01 01 01 01 01 01 01 01
[   98.959997] TPADHSUART-DBG RX< 00000490: 01 01 01 01 01 00 01 01 01 01 01 01 01 01 01 01
[   98.960013] TPADHSUART-DBG RX< 000004a0: 01 01 01 ff ff 43 1b 01 01 01 01 01 01 01 01 00
[   98.960029] TPADHSUART-DBG RX< 000004b0: 01 01 01 01 01 01 01 01 01 01 01 01 01 01 01 01
[   98.960104] TPADHSUART-DBG RX< 000004c0: 01 01 01 01 01 01 01 01 01 01 01 01 01 00 01 ff
[   98.960120] TPADHSUART-DBG RX< 000004d0: ff 43 1c 01 01 01 01 01 01 01 01 01 01 01 01 01
[   98.960135] TPADHSUART-DBG RX< 000004e0: 01 01 00 01 01 01 01 01 01 01 01 01 01 01 01 01
[   98.960150] TPADHSUART-DBG RX< 000004f0: 01 01 01 01 01 01 01 01 01 01 01 ff ff 43 1d 01
[   98.960165] TPADHSUART-DBG RX< 00000500: 01 01 01 01 01 01 01 01 01 01 01 01 01 01 01 01
[   98.960182] TPADHSUART-DBG RX< 00000510: 01 01 01 01 01 01 00 01 01 01 01 01 01 01 01 01
[   98.960197] TPADHSUART-DBG RX< 00000520: 01 01 01 01 01 00 01 ff ff 47 08 00 00 00 00 00
[   98.960210] TPADHSUART-DBG RX< 00000530: 00 80 84 ff
[   99.872689] cpufreq: cpu 1 is not active.
[  101.073403] TPADHSUART-DBG RX< 00000000: ff 43 92 01 01 01 01 01 02 0c 06 01 01 00 01 01
[  101.073475] TPADHSUART-DBG RX< 00000010: 01 01 01 01 01 01 01 01 01 01 01 01 01 01 01 01
[  101.073541] TPADHSUART-DBG RX< 00000020: 01 01 01 01 01 01 01 01 01 01 01 ff ff 43 13 01
[  101.073605] TPADHSUART-DBG RX< 00000030: 01 01 01 01 04 0d 08 02 01 01 01 01 01 01 01 01
[  101.073669] TPADHSUART-DBG RX< 00000040: 01 01 01 01 01 01 01 01 01 01 01 01 01 01 01 01
[  101.073734] TPADHSUART-DBG RX< 00000050: 01 01 01 01 01 01 01 ff ff 43 14 00 00 01 01 01
[  101.073800] TPADHSUART-DBG RX< 00000060: 01 03 01 01 01 01 01 01 01 01 01 01 01 01 01 01
[  101.073871] TPADHSUART-DBG RX< 00000070: 01 01 01 01 01 01 01 01 01 01 01 01 01 01 01 01
[  101.073937] TPADHSUART-DBG RX< 00000080: 01 01 01 ff ff 43 15 01 01 01 01 01 01 01 01 01
[  101.074002] TPADHSUART-DBG RX< 00000090: 01 01 01 01 01 01 01 01 01 01 01 01 01 01 01 01
[  101.074066] TPADHSUART-DBG RX< 000000a0: 01 01 01 01 01 01 01 01 01 01 01 01 01 01 01 ff
[  101.074130] TPADHSUART-DBG RX< 000000b0: ff 43 16 01 01 01 01 01 01 00 01 01 01 01 01 01
[  101.074195] TPADHSUART-DBG RX< 000000c0: 01 01 01 01 01 01 01 01 01 01 01 01 01 01 01 01
[  101.074259] TPADHSUART-DBG RX< 000000d0: 01 01 01 01 01 01 01 01 01 01 01 ff ff 43 17 01
[  101.074323] TPADHSUART-DBG RX< 000000e0: 00 01 01 00 01 01 01 01 01 01 01 01 01 01 01 01
[  101.074389] TPADHSUART-DBG RX< 000000f0: 01 01 01 01 01 01 01 01 01 01 01 01 01 01 01 01
[  101.074458] TPADHSUART-DBG RX< 00000100: 01 01 01 01 01 01 01 ff ff 43 18 01 01 01 01 01
[  101.074529] TPADHSUART-DBG RX< 00000110: 01 01 00 01 01 01 01 01 01 01 01 01 01 01 01 01
[  101.074593] TPADHSUART-DBG RX< 00000120: 01 01 01 01 01 01 01 01 01 01 01 01 01 01 01 01
[  101.074657] TPADHSUART-DBG RX< 00000130: 01 01 01 ff ff 43 19 01 01 01 01 01 01 00 01 01
[  101.074721] TPADHSUART-DBG RX< 00000140: 01 01 01 01 01 01 01 01 01 01 01 01 01 01 01 01
[  101.074786] TPADHSUART-DBG RX< 00000150: 01 01 01 01 01 01 01 01 01 01 01 01 01 01 01 ff
[  101.074850] TPADHSUART-DBG RX< 00000160: ff 43 1a 01 01 01 01 01 01 01 01 01 01 01 01 01
[  101.074914] TPADHSUART-DBG RX< 00000170: 01 01 01 01 01 01 01 01 01 01 01 01 01 00 01 01
[  101.074980] TPADHSUART-DBG RX< 00000180: 01 01 01 01 01 01 01 01 01 01 01 ff ff 43 1b 01
[  101.075051] TPADHSUART-DBG RX< 00000190: 01 01 01 01 01 01 01 00 01 01 01 01 01 01 01 01
[  101.075117] TPADHSUART-DBG RX< 000001a0: 01 01 01 01 01 01 01 01 01 01 01 01 01 01 01 01
[  101.075182] TPADHSUART-DBG RX< 000001b0: 01 01 01 01 01 00 01 ff ff 43 1c 01 01 01 01 01
[  101.075246] TPADHSUART-DBG RX< 000001c0: 01 01 01 01 01 01 01 01 01 01 00 01 01 01 01 01
[  101.075310] TPADHSUART-DBG RX< 000001d0: 01 01 01 01 01 01 01 01 01 01 01 01 01 01 01 01
[  101.075374] TPADHSUART-DBG RX< 000001e0: 01 01 01 ff ff 43 1d 01 01 01 01 01 01 01 01 01
[  101.075438] TPADHSUART-DBG RX< 000001f0: 01 01 01 01 01 01 01 01 01 01 01 01 01 01 00 01
[  101.075503] TPADHSUART-DBG RX< 00000200: 01 01 01 01 01 01 01 01 01 01 01 01 01 00 01 ff
[  101.075564] TPADHSUART-DBG RX< 00000210: ff 47 08 00 00 00 00 00 00 84 17 ff
[  101.084550] TPADHSUART-DBG RX< 00000000: ff 43 80 01 01 01 01 01 01 01 01 01 01 01 01 01
[  101.084570] TPADHSUART-DBG RX< 00000010: 01 01 01 01 01 01 01 01 01 01 01 01 01 01 01 01
[  101.084586] TPADHSUART-DBG RX< 00000020: 01 01 01 01 01 01 01 01 01 01 01 ff ff 43 01 01
[  101.084603] TPADHSUART-DBG RX< 00000030: 01 01 01 01 01 01 01 01 01 01 01 01 01 01 01 01
[  101.084619] TPADHSUART-DBG RX< 00000040: 01 01 01 01 01 01 01 01 01 00 01 01 01 01 01 01
[  101.084634] TPADHSUART-DBG RX< 00000050: 01 01 01 01 01 01 01 ff ff 43 02 01 01 01 01 01
[  101.084650] TPADHSUART-DBG RX< 00000060: 01 01 01 01 01 01 01 01 01 01 01 01 01 01 01 01
[  101.084666] TPADHSUART-DBG RX< 00000070: 01 01 00 01 00 01 01 01 01 01 01 01 01 01 01 01
[  101.084682] TPADHSUART-DBG RX< 00000080: 01 01 01 ff ff 43 03 01 01 01 01 01 01 01 01 01
[  101.084697] TPADHSUART-DBG RX< 00000090: 01 01 01 01 01 01 01 01 01 01 01 01 01 01 01 01
[  101.084712] TPADHSUART-DBG RX< 000000a0: 01 01 01 01 01 01 01 01 01 01 01 01 01 01 01 ff
[  101.084730] TPADHSUART-DBG RX< 000000b0: ff 43 04 00 00 01 00 00 01 01 01 01 01 00 01 01
[  101.084747] TPADHSUART-DBG RX< 000000c0: 01 01 01 01 01 01 01 01 01 01 01 01 01 01 01 01
[  101.084776] TPADHSUART-DBG RX< 000000d0: 01 01 01 01 01 01 01 01 01 01 01 ff ff 43 05 01
[  101.084793] TPADHSUART-DBG RX< 000000e0: 01 01 00 01 01 00 01 01 01 00 01 01 01 01 01 01
[  101.084808] TPADHSUART-DBG RX< 000000f0: 01 01 01 01 01 01 01 01 01 01 01 01 01 01 01 01
[  101.084823] TPADHSUART-DBG RX< 00000100: 01 01 01 01 01 01 01 ff ff 43 06 01 01 01 01 01
[  101.084839] TPADHSUART-DBG RX< 00000110: 01 01 01 01 01 01 01 01 01 01 01 01 01 01 01 01
[  101.084857] TPADHSUART-DBG RX< 00000120: 01 01 01 01 01 01 01 01 01 01 01 01 01 01 01 01
[  101.084873] TPADHSUART-DBG RX< 00000130: 01 01 01 ff ff 43 07 01 01 01 01 01 01 00 01 01
[  101.084888] TPADHSUART-DBG RX< 00000140: 01 01 01 01 01 01 01 01 01 01 01 01 01 01 01 01
[  101.084903] TPADHSUART-DBG RX< 00000150: 01 01 01 00 01 01 01 01 01 01 01 01 01 01 01 ff
[  101.084920] TPADHSUART-DBG RX< 00000160: ff 43 08 01 01 01 01 01 01 01 01 01 01 01 01 01
[  101.084935] TPADHSUART-DBG RX< 00000170: 01 01 01 01 01 01 01 01 01 01 01 01 01 01 01 01
[  101.084950] TPADHSUART-DBG RX< 00000180: 01 01 01 01 01 01 01 01 01 01 01 ff ff 43 09 01
[  101.084965] TPADHSUART-DBG RX< 00000190: 01 01 01 01 01 01 01 01 01 01 01 01 01 01 01 01
[  101.084983] TPADHSUART-DBG RX< 000001a0: 01 01 01 01 01 01 01 01 01 01 01 01 01 01 01 01
[  101.084998] TPADHSUART-DBG RX< 000001b0: 01 01 01 01 01 01 01 ff ff 43 0a 01 01 01 01 01
[  101.085013] TPADHSUART-DBG RX< 000001c0: 01 01 01 01 01 01 01 01 01 01 01 01 01 01 01 01
[  101.085029] TPADHSUART-DBG RX< 000001d0: 01 01 01 01 01 01 01 01 01 01 01 01 01 01 01 01
[  101.085046] TPADHSUART-DBG RX< 000001e0: 01 01 01 ff ff 43 0b 01 01 01 01 01 01 01 01 01
[  101.085061] TPADHSUART-DBG RX< 000001f0: 01 00 01 01 01 01 01 01 01 01 01 01 01 01 01 01
[  101.085076] TPADHSUART-DBG RX< 00000200: 01 01 01 01 01 01 01 01 01 01 01 01 01 01 01 ff
[  101.085092] TPADHSUART-DBG RX< 00000210: ff 43 0c 01 01 01 01 00 01 01 01 01 01 01 01 01
[  101.085110] TPADHSUART-DBG RX< 00000220: 01 01 01 01 01 01 01 00 01 01 01 01 01 01 01 01
[  101.085125] TPADHSUART-DBG RX< 00000230: 01 01 01 01 01 01 01 01 01 00 01 ff ff 43 0d 01
[  101.085139] TPADHSUART-DBG RX< 00000240: 01 01 01 01 01 01 01 01 01 01 01 01 01 01 01 01
[  101.085156] TPADHSUART-DBG RX< 00000250: 01 01 01 01 01 01 01 01 01 01 01 01 01 01 01 01
[  101.085173] TPADHSUART-DBG RX< 00000260: 01 01 01 01 01 01 01 ff ff 43 0e 01 01 01 01 01
[  101.085188] TPADHSUART-DBG RX< 00000270: 01 01 01 01 01 01 01 01 01 01 01 01 01 01 01 01
[  101.085202] TPADHSUART-DBG RX< 00000280: 01 01 01 01 01 01 01 01 01 01 01 01 01 01 01 01
[  101.085218] TPADHSUART-DBG RX< 00000290: 01 01 01 ff ff 43 0f 01 01 01 01 01 01 01 01 01
[  101.085237] TPADHSUART-DBG RX< 000002a0: 01 01 01 01 01 01 01 01 01 01 01 01 01 00 01 01
[  101.085253] TPADHSUART-DBG RX< 000002b0: 01 01 01 01 01 01 01 01 01 01 01 01 01 01 01 ff
[  101.085268] TPADHSUART-DBG RX< 000002c0: ff 43 10 00 01 01 01 01 01 02 01 01 01 01 01 01
[  101.085283] TPADHSUART-DBG RX< 000002d0: 01 01 01 01 01 01 01 01 01 01 01 01 01 01 01 01
[  101.085300] TPADHSUART-DBG RX< 000002e0: 01 01 01 01 01 01 01 01 01 01 01 ff ff 43 11 01
[  101.085317] TPADHSUART-DBG RX< 000002f0: 01 01 01 01 01 0a 05 01 01 01 01 01 01 01 01 01
[  101.085331] TPADHSUART-DBG RX< 00000300: 01 01 01 01 01 01 01 01 01 01 01 01 01 01 01 01
[  101.085357] TPADHSUART-DBG RX< 00000310: 01 01 01 01 01 01 01 ff ff 43 12 01 01 01 01 01
[  101.085372] TPADHSUART-DBG RX< 00000320: 06 34 1b 02 01 00 01 01 01 01 01 01 01 01 01 01
[  101.085387] TPADHSUART-DBG RX< 00000330: 01 01 01 01 01 01 01 01 01 01 01 01 01 01 01 01
[  101.085405] TPADHSUART-DBG RX< 00000340: 01 01 01 ff ff 43 13 01 01 01 01 01 04 2b 1b 04
[  101.085422] TPADHSUART-DBG RX< 00000350: 01 01 01 01 01 01 01 01 01 01 01 01 01 01 01 01
[  101.085437] TPADHSUART-DBG RX< 00000360: 01 01 01 01 01 01 01 01 01 01 01 01 01 01 01 ff
[  101.085452] TPADHSUART-DBG RX< 00000370: ff 43 14 00 00 01 01 01 01 0b 04 01 01 01 01 01
[  101.085468] TPADHSUART-DBG RX< 00000380: 01 01 01 01 01 01 01 01 01 01 01 01 01 01 01 01
[  101.085485] TPADHSUART-DBG RX< 00000390: 01 01 01 01 01 01 01 01 01 01 01 ff ff 43 15 01
[  101.085500] TPADHSUART-DBG RX< 000003a0: 01 01 01 01 01 01 01 01 01 01 01 01 01 01 01 01
[  101.085515] TPADHSUART-DBG RX< 000003b0: 01 01 01 01 01 01 01 01 01 01 01 01 01 01 01 01
[  101.085532] TPADHSUART-DBG RX< 000003c0: 01 01 01 01 01 01 01 ff ff 43 16 01 01 01 01 01
[  101.085549] TPADHSUART-DBG RX< 000003d0: 01 00 01 01 01 01 01 01 01 01 01 01 01 01 01 01
[  101.085564] TPADHSUART-DBG RX< 000003e0: 01 01 01 01 01 01 01 01 01 01 01 01 01 01 01 01
[  101.085579] TPADHSUART-DBG RX< 000003f0: 01 01 01 ff ff 43 17 01 00 01 01 00 01 01 01 01
[  101.085595] TPADHSUART-DBG RX< 00000400: 01 01 01 01 01 01 01 01 01 01 01 01 01 01 01 01
[  101.085613] TPADHSUART-DBG RX< 00000410: 01 01 01 01 01 01 01 01 01 01 01 01 01 01 01 ff
[  101.085629] TPADHSUART-DBG RX< 00000420: ff 43 18 01 01 01 01 01 01 01 00 01 01 01 01 01
[  101.085644] TPADHSUART-DBG RX< 00000430: 01 01 01 01 01 01 01 01 01 01 01 01 01 01 01 01
[  101.085660] TPADHSUART-DBG RX< 00000440: 01 01 01 01 01 01 01 01 01 01 01 ff ff 43 19 01
[  101.085678] TPADHSUART-DBG RX< 00000450: 01 01 01 01 01 00 01 01 01 01 01 01 01 01 01 01
[  101.085694] TPADHSUART-DBG RX< 00000460: 01 01 01 01 01 01 01 01 01 01 01 01 01 01 01 01
[  101.085709] TPADHSUART-DBG RX< 00000470: 01 01 01 01 01 01 01 ff ff 43 1a 01 01 01 01 01
[  101.085724] TPADHSUART-DBG RX< 00000480: 01 01 01 01 01 01 01 01 01 01 01 01 01 01 01 01
[  101.085743] TPADHSUART-DBG RX< 00000490: 01 01 01 01 01 00 01 01 01 01 01 01 01 01 01 01
[  101.085759] TPADHSUART-DBG RX< 000004a0: 01 01 01 ff ff 43 1b 01 01 01 01 01 01 01 01 00
[  101.085774] TPADHSUART-DBG RX< 000004b0: 01 01 01 01 01 01 01 01 01 01 01 01 01 01 01 01
[  101.085789] TPADHSUART-DBG RX< 000004c0: 01 01 01 01 01 01 01 01 01 01 01 01 01 00 01 ff
[  101.085806] TPADHSUART-DBG RX< 000004d0: ff 43 1c 01 01 01 01 01 01 01 01 01 01 01 01 01
[  101.085823] TPADHSUART-DBG RX< 000004e0: 01 01 00 01 01 01 01 01 01 01 01 01 01 01 01 01
[  101.085838] TPADHSUART-DBG RX< 000004f0: 01 01 01 01 01 01 01 01 01 01 01 ff ff 43 1d 01
[  101.085853] TPADHSUART-DBG RX< 00000500: 01 01 01 01 01 01 01 01 01 01 01 01 01 01 01 01
[  101.085871] TPADHSUART-DBG RX< 00000510: 01 01 01 01 01 01 00 01 01 01 01 01 01 01 01 01
[  101.085888] TPADHSUART-DBG RX< 00000520: 01 01 01 01 01 00 01 ff ff 47 08 00 00 00 00 00
[  101.085901] TPADHSUART-DBG RX< 00000530: 00 84 1c ff
[  101.096094] TPADHSUART-DBG RX< 00000000: ff 43 80 01 01 01 01 01 01 01 01 01 01 01 01 01
[  101.096116] TPADHSUART-DBG RX< 00000010: 01 01 01 01 01 01 01 01 01 01 01 01 01 01 01 01
[  101.096133] TPADHSUART-DBG RX< 00000020: 01 01 01 01 01 01 01 01 01 01 01 ff ff 43 01 01
[  101.096165] TPADHSUART-DBG RX< 00000030: 01 01 01 01 01 01 01 01 01 01 01 01 01 01 01 01
[  101.096181] TPADHSUART-DBG RX< 00000040: 01 01 01 01 01 01 01 01 01 00 01 01 01 01 01 01
[  101.096199] TPADHSUART-DBG RX< 00000050: 01 01 01 01 01 01 01 ff ff 43 02 01 01 01 01 01
[  101.096214] TPADHSUART-DBG RX< 00000060: 01 01 01 01 01 01 01 01 01 01 01 01 01 01 01 01
[  101.096229] TPADHSUART-DBG RX< 00000070: 01 01 00 01 00 01 01 01 01 01 01 01 01 01 01 01
[  101.096245] TPADHSUART-DBG RX< 00000080: 01 01 01 ff ff 43 03 01 01 01 01 01 01 01 01 01
[  101.096262] TPADHSUART-DBG RX< 00000090: 01 01 01 01 01 01 01 01 01 01 01 01 01 01 01 01
[  101.096278] TPADHSUART-DBG RX< 000000a0: 01 01 01 01 01 01 01 01 01 01 01 01 01 01 01 ff
[  101.096292] TPADHSUART-DBG RX< 000000b0: ff 43 04 00 00 01 00 00 01 01 01 01 01 00 01 01
[  101.096308] TPADHSUART-DBG RX< 000000c0: 01 01 01 01 01 01 01 01 01 01 01 01 01 01 01 01
[  101.096326] TPADHSUART-DBG RX< 000000d0: 01 01 01 01 01 01 01 01 01 01 01 ff ff 43 05 01
[  101.096342] TPADHSUART-DBG RX< 000000e0: 01 01 00 01 01 00 01 01 01 00 01 01 01 01 01 01
[  101.096357] TPADHSUART-DBG RX< 000000f0: 01 01 01 01 01 01 01 01 01 01 01 01 01 01 01 01
[  101.096388] TPADHSUART-DBG RX< 00000100: 01 01 01 01 01 01 01 ff ff 43 06 01 01 01 01 01
[  101.096404] TPADHSUART-DBG RX< 00000110: 01 01 01 01 01 01 01 01 01 01 01 01 01 01 01 01
[  101.096419] TPADHSUART-DBG RX< 00000120: 01 01 01 01 01 01 01 01 01 01 01 01 01 01 01 01
[  101.096435] TPADHSUART-DBG RX< 00000130: 01 01 01 ff ff 43 07 01 01 01 01 01 01 00 01 01
[  101.096453] TPADHSUART-DBG RX< 00000140: 01 01 01 01 01 01 01 01 01 01 01 01 01 01 01 01
[  101.096469] TPADHSUART-DBG RX< 00000150: 01 01 01 00 01 01 01 01 01 01 01 01 01 01 01 ff
[  101.096484] TPADHSUART-DBG RX< 00000160: ff 43 08 01 01 01 01 01 01 01 01 01 01 01 01 01
[  101.096499] TPADHSUART-DBG RX< 00000170: 01 01 01 01 01 01 01 01 01 01 01 01 01 01 01 01
[  101.096515] TPADHSUART-DBG RX< 00000180: 01 01 01 01 01 01 01 01 01 01 01 ff ff 43 09 01
[  101.096531] TPADHSUART-DBG RX< 00000190: 01 01 01 01 01 01 01 01 01 01 01 01 01 01 01 01
[  101.096546] TPADHSUART-DBG RX< 000001a0: 01 01 01 01 01 01 01 01 01 01 01 01 01 01 01 01
[  101.096561] TPADHSUART-DBG RX< 000001b0: 01 01 01 01 01 01 01 ff ff 43 0a 01 01 01 01 01
[  101.096580] TPADHSUART-DBG RX< 000001c0: 01 01 01 01 01 01 01 01 01 01 01 01 01 01 01 01
[  101.096597] TPADHSUART-DBG RX< 000001d0: 01 01 01 01 01 01 01 01 01 01 01 01 01 01 01 01
[  101.096611] TPADHSUART-DBG RX< 000001e0: 01 01 01 ff ff 43 0b 01 01 01 01 01 01 01 01 01
[  101.096626] TPADHSUART-DBG RX< 000001f0: 01 00 01 01 01 01 01 01 01 01 01 01 01 01 01 01
[  101.096642] TPADHSUART-DBG RX< 00000200: 01 01 01 01 01 01 01 01 01 01 01 01 01 01 01 ff
[  101.096658] TPADHSUART-DBG RX< 00000210: ff 43 0c 01 01 01 01 00 01 01 01 01 01 01 01 01
[  101.096673] TPADHSUART-DBG RX< 00000220: 01 01 01 01 01 01 01 00 01 01 01 01 01 01 01 01
[  101.096689] TPADHSUART-DBG RX< 00000230: 01 01 01 01 01 01 01 01 01 00 01 ff ff 43 0d 01
[  101.096706] TPADHSUART-DBG RX< 00000240: 01 01 01 01 01 01 01 01 01 01 01 01 01 01 01 01
[  101.096723] TPADHSUART-DBG RX< 00000250: 01 01 01 01 01 01 01 01 01 01 01 01 01 01 01 01
[  101.096737] TPADHSUART-DBG RX< 00000260: 01 01 01 01 01 01 01 ff ff 43 0e 01 01 01 01 01
[  101.096753] TPADHSUART-DBG RX< 00000270: 01 01 01 01 01 01 01 01 01 01 01 01 01 01 01 01
[  101.096769] TPADHSUART-DBG RX< 00000280: 01 01 01 01 01 01 01 01 01 01 01 01 01 01 01 01
[  101.096784] TPADHSUART-DBG RX< 00000290: 01 01 01 ff ff 43 0f 01 01 01 01 01 01 01 01 01
[  101.096799] TPADHSUART-DBG RX< 000002a0: 01 01 01 01 01 01 01 01 01 01 01 01 01 00 01 01
[  101.096815] TPADHSUART-DBG RX< 000002b0: 01 01 01 01 01 01 01 01 01 01 01 01 01 01 01 ff
[  101.096832] TPADHSUART-DBG RX< 000002c0: ff 43 10 00 01 01 01 01 01 03 01 01 01 01 01 01
[  101.096847] TPADHSUART-DBG RX< 000002d0: 01 01 01 01 01 01 01 01 01 01 01 01 01 01 01 01
[  101.096862] TPADHSUART-DBG RX< 000002e0: 01 01 01 01 01 01 01 01 01 01 01 ff ff 43 11 01
[  101.096878] TPADHSUART-DBG RX< 000002f0: 01 01 01 01 03 11 09 02 01 01 01 01 01 01 01 01
[  101.096895] TPADHSUART-DBG RX< 00000300: 01 01 01 01 01 01 01 01 01 01 01 01 01 01 01 01
[  101.096910] TPADHSUART-DBG RX< 00000310: 01 01 01 01 01 01 01 ff ff 43 12 01 01 01 01 01
[  101.096925] TPADHSUART-DBG RX< 00000320: 0a 42 29 05 01 00 01 01 01 01 01 01 01 01 01 01
[  101.096941] TPADHSUART-DBG RX< 00000330: 01 01 01 01 01 01 01 01 01 01 01 01 01 01 01 01
[  101.096959] TPADHSUART-DBG RX< 00000340: 01 01 01 ff ff 43 13 01 01 01 01 01 07 33 28 05
[  101.096976] TPADHSUART-DBG RX< 00000350: 01 01 01 01 01 01 01 01 01 01 01 01 01 01 01 01
[  101.096990] TPADHSUART-DBG RX< 00000360: 01 01 01 01 01 01 01 01 01 01 01 01 01 01 01 ff
[  101.097006] TPADHSUART-DBG RX< 00000370: ff 43 14 00 00 01 01 01 02 0f 09 02 01 01 01 01
[  101.097022] TPADHSUART-DBG RX< 00000380: 01 01 01 01 01 01 01 01 01 01 01 01 01 01 01 01
[  101.097039] TPADHSUART-DBG RX< 00000390: 01 01 01 01 01 01 01 01 01 01 01 ff ff 43 15 01
[  101.097053] TPADHSUART-DBG RX< 000003a0: 01 01 01 01 01 02 02 01 01 01 01 01 01 01 01 01
[  101.097069] TPADHSUART-DBG RX< 000003b0: 01 01 01 01 01 01 01 01 01 01 01 01 01 01 01 01
[  101.097086] TPADHSUART-DBG RX< 000003c0: 01 01 01 01 01 01 01 ff ff 43 16 01 01 01 01 01
[  101.097103] TPADHSUART-DBG RX< 000003d0: 01 01 01 01 01 01 01 01 01 01 01 01 01 01 01 01
[  101.097120] TPADHSUART-DBG RX< 000003e0: 01 01 01 01 01 01 01 01 01 01 01 01 01 01 01 01
[  101.097135] TPADHSUART-DBG RX< 000003f0: 01 01 01 ff ff 43 17 01 00 01 01 00 01 01 01 01
[  101.097150] TPADHSUART-DBG RX< 00000400: 01 01 01 01 01 01 01 01 01 01 01 01 01 01 01 01
[  101.097169] TPADHSUART-DBG RX< 00000410: 01 01 01 01 01 01 01 01 01 01 01 01 01 01 01 ff
[  101.097184] TPADHSUART-DBG RX< 00000420: ff 43 18 01 01 01 01 01 01 01 00 01 01 01 01 01
[  101.097199] TPADHSUART-DBG RX< 00000430: 01 01 01 01 01 01 01 01 01 01 01 01 01 01 01 01
[  101.097215] TPADHSUART-DBG RX< 00000440: 01 01 01 01 01 01 01 01 01 01 01 ff ff 43 19 01
[  101.097232] TPADHSUART-DBG RX< 00000450: 01 01 01 01 01 00 01 01 01 01 01 01 01 01 01 01
[  101.097247] TPADHSUART-DBG RX< 00000460: 01 01 01 01 01 01 01 01 01 01 01 01 01 01 01 01
[  101.097262] TPADHSUART-DBG RX< 00000470: 01 01 01 01 01 01 01 ff ff 43 1a 01 01 01 01 01
[  101.097278] TPADHSUART-DBG RX< 00000480: 01 01 01 01 01 01 01 01 01 01 01 01 01 01 01 01
[  101.097296] TPADHSUART-DBG RX< 00000490: 01 01 01 01 01 00 01 01 01 01 01 01 01 01 01 01
[  101.097312] TPADHSUART-DBG RX< 000004a0: 01 01 01 ff ff 43 1b 01 01 01 01 01 01 01 01 00
[  101.097326] TPADHSUART-DBG RX< 000004b0: 01 01 01 01 01 01 01 01 01 01 01 01 01 01 01 01
[  101.097342] TPADHSUART-DBG RX< 000004c0: 01 01 01 01 01 01 01 01 01 01 01 01 01 00 01 ff
[  101.097358] TPADHSUART-DBG RX< 000004d0: ff 43 1c 01 01 01 01 01 01 01 01 01 01 01 01 01
[  101.097374] TPADHSUART-DBG RX< 000004e0: 01 01 00 01 01 01 01 01 01 01 01 01 01 01 01 01
[  101.097389] TPADHSUART-DBG RX< 000004f0: 01 01 01 01 01 01 01 01 01 01 01 ff ff 43 1d 01
[  101.097404] TPADHSUART-DBG RX< 00000500: 01 01 01 01 01 01 01 01 01 01 01 01 01 01 01 01
[  101.097423] TPADHSUART-DBG RX< 00000510: 01 01 01 01 01 01 00 01 01 01 01 01 01 01 01 01
[  101.097438] TPADHSUART-DBG RX< 00000520: 01 01 01 01 01 00 01 ff ff 47 08 00 00 00 00 00
[  101.097450] TPADHSUART-DBG RX< 00000530: 00 84 21 ff
[  101.107617] TPADHSUART-DBG RX< 00000000: ff 43 80 01 01 01 01 01 01 01 01 01 01 01 01 01
[  101.107637] TPADHSUART-DBG RX< 00000010: 01 01 01 01 01 01 01 01 01 01 01 01 01 01 01 01
[  101.107653] TPADHSUART-DBG RX< 00000020: 01 01 01 01 01 01 01 01 01 01 01 ff ff 43 01 01
[  101.107669] TPADHSUART-DBG RX< 00000030: 01 01 01 01 01 01 01 01 01 01 01 01 01 01 01 01
[  101.107686] TPADHSUART-DBG RX< 00000040: 01 01 01 01 01 01 01 01 01 00 01 01 01 01 01 01
[  101.107701] TPADHSUART-DBG RX< 00000050: 01 01 01 01 01 01 01 ff ff 43 02 01 01 01 01 01
[  101.107716] TPADHSUART-DBG RX< 00000060: 01 01 01 01 01 01 01 01 01 01 01 01 01 01 01 01
[  101.107733] TPADHSUART-DBG RX< 00000070: 01 01 00 01 00 01 01 01 01 01 01 01 01 01 01 01
[  101.107750] TPADHSUART-DBG RX< 00000080: 01 01 01 ff ff 43 03 01 01 01 01 01 01 01 01 01
[  101.107765] TPADHSUART-DBG RX< 00000090: 01 01 01 01 01 01 01 01 01 01 01 01 01 01 01 01
[  101.107780] TPADHSUART-DBG RX< 000000a0: 01 01 01 01 01 01 01 01 01 01 01 01 01 01 01 ff
[  101.107796] TPADHSUART-DBG RX< 000000b0: ff 43 04 00 00 01 00 00 01 01 01 01 01 00 01 01
[  101.107814] TPADHSUART-DBG RX< 000000c0: 01 01 01 01 01 01 01 01 01 01 01 01 01 01 01 01
[  101.107830] TPADHSUART-DBG RX< 000000d0: 01 01 01 01 01 01 01 01 01 01 01 ff ff 43 05 01
[  101.107845] TPADHSUART-DBG RX< 000000e0: 01 01 00 01 01 00 01 01 01 00 01 01 01 01 01 01
[  101.107862] TPADHSUART-DBG RX< 000000f0: 01 01 01 01 01 01 01 01 01 01 01 01 01 01 01 01
[  101.107879] TPADHSUART-DBG RX< 00000100: 01 01 01 01 01 01 01 ff ff 43 06 01 01 01 01 01
[  101.107894] TPADHSUART-DBG RX< 00000110: 01 01 01 01 01 01 01 01 01 01 01 01 01 01 01 01
[  101.107909] TPADHSUART-DBG RX< 00000120: 01 01 01 01 01 01 01 01 01 01 01 01 01 01 01 01
[  101.107925] TPADHSUART-DBG RX< 00000130: 01 01 01 ff ff 43 07 01 01 01 01 01 01 00 01 01
[  101.107944] TPADHSUART-DBG RX< 00000140: 01 01 01 01 01 01 01 01 01 01 01 01 01 01 01 01
[  101.107960] TPADHSUART-DBG RX< 00000150: 01 01 01 00 01 01 01 01 01 01 01 01 01 01 01 ff
[  101.107975] TPADHSUART-DBG RX< 00000160: ff 43 08 01 01 01 01 01 01 01 01 01 01 01 01 01
[  101.107990] TPADHSUART-DBG RX< 00000170: 01 01 01 01 01 01 01 01 01 01 01 01 01 01 01 01
[  101.108007] TPADHSUART-DBG RX< 00000180: 01 01 01 01 01 01 01 01 01 01 01 ff ff 43 09 01
[  101.108024] TPADHSUART-DBG RX< 00000190: 01 01 01 01 01 01 01 01 01 01 01 01 01 01 01 01
[  101.108038] TPADHSUART-DBG RX< 000001a0: 01 01 01 01 01 01 01 01 01 01 01 01 01 01 01 01
[  101.108053] TPADHSUART-DBG RX< 000001b0: 01 01 01 01 01 01 01 ff ff 43 0a 01 01 01 01 01
[  101.108071] TPADHSUART-DBG RX< 000001c0: 01 01 01 01 01 01 01 01 01 01 01 01 01 01 01 01
[  101.108088] TPADHSUART-DBG RX< 000001d0: 01 01 01 01 01 01 01 01 01 01 01 01 01 01 01 01
[  101.108105] TPADHSUART-DBG RX< 000001e0: 01 01 01 ff ff 43 0b 01 01 01 01 01 01 01 01 01
[  101.108119] TPADHSUART-DBG RX< 000001f0: 01 00 01 01 01 01 01 01 01 01 01 01 01 01 01 01
[  101.108135] TPADHSUART-DBG RX< 00000200: 01 01 01 01 01 01 01 01 01 01 01 01 01 01 01 ff
[  101.108154] TPADHSUART-DBG RX< 00000210: ff 43 0c 01 01 01 01 00 01 01 01 01 01 01 01 01
[  101.108170] TPADHSUART-DBG RX< 00000220: 01 01 01 01 01 01 01 00 01 01 01 01 01 01 01 01
[  101.108185] TPADHSUART-DBG RX< 00000230: 01 01 01 01 01 01 01 01 01 00 01 ff ff 43 0d 01
[  101.108200] TPADHSUART-DBG RX< 00000240: 01 01 01 01 01 01 01 01 01 01 01 01 01 01 01 01
[  101.108217] TPADHSUART-DBG RX< 00000250: 01 01 01 01 01 01 01 01 01 01 01 01 01 01 01 01
[  101.108233] TPADHSUART-DBG RX< 00000260: 01 01 01 01 01 01 01 ff ff 43 0e 01 01 01 01 01
[  101.108248] TPADHSUART-DBG RX< 00000270: 01 01 01 01 01 01 01 01 01 01 01 01 01 01 01 01
[  101.108263] TPADHSUART-DBG RX< 00000280: 01 01 01 01 01 01 01 01 01 01 01 01 01 01 01 01
[  101.108281] TPADHSUART-DBG RX< 00000290: 01 01 01 ff ff 43 0f 01 01 01 01 01 01 01 01 01
[  101.108298] TPADHSUART-DBG RX< 000002a0: 01 01 01 01 01 01 01 01 01 01 01 01 01 00 01 01
[  101.108314] TPADHSUART-DBG RX< 000002b0: 01 01 01 01 01 01 01 01 01 01 01 01 01 01 01 ff
[  101.108329] TPADHSUART-DBG RX< 000002c0: ff 43 10 00 01 01 01 01 01 03 02 01 01 01 01 01
[  101.108345] TPADHSUART-DBG RX< 000002d0: 01 01 01 01 01 01 01 01 01 01 01 01 01 01 01 01
[  101.108362] TPADHSUART-DBG RX< 000002e0: 01 01 01 01 01 01 01 01 01 01 01 ff ff 43 11 01
[  101.108379] TPADHSUART-DBG RX< 000002f0: 01 01 01 01 03 11 0a 02 01 01 01 01 01 01 01 01
[  101.108394] TPADHSUART-DBG RX< 00000300: 01 01 01 01 01 01 01 01 01 01 01 01 01 01 01 01
[  101.108410] TPADHSUART-DBG RX< 00000310: 01 01 01 01 01 01 01 ff ff 43 12 01 01 01 01 01
[  101.108427] TPADHSUART-DBG RX< 00000320: 0b 43 2d 05 01 00 01 01 01 01 01 01 01 01 01 01
[  101.108443] TPADHSUART-DBG RX< 00000330: 01 01 01 01 01 01 01 01 01 01 01 01 01 01 01 01
[  101.108457] TPADHSUART-DBG RX< 00000340: 01 01 01 ff ff 43 13 01 01 01 01 01 07 33 2c 05
[  101.108473] TPADHSUART-DBG RX< 00000350: 01 01 01 01 01 01 01 01 01 01 01 01 01 01 01 01
[  101.108491] TPADHSUART-DBG RX< 00000360: 01 01 01 01 01 01 01 01 01 01 01 01 01 01 01 ff
[  101.108507] TPADHSUART-DBG RX< 00000370: ff 43 14 00 00 01 01 01 02 0f 09 02 01 01 01 01
[  101.108522] TPADHSUART-DBG RX< 00000380: 01 01 01 01 01 01 01 01 01 01 01 01 01 01 01 01
[  101.108537] TPADHSUART-DBG RX< 00000390: 01 01 01 01 01 01 01 01 01 01 01 ff ff 43 15 01
[  101.108554] TPADHSUART-DBG RX< 000003a0: 01 01 01 01 01 03 02 01 01 01 01 01 01 01 01 01
[  101.108569] TPADHSUART-DBG RX< 000003b0: 01 01 01 01 01 01 01 01 01 01 01 01 01 01 01 01
[  101.108584] TPADHSUART-DBG RX< 000003c0: 01 01 01 01 01 01 01 ff ff 43 16 01 01 01 01 01
[  101.108600] TPADHSUART-DBG RX< 000003d0: 01 01 01 01 01 01 01 01 01 01 01 01 01 01 01 01
[  101.108618] TPADHSUART-DBG RX< 000003e0: 01 01 01 01 01 01 01 01 01 01 01 01 01 01 01 01
[  101.108635] TPADHSUART-DBG RX< 000003f0: 01 01 01 ff ff 43 17 01 00 01 01 00 01 01 01 01
[  101.108650] TPADHSUART-DBG RX< 00000400: 01 01 01 01 01 01 01 01 01 01 01 01 01 01 01 01
[  101.108665] TPADHSUART-DBG RX< 00000410: 01 01 01 01 01 01 01 01 01 01 01 01 01 01 01 ff
[  101.108681] TPADHSUART-DBG RX< 00000420: ff 43 18 01 01 01 01 01 01 01 00 01 01 01 01 01
[  101.108698] TPADHSUART-DBG RX< 00000430: 01 01 01 01 01 01 01 01 01 01 01 01 01 01 01 01
[  101.108713] TPADHSUART-DBG RX< 00000440: 01 01 01 01 01 01 01 01 01 01 01 ff ff 43 19 01
[  101.108728] TPADHSUART-DBG RX< 00000450: 01 01 01 01 01 00 01 01 01 01 01 01 01 01 01 01
[  101.108745] TPADHSUART-DBG RX< 00000460: 01 01 01 01 01 01 01 01 01 01 01 01 01 01 01 01
[  101.108763] TPADHSUART-DBG RX< 00000470: 01 01 01 01 01 01 01 ff ff 43 1a 01 01 01 01 01
[  101.108779] TPADHSUART-DBG RX< 00000480: 01 01 01 01 01 01 01 01 01 01 01 01 01 01 01 01
[  101.108794] TPADHSUART-DBG RX< 00000490: 01 01 01 01 01 00 01 01 01 01 01 01 01 01 01 01
[  101.108810] TPADHSUART-DBG RX< 000004a0: 01 01 01 ff ff 43 1b 01 01 01 01 01 01 01 01 00
[  101.108829] TPADHSUART-DBG RX< 000004b0: 01 01 01 01 01 01 01 01 01 01 01 01 01 01 01 01
[  101.108845] TPADHSUART-DBG RX< 000004c0: 01 01 01 01 01 01 01 01 01 01 01 01 01 00 01 ff
[  101.108860] TPADHSUART-DBG RX< 000004d0: ff 43 1c 01 01 01 01 01 01 01 01 01 01 01 01 01
[  101.108875] TPADHSUART-DBG RX< 000004e0: 01 01 00 01 01 01 01 01 01 01 01 01 01 01 01 01
[  101.108892] TPADHSUART-DBG RX< 000004f0: 01 01 01 01 01 01 01 01 01 01 01 ff ff 43 1d 01
[  101.108908] TPADHSUART-DBG RX< 00000500: 01 01 01 01 01 01 01 01 01 01 01 01 01 01 01 01
[  101.108923] TPADHSUART-DBG RX< 00000510: 01 01 01 01 01 01 00 01 01 01 01 01 01 01 01 01
[  101.108938] TPADHSUART-DBG RX< 00000520: 01 01 01 01 01 00 01 ff ff 47 08 00 00 00 00 00
[  101.108952] TPADHSUART-DBG RX< 00000530: 00 84 26 ff
[  101.119183] TPADHSUART-DBG RX< 00000000: ff 43 80 01 01 01 01 01 01 01 01 01 01 01 01 01
[  101.119205] TPADHSUART-DBG RX< 00000010: 01 01 01 01 01 01 01 01 01 01 01 01 01 01 01 01
[  101.119223] TPADHSUART-DBG RX< 00000020: 01 01 01 01 01 01 01 01 01 01 01 ff ff 43 01 01
[  101.119240] TPADHSUART-DBG RX< 00000030: 01 01 01 01 01 01 01 01 01 01 01 01 01 01 01 01
[  101.119256] TPADHSUART-DBG RX< 00000040: 01 01 01 01 01 01 01 01 01 00 01 01 01 01 01 01
[  101.119271] TPADHSUART-DBG RX< 00000050: 01 01 01 01 01 01 01 ff ff 43 02 01 01 01 01 01
[  101.119287] TPADHSUART-DBG RX< 00000060: 01 01 01 01 01 01 01 01 01 01 01 01 01 01 01 01
[  101.119305] TPADHSUART-DBG RX< 00000070: 01 01 00 01 00 01 01 01 01 01 01 01 01 01 01 01
[  101.119321] TPADHSUART-DBG RX< 00000080: 01 01 01 ff ff 43 03 01 01 01 01 01 01 01 01 01
[  101.119336] TPADHSUART-DBG RX< 00000090: 01 01 01 01 01 01 01 01 01 01 01 01 01 01 01 01
[  101.119353] TPADHSUART-DBG RX< 000000a0: 01 01 01 01 01 01 01 01 01 01 01 01 01 01 01 ff
[  101.119370] TPADHSUART-DBG RX< 000000b0: ff 43 04 00 00 01 00 00 01 01 01 01 01 00 01 01
[  101.119385] TPADHSUART-DBG RX< 000000c0: 01 01 01 01 01 01 01 01 01 01 01 01 01 01 01 01
[  101.119400] TPADHSUART-DBG RX< 000000d0: 01 01 01 01 01 01 01 01 01 01 01 ff ff 43 05 01
[  101.119415] TPADHSUART-DBG RX< 000000e0: 01 01 00 01 01 00 01 01 01 00 01 01 01 01 01 01
[  101.119433] TPADHSUART-DBG RX< 000000f0: 01 01 01 01 01 01 01 01 01 01 01 01 01 01 01 01
[  101.119450] TPADHSUART-DBG RX< 00000100: 01 01 01 01 01 01 01 ff ff 43 06 01 01 01 01 01
[  101.119465] TPADHSUART-DBG RX< 00000110: 01 01 01 01 01 01 01 01 01 01 01 01 01 01 01 01
[  101.119480] TPADHSUART-DBG RX< 00000120: 01 01 01 01 01 01 01 01 01 01 01 01 01 01 01 01
[  101.119496] TPADHSUART-DBG RX< 00000130: 01 01 01 ff ff 43 07 01 01 01 01 01 01 00 01 01
[  101.119512] TPADHSUART-DBG RX< 00000140: 01 01 01 01 01 01 01 01 01 01 01 01 01 01 01 01
[  101.119527] TPADHSUART-DBG RX< 00000150: 01 01 01 00 01 01 01 01 01 01 01 01 01 01 01 ff
[  101.119542] TPADHSUART-DBG RX< 00000160: ff 43 08 01 01 01 01 01 01 01 01 01 01 01 01 01
[  101.119560] TPADHSUART-DBG RX< 00000170: 01 01 01 01 01 01 01 01 01 01 01 01 01 01 01 01
[  101.119577] TPADHSUART-DBG RX< 00000180: 01 01 01 01 01 01 01 01 01 01 01 ff ff 43 09 01
[  101.119592] TPADHSUART-DBG RX< 00000190: 01 01 01 01 01 01 01 01 01 01 01 01 01 01 01 01
[  101.119607] TPADHSUART-DBG RX< 000001a0: 01 01 01 01 01 01 01 01 01 01 01 01 01 01 01 01
[  101.119623] TPADHSUART-DBG RX< 000001b0: 01 01 01 01 01 01 01 ff ff 43 0a 01 01 01 01 01
[  101.119639] TPADHSUART-DBG RX< 000001c0: 01 01 01 01 01 01 01 01 01 01 01 01 01 01 01 01
[  101.119654] TPADHSUART-DBG RX< 000001d0: 01 01 01 01 01 01 01 01 01 01 01 01 01 01 01 01
[  101.119669] TPADHSUART-DBG RX< 000001e0: 01 01 01 ff ff 43 0b 01 01 01 01 01 01 01 01 01
[  101.119686] TPADHSUART-DBG RX< 000001f0: 01 00 01 01 01 01 01 01 01 01 01 01 01 01 01 01
[  101.119702] TPADHSUART-DBG RX< 00000200: 01 01 01 01 01 01 01 01 01 01 01 01 01 01 01 ff
[  101.119717] TPADHSUART-DBG RX< 00000210: ff 43 0c 01 01 01 01 00 01 01 01 01 01 01 01 01
[  101.119733] TPADHSUART-DBG RX< 00000220: 01 01 01 01 01 01 01 00 01 01 01 01 01 01 01 01
[  101.119749] TPADHSUART-DBG RX< 00000230: 01 01 01 01 01 01 01 01 01 00 01 ff ff 43 0d 01
[  101.119765] TPADHSUART-DBG RX< 00000240: 01 01 01 01 01 01 01 01 01 01 01 01 01 01 01 01
[  101.119779] TPADHSUART-DBG RX< 00000250: 01 01 01 01 01 01 01 01 01 01 01 01 01 01 01 01
[  101.119795] TPADHSUART-DBG RX< 00000260: 01 01 01 01 01 01 01 ff ff 43 0e 01 01 01 01 01
[  101.119813] TPADHSUART-DBG RX< 00000270: 01 01 01 01 01 01 01 01 01 01 01 01 01 01 01 01
[  101.119830] TPADHSUART-DBG RX< 00000280: 01 01 01 01 01 01 01 01 01 01 01 01 01 01 01 01
[  101.119845] TPADHSUART-DBG RX< 00000290: 01 01 01 ff ff 43 0f 01 01 01 01 01 01 01 01 01
[  101.119860] TPADHSUART-DBG RX< 000002a0: 01 01 01 01 01 01 01 01 01 01 01 01 01 00 01 01
[  101.119876] TPADHSUART-DBG RX< 000002b0: 01 01 01 01 01 01 01 01 01 01 01 01 01 01 01 ff
[  101.119894] TPADHSUART-DBG RX< 000002c0: ff 43 10 00 01 01 01 01 01 03 02 01 01 01 01 01
[  101.119909] TPADHSUART-DBG RX< 000002d0: 01 01 01 01 01 01 01 01 01 01 01 01 01 01 01 01
[  101.119923] TPADHSUART-DBG RX< 000002e0: 01 01 01 01 01 01 01 01 01 01 01 ff ff 43 11 01
[  101.119940] TPADHSUART-DBG RX< 000002f0: 01 01 01 01 03 11 0a 02 01 01 01 01 01 01 01 01
[  101.119980] TPADHSUART-DBG RX< 00000300: 01 01 01 01 01 01 01 01 01 01 01 01 01 01 01 01
[  101.119996] TPADHSUART-DBG RX< 00000310: 01 01 01 01 01 01 01 ff ff 43 12 01 01 01 01 01
[  101.120011] TPADHSUART-DBG RX< 00000320: 0b 43 2f 05 01 00 01 01 01 01 01 01 01 01 01 01
[  101.120027] TPADHSUART-DBG RX< 00000330: 01 01 01 01 01 01 01 01 01 01 01 01 01 01 01 01
[  101.120094] TPADHSUART-DBG RX< 00000340: 01 01 01 ff ff 43 13 01 01 01 01 01 07 34 2c 05
[  101.120111] TPADHSUART-DBG RX< 00000350: 01 01 01 01 01 01 01 01 01 01 01 01 01 01 01 01
[  101.120129] TPADHSUART-DBG RX< 00000360: 01 01 01 01 01 01 01 01 01 01 01 01 01 01 01 ff
[  101.120144] TPADHSUART-DBG RX< 00000370: ff 43 14 00 00 01 01 01 02 0f 09 02 01 01 01 01
[  101.120159] TPADHSUART-DBG RX< 00000380: 01 01 01 01 01 01 01 01 01 01 01 01 01 01 01 01
[  101.120174] TPADHSUART-DBG RX< 00000390: 01 01 01 01 01 01 01 01 01 01 01 ff ff 43 15 01
[  101.120192] TPADHSUART-DBG RX< 000003a0: 01 01 01 01 01 03 02 01 01 01 01 01 01 01 01 01
[  101.120207] TPADHSUART-DBG RX< 000003b0: 01 01 01 01 01 01 01 01 01 01 01 01 01 01 01 01
[  101.120222] TPADHSUART-DBG RX< 000003c0: 01 01 01 01 01 01 01 ff ff 43 16 01 01 01 01 01
[  101.120238] TPADHSUART-DBG RX< 000003d0: 01 01 01 01 01 01 01 01 01 01 01 01 01 01 01 01
[  101.120255] TPADHSUART-DBG RX< 000003e0: 01 01 01 01 01 01 01 01 01 01 01 01 01 01 01 01
[  101.120270] TPADHSUART-DBG RX< 000003f0: 01 01 01 ff ff 43 17 01 00 01 01 00 01 01 01 01
[  101.120285] TPADHSUART-DBG RX< 00000400: 01 01 01 01 01 01 01 01 01 01 01 01 01 01 01 01
[  101.120301] TPADHSUART-DBG RX< 00000410: 01 01 01 01 01 01 01 01 01 01 01 01 01 01 01 ff
[  101.120319] TPADHSUART-DBG RX< 00000420: ff 43 18 01 01 01 01 01 01 01 00 01 01 01 01 01
[  101.120336] TPADHSUART-DBG RX< 00000430: 01 01 01 01 01 01 01 01 01 01 01 01 01 01 01 01
[  101.120351] TPADHSUART-DBG RX< 00000440: 01 01 01 01 01 01 01 01 01 01 01 ff ff 43 19 01
[  101.120366] TPADHSUART-DBG RX< 00000450: 01 01 01 01 01 00 01 01 01 01 01 01 01 01 01 01
[  101.120382] TPADHSUART-DBG RX< 00000460: 01 01 01 01 01 01 01 01 01 01 01 01 01 01 01 01
[  101.120399] TPADHSUART-DBG RX< 00000470: 01 01 01 01 01 01 01 ff ff 43 1a 01 01 01 01 01
[  101.120415] TPADHSUART-DBG RX< 00000480: 01 01 01 01 01 01 01 01 01 01 01 01 01 01 01 01
[  101.120429] TPADHSUART-DBG RX< 00000490: 01 01 01 01 01 00 01 01 01 01 01 01 01 01 01 01
[  101.120446] TPADHSUART-DBG RX< 000004a0: 01 01 01 ff ff 43 1b 01 01 01 01 01 01 01 01 00
[  101.120463] TPADHSUART-DBG RX< 000004b0: 01 01 01 01 01 01 01 01 01 01 01 01 01 01 01 01
[  101.120478] TPADHSUART-DBG RX< 000004c0: 01 01 01 01 01 01 01 01 01 01 01 01 01 00 01 ff
[  101.120493] TPADHSUART-DBG RX< 000004d0: ff 43 1c 01 01 01 01 01 01 01 01 01 01 01 01 01
[  101.120509] TPADHSUART-DBG RX< 000004e0: 01 01 00 01 01 01 01 01 01 01 01 01 01 01 01 01
[  101.120526] TPADHSUART-DBG RX< 000004f0: 01 01 01 01 01 01 01 01 01 01 01 ff ff 43 1d 01
[  101.120541] TPADHSUART-DBG RX< 00000500: 01 01 01 01 01 01 01 01 01 01 01 01 01 01 01 01
[  101.120556] TPADHSUART-DBG RX< 00000510: 01 01 01 01 01 01 00 01 01 01 01 01 01 01 01 01
[  101.120574] TPADHSUART-DBG RX< 00000520: 01 01 01 01 01 00 01 ff ff 47 08 00 00 00 00 00
[  101.120587] TPADHSUART-DBG RX< 00000530: 00 84 2b ff
[  101.130753] TPADHSUART-DBG RX< 00000000: ff 43 80 01 01 01 01 01 01 01 01 01 01 01 01 01
[  101.130775] TPADHSUART-DBG RX< 00000010: 01 01 01 01 01 01 01 01 01 01 01 01 01 01 01 01
[  101.130791] TPADHSUART-DBG RX< 00000020: 01 01 01 01 01 01 01 01 01 01 01 ff ff 43 01 01
[  101.130806] TPADHSUART-DBG RX< 00000030: 01 01 01 01 01 01 01 01 01 01 01 01 01 01 01 01
[  101.130821] TPADHSUART-DBG RX< 00000040: 01 01 01 01 01 01 01 01 01 00 01 01 01 01 01 01
[  101.130836] TPADHSUART-DBG RX< 00000050: 01 01 01 01 01 01 01 ff ff 43 02 01 01 01 01 01
[  101.130851] TPADHSUART-DBG RX< 00000060: 01 01 01 01 01 01 01 01 01 01 01 01 01 01 01 01
[  101.130866] TPADHSUART-DBG RX< 00000070: 01 01 00 01 00 01 01 01 01 01 01 01 01 01 01 01
[  101.130909] TPADHSUART-DBG RX< 00000080: 01 01 01 ff ff 43 03 01 01 01 01 01 01 01 01 01
[  101.130924] TPADHSUART-DBG RX< 00000090: 01 01 01 01 01 01 01 01 01 01 01 01 01 01 01 01
[  101.130938] TPADHSUART-DBG RX< 000000a0: 01 01 01 01 01 01 01 01 01 01 01 01 01 01 01 ff
[  101.130954] TPADHSUART-DBG RX< 000000b0: ff 43 04 00 00 01 00 00 01 01 01 01 01 00 01 01
[  101.130968] TPADHSUART-DBG RX< 000000c0: 01 01 01 01 01 01 01 01 01 01 01 01 01 01 01 01
[  101.130983] TPADHSUART-DBG RX< 000000d0: 01 01 01 01 01 01 01 01 01 01 01 ff ff 43 05 01
[  101.130998] TPADHSUART-DBG RX< 000000e0: 01 01 00 01 01 00 01 01 01 00 01 01 01 01 01 01
[  101.131013] TPADHSUART-DBG RX< 000000f0: 01 01 01 01 01 01 01 01 01 01 01 01 01 01 01 01
[  101.131028] TPADHSUART-DBG RX< 00000100: 01 01 01 01 01 01 01 ff ff 43 06 01 01 01 01 01
[  101.131043] TPADHSUART-DBG RX< 00000110: 01 01 01 01 01 01 01 01 01 01 01 01 01 01 01 01
[  101.131058] TPADHSUART-DBG RX< 00000120: 01 01 01 01 01 01 01 01 01 01 01 01 01 01 01 01
[  101.131073] TPADHSUART-DBG RX< 00000130: 01 01 01 ff ff 43 07 01 01 01 01 01 01 00 01 01
[  101.131090] TPADHSUART-DBG RX< 00000140: 01 01 01 01 01 01 01 01 01 01 01 01 01 01 01 01
[  101.131113] TPADHSUART-DBG RX< 00000150: 01 01 01 00 01 01 01 01 01 01 01 01 01 01 01 ff
[  101.131131] TPADHSUART-DBG RX< 00000160: ff 43 08 01 01 01 01 01 01 01 01 01 01 01 01 01
[  101.131146] TPADHSUART-DBG RX< 00000170: 01 01 01 01 01 01 01 01 01 01 01 01 01 01 01 01
[  101.131161] TPADHSUART-DBG RX< 00000180: 01 01 01 01 01 01 01 01 01 01 01 ff ff 43 09 01
[  101.131175] TPADHSUART-DBG RX< 00000190: 01 01 01 01 01 01 01 01 01 01 01 01 01 01 01 01
[  101.131190] TPADHSUART-DBG RX< 000001a0: 01 01 01 01 01 01 01 01 01 01 01 01 01 01 01 01
[  101.131205] TPADHSUART-DBG RX< 000001b0: 01 01 01 01 01 01 01 ff ff 43 0a 01 01 01 01 01
[  101.131220] TPADHSUART-DBG RX< 000001c0: 01 01 01 01 01 01 01 01 01 01 01 01 01 01 01 01
[  101.131235] TPADHSUART-DBG RX< 000001d0: 01 01 01 01 01 01 01 01 01 01 01 01 01 01 01 01
[  101.131250] TPADHSUART-DBG RX< 000001e0: 01 01 01 ff ff 43 0b 01 01 01 01 01 01 01 01 01
[  101.131265] TPADHSUART-DBG RX< 000001f0: 01 00 01 01 01 01 01 01 01 01 01 01 01 01 01 01
[  101.131280] TPADHSUART-DBG RX< 00000200: 01 01 01 01 01 01 01 01 01 01 01 01 01 01 01 ff
[  101.131295] TPADHSUART-DBG RX< 00000210: ff 43 0c 01 01 01 01 00 01 01 01 01 01 01 01 01
[  101.131310] TPADHSUART-DBG RX< 00000220: 01 01 01 01 01 01 01 00 01 01 01 01 01 01 01 01
[  101.131325] TPADHSUART-DBG RX< 00000230: 01 01 01 01 01 01 01 01 01 00 01 ff ff 43 0d 01
[  101.131339] TPADHSUART-DBG RX< 00000240: 01 01 01 01 01 01 01 01 01 01 01 01 01 01 01 01
[  101.131354] TPADHSUART-DBG RX< 00000250: 01 01 01 01 01 01 01 01 01 01 01 01 01 01 01 01
[  101.131369] TPADHSUART-DBG RX< 00000260: 01 01 01 01 01 01 01 ff ff 43 0e 01 01 01 01 01
[  101.131387] TPADHSUART-DBG RX< 00000270: 01 01 01 01 01 01 01 01 01 01 01 01 01 01 01 01
[  101.131403] TPADHSUART-DBG RX< 00000280: 01 01 01 01 01 01 01 01 01 01 01 01 01 01 01 01
[  101.131417] TPADHSUART-DBG RX< 00000290: 01 01 01 ff ff 43 0f 01 01 01 01 01 01 01 01 01
[  101.131434] TPADHSUART-DBG RX< 000002a0: 01 01 01 01 01 01 01 01 01 01 01 01 01 00 01 01
[  101.131450] TPADHSUART-DBG RX< 000002b0: 01 01 01 01 01 01 01 01 01 01 01 01 01 01 01 ff
[  101.131466] TPADHSUART-DBG RX< 000002c0: ff 43 10 00 01 01 01 01 01 03 02 01 01 01 01 01
[  101.131480] TPADHSUART-DBG RX< 000002d0: 01 01 01 01 01 01 01 01 01 01 01 01 01 01 01 01
[  101.131496] TPADHSUART-DBG RX< 000002e0: 01 01 01 01 01 01 01 01 01 01 01 ff ff 43 11 01
[  101.131514] TPADHSUART-DBG RX< 000002f0: 01 01 01 01 03 12 0a 02 01 01 01 01 01 01 01 01
[  101.131530] TPADHSUART-DBG RX< 00000300: 01 01 01 01 01 01 01 01 01 01 01 01 01 01 01 01
[  101.131545] TPADHSUART-DBG RX< 00000310: 01 01 01 01 01 01 01 ff ff 43 12 01 01 01 01 01
[  101.131561] TPADHSUART-DBG RX< 00000320: 0b 44 31 05 01 00 01 01 01 01 01 01 01 01 01 01
[  101.131578] TPADHSUART-DBG RX< 00000330: 01 01 01 01 01 01 01 01 01 01 01 01 01 01 01 01
[  101.131594] TPADHSUART-DBG RX< 00000340: 01 01 01 ff ff 43 13 01 01 01 01 01 07 33 2d 05
[  101.131609] TPADHSUART-DBG RX< 00000350: 01 01 01 01 01 01 01 01 01 01 01 01 01 01 01 01
[  101.131624] TPADHSUART-DBG RX< 00000360: 01 01 01 01 01 01 01 01 01 01 01 01 01 01 01 ff
[  101.131642] TPADHSUART-DBG RX< 00000370: ff 43 14 00 00 01 01 01 02 0f 09 02 01 01 01 01
[  101.131659] TPADHSUART-DBG RX< 00000380: 01 01 01 01 01 01 01 01 01 01 01 01 01 01 01 01
[  101.131675] TPADHSUART-DBG RX< 00000390: 01 01 01 01 01 01 01 01 01 01 01 ff ff 43 15 01
[  101.131690] TPADHSUART-DBG RX< 000003a0: 01 01 01 01 01 03 02 01 01 01 01 01 01 01 01 01
[  101.131706] TPADHSUART-DBG RX< 000003b0: 01 01 01 01 01 01 01 01 01 01 01 01 01 01 01 01
[  101.131725] TPADHSUART-DBG RX< 000003c0: 01 01 01 01 01 01 01 ff ff 43 16 01 01 01 01 01
[  101.131740] TPADHSUART-DBG RX< 000003d0: 01 01 01 01 01 01 01 01 01 01 01 01 01 01 01 01
[  101.131755] TPADHSUART-DBG RX< 000003e0: 01 01 01 01 01 01 01 01 01 01 01 01 01 01 01 01
[  101.131771] TPADHSUART-DBG RX< 000003f0: 01 01 01 ff ff 43 17 01 00 01 01 00 01 01 01 01
[  101.131788] TPADHSUART-DBG RX< 00000400: 01 01 01 01 01 01 01 01 01 01 01 01 01 01 01 01
[  101.131803] TPADHSUART-DBG RX< 00000410: 01 01 01 01 01 01 01 01 01 01 01 01 01 01 01 ff
[  101.131818] TPADHSUART-DBG RX< 00000420: ff 43 18 01 01 01 01 01 01 01 00 01 01 01 01 01
[  101.131834] TPADHSUART-DBG RX< 00000430: 01 01 01 01 01 01 01 01 01 01 01 01 01 01 01 01
[  101.131851] TPADHSUART-DBG RX< 00000440: 01 01 01 01 01 01 01 01 01 01 01 ff ff 43 19 01
[  101.131868] TPADHSUART-DBG RX< 00000450: 01 01 01 01 01 00 01 01 01 01 01 01 01 01 01 01
[  101.131883] TPADHSUART-DBG RX< 00000460: 01 01 01 01 01 01 01 01 01 01 01 01 01 01 01 01
[  101.131898] TPADHSUART-DBG RX< 00000470: 01 01 01 01 01 01 01 ff ff 43 1a 01 01 01 01 01
[  101.131914] TPADHSUART-DBG RX< 00000480: 01 01 01 01 01 01 01 01 01 01 01 01 01 01 01 01
[  101.131930] TPADHSUART-DBG RX< 00000490: 01 01 01 01 01 00 01 01 01 01 01 01 01 01 01 01
[  101.131945] TPADHSUART-DBG RX< 000004a0: 01 01 01 ff ff 43 1b 01 01 01 01 01 01 01 01 00
[  101.131960] TPADHSUART-DBG RX< 000004b0: 01 01 01 01 01 01 01 01 01 01 01 01 01 01 01 01
[  101.131978] TPADHSUART-DBG RX< 000004c0: 01 01 01 01 01 01 01 01 01 01 01 01 01 00 01 ff
[  101.131994] TPADHSUART-DBG RX< 000004d0: ff 43 1c 01 01 01 01 01 01 01 01 01 01 01 01 01
[  101.132009] TPADHSUART-DBG RX< 000004e0: 01 01 00 01 01 01 01 01 01 01 01 01 01 01 01 01
[  101.132025] TPADHSUART-DBG RX< 000004f0: 01 01 01 01 01 01 01 01 01 01 01 ff ff 43 1d 01
[  101.132041] TPADHSUART-DBG RX< 00000500: 01 01 01 01 01 01 01 01 01 01 01 01 01 01 01 01
[  101.132056] TPADHSUART-DBG RX< 00000510: 01 01 01 01 01 01 00 01 01 01 01 01 01 01 01 01
[  101.132071] TPADHSUART-DBG RX< 00000520: 01 01 01 01 01 00 01 ff ff 47 08 00 00 00 00 00
[  101.132084] TPADHSUART-DBG RX< 00000530: 00 84 30 ff
[  101.142329] TPADHSUART-DBG RX< 00000000: ff 43 80 01 01 01 01 01 01 01 01 01 01 01 01 01
[  101.142352] TPADHSUART-DBG RX< 00000010: 01 01 01 01 01 01 01 01 01 01 01 01 01 01 01 01
[  101.142369] TPADHSUART-DBG RX< 00000020: 01 01 01 01 01 01 01 01 01 01 01 ff ff 43 01 01
[  101.142386] TPADHSUART-DBG RX< 00000030: 01 01 01 01 01 01 01 01 01 01 01 01 01 01 01 01
[  101.142401] TPADHSUART-DBG RX< 00000040: 01 01 01 01 01 01 01 01 01 00 01 01 01 01 01 01
[  101.142429] TPADHSUART-DBG RX< 00000050: 01 01 01 01 01 01 01 ff ff 43 02 01 01 01 01 01
[  101.142444] TPADHSUART-DBG RX< 00000060: 01 01 01 01 01 01 01 01 01 01 01 01 01 01 01 01
[  101.142459] TPADHSUART-DBG RX< 00000070: 01 01 00 01 00 01 01 01 01 01 01 01 01 01 01 01
[  101.142478] TPADHSUART-DBG RX< 00000080: 01 01 01 ff ff 43 03 01 01 01 01 01 01 01 01 01
[  101.142494] TPADHSUART-DBG RX< 00000090: 01 01 01 01 01 01 01 01 01 01 01 01 01 01 01 01
[  101.142509] TPADHSUART-DBG RX< 000000a0: 01 01 01 01 01 01 01 01 01 01 01 01 01 01 01 ff
[  101.142524] TPADHSUART-DBG RX< 000000b0: ff 43 04 00 00 01 00 00 01 01 01 01 01 00 01 01
[  101.142540] TPADHSUART-DBG RX< 000000c0: 01 01 01 01 01 01 01 01 01 01 01 01 01 01 01 01
[  101.142556] TPADHSUART-DBG RX< 000000d0: 01 01 01 01 01 01 01 01 01 01 01 ff ff 43 05 01
[  101.142571] TPADHSUART-DBG RX< 000000e0: 01 01 00 01 01 00 01 01 01 00 01 01 01 01 01 01
[  101.142586] TPADHSUART-DBG RX< 000000f0: 01 01 01 01 01 01 01 01 01 01 01 01 01 01 01 01
[  101.142604] TPADHSUART-DBG RX< 00000100: 01 01 01 01 01 01 01 ff ff 43 06 01 01 01 01 01
[  101.142619] TPADHSUART-DBG RX< 00000110: 01 01 01 01 01 01 01 01 01 01 01 01 01 01 01 01
[  101.142634] TPADHSUART-DBG RX< 00000120: 01 01 01 01 01 01 01 01 01 01 01 01 01 01 01 01
[  101.142650] TPADHSUART-DBG RX< 00000130: 01 01 01 ff ff 43 07 01 01 01 01 01 01 00 01 01
[  101.142667] TPADHSUART-DBG RX< 00000140: 01 01 01 01 01 01 01 01 01 01 01 01 01 01 01 01
[  101.142682] TPADHSUART-DBG RX< 00000150: 01 01 01 00 01 01 01 01 01 01 01 01 01 01 01 ff
[  101.142697] TPADHSUART-DBG RX< 00000160: ff 43 08 01 01 01 01 01 01 01 01 01 01 01 01 01
[  101.142713] TPADHSUART-DBG RX< 00000170: 01 01 01 01 01 01 01 01 01 01 01 01 01 01 01 01
[  101.142731] TPADHSUART-DBG RX< 00000180: 01 01 01 01 01 01 01 01 01 01 01 ff ff 43 09 01
[  101.142748] TPADHSUART-DBG RX< 00000190: 01 01 01 01 01 01 01 01 01 01 01 01 01 01 01 01
[  101.142763] TPADHSUART-DBG RX< 000001a0: 01 01 01 01 01 01 01 01 01 01 01 01 01 01 01 01
[  101.142778] TPADHSUART-DBG RX< 000001b0: 01 01 01 01 01 01 01 ff ff 43 0a 01 01 01 01 01
[  101.142794] TPADHSUART-DBG RX< 000001c0: 01 01 01 01 01 01 01 01 01 01 01 01 01 01 01 01
[  101.142811] TPADHSUART-DBG RX< 000001d0: 01 01 01 01 01 01 01 01 01 01 01 01 01 01 01 01
[  101.142826] TPADHSUART-DBG RX< 000001e0: 01 01 01 ff ff 43 0b 01 01 01 01 01 01 01 01 01
[  101.142841] TPADHSUART-DBG RX< 000001f0: 01 00 01 01 01 01 01 01 01 01 01 01 01 01 01 01
[  101.142859] TPADHSUART-DBG RX< 00000200: 01 01 01 01 01 01 01 01 01 01 01 01 01 01 01 ff
[  101.142877] TPADHSUART-DBG RX< 00000210: ff 43 0c 01 01 01 01 00 01 01 01 01 01 01 01 01
[  101.142893] TPADHSUART-DBG RX< 00000220: 01 01 01 01 01 01 01 00 01 01 01 01 01 01 01 01
[  101.142908] TPADHSUART-DBG RX< 00000230: 01 01 01 01 01 01 01 01 01 00 01 ff ff 43 0d 01
[  101.142923] TPADHSUART-DBG RX< 00000240: 01 01 01 01 01 01 01 01 01 01 01 01 01 01 01 01
[  101.142941] TPADHSUART-DBG RX< 00000250: 01 01 01 01 01 01 01 01 01 01 01 01 01 01 01 01
[  101.142957] TPADHSUART-DBG RX< 00000260: 01 01 01 01 01 01 01 ff ff 43 0e 01 01 01 01 01
[  101.142972] TPADHSUART-DBG RX< 00000270: 01 01 01 01 01 01 01 01 01 01 01 01 01 01 01 01
[  101.142988] TPADHSUART-DBG RX< 00000280: 01 01 01 01 01 01 01 01 01 01 01 01 01 01 01 01
[  101.143004] TPADHSUART-DBG RX< 00000290: 01 01 01 ff ff 43 0f 01 01 01 01 01 01 01 01 01
[  101.143020] TPADHSUART-DBG RX< 000002a0: 01 01 01 01 01 01 01 01 01 01 01 01 01 00 01 01
[  101.143034] TPADHSUART-DBG RX< 000002b0: 01 01 01 01 01 01 01 01 01 01 01 01 01 01 01 ff
[  101.143050] TPADHSUART-DBG RX< 000002c0: ff 43 10 00 01 01 01 01 01 03 02 01 01 01 01 01
[  101.143068] TPADHSUART-DBG RX< 000002d0: 01 01 01 01 01 01 01 01 01 01 01 01 01 01 01 01
[  101.143085] TPADHSUART-DBG RX< 000002e0: 01 01 01 01 01 01 01 01 01 01 01 ff ff 43 11 01
[  101.143100] TPADHSUART-DBG RX< 000002f0: 01 01 01 01 04 12 0a 02 01 01 01 01 01 01 01 01
[  101.143115] TPADHSUART-DBG RX< 00000300: 01 01 01 01 01 01 01 01 01 01 01 01 01 01 01 01
[  101.143131] TPADHSUART-DBG RX< 00000310: 01 01 01 01 01 01 01 ff ff 43 12 01 01 01 01 01
[  101.143147] TPADHSUART-DBG RX< 00000320: 0b 44 31 05 01 00 01 01 01 01 01 01 01 01 01 01
[  101.143162] TPADHSUART-DBG RX< 00000330: 01 01 01 01 01 01 01 01 01 01 01 01 01 01 01 01
[  101.143177] TPADHSUART-DBG RX< 00000340: 01 01 01 ff ff 43 13 01 01 01 01 01 07 31 2d 05
[  101.143195] TPADHSUART-DBG RX< 00000350: 01 01 01 01 01 01 01 01 01 01 01 01 01 01 01 01
[  101.143212] TPADHSUART-DBG RX< 00000360: 01 01 01 01 01 01 01 01 01 01 01 01 01 01 01 ff
[  101.143227] TPADHSUART-DBG RX< 00000370: ff 43 14 00 00 01 01 01 02 0f 09 02 01 01 01 01
[  101.143242] TPADHSUART-DBG RX< 00000380: 01 01 01 01 01 01 01 01 01 01 01 01 01 01 01 01
[  101.143258] TPADHSUART-DBG RX< 00000390: 01 01 01 01 01 01 01 01 01 01 01 ff ff 43 15 01
[  101.143275] TPADHSUART-DBG RX< 000003a0: 01 01 01 01 01 03 02 01 01 01 01 01 01 01 01 01
[  101.143290] TPADHSUART-DBG RX< 000003b0: 01 01 01 01 01 01 01 01 01 01 01 01 01 01 01 01
[  101.143305] TPADHSUART-DBG RX< 000003c0: 01 01 01 01 01 01 01 ff ff 43 16 01 01 01 01 01
[  101.143322] TPADHSUART-DBG RX< 000003d0: 01 01 01 01 01 01 01 01 01 01 01 01 01 01 01 01
[  101.143339] TPADHSUART-DBG RX< 000003e0: 01 01 01 01 01 01 01 01 01 01 01 01 01 01 01 01
[  101.143355] TPADHSUART-DBG RX< 000003f0: 01 01 01 ff ff 43 17 01 00 01 01 00 01 01 01 01
[  101.143370] TPADHSUART-DBG RX< 00000400: 01 01 01 01 01 01 01 01 01 01 01 01 01 01 01 01
[  101.143386] TPADHSUART-DBG RX< 00000410: 01 01 01 01 01 01 01 01 01 01 01 01 01 01 01 ff
[  101.143405] TPADHSUART-DBG RX< 00000420: ff 43 18 01 01 01 01 01 01 01 00 01 01 01 01 01
[  101.143420] TPADHSUART-DBG RX< 00000430: 01 01 01 01 01 01 01 01 01 01 01 01 01 01 01 01
[  101.143435] TPADHSUART-DBG RX< 00000440: 01 01 01 01 01 01 01 01 01 01 01 ff ff 43 19 01
[  101.143451] TPADHSUART-DBG RX< 00000450: 01 01 01 01 01 00 01 01 01 01 01 01 01 01 01 01
[  101.143468] TPADHSUART-DBG RX< 00000460: 01 01 01 01 01 01 01 01 01 01 01 01 01 01 01 01
[  101.143483] TPADHSUART-DBG RX< 00000470: 01 01 01 01 01 01 01 ff ff 43 1a 01 01 01 01 01
[  101.143498] TPADHSUART-DBG RX< 00000480: 01 01 01 01 01 01 01 01 01 01 01 01 01 01 01 01
[  101.143514] TPADHSUART-DBG RX< 00000490: 01 01 01 01 01 00 01 01 01 01 01 01 01 01 01 01
[  101.143531] TPADHSUART-DBG RX< 000004a0: 01 01 01 ff ff 43 1b 01 01 01 01 01 01 01 01 00
[  101.143547] TPADHSUART-DBG RX< 000004b0: 01 01 01 01 01 01 01 01 01 01 01 01 01 01 01 01
[  101.143561] TPADHSUART-DBG RX< 000004c0: 01 01 01 01 01 01 01 01 01 01 01 01 01 00 01 ff
[  101.143578] TPADHSUART-DBG RX< 000004d0: ff 43 1c 01 01 01 01 01 01 01 01 01 01 01 01 01
[  101.143594] TPADHSUART-DBG RX< 000004e0: 01 01 00 01 01 01 01 01 01 01 01 01 01 01 01 01
[  101.143610] TPADHSUART-DBG RX< 000004f0: 01 01 01 01 01 01 01 01 01 01 01 ff ff 43 1d 01
[  101.143625] TPADHSUART-DBG RX< 00000500: 01 01 01 01 01 01 01 01 01 01 01 01 01 01 01 01
[  101.143640] TPADHSUART-DBG RX< 00000510: 01 01 01 01 01 01 00 01 01 01 01 01 01 01 01 01
[  101.143658] TPADHSUART-DBG RX< 00000520: 01 01 01 01 01 00 01 ff ff 47 08 00 00 00 00 00
[  101.143672] TPADHSUART-DBG RX< 00000530: 00 84 35 ff
[  101.153866] TPADHSUART-DBG RX< 00000000: ff 43 80 01 01 01 01 01 01 01 01 01 01 01 01 01
[  101.153888] TPADHSUART-DBG RX< 00000010: 01 01 01 01 01 01 01 01 01 01 01 01 01 01 01 01
[  101.153905] TPADHSUART-DBG RX< 00000020: 01 01 01 01 01 01 01 01 01 01 01 ff ff 43 01 01
[  101.153923] TPADHSUART-DBG RX< 00000030: 01 01 01 01 01 01 01 01 01 01 01 01 01 01 01 01
[  101.153939] TPADHSUART-DBG RX< 00000040: 01 01 01 01 01 01 01 01 01 00 01 01 01 01 01 01
[  101.153954] TPADHSUART-DBG RX< 00000050: 01 01 01 01 01 01 01 ff ff 43 02 01 01 01 01 01
[  101.153971] TPADHSUART-DBG RX< 00000060: 01 01 01 01 01 01 01 01 01 01 01 01 01 01 01 01
[  101.153988] TPADHSUART-DBG RX< 00000070: 01 01 00 01 00 01 01 01 01 01 01 01 01 01 01 01
[  101.154004] TPADHSUART-DBG RX< 00000080: 01 01 01 ff ff 43 03 01 01 01 01 01 01 01 01 01
[  101.154019] TPADHSUART-DBG RX< 00000090: 01 01 01 01 01 01 01 01 01 01 01 01 01 01 01 01
[  101.154035] TPADHSUART-DBG RX< 000000a0: 01 01 01 01 01 01 01 01 01 01 01 01 01 01 01 ff
[  101.154052] TPADHSUART-DBG RX< 000000b0: ff 43 04 00 00 01 00 00 01 01 01 01 01 00 01 01
[  101.154069] TPADHSUART-DBG RX< 000000c0: 01 01 01 01 01 01 01 01 01 01 01 01 01 01 01 01
[  101.154084] TPADHSUART-DBG RX< 000000d0: 01 01 01 01 01 01 01 01 01 01 01 ff ff 43 05 01
[  101.154099] TPADHSUART-DBG RX< 000000e0: 01 01 00 01 01 00 01 01 01 00 01 01 01 01 01 01
[  101.154116] TPADHSUART-DBG RX< 000000f0: 01 01 01 01 01 01 01 01 01 01 01 01 01 01 01 01
[  101.154133] TPADHSUART-DBG RX< 00000100: 01 01 01 01 01 01 01 ff ff 43 06 01 01 01 01 01
[  101.154148] TPADHSUART-DBG RX< 00000110: 01 01 01 01 01 01 01 01 01 01 01 01 01 01 01 01
[  101.154163] TPADHSUART-DBG RX< 00000120: 01 01 01 01 01 01 01 01 01 01 01 01 01 01 01 01
[  101.154180] TPADHSUART-DBG RX< 00000130: 01 01 01 ff ff 43 07 01 01 01 01 01 01 00 01 01
[  101.154198] TPADHSUART-DBG RX< 00000140: 01 01 01 01 01 01 01 01 01 01 01 01 01 01 01 01
[  101.154214] TPADHSUART-DBG RX< 00000150: 01 01 01 00 01 01 01 01 01 01 01 01 01 01 01 ff
[  101.154229] TPADHSUART-DBG RX< 00000160: ff 43 08 01 01 01 01 01 01 01 01 01 01 01 01 01
[  101.154245] TPADHSUART-DBG RX< 00000170: 01 01 01 01 01 01 01 01 01 01 01 01 01 01 01 01
[  101.154263] TPADHSUART-DBG RX< 00000180: 01 01 01 01 01 01 01 01 01 01 01 ff ff 43 09 01
[  101.154280] TPADHSUART-DBG RX< 00000190: 01 01 01 01 01 01 01 01 01 01 01 01 01 01 01 01
[  101.154295] TPADHSUART-DBG RX< 000001a0: 01 01 01 01 01 01 01 01 01 01 01 01 01 01 01 01
[  101.154310] TPADHSUART-DBG RX< 000001b0: 01 01 01 01 01 01 01 ff ff 43 0a 01 01 01 01 01
[  101.154327] TPADHSUART-DBG RX< 000001c0: 01 01 01 01 01 01 01 01 01 01 01 01 01 01 01 01
[  101.154344] TPADHSUART-DBG RX< 000001d0: 01 01 01 01 01 01 01 01 01 01 01 01 01 01 01 01
[  101.154359] TPADHSUART-DBG RX< 000001e0: 01 01 01 ff ff 43 0b 01 01 01 01 01 01 01 01 01
[  101.154374] TPADHSUART-DBG RX< 000001f0: 01 00 01 01 01 01 01 01 01 01 01 01 01 01 01 01
[  101.154391] TPADHSUART-DBG RX< 00000200: 01 01 01 01 01 01 01 01 01 01 01 01 01 01 01 ff
[  101.154408] TPADHSUART-DBG RX< 00000210: ff 43 0c 01 01 01 01 00 01 01 01 01 01 01 01 01
[  101.154425] TPADHSUART-DBG RX< 00000220: 01 01 01 01 01 01 01 00 01 01 01 01 01 01 01 01
[  101.154440] TPADHSUART-DBG RX< 00000230: 01 01 01 01 01 01 01 01 01 00 01 ff ff 43 0d 01
[  101.154455] TPADHSUART-DBG RX< 00000240: 01 01 01 01 01 01 01 01 01 01 01 01 01 01 01 01
[  101.154474] TPADHSUART-DBG RX< 00000250: 01 01 01 01 01 01 01 01 01 01 01 01 01 01 01 01
[  101.154490] TPADHSUART-DBG RX< 00000260: 01 01 01 01 01 01 01 ff ff 43 0e 01 01 01 01 01
[  101.154505] TPADHSUART-DBG RX< 00000270: 01 01 01 01 01 01 01 01 01 01 01 01 01 01 01 01
[  101.154521] TPADHSUART-DBG RX< 00000280: 01 01 01 01 01 01 01 01 01 01 01 01 01 01 01 01
[  101.154537] TPADHSUART-DBG RX< 00000290: 01 01 01 ff ff 43 0f 01 01 01 01 01 01 01 01 01
[  101.154552] TPADHSUART-DBG RX< 000002a0: 01 01 01 01 01 01 01 01 01 01 01 01 01 00 01 01
[  101.154567] TPADHSUART-DBG RX< 000002b0: 01 01 01 01 01 01 01 01 01 01 01 01 01 01 01 ff
[  101.154583] TPADHSUART-DBG RX< 000002c0: ff 43 10 00 01 01 01 01 01 03 02 01 01 01 01 01
[  101.154601] TPADHSUART-DBG RX< 000002d0: 01 01 01 01 01 01 01 01 01 01 01 01 01 01 01 01
[  101.154618] TPADHSUART-DBG RX< 000002e0: 01 01 01 01 01 01 01 01 01 01 01 ff ff 43 11 01
[  101.154633] TPADHSUART-DBG RX< 000002f0: 01 01 01 01 04 13 0b 03 01 01 01 01 01 01 01 01
[  101.154648] TPADHSUART-DBG RX< 00000300: 01 01 01 01 01 01 01 01 01 01 01 01 01 01 01 01
[  101.154664] TPADHSUART-DBG RX< 00000310: 01 01 01 01 01 01 01 ff ff 43 12 01 01 01 01 01
[  101.154681] TPADHSUART-DBG RX< 00000320: 0b 44 31 05 01 00 01 01 01 01 01 01 01 01 01 01
[  101.154696] TPADHSUART-DBG RX< 00000330: 01 01 01 01 01 01 01 01 01 01 01 01 01 01 01 01
[  101.154711] TPADHSUART-DBG RX< 00000340: 01 01 01 ff ff 43 13 01 01 01 01 01 07 31 2d 06
[  101.154728] TPADHSUART-DBG RX< 00000350: 01 01 01 01 01 01 01 01 01 01 01 01 01 01 01 01
[  101.154745] TPADHSUART-DBG RX< 00000360: 01 01 01 01 01 01 01 01 01 01 01 01 01 01 01 ff
[  101.154761] TPADHSUART-DBG RX< 00000370: ff 43 14 00 00 01 01 01 02 0f 09 02 01 01 01 01
[  101.154776] TPADHSUART-DBG RX< 00000380: 01 01 01 01 01 01 01 01 01 01 01 01 01 01 01 01
[  101.154792] TPADHSUART-DBG RX< 00000390: 01 01 01 01 01 01 01 01 01 01 01 ff ff 43 15 01
[  101.154811] TPADHSUART-DBG RX< 000003a0: 01 01 01 01 01 03 02 01 01 01 01 01 01 01 01 01
[  101.154826] TPADHSUART-DBG RX< 000003b0: 01 01 01 01 01 01 01 01 01 01 01 01 01 01 01 01
[  101.154841] TPADHSUART-DBG RX< 000003c0: 01 01 01 01 01 01 01 ff ff 43 16 01 01 01 01 01
[  101.154857] TPADHSUART-DBG RX< 000003d0: 01 01 01 01 01 01 01 01 01 01 01 01 01 01 01 01
[  101.154874] TPADHSUART-DBG RX< 000003e0: 01 01 01 01 01 01 01 01 01 01 01 01 01 01 01 01
[  101.154889] TPADHSUART-DBG RX< 000003f0: 01 01 01 ff ff 43 17 01 00 01 01 00 01 01 01 01
[  101.154904] TPADHSUART-DBG RX< 00000400: 01 01 01 01 01 01 01 01 01 01 01 01 01 01 01 01
[  101.154920] TPADHSUART-DBG RX< 00000410: 01 01 01 01 01 01 01 01 01 01 01 01 01 01 01 ff
[  101.154938] TPADHSUART-DBG RX< 00000420: ff 43 18 01 01 01 01 01 01 01 00 01 01 01 01 01
[  101.154955] TPADHSUART-DBG RX< 00000430: 01 01 01 01 01 01 01 01 01 01 01 01 01 01 01 01
[  101.154970] TPADHSUART-DBG RX< 00000440: 01 01 01 01 01 01 01 01 01 01 01 ff ff 43 19 01
[  101.154985] TPADHSUART-DBG RX< 00000450: 01 01 01 01 01 00 01 01 01 01 01 01 01 01 01 01
[  101.155001] TPADHSUART-DBG RX< 00000460: 01 01 01 01 01 01 01 01 01 01 01 01 01 01 01 01
[  101.155016] TPADHSUART-DBG RX< 00000470: 01 01 01 01 01 01 01 ff ff 43 1a 01 01 01 01 01
[  101.155031] TPADHSUART-DBG RX< 00000480: 01 01 01 01 01 01 01 01 01 01 01 01 01 01 01 01
[  101.155046] TPADHSUART-DBG RX< 00000490: 01 01 01 01 01 00 01 01 01 01 01 01 01 01 01 01
[  101.155064] TPADHSUART-DBG RX< 000004a0: 01 01 01 ff ff 43 1b 01 01 01 01 01 01 01 01 00
[  101.155080] TPADHSUART-DBG RX< 000004b0: 01 01 01 01 01 01 01 01 01 01 01 01 01 01 01 01
[  101.155095] TPADHSUART-DBG RX< 000004c0: 01 01 01 01 01 01 01 01 01 01 01 01 01 00 01 ff
[  101.155111] TPADHSUART-DBG RX< 000004d0: ff 43 1c 01 01 01 01 01 01 01 01 01 01 01 01 01
[  101.155127] TPADHSUART-DBG RX< 000004e0: 01 01 00 01 01 01 01 01 01 01 01 01 01 01 01 01
[  101.155142] TPADHSUART-DBG RX< 000004f0: 01 01 01 01 01 01 01 01 01 01 01 ff ff 43 1d 01
[  101.155157] TPADHSUART-DBG RX< 00000500: 01 01 01 01 01 01 01 01 01 01 01 01 01 01 01 01
[  101.155173] TPADHSUART-DBG RX< 00000510: 01 01 01 01 01 01 00 01 01 01 01 01 01 01 01 01
[  101.155191] TPADHSUART-DBG RX< 00000520: 01 01 01 01 01 00 01 ff ff 47 08 00 00 00 00 00
[  101.155205] TPADHSUART-DBG RX< 00000530: 00 84 3a ff
[  101.165431] TPADHSUART-DBG RX< 00000000: ff 43 80 01 01 01 01 01 01 01 01 01 01 01 01 01
[  101.165452] TPADHSUART-DBG RX< 00000010: 01 01 01 01 01 01 01 01 01 01 01 01 01 01 01 01
[  101.165467] TPADHSUART-DBG RX< 00000020: 01 01 01 01 01 01 01 01 01 01 01 ff ff 43 01 01
[  101.165483] TPADHSUART-DBG RX< 00000030: 01 01 01 01 01 01 01 01 01 01 01 01 01 01 01 01
[  101.165501] TPADHSUART-DBG RX< 00000040: 01 01 01 01 01 01 01 01 01 00 01 01 01 01 01 01
[  101.165530] TPADHSUART-DBG RX< 00000050: 01 01 01 01 01 01 01 ff ff 43 02 01 01 01 01 01
[  101.165546] TPADHSUART-DBG RX< 00000060: 01 01 01 01 01 01 01 01 01 01 01 01 01 01 01 01
[  101.165563] TPADHSUART-DBG RX< 00000070: 01 01 00 01 00 01 01 01 01 01 01 01 01 01 01 01
[  101.165579] TPADHSUART-DBG RX< 00000080: 01 01 01 ff ff 43 03 01 01 01 01 01 01 01 01 01
[  101.165594] TPADHSUART-DBG RX< 00000090: 01 01 01 01 01 01 01 01 01 01 01 01 01 01 01 01
[  101.165609] TPADHSUART-DBG RX< 000000a0: 01 01 01 01 01 01 01 01 01 01 01 01 01 01 01 ff
[  101.165627] TPADHSUART-DBG RX< 000000b0: ff 43 04 00 00 01 00 00 01 01 01 01 01 00 01 01
[  101.165643] TPADHSUART-DBG RX< 000000c0: 01 01 01 01 01 01 01 01 01 01 01 01 01 01 01 01
[  101.165658] TPADHSUART-DBG RX< 000000d0: 01 01 01 01 01 01 01 01 01 01 01 ff ff 43 05 01
[  101.165674] TPADHSUART-DBG RX< 000000e0: 01 01 00 01 01 00 01 01 01 00 01 01 01 01 01 01
[  101.165690] TPADHSUART-DBG RX< 000000f0: 01 01 01 01 01 01 01 01 01 01 01 01 01 01 01 01
[  101.165706] TPADHSUART-DBG RX< 00000100: 01 01 01 01 01 01 01 ff ff 43 06 01 01 01 01 01
[  101.165721] TPADHSUART-DBG RX< 00000110: 01 01 01 01 01 01 01 01 01 01 01 01 01 01 01 01
[  101.165737] TPADHSUART-DBG RX< 00000120: 01 01 01 01 01 01 01 01 01 01 01 01 01 01 01 01
[  101.165754] TPADHSUART-DBG RX< 00000130: 01 01 01 ff ff 43 07 01 01 01 01 01 01 00 01 01
[  101.165771] TPADHSUART-DBG RX< 00000140: 01 01 01 01 01 01 01 01 01 01 01 01 01 01 01 01
[  101.165786] TPADHSUART-DBG RX< 00000150: 01 01 01 00 01 01 01 01 01 01 01 01 01 01 01 ff
[  101.165801] TPADHSUART-DBG RX< 00000160: ff 43 08 01 01 01 01 01 01 01 01 01 01 01 01 01
[  101.165817] TPADHSUART-DBG RX< 00000170: 01 01 01 01 01 01 01 01 01 01 01 01 01 01 01 01
[  101.165835] TPADHSUART-DBG RX< 00000180: 01 01 01 01 01 01 01 01 01 01 01 ff ff 43 09 01
[  101.165851] TPADHSUART-DBG RX< 00000190: 01 01 01 01 01 01 01 01 01 01 01 01 01 01 01 01
[  101.165866] TPADHSUART-DBG RX< 000001a0: 01 01 01 01 01 01 01 01 01 01 01 01 01 01 01 01
[  101.165883] TPADHSUART-DBG RX< 000001b0: 01 01 01 01 01 01 01 ff ff 43 0a 01 01 01 01 01
[  101.165900] TPADHSUART-DBG RX< 000001c0: 01 01 01 01 01 01 01 01 01 01 01 01 01 01 01 01
[  101.165916] TPADHSUART-DBG RX< 000001d0: 01 01 01 01 01 01 01 01 01 01 01 01 01 01 01 01
[  101.165931] TPADHSUART-DBG RX< 000001e0: 01 01 01 ff ff 43 0b 01 01 01 01 01 01 01 01 01
[  101.165946] TPADHSUART-DBG RX< 000001f0: 01 00 01 01 01 01 01 01 01 01 01 01 01 01 01 01
[  101.165965] TPADHSUART-DBG RX< 00000200: 01 01 01 01 01 01 01 01 01 01 01 01 01 01 01 ff
[  101.165982] TPADHSUART-DBG RX< 00000210: ff 43 0c 01 01 01 01 00 01 01 01 01 01 01 01 01
[  101.165997] TPADHSUART-DBG RX< 00000220: 01 01 01 01 01 01 01 00 01 01 01 01 01 01 01 01
[  101.166012] TPADHSUART-DBG RX< 00000230: 01 01 01 01 01 01 01 01 01 00 01 ff ff 43 0d 01
[  101.166028] TPADHSUART-DBG RX< 00000240: 01 01 01 01 01 01 01 01 01 01 01 01 01 01 01 01
[  101.166045] TPADHSUART-DBG RX< 00000250: 01 01 01 01 01 01 01 01 01 01 01 01 01 01 01 01
[  101.166060] TPADHSUART-DBG RX< 00000260: 01 01 01 01 01 01 01 ff ff 43 0e 01 01 01 01 01
[  101.166075] TPADHSUART-DBG RX< 00000270: 01 01 01 01 01 01 01 01 01 01 01 01 01 01 01 01
[  101.166092] TPADHSUART-DBG RX< 00000280: 01 01 01 01 01 01 01 01 01 01 01 01 01 01 01 01
[  101.166109] TPADHSUART-DBG RX< 00000290: 01 01 01 ff ff 43 0f 01 01 01 01 01 01 01 01 01
[  101.166123] TPADHSUART-DBG RX< 000002a0: 01 01 01 01 01 01 01 01 01 01 01 01 01 00 01 01
[  101.166138] TPADHSUART-DBG RX< 000002b0: 01 01 01 01 01 01 01 01 01 01 01 01 01 01 01 ff
[  101.166155] TPADHSUART-DBG RX< 000002c0: ff 43 10 00 01 01 01 01 01 03 02 01 01 01 01 01
[  101.166172] TPADHSUART-DBG RX< 000002d0: 01 01 01 01 01 01 01 01 01 01 01 01 01 01 01 01
[  101.166188] TPADHSUART-DBG RX< 000002e0: 01 01 01 01 01 01 01 01 01 01 01 ff ff 43 11 01
[  101.166203] TPADHSUART-DBG RX< 000002f0: 01 01 01 01 04 13 0b 03 01 01 01 01 01 01 01 01
[  101.166220] TPADHSUART-DBG RX< 00000300: 01 01 01 01 01 01 01 01 01 01 01 01 01 01 01 01
[  101.166243] TPADHSUART-DBG RX< 00000310: 01 01 01 01 01 01 01 ff ff 43 12 01 01 01 01 01
[  101.166261] TPADHSUART-DBG RX< 00000320: 0b 43 31 05 01 00 01 01 01 01 01 01 01 01 01 01
[  101.166278] TPADHSUART-DBG RX< 00000330: 01 01 01 01 01 01 01 01 01 01 01 01 01 01 01 01
[  101.166295] TPADHSUART-DBG RX< 00000340: 01 01 01 ff ff 43 13 01 01 01 01 01 07 2f 29 06
[  101.166309] TPADHSUART-DBG RX< 00000350: 01 01 01 01 01 01 01 01 01 01 01 01 01 01 01 01
[  101.166325] TPADHSUART-DBG RX< 00000360: 01 01 01 01 01 01 01 01 01 01 01 01 01 01 01 ff
[  101.166344] TPADHSUART-DBG RX< 00000370: ff 43 14 00 00 01 01 01 02 0e 08 02 01 01 01 01
[  101.166359] TPADHSUART-DBG RX< 00000380: 01 01 01 01 01 01 01 01 01 01 01 01 01 01 01 01
[  101.166374] TPADHSUART-DBG RX< 00000390: 01 01 01 01 01 01 01 01 01 01 01 ff ff 43 15 01
[  101.166390] TPADHSUART-DBG RX< 000003a0: 01 01 01 01 01 03 02 01 01 01 01 01 01 01 01 01
[  101.166406] TPADHSUART-DBG RX< 000003b0: 01 01 01 01 01 01 01 01 01 01 01 01 01 01 01 01
[  101.166422] TPADHSUART-DBG RX< 000003c0: 01 01 01 01 01 01 01 ff ff 43 16 01 01 01 01 01
[  101.166437] TPADHSUART-DBG RX< 000003d0: 01 01 01 01 01 01 01 01 01 01 01 01 01 01 01 01
[  101.166453] TPADHSUART-DBG RX< 000003e0: 01 01 01 01 01 01 01 01 01 01 01 01 01 01 01 01
[  101.166471] TPADHSUART-DBG RX< 000003f0: 01 01 01 ff ff 43 17 01 00 01 01 00 01 01 01 01
[  101.166488] TPADHSUART-DBG RX< 00000400: 01 01 01 01 01 01 01 01 01 01 01 01 01 01 01 01
[  101.166503] TPADHSUART-DBG RX< 00000410: 01 01 01 01 01 01 01 01 01 01 01 01 01 01 01 ff
[  101.166518] TPADHSUART-DBG RX< 00000420: ff 43 18 01 01 01 01 01 01 01 00 01 01 01 01 01
[  101.166534] TPADHSUART-DBG RX< 00000430: 01 01 01 01 01 01 01 01 01 01 01 01 01 01 01 01
[  101.166552] TPADHSUART-DBG RX< 00000440: 01 01 01 01 01 01 01 01 01 01 01 ff ff 43 19 01
[  101.166568] TPADHSUART-DBG RX< 00000450: 01 01 01 01 01 00 01 01 01 01 01 01 01 01 01 01
[  101.166583] TPADHSUART-DBG RX< 00000460: 01 01 01 01 01 01 01 01 01 01 01 01 01 01 01 01
[  101.166600] TPADHSUART-DBG RX< 00000470: 01 01 01 01 01 01 01 ff ff 43 1a 01 01 01 01 01
[  101.166617] TPADHSUART-DBG RX< 00000480: 01 01 01 01 01 01 01 01 01 01 01 01 01 01 01 01
[  101.166633] TPADHSUART-DBG RX< 00000490: 01 01 01 01 01 00 01 01 01 01 01 01 01 01 01 01
[  101.166647] TPADHSUART-DBG RX< 000004a0: 01 01 01 ff ff 43 1b 01 01 01 01 01 01 01 01 00
[  101.166663] TPADHSUART-DBG RX< 000004b0: 01 01 01 01 01 01 01 01 01 01 01 01 01 01 01 01
[  101.166681] TPADHSUART-DBG RX< 000004c0: 01 01 01 01 01 01 01 01 01 01 01 01 01 00 01 ff
[  101.166698] TPADHSUART-DBG RX< 000004d0: ff 43 1c 01 01 01 01 01 01 01 01 01 01 01 01 01
[  101.166712] TPADHSUART-DBG RX< 000004e0: 01 01 00 01 01 01 01 01 01 01 01 01 01 01 01 01
[  101.166728] TPADHSUART-DBG RX< 000004f0: 01 01 01 01 01 01 01 01 01 01 01 ff ff 43 1d 01
[  101.166744] TPADHSUART-DBG RX< 00000500: 01 01 01 01 01 01 01 01 01 01 01 01 01 01 01 01
[  101.166759] TPADHSUART-DBG RX< 00000510: 01 01 01 01 01 01 00 01 01 01 01 01 01 01 01 01
[  101.166774] TPADHSUART-DBG RX< 00000520: 01 01 01 01 01 00 01 ff ff 47 08 00 00 00 00 00
[  101.166787] TPADHSUART-DBG RX< 00000530: 00 84 3f ff
[  101.176998] TPADHSUART-DBG RX< 00000000: ff 43 80 01 01 01 01 01 01 01 01 01 01 01 01 01
[  101.177016] TPADHSUART-DBG RX< 00000010: 01 01 01 01 01 01 01 01 01 01 01 01 01 01 01 01
[  101.177031] TPADHSUART-DBG RX< 00000020: 01 01 01 01 01 01 01 01 01 01 01 ff ff 43 01 01
[  101.177044] TPADHSUART-DBG RX< 00000030: 01 01 01 01 01 01 01 01 01 01 01 01 01 01 01 01
[  101.177058] TPADHSUART-DBG RX< 00000040: 01 01 01 01 01 01 01 01 01 00 01 01 01 01 01 01
[  101.177073] TPADHSUART-DBG RX< 00000050: 01 01 01 01 01 01 01 ff ff 43 02 01 01 01 01 01
[  101.177086] TPADHSUART-DBG RX< 00000060: 01 01 01 01 01 01 01 01 01 01 01 01 01 01 01 01
[  101.177100] TPADHSUART-DBG RX< 00000070: 01 01 00 01 00 01 01 01 01 01 01 01 01 01 01 01
[  101.177115] TPADHSUART-DBG RX< 00000080: 01 01 01 ff ff 43 03 01 01 01 01 01 01 01 01 01
[  101.177127] TPADHSUART-DBG RX< 00000090: 01 01 01 01 01 01 01 01 01 01 01 01 01 01 01 01
[  101.177142] TPADHSUART-DBG RX< 000000a0: 01 01 01 01 01 01 01 01 01 01 01 01 01 01 01 ff
[  101.177157] TPADHSUART-DBG RX< 000000b0: ff 43 04 00 00 01 00 00 01 01 01 01 01 00 01 01
[  101.177169] TPADHSUART-DBG RX< 000000c0: 01 01 01 01 01 01 01 01 01 01 01 01 01 01 01 01
[  101.177184] TPADHSUART-DBG RX< 000000d0: 01 01 01 01 01 01 01 01 01 01 01 ff ff 43 05 01
[  101.177199] TPADHSUART-DBG RX< 000000e0: 01 01 00 01 01 00 01 01 01 00 01 01 01 01 01 01
[  101.177212] TPADHSUART-DBG RX< 000000f0: 01 01 01 01 01 01 01 01 01 01 01 01 01 01 01 01
[  101.177226] TPADHSUART-DBG RX< 00000100: 01 01 01 01 01 01 01 ff ff 43 06 01 01 01 01 01
[  101.177241] TPADHSUART-DBG RX< 00000110: 01 01 01 01 01 01 01 01 01 01 01 01 01 01 01 01
[  101.177254] TPADHSUART-DBG RX< 00000120: 01 01 01 01 01 01 01 01 01 01 01 01 01 01 01 01
[  101.177268] TPADHSUART-DBG RX< 00000130: 01 01 01 ff ff 43 07 01 01 01 01 01 01 00 01 01
[  101.177283] TPADHSUART-DBG RX< 00000140: 01 01 01 01 01 01 01 01 01 01 01 01 01 01 01 01
[  101.177295] TPADHSUART-DBG RX< 00000150: 01 01 01 00 01 01 01 01 01 01 01 01 01 01 01 ff
[  101.177310] TPADHSUART-DBG RX< 00000160: ff 43 08 01 01 01 01 01 01 01 01 01 01 01 01 01
[  101.177325] TPADHSUART-DBG RX< 00000170: 01 01 01 01 01 01 01 01 01 01 01 01 01 01 01 01
[  101.177338] TPADHSUART-DBG RX< 00000180: 01 01 01 01 01 01 01 01 01 01 01 ff ff 43 09 01
[  101.177352] TPADHSUART-DBG RX< 00000190: 01 01 01 01 01 01 01 01 01 01 01 01 01 01 01 01
[  101.177367] TPADHSUART-DBG RX< 000001a0: 01 01 01 01 01 01 01 01 01 01 01 01 01 01 01 01
[  101.177380] TPADHSUART-DBG RX< 000001b0: 01 01 01 01 01 01 01 ff ff 43 0a 01 01 01 01 01
[  101.177395] TPADHSUART-DBG RX< 000001c0: 01 01 01 01 01 01 01 01 01 01 01 01 01 01 01 01
[  101.177410] TPADHSUART-DBG RX< 000001d0: 01 01 01 01 01 01 01 01 01 01 01 01 01 01 01 01
[  101.177422] TPADHSUART-DBG RX< 000001e0: 01 01 01 ff ff 43 0b 01 01 01 01 01 01 01 01 01
[  101.177436] TPADHSUART-DBG RX< 000001f0: 01 00 01 01 01 01 01 01 01 01 01 01 01 01 01 01
[  101.177451] TPADHSUART-DBG RX< 00000200: 01 01 01 01 01 01 01 01 01 01 01 01 01 01 01 ff
[  101.177464] TPADHSUART-DBG RX< 00000210: ff 43 0c 01 01 01 01 00 01 01 01 01 01 01 01 01
[  101.177479] TPADHSUART-DBG RX< 00000220: 01 01 01 01 01 01 01 00 01 01 01 01 01 01 01 01
[  101.177493] TPADHSUART-DBG RX< 00000230: 01 01 01 01 01 01 01 01 01 00 01 ff ff 43 0d 01
[  101.177506] TPADHSUART-DBG RX< 00000240: 01 01 01 01 01 01 01 01 01 01 01 01 01 01 01 01
[  101.177521] TPADHSUART-DBG RX< 00000250: 01 01 01 01 01 01 01 01 01 01 01 01 01 01 01 01
[  101.177536] TPADHSUART-DBG RX< 00000260: 01 01 01 01 01 01 01 ff ff 43 0e 01 01 01 01 01
[  101.177548] TPADHSUART-DBG RX< 00000270: 01 01 01 01 01 01 01 01 01 01 01 01 01 01 01 01
[  101.177563] TPADHSUART-DBG RX< 00000280: 01 01 01 01 01 01 01 01 01 01 01 01 01 01 01 01
[  101.177578] TPADHSUART-DBG RX< 00000290: 01 01 01 ff ff 43 0f 01 01 01 01 01 01 01 01 01
[  101.177590] TPADHSUART-DBG RX< 000002a0: 01 01 01 01 01 01 01 01 01 01 01 01 01 00 01 01
[  101.177605] TPADHSUART-DBG RX< 000002b0: 01 01 01 01 01 01 01 01 01 01 01 01 01 01 01 ff
[  101.177620] TPADHSUART-DBG RX< 000002c0: ff 43 10 00 01 01 01 01 01 03 02 01 01 01 01 01
[  101.177632] TPADHSUART-DBG RX< 000002d0: 01 01 01 01 01 01 01 01 01 01 01 01 01 01 01 01
[  101.177647] TPADHSUART-DBG RX< 000002e0: 01 01 01 01 01 01 01 01 01 01 01 ff ff 43 11 01
[  101.177662] TPADHSUART-DBG RX< 000002f0: 01 01 01 01 04 13 0b 03 01 01 01 01 01 01 01 01
[  101.177675] TPADHSUART-DBG RX< 00000300: 01 01 01 01 01 01 01 01 01 01 01 01 01 01 01 01
[  101.177690] TPADHSUART-DBG RX< 00000310: 01 01 01 01 01 01 01 ff ff 43 12 01 01 01 01 01
[  101.177704] TPADHSUART-DBG RX< 00000320: 0a 40 2c 05 01 00 01 01 01 01 01 01 01 01 01 01
[  101.177717] TPADHSUART-DBG RX< 00000330: 01 01 01 01 01 01 01 01 01 01 01 01 01 01 01 01
[  101.177732] TPADHSUART-DBG RX< 00000340: 01 01 01 ff ff 43 13 01 01 01 01 01 07 2b 22 06
[  101.177747] TPADHSUART-DBG RX< 00000350: 01 01 01 01 01 01 01 01 01 01 01 01 01 01 01 01
[  101.177759] TPADHSUART-DBG RX< 00000360: 01 01 01 01 01 01 01 01 01 01 01 01 01 01 01 ff
[  101.177774] TPADHSUART-DBG RX< 00000370: ff 43 14 00 00 01 01 01 02 0e 08 02 01 01 01 01
[  101.177788] TPADHSUART-DBG RX< 00000380: 01 01 01 01 01 01 01 01 01 01 01 01 01 01 01 01
[  101.177801] TPADHSUART-DBG RX< 00000390: 01 01 01 01 01 01 01 01 01 01 01 ff ff 43 15 01
[  101.177816] TPADHSUART-DBG RX< 000003a0: 01 01 01 01 01 03 02 01 01 01 01 01 01 01 01 01
[  101.177831] TPADHSUART-DBG RX< 000003b0: 01 01 01 01 01 01 01 01 01 01 01 01 01 01 01 01
[  101.177843] TPADHSUART-DBG RX< 000003c0: 01 01 01 01 01 01 01 ff ff 43 16 01 01 01 01 01
[  101.177858] TPADHSUART-DBG RX< 000003d0: 01 01 01 01 01 01 01 01 01 01 01 01 01 01 01 01
[  101.177873] TPADHSUART-DBG RX< 000003e0: 01 01 01 01 01 01 01 01 01 01 01 01 01 01 01 01
[  101.177885] TPADHSUART-DBG RX< 000003f0: 01 01 01 ff ff 43 17 01 00 01 01 00 01 01 01 01
[  101.177900] TPADHSUART-DBG RX< 00000400: 01 01 01 01 01 01 01 01 01 01 01 01 01 01 01 01
[  101.177915] TPADHSUART-DBG RX< 00000410: 01 01 01 01 01 01 01 01 01 01 01 01 01 01 01 ff
[  101.177927] TPADHSUART-DBG RX< 00000420: ff 43 18 01 01 01 01 01 01 01 00 01 01 01 01 01
[  101.177942] TPADHSUART-DBG RX< 00000430: 01 01 01 01 01 01 01 01 01 01 01 01 01 01 01 01
[  101.177956] TPADHSUART-DBG RX< 00000440: 01 01 01 01 01 01 01 01 01 01 01 ff ff 43 19 01
[  101.177969] TPADHSUART-DBG RX< 00000450: 01 01 01 01 01 00 01 01 01 01 01 01 01 01 01 01
[  101.177983] TPADHSUART-DBG RX< 00000460: 01 01 01 01 01 01 01 01 01 01 01 01 01 01 01 01
[  101.177997] TPADHSUART-DBG RX< 00000470: 01 01 01 01 01 01 01 ff ff 43 1a 01 01 01 01 01
[  101.178009] TPADHSUART-DBG RX< 00000480: 01 01 01 01 01 01 01 01 01 01 01 01 01 01 01 01
[  101.178025] TPADHSUART-DBG RX< 00000490: 01 01 01 01 01 00 01 01 01 01 01 01 01 01 01 01
[  101.178039] TPADHSUART-DBG RX< 000004a0: 01 01 01 ff ff 43 1b 01 01 01 01 01 01 01 01 00
[  101.178051] TPADHSUART-DBG RX< 000004b0: 01 01 01 01 01 01 01 01 01 01 01 01 01 01 01 01
[  101.178066] TPADHSUART-DBG RX< 000004c0: 01 01 01 01 01 01 01 01 01 01 01 01 01 00 01 ff
[  101.178081] TPADHSUART-DBG RX< 000004d0: ff 43 1c 01 01 01 01 01 01 01 01 01 01 01 01 01
[  101.178093] TPADHSUART-DBG RX< 000004e0: 01 01 00 01 01 01 01 01 01 01 01 01 01 01 01 01
[  101.178109] TPADHSUART-DBG RX< 000004f0: 01 01 01 01 01 01 01 01 01 01 01 ff ff 43 1d 01
[  101.178123] TPADHSUART-DBG RX< 00000500: 01 01 01 01 01 01 01 01 01 01 01 01 01 01 01 01
[  101.178135] TPADHSUART-DBG RX< 00000510: 01 01 01 01 01 01 00 01 01 01 01 01 01 01 01 01
[  101.178151] TPADHSUART-DBG RX< 00000520: 01 01 01 01 01 00 01 ff ff 47 08 00 00 00 00 00
[  101.178161] TPADHSUART-DBG RX< 00000530: 00 84 44 ff
[  101.188563] TPADHSUART-DBG RX< 00000000: ff 43 80 01 01 01 01 01 01 01 01 01 01 01 01 01
[  101.188583] TPADHSUART-DBG RX< 00000010: 01 01 01 01 01 01 01 01 01 01 01 01 01 01 01 01
[  101.188601] TPADHSUART-DBG RX< 00000020: 01 01 01 01 01 01 01 01 01 01 01 ff ff 43 01 01
[  101.188616] TPADHSUART-DBG RX< 00000030: 01 01 01 01 01 01 01 01 01 01 01 01 01 01 01 01
[  101.188632] TPADHSUART-DBG RX< 00000040: 01 01 01 01 01 01 01 01 01 00 01 01 01 01 01 01
[  101.188649] TPADHSUART-DBG RX< 00000050: 01 01 01 01 01 01 01 ff ff 43 02 01 01 01 01 01
[  101.188665] TPADHSUART-DBG RX< 00000060: 01 01 01 01 01 01 01 01 01 01 01 01 01 01 01 01
[  101.188680] TPADHSUART-DBG RX< 00000070: 01 01 00 01 00 01 01 01 01 01 01 01 01 01 01 01
[  101.188696] TPADHSUART-DBG RX< 00000080: 01 01 01 ff ff 43 03 01 01 01 01 01 01 01 01 01
[  101.188714] TPADHSUART-DBG RX< 00000090: 01 01 01 01 01 01 01 01 01 01 01 01 01 01 01 01
[  101.188731] TPADHSUART-DBG RX< 000000a0: 01 01 01 01 01 01 01 01 01 01 01 01 01 01 01 ff
[  101.188746] TPADHSUART-DBG RX< 000000b0: ff 43 04 00 00 01 00 00 01 01 01 01 01 00 01 01
[  101.188761] TPADHSUART-DBG RX< 000000c0: 01 01 01 01 01 01 01 01 01 01 01 01 01 01 01 01
[  101.188777] TPADHSUART-DBG RX< 000000d0: 01 01 01 01 01 01 01 01 01 01 01 ff ff 43 05 01
[  101.188794] TPADHSUART-DBG RX< 000000e0: 01 01 00 01 01 00 01 01 01 00 01 01 01 01 01 01
[  101.188809] TPADHSUART-DBG RX< 000000f0: 01 01 01 01 01 01 01 01 01 01 01 01 01 01 01 01
[  101.188824] TPADHSUART-DBG RX< 00000100: 01 01 01 01 01 01 01 ff ff 43 06 01 01 01 01 01
[  101.188841] TPADHSUART-DBG RX< 00000110: 01 01 01 01 01 01 01 01 01 01 01 01 01 01 01 01
[  101.188858] TPADHSUART-DBG RX< 00000120: 01 01 01 01 01 01 01 01 01 01 01 01 01 01 01 01
[  101.188875] TPADHSUART-DBG RX< 00000130: 01 01 01 ff ff 43 07 01 01 01 01 01 01 00 01 01
[  101.188890] TPADHSUART-DBG RX< 00000140: 01 01 01 01 01 01 01 01 01 01 01 01 01 01 01 01
[  101.188906] TPADHSUART-DBG RX< 00000150: 01 01 01 00 01 01 01 01 01 01 01 01 01 01 01 ff
[  101.188924] TPADHSUART-DBG RX< 00000160: ff 43 08 01 01 01 01 01 01 01 01 01 01 01 01 01
[  101.188941] TPADHSUART-DBG RX< 00000170: 01 01 01 01 01 01 01 01 01 01 01 01 01 01 01 01
[  101.188956] TPADHSUART-DBG RX< 00000180: 01 01 01 01 01 01 01 01 01 01 01 ff ff 43 09 01
[  101.188971] TPADHSUART-DBG RX< 00000190: 01 01 01 01 01 01 01 01 01 01 01 01 01 01 01 01
[  101.188987] TPADHSUART-DBG RX< 000001a0: 01 01 01 01 01 01 01 01 01 01 01 01 01 01 01 01
[  101.189002] TPADHSUART-DBG RX< 000001b0: 01 01 01 01 01 01 01 ff ff 43 0a 01 01 01 01 01
[  101.189017] TPADHSUART-DBG RX< 000001c0: 01 01 01 01 01 01 01 01 01 01 01 01 01 01 01 01
[  101.189033] TPADHSUART-DBG RX< 000001d0: 01 01 01 01 01 01 01 01 01 01 01 01 01 01 01 01
[  101.189051] TPADHSUART-DBG RX< 000001e0: 01 01 01 ff ff 43 0b 01 01 01 01 01 01 01 01 01
[  101.189068] TPADHSUART-DBG RX< 000001f0: 01 00 01 01 01 01 01 01 01 01 01 01 01 01 01 01
[  101.189083] TPADHSUART-DBG RX< 00000200: 01 01 01 01 01 01 01 01 01 01 01 01 01 01 01 ff
[  101.189098] TPADHSUART-DBG RX< 00000210: ff 43 0c 01 01 01 01 00 01 01 01 01 01 01 01 01
[  101.189114] TPADHSUART-DBG RX< 00000220: 01 01 01 01 01 01 01 00 01 01 01 01 01 01 01 01
[  101.189131] TPADHSUART-DBG RX< 00000230: 01 01 01 01 01 01 01 01 01 00 01 ff ff 43 0d 01
[  101.189146] TPADHSUART-DBG RX< 00000240: 01 01 01 01 01 01 01 01 01 01 01 01 01 01 01 01
[  101.189161] TPADHSUART-DBG RX< 00000250: 01 01 01 01 01 01 01 01 01 01 01 01 01 01 01 01
[  101.189178] TPADHSUART-DBG RX< 00000260: 01 01 01 01 01 01 01 ff ff 43 0e 01 01 01 01 01
[  101.189195] TPADHSUART-DBG RX< 00000270: 01 01 01 01 01 01 01 01 01 01 01 01 01 01 01 01
[  101.189210] TPADHSUART-DBG RX< 00000280: 01 01 01 01 01 01 01 01 01 01 01 01 01 01 01 01
[  101.189225] TPADHSUART-DBG RX< 00000290: 01 01 01 ff ff 43 0f 01 01 01 01 01 01 01 01 01
[  101.189241] TPADHSUART-DBG RX< 000002a0: 01 01 01 01 01 01 01 01 01 01 01 01 01 00 01 01
[  101.189258] TPADHSUART-DBG RX< 000002b0: 01 01 01 01 01 01 01 01 01 01 01 01 01 01 01 ff
[  101.189273] TPADHSUART-DBG RX< 000002c0: ff 43 10 00 01 01 01 01 01 03 02 01 01 01 01 01
[  101.189288] TPADHSUART-DBG RX< 000002d0: 01 01 01 01 01 01 01 01 01 01 01 01 01 01 01 01
[  101.189305] TPADHSUART-DBG RX< 000002e0: 01 01 01 01 01 01 01 01 01 01 01 ff ff 43 11 01
[  101.189322] TPADHSUART-DBG RX< 000002f0: 01 01 01 01 04 13 0b 03 01 01 01 01 01 01 01 01
[  101.189338] TPADHSUART-DBG RX< 00000300: 01 01 01 01 01 01 01 01 01 01 01 01 01 01 01 01
[  101.189353] TPADHSUART-DBG RX< 00000310: 01 01 01 01 01 01 01 ff ff 43 12 01 01 01 01 01
[  101.189369] TPADHSUART-DBG RX< 00000320: 0a 3e 24 05 01 00 01 01 01 01 01 01 01 01 01 01
[  101.189387] TPADHSUART-DBG RX< 00000330: 01 01 01 01 01 01 01 01 01 01 01 01 01 01 01 01
[  101.189403] TPADHSUART-DBG RX< 00000340: 01 01 01 ff ff 43 13 01 01 01 01 01 07 27 1a 05
[  101.189418] TPADHSUART-DBG RX< 00000350: 01 01 01 01 01 01 01 01 01 01 01 01 01 01 01 01
[  101.189434] TPADHSUART-DBG RX< 00000360: 01 01 01 01 01 01 01 01 01 01 01 01 01 01 01 ff
[  101.189451] TPADHSUART-DBG RX< 00000370: ff 43 14 00 00 01 01 01 02 0e 05 02 01 01 01 01
[  101.189466] TPADHSUART-DBG RX< 00000380: 01 01 01 01 01 01 01 01 01 01 01 01 01 01 01 01
[  101.189481] TPADHSUART-DBG RX< 00000390: 01 01 01 01 01 01 01 01 01 01 01 ff ff 43 15 01
[  101.189497] TPADHSUART-DBG RX< 000003a0: 01 01 01 01 01 03 02 01 01 01 01 01 01 01 01 01
[  101.189514] TPADHSUART-DBG RX< 000003b0: 01 01 01 01 01 01 01 01 01 01 01 01 01 01 01 01
[  101.189530] TPADHSUART-DBG RX< 000003c0: 01 01 01 01 01 01 01 ff ff 43 16 01 01 01 01 01
[  101.189545] TPADHSUART-DBG RX< 000003d0: 01 01 01 01 01 01 01 01 01 01 01 01 01 01 01 01
[  101.189561] TPADHSUART-DBG RX< 000003e0: 01 01 01 01 01 01 01 01 01 01 01 01 01 01 01 01
[  101.189577] TPADHSUART-DBG RX< 000003f0: 01 01 01 ff ff 43 17 01 00 01 01 00 01 01 01 01
[  101.189593] TPADHSUART-DBG RX< 00000400: 01 01 01 01 01 01 01 01 01 01 01 01 01 01 01 01
[  101.189607] TPADHSUART-DBG RX< 00000410: 01 01 01 01 01 01 01 01 01 01 01 01 01 01 01 ff
[  101.189623] TPADHSUART-DBG RX< 00000420: ff 43 18 01 01 01 01 01 01 01 00 01 01 01 01 01
[  101.189641] TPADHSUART-DBG RX< 00000430: 01 01 01 01 01 01 01 01 01 01 01 01 01 01 01 01
[  101.189656] TPADHSUART-DBG RX< 00000440: 01 01 01 01 01 01 01 01 01 01 01 ff ff 43 19 01
[  101.189671] TPADHSUART-DBG RX< 00000450: 01 01 01 01 01 00 01 01 01 01 01 01 01 01 01 01
[  101.189687] TPADHSUART-DBG RX< 00000460: 01 01 01 01 01 01 01 01 01 01 01 01 01 01 01 01
[  101.189704] TPADHSUART-DBG RX< 00000470: 01 01 01 01 01 01 01 ff ff 43 1a 01 01 01 01 01
[  101.189719] TPADHSUART-DBG RX< 00000480: 01 01 01 01 01 01 01 01 01 01 01 01 01 01 01 01
[  101.189734] TPADHSUART-DBG RX< 00000490: 01 01 01 01 01 00 01 01 01 01 01 01 01 01 01 01
[  101.189750] TPADHSUART-DBG RX< 000004a0: 01 01 01 ff ff 43 1b 01 01 01 01 01 01 01 01 00
[  101.189767] TPADHSUART-DBG RX< 000004b0: 01 01 01 01 01 01 01 01 01 01 01 01 01 01 01 01
[  101.189784] TPADHSUART-DBG RX< 000004c0: 01 01 01 01 01 01 01 01 01 01 01 01 01 00 01 ff
[  101.189799] TPADHSUART-DBG RX< 000004d0: ff 43 1c 01 01 01 01 01 01 01 01 01 01 01 01 01
[  101.189814] TPADHSUART-DBG RX< 000004e0: 01 01 00 01 01 01 01 01 01 01 01 01 01 01 01 01
[  101.189830] TPADHSUART-DBG RX< 000004f0: 01 01 01 01 01 01 01 01 01 01 01 ff ff 43 1d 01
[  101.189846] TPADHSUART-DBG RX< 00000500: 01 01 01 01 01 01 01 01 01 01 01 01 01 01 01 01
[  101.189861] TPADHSUART-DBG RX< 00000510: 01 01 01 01 01 01 00 01 01 01 01 01 01 01 01 01
[  101.189876] TPADHSUART-DBG RX< 00000520: 01 01 01 01 01 00 01 ff ff 47 08 00 00 00 00 00
[  101.189890] TPADHSUART-DBG RX< 00000530: 00 84 49 ff
[  101.200167] TPADHSUART-DBG RX< 00000000: ff 43 80 01 01 01 01 01 01 01 01 01 01 01 01 01
[  101.200203] TPADHSUART-DBG RX< 00000010: 01 01 01 01 01 01 01 01 01 01 01 01 01 01 01 01
[  101.200219] TPADHSUART-DBG RX< 00000020: 01 01 01 01 01 01 01 01 01 01 01 ff ff 43 01 01
[  101.200234] TPADHSUART-DBG RX< 00000030: 01 01 01 01 01 01 01 01 01 01 01 01 01 01 01 01
[  101.200250] TPADHSUART-DBG RX< 00000040: 01 01 01 01 01 01 01 01 01 00 01 01 01 01 01 01
[  101.200266] TPADHSUART-DBG RX< 00000050: 01 01 01 01 01 01 01 ff ff 43 02 01 01 01 01 01
[  101.200282] TPADHSUART-DBG RX< 00000060: 01 01 01 01 01 01 01 01 01 01 01 01 01 01 01 01
[  101.200297] TPADHSUART-DBG RX< 00000070: 01 01 00 01 00 01 01 01 01 01 01 01 01 01 01 01
[  101.200312] TPADHSUART-DBG RX< 00000080: 01 01 01 ff ff 43 03 01 01 01 01 01 01 01 01 01
[  101.200330] TPADHSUART-DBG RX< 00000090: 01 01 01 01 01 01 01 01 01 01 01 01 01 01 01 01
[  101.200345] TPADHSUART-DBG RX< 000000a0: 01 01 01 01 01 01 01 01 01 01 01 01 01 01 01 ff
[  101.200360] TPADHSUART-DBG RX< 000000b0: ff 43 04 00 00 01 00 00 01 01 01 01 01 00 01 01
[  101.200376] TPADHSUART-DBG RX< 000000c0: 01 01 01 01 01 01 01 01 01 01 01 01 01 01 01 01
[  101.200393] TPADHSUART-DBG RX< 000000d0: 01 01 01 01 01 01 01 01 01 01 01 ff ff 43 05 01
[  101.200408] TPADHSUART-DBG RX< 000000e0: 01 01 00 01 01 00 01 01 01 00 01 01 01 01 01 01
[  101.200423] TPADHSUART-DBG RX< 000000f0: 01 01 01 01 01 01 01 01 01 01 01 01 01 01 01 01
[  101.200439] TPADHSUART-DBG RX< 00000100: 01 01 01 01 01 01 01 ff ff 43 06 01 01 01 01 01
[  101.200457] TPADHSUART-DBG RX< 00000110: 01 01 01 01 01 01 01 01 01 01 01 01 01 01 01 01
[  101.200474] TPADHSUART-DBG RX< 00000120: 01 01 01 01 01 01 01 01 01 01 01 01 01 01 01 01
[  101.200489] TPADHSUART-DBG RX< 00000130: 01 01 01 ff ff 43 07 01 01 01 01 01 01 00 01 01
[  101.200504] TPADHSUART-DBG RX< 00000140: 01 01 01 01 01 01 01 01 01 01 01 01 01 01 01 01
[  101.200520] TPADHSUART-DBG RX< 00000150: 01 01 01 00 01 01 01 01 01 01 01 01 01 01 01 ff
[  101.200536] TPADHSUART-DBG RX< 00000160: ff 43 08 01 01 01 01 01 01 01 01 01 01 01 01 01
[  101.200551] TPADHSUART-DBG RX< 00000170: 01 01 01 01 01 01 01 01 01 01 01 01 01 01 01 01
[  101.200566] TPADHSUART-DBG RX< 00000180: 01 01 01 01 01 01 01 01 01 01 01 ff ff 43 09 01
[  101.200584] TPADHSUART-DBG RX< 00000190: 01 01 01 01 01 01 01 01 01 01 01 01 01 01 01 01
[  101.200601] TPADHSUART-DBG RX< 000001a0: 01 01 01 01 01 01 01 01 01 01 01 01 01 01 01 01
[  101.200617] TPADHSUART-DBG RX< 000001b0: 01 01 01 01 01 01 01 ff ff 43 0a 01 01 01 01 01
[  101.200632] TPADHSUART-DBG RX< 000001c0: 01 01 01 01 01 01 01 01 01 01 01 01 01 01 01 01
[  101.200648] TPADHSUART-DBG RX< 000001d0: 01 01 01 01 01 01 01 01 01 01 01 01 01 01 01 01
[  101.200665] TPADHSUART-DBG RX< 000001e0: 01 01 01 ff ff 43 0b 01 01 01 01 01 01 01 01 01
[  101.200682] TPADHSUART-DBG RX< 000001f0: 01 00 01 01 01 01 01 01 01 01 01 01 01 01 01 01
[  101.200697] TPADHSUART-DBG RX< 00000200: 01 01 01 01 01 01 01 01 01 01 01 01 01 01 01 ff
[  101.200713] TPADHSUART-DBG RX< 00000210: ff 43 0c 01 01 01 01 00 01 01 01 01 01 01 01 01
[  101.200730] TPADHSUART-DBG RX< 00000220: 01 01 01 01 01 01 01 00 01 01 01 01 01 01 01 01
[  101.200745] TPADHSUART-DBG RX< 00000230: 01 01 01 01 01 01 01 01 01 00 01 ff ff 43 0d 01
[  101.200760] TPADHSUART-DBG RX< 00000240: 01 01 01 01 01 01 01 01 01 01 01 01 01 01 01 01
[  101.200776] TPADHSUART-DBG RX< 00000250: 01 01 01 01 01 01 01 01 01 01 01 01 01 01 01 01
[  101.200794] TPADHSUART-DBG RX< 00000260: 01 01 01 01 01 01 01 ff ff 43 0e 01 01 01 01 01
[  101.200810] TPADHSUART-DBG RX< 00000270: 01 01 01 01 01 01 01 01 01 01 01 01 01 01 01 01
[  101.200825] TPADHSUART-DBG RX< 00000280: 01 01 01 01 01 01 01 01 01 01 01 01 01 01 01 01
[  101.200840] TPADHSUART-DBG RX< 00000290: 01 01 01 ff ff 43 0f 01 01 01 01 01 01 01 01 01
[  101.200857] TPADHSUART-DBG RX< 000002a0: 01 01 01 01 01 01 01 01 01 01 01 01 01 00 01 01
[  101.200872] TPADHSUART-DBG RX< 000002b0: 01 01 01 01 01 01 01 01 01 01 01 01 01 01 01 ff
[  101.200887] TPADHSUART-DBG RX< 000002c0: ff 43 10 00 01 01 01 01 01 03 02 01 01 01 01 01
[  101.200903] TPADHSUART-DBG RX< 000002d0: 01 01 01 01 01 01 01 01 01 01 01 01 01 01 01 01
[  101.200921] TPADHSUART-DBG RX< 000002e0: 01 01 01 01 01 01 01 01 01 01 01 ff ff 43 11 01
[  101.200938] TPADHSUART-DBG RX< 000002f0: 01 01 01 01 04 0f 06 03 01 01 01 01 01 01 01 01
[  101.200953] TPADHSUART-DBG RX< 00000300: 01 01 01 01 01 01 01 01 01 01 01 01 01 01 01 01
[  101.200968] TPADHSUART-DBG RX< 00000310: 01 01 01 01 01 01 01 ff ff 43 12 01 01 01 01 01
[  101.200984] TPADHSUART-DBG RX< 00000320: 0a 36 17 04 01 00 01 01 01 01 01 01 01 01 01 01
[  101.201001] TPADHSUART-DBG RX< 00000330: 01 01 01 01 01 01 01 01 01 01 01 01 01 01 01 01
[  101.201016] TPADHSUART-DBG RX< 00000340: 01 01 01 ff ff 43 13 01 01 01 01 01 07 21 0f 04
[  101.201031] TPADHSUART-DBG RX< 00000350: 01 01 01 01 01 01 01 01 01 01 01 01 01 01 01 01
[  101.201048] TPADHSUART-DBG RX< 00000360: 01 01 01 01 01 01 01 01 01 01 01 01 01 01 01 ff
[  101.201065] TPADHSUART-DBG RX< 00000370: ff 43 14 00 00 01 01 01 02 0e 05 02 01 01 01 01
[  101.201080] TPADHSUART-DBG RX< 00000380: 01 01 01 01 01 01 01 01 01 01 01 01 01 01 01 01
[  101.201095] TPADHSUART-DBG RX< 00000390: 01 01 01 01 01 01 01 01 01 01 01 ff ff 43 15 01
[  101.201111] TPADHSUART-DBG RX< 000003a0: 01 01 01 01 01 03 02 01 01 01 01 01 01 01 01 01
[  101.201128] TPADHSUART-DBG RX< 000003b0: 01 01 01 01 01 01 01 01 01 01 01 01 01 01 01 01
[  101.201143] TPADHSUART-DBG RX< 000003c0: 01 01 01 01 01 01 01 ff ff 43 16 01 01 01 01 01
[  101.201158] TPADHSUART-DBG RX< 000003d0: 01 01 01 01 01 01 01 01 01 01 01 01 01 01 01 01
[  101.201175] TPADHSUART-DBG RX< 000003e0: 01 01 01 01 01 01 01 01 01 01 01 01 01 01 01 01
[  101.201192] TPADHSUART-DBG RX< 000003f0: 01 01 01 ff ff 43 17 01 00 01 01 00 01 01 01 01
[  101.201209] TPADHSUART-DBG RX< 00000400: 01 01 01 01 01 01 01 01 01 01 01 01 01 01 01 01
[  101.201223] TPADHSUART-DBG RX< 00000410: 01 01 01 01 01 01 01 01 01 01 01 01 01 01 01 ff
[  101.201239] TPADHSUART-DBG RX< 00000420: ff 43 18 01 01 01 01 01 01 01 00 01 01 01 01 01
[  101.201258] TPADHSUART-DBG RX< 00000430: 01 01 01 01 01 01 01 01 01 01 01 01 01 01 01 01
[  101.201274] TPADHSUART-DBG RX< 00000440: 01 01 01 01 01 01 01 01 01 01 01 ff ff 43 19 01
[  101.201289] TPADHSUART-DBG RX< 00000450: 01 01 01 01 01 00 01 01 01 01 01 01 01 01 01 01
[  101.201304] TPADHSUART-DBG RX< 00000460: 01 01 01 01 01 01 01 01 01 01 01 01 01 01 01 01
[  101.201321] TPADHSUART-DBG RX< 00000470: 01 01 01 01 01 01 01 ff ff 43 1a 01 01 01 01 01
[  101.201336] TPADHSUART-DBG RX< 00000480: 01 01 01 01 01 01 01 01 01 01 01 01 01 01 01 01
[  101.201351] TPADHSUART-DBG RX< 00000490: 01 01 01 01 01 00 01 01 01 01 01 01 01 01 01 01
[  101.201366] TPADHSUART-DBG RX< 000004a0: 01 01 01 ff ff 43 1b 01 01 01 01 01 01 01 01 00
[  101.201384] TPADHSUART-DBG RX< 000004b0: 01 01 01 01 01 01 01 01 01 01 01 01 01 01 01 01
[  101.201400] TPADHSUART-DBG RX< 000004c0: 01 01 01 01 01 01 01 01 01 01 01 01 01 00 01 ff
[  101.201415] TPADHSUART-DBG RX< 000004d0: ff 43 1c 01 01 01 01 01 01 01 01 01 01 01 01 01
[  101.201431] TPADHSUART-DBG RX< 000004e0: 01 01 00 01 01 01 01 01 01 01 01 01 01 01 01 01
[  101.201447] TPADHSUART-DBG RX< 000004f0: 01 01 01 01 01 01 01 01 01 01 01 ff ff 43 1d 01
[  101.201462] TPADHSUART-DBG RX< 00000500: 01 01 01 01 01 01 01 01 01 01 01 01 01 01 01 01
[  101.201477] TPADHSUART-DBG RX< 00000510: 01 01 01 01 01 01 00 01 01 01 01 01 01 01 01 01
[  101.201493] TPADHSUART-DBG RX< 00000520: 01 01 01 01 01 00 01 ff ff 47 08 00 00 00 00 00
[  101.201507] TPADHSUART-DBG RX< 00000530: 00 84 4e ff
[  101.211634] TPADHSUART-DBG RX< 00000000: ff 43 80 01 01 01 01 01 01 01 01 01 01 01 01 01
[  101.211656] TPADHSUART-DBG RX< 00000010: 01 01 01 01 01 01 01 01 01 01 01 01 01 01 01 01
[  101.211674] TPADHSUART-DBG RX< 00000020: 01 01 01 01 01 01 01 01 01 01 01 ff ff 43 01 01
[  101.211691] TPADHSUART-DBG RX< 00000030: 01 01 01 01 01 01 01 01 01 01 01 01 01 01 01 01
[  101.211707] TPADHSUART-DBG RX< 00000040: 01 01 01 01 01 01 01 01 01 00 01 01 01 01 01 01
[  101.211722] TPADHSUART-DBG RX< 00000050: 01 01 01 01 01 01 01 ff ff 43 02 01 01 01 01 01
[  101.211738] TPADHSUART-DBG RX< 00000060: 01 01 01 01 01 01 01 01 01 01 01 01 01 01 01 01
[  101.211756] TPADHSUART-DBG RX< 00000070: 01 01 00 01 00 01 01 01 01 01 01 01 01 01 01 01
[  101.211772] TPADHSUART-DBG RX< 00000080: 01 01 01 ff ff 43 03 01 01 01 01 01 01 01 01 01
[  101.211787] TPADHSUART-DBG RX< 00000090: 01 01 01 01 01 01 01 01 01 01 01 01 01 01 01 01
[  101.211803] TPADHSUART-DBG RX< 000000a0: 01 01 01 01 01 01 01 01 01 01 01 01 01 01 01 ff
[  101.211820] TPADHSUART-DBG RX< 000000b0: ff 43 04 00 00 01 00 00 01 01 01 01 01 00 01 01
[  101.211836] TPADHSUART-DBG RX< 000000c0: 01 01 01 01 01 01 01 01 01 01 01 01 01 01 01 01
[  101.211850] TPADHSUART-DBG RX< 000000d0: 01 01 01 01 01 01 01 01 01 01 01 ff ff 43 05 01
[  101.211866] TPADHSUART-DBG RX< 000000e0: 01 01 00 01 01 00 01 01 01 00 01 01 01 01 01 01
[  101.211884] TPADHSUART-DBG RX< 000000f0: 01 01 01 01 01 01 01 01 01 01 01 01 01 01 01 01
[  101.211901] TPADHSUART-DBG RX< 00000100: 01 01 01 01 01 01 01 ff ff 43 06 01 01 01 01 01
[  101.211916] TPADHSUART-DBG RX< 00000110: 01 01 01 01 01 01 01 01 01 01 01 01 01 01 01 01
[  101.211931] TPADHSUART-DBG RX< 00000120: 01 01 01 01 01 01 01 01 01 01 01 01 01 01 01 01
[  101.211947] TPADHSUART-DBG RX< 00000130: 01 01 01 ff ff 43 07 01 01 01 01 01 01 00 01 01
[  101.211965] TPADHSUART-DBG RX< 00000140: 01 01 01 01 01 01 01 01 01 01 01 01 01 01 01 01
[  101.211979] TPADHSUART-DBG RX< 00000150: 01 01 01 00 01 01 01 01 01 01 01 01 01 01 01 ff
[  101.211994] TPADHSUART-DBG RX< 00000160: ff 43 08 01 01 01 01 01 01 01 01 01 01 01 01 01
[  101.212011] TPADHSUART-DBG RX< 00000170: 01 01 01 01 01 01 01 01 01 01 01 01 01 01 01 01
[  101.212028] TPADHSUART-DBG RX< 00000180: 01 01 01 01 01 01 01 01 01 01 01 ff ff 43 09 01
[  101.212043] TPADHSUART-DBG RX< 00000190: 01 01 01 01 01 01 01 01 01 01 01 01 01 01 01 01
[  101.212058] TPADHSUART-DBG RX< 000001a0: 01 01 01 01 01 01 01 01 01 01 01 01 01 01 01 01
[  101.212074] TPADHSUART-DBG RX< 000001b0: 01 01 01 01 01 01 01 ff ff 43 0a 01 01 01 01 01
[  101.212090] TPADHSUART-DBG RX< 000001c0: 01 01 01 01 01 01 01 01 01 01 01 01 01 01 01 01
[  101.212105] TPADHSUART-DBG RX< 000001d0: 01 01 01 01 01 01 01 01 01 01 01 01 01 01 01 01
[  101.212120] TPADHSUART-DBG RX< 000001e0: 01 01 01 ff ff 43 0b 01 01 01 01 01 01 01 01 01
[  101.212138] TPADHSUART-DBG RX< 000001f0: 01 00 01 01 01 01 01 01 01 01 01 01 01 01 01 01
[  101.212155] TPADHSUART-DBG RX< 00000200: 01 01 01 01 01 01 01 01 01 01 01 01 01 01 01 ff
[  101.212172] TPADHSUART-DBG RX< 00000210: ff 43 0c 01 01 01 01 00 01 01 01 01 01 01 01 01
[  101.212187] TPADHSUART-DBG RX< 00000220: 01 01 01 01 01 01 01 00 01 01 01 01 01 01 01 01
[  101.212203] TPADHSUART-DBG RX< 00000230: 01 01 01 01 01 01 01 01 01 00 01 ff ff 43 0d 01
[  101.212221] TPADHSUART-DBG RX< 00000240: 01 01 01 01 01 01 01 01 01 01 01 01 01 01 01 01
[  101.212236] TPADHSUART-DBG RX< 00000250: 01 01 01 01 01 01 01 01 01 01 01 01 01 01 01 01
[  101.212251] TPADHSUART-DBG RX< 00000260: 01 01 01 01 01 01 01 ff ff 43 0e 01 01 01 01 01
[  101.212267] TPADHSUART-DBG RX< 00000270: 01 01 01 01 01 01 01 01 01 01 01 01 01 01 01 01
[  101.212284] TPADHSUART-DBG RX< 00000280: 01 01 01 01 01 01 01 01 01 01 01 01 01 01 01 01
[  101.212299] TPADHSUART-DBG RX< 00000290: 01 01 01 ff ff 43 0f 01 01 01 01 01 01 01 01 01
[  101.212314] TPADHSUART-DBG RX< 000002a0: 01 01 01 01 01 01 01 01 01 01 01 01 01 00 01 01
[  101.212330] TPADHSUART-DBG RX< 000002b0: 01 01 01 01 01 01 01 01 01 01 01 01 01 01 01 ff
[  101.212348] TPADHSUART-DBG RX< 000002c0: ff 43 10 00 01 01 01 01 01 03 02 01 01 01 01 01
[  101.212364] TPADHSUART-DBG RX< 000002d0: 01 01 01 01 01 01 01 01 01 01 01 01 01 01 01 01
[  101.212379] TPADHSUART-DBG RX< 000002e0: 01 01 01 01 01 01 01 01 01 01 01 ff ff 43 11 01
[  101.212395] TPADHSUART-DBG RX< 000002f0: 01 01 01 01 02 08 03 03 01 01 01 01 01 01 01 01
[  101.212411] TPADHSUART-DBG RX< 00000300: 01 01 01 01 01 01 01 01 01 01 01 01 01 01 01 01
[  101.212426] TPADHSUART-DBG RX< 00000310: 01 01 01 01 01 01 01 ff ff 43 12 01 01 01 01 01
[  101.212441] TPADHSUART-DBG RX< 00000320: 08 1c 0a 03 01 00 01 01 01 01 01 01 01 01 01 01
[  101.212457] TPADHSUART-DBG RX< 00000330: 01 01 01 01 01 01 01 01 01 01 01 01 01 01 01 01
[  101.212474] TPADHSUART-DBG RX< 00000340: 01 01 01 ff ff 43 13 01 01 01 01 01 06 15 07 04
[  101.212491] TPADHSUART-DBG RX< 00000350: 01 01 01 01 01 01 01 01 01 01 01 01 01 01 01 01
[  101.212505] TPADHSUART-DBG RX< 00000360: 01 01 01 01 01 01 01 01 01 01 01 01 01 01 01 ff
[  101.212521] TPADHSUART-DBG RX< 00000370: ff 43 14 00 00 01 01 01 02 06 03 02 01 01 01 01
[  101.212537] TPADHSUART-DBG RX< 00000380: 01 01 01 01 01 01 01 01 01 01 01 01 01 01 01 01
[  101.212552] TPADHSUART-DBG RX< 00000390: 01 01 01 01 01 01 01 01 01 01 01 ff ff 43 15 01
[  101.212567] TPADHSUART-DBG RX< 000003a0: 01 01 01 01 01 03 02 01 01 01 01 01 01 01 01 01
[  101.212583] TPADHSUART-DBG RX< 000003b0: 01 01 01 01 01 01 01 01 01 01 01 01 01 01 01 01
[  101.212601] TPADHSUART-DBG RX< 000003c0: 01 01 01 01 01 01 01 ff ff 43 16 01 01 01 01 01
[  101.212616] TPADHSUART-DBG RX< 000003d0: 01 01 01 01 01 01 01 01 01 01 01 01 01 01 01 01
[  101.212631] TPADHSUART-DBG RX< 000003e0: 01 01 01 01 01 01 01 01 01 01 01 01 01 01 01 01
[  101.212647] TPADHSUART-DBG RX< 000003f0: 01 01 01 ff ff 43 17 01 00 01 01 00 01 01 01 01
[  101.212664] TPADHSUART-DBG RX< 00000400: 01 01 01 01 01 01 01 01 01 01 01 01 01 01 01 01
[  101.212679] TPADHSUART-DBG RX< 00000410: 01 01 01 01 01 01 01 01 01 01 01 01 01 01 01 ff
[  101.212694] TPADHSUART-DBG RX< 00000420: ff 43 18 01 01 01 01 01 01 01 00 01 01 01 01 01
[  101.212710] TPADHSUART-DBG RX< 00000430: 01 01 01 01 01 01 01 01 01 01 01 01 01 01 01 01
[  101.212727] TPADHSUART-DBG RX< 00000440: 01 01 01 01 01 01 01 01 01 01 01 ff ff 43 19 01
[  101.212743] TPADHSUART-DBG RX< 00000450: 01 01 01 01 01 00 01 01 01 01 01 01 01 01 01 01
[  101.212758] TPADHSUART-DBG RX< 00000460: 01 01 01 01 01 01 01 01 01 01 01 01 01 01 01 01
[  101.212774] TPADHSUART-DBG RX< 00000470: 01 01 01 01 01 01 01 ff ff 43 1a 01 01 01 01 01
[  101.212791] TPADHSUART-DBG RX< 00000480: 01 01 01 01 01 01 01 01 01 01 01 01 01 01 01 01
[  101.212808] TPADHSUART-DBG RX< 00000490: 01 01 01 01 01 00 01 01 01 01 01 01 01 01 01 01
[  101.212823] TPADHSUART-DBG RX< 000004a0: 01 01 01 ff ff 43 1b 01 01 01 01 01 01 01 01 00
[  101.212838] TPADHSUART-DBG RX< 000004b0: 01 01 01 01 01 01 01 01 01 01 01 01 01 01 01 01
[  101.212855] TPADHSUART-DBG RX< 000004c0: 01 01 01 01 01 01 01 01 01 01 01 01 01 00 01 ff
[  101.212872] TPADHSUART-DBG RX< 000004d0: ff 43 1c 01 01 01 01 01 01 01 01 01 01 01 01 01
[  101.212889] TPADHSUART-DBG RX< 000004e0: 01 01 00 01 01 01 01 01 01 01 01 01 01 01 01 01
[  101.212904] TPADHSUART-DBG RX< 000004f0: 01 01 01 01 01 01 01 01 01 01 01 ff ff 43 1d 01
[  101.212920] TPADHSUART-DBG RX< 00000500: 01 01 01 01 01 01 01 01 01 01 01 01 01 01 01 01
[  101.212938] TPADHSUART-DBG RX< 00000510: 01 01 01 01 01 01 00 01 01 01 01 01 01 01 01 01
[  101.212953] TPADHSUART-DBG RX< 00000520: 01 01 01 01 01 00 01 ff ff 47 08 00 00 00 00 00
[  101.212965] TPADHSUART-DBG RX< 00000530: 00 84 53 ff
[  101.223200] TPADHSUART-DBG RX< 00000000: ff 43 80 01 01 01 01 01 01 01 01 01 01 01 01 01
[  101.223220] TPADHSUART-DBG RX< 00000010: 01 01 01 01 01 01 01 01 01 01 01 01 01 01 01 01
[  101.223254] TPADHSUART-DBG RX< 00000020: 01 01 01 01 01 01 01 01 01 01 01 ff ff 43 01 01
[  101.223270] TPADHSUART-DBG RX< 00000030: 01 01 01 01 01 01 01 01 01 01 01 01 01 01 01 01
[  101.223288] TPADHSUART-DBG RX< 00000040: 01 01 01 01 01 01 01 01 01 00 01 01 01 01 01 01
[  101.223305] TPADHSUART-DBG RX< 00000050: 01 01 01 01 01 01 01 ff ff 43 02 01 01 01 01 01
[  101.223319] TPADHSUART-DBG RX< 00000060: 01 01 01 01 01 01 01 01 01 01 01 01 01 01 01 01
[  101.223336] TPADHSUART-DBG RX< 00000070: 01 01 00 01 00 01 01 01 01 01 01 01 01 01 01 01
[  101.223353] TPADHSUART-DBG RX< 00000080: 01 01 01 ff ff 43 03 01 01 01 01 01 01 01 01 01
[  101.223368] TPADHSUART-DBG RX< 00000090: 01 01 01 01 01 01 01 01 01 01 01 01 01 01 01 01
[  101.223383] TPADHSUART-DBG RX< 000000a0: 01 01 01 01 01 01 01 01 01 01 01 01 01 01 01 ff
[  101.223399] TPADHSUART-DBG RX< 000000b0: ff 43 04 00 00 01 00 00 01 01 01 01 01 00 01 01
[  101.223416] TPADHSUART-DBG RX< 000000c0: 01 01 01 01 01 01 01 01 01 01 01 01 01 01 01 01
[  101.223431] TPADHSUART-DBG RX< 000000d0: 01 01 01 01 01 01 01 01 01 01 01 ff ff 43 05 01
[  101.223446] TPADHSUART-DBG RX< 000000e0: 01 01 00 01 01 00 01 01 01 00 01 01 01 01 01 01
[  101.223462] TPADHSUART-DBG RX< 000000f0: 01 01 01 01 01 01 01 01 01 01 01 01 01 01 01 01
[  101.223479] TPADHSUART-DBG RX< 00000100: 01 01 01 01 01 01 01 ff ff 43 06 01 01 01 01 01
[  101.223495] TPADHSUART-DBG RX< 00000110: 01 01 01 01 01 01 01 01 01 01 01 01 01 01 01 01
[  101.223510] TPADHSUART-DBG RX< 00000120: 01 01 01 01 01 01 01 01 01 01 01 01 01 01 01 01
[  101.223525] TPADHSUART-DBG RX< 00000130: 01 01 01 ff ff 43 07 01 01 01 01 01 01 00 01 01
[  101.223543] TPADHSUART-DBG RX< 00000140: 01 01 01 01 01 01 01 01 01 01 01 01 01 01 01 01
[  101.223559] TPADHSUART-DBG RX< 00000150: 01 01 01 00 01 01 01 01 01 01 01 01 01 01 01 ff
[  101.223574] TPADHSUART-DBG RX< 00000160: ff 43 08 01 01 01 01 01 01 01 01 01 01 01 01 01
[  101.223590] TPADHSUART-DBG RX< 00000170: 01 01 01 01 01 01 01 01 01 01 01 01 01 01 01 01
[  101.223606] TPADHSUART-DBG RX< 00000180: 01 01 01 01 01 01 01 01 01 01 01 ff ff 43 09 01
[  101.223623] TPADHSUART-DBG RX< 00000190: 01 01 01 01 01 01 01 01 01 01 01 01 01 01 01 01
[  101.223638] TPADHSUART-DBG RX< 000001a0: 01 01 01 01 01 01 01 01 01 01 01 01 01 01 01 01
[  101.223653] TPADHSUART-DBG RX< 000001b0: 01 01 01 01 01 01 01 ff ff 43 0a 01 01 01 01 01
[  101.223671] TPADHSUART-DBG RX< 000001c0: 01 01 01 01 01 01 01 01 01 01 01 01 01 01 01 01
[  101.223688] TPADHSUART-DBG RX< 000001d0: 01 01 01 01 01 01 01 01 01 01 01 01 01 01 01 01
[  101.223705] TPADHSUART-DBG RX< 000001e0: 01 01 01 ff ff 43 0b 01 01 01 01 01 01 01 01 01
[  101.223720] TPADHSUART-DBG RX< 000001f0: 01 00 01 01 01 01 01 01 01 01 01 01 01 01 01 01
[  101.223736] TPADHSUART-DBG RX< 00000200: 01 01 01 01 01 01 01 01 01 01 01 01 01 01 01 ff
[  101.223753] TPADHSUART-DBG RX< 00000210: ff 43 0c 01 01 01 01 00 01 01 01 01 01 01 01 01
[  101.223768] TPADHSUART-DBG RX< 00000220: 01 01 01 01 01 01 01 00 01 01 01 01 01 01 01 01
[  101.223783] TPADHSUART-DBG RX< 00000230: 01 01 01 01 01 01 01 01 01 00 01 ff ff 43 0d 01
[  101.223799] TPADHSUART-DBG RX< 00000240: 01 01 01 01 01 01 01 01 01 01 01 01 01 01 01 01
[  101.223817] TPADHSUART-DBG RX< 00000250: 01 01 01 01 01 01 01 01 01 01 01 01 01 01 01 01
[  101.223832] TPADHSUART-DBG RX< 00000260: 01 01 01 01 01 01 01 ff ff 43 0e 01 01 01 01 01
[  101.223847] TPADHSUART-DBG RX< 00000270: 01 01 01 01 01 01 01 01 01 01 01 01 01 01 01 01
[  101.223862] TPADHSUART-DBG RX< 00000280: 01 01 01 01 01 01 01 01 01 01 01 01 01 01 01 01
[  101.223880] TPADHSUART-DBG RX< 00000290: 01 01 01 ff ff 43 0f 01 01 01 01 01 01 01 01 01
[  101.223897] TPADHSUART-DBG RX< 000002a0: 01 01 01 01 01 01 01 01 01 01 01 01 01 00 01 01
[  101.223911] TPADHSUART-DBG RX< 000002b0: 01 01 01 01 01 01 01 01 01 01 01 01 01 01 01 ff
[  101.223927] TPADHSUART-DBG RX< 000002c0: ff 43 10 00 01 01 01 01 01 02 01 01 01 01 01 01
[  101.223944] TPADHSUART-DBG RX< 000002d0: 01 01 01 01 01 01 01 01 01 01 01 01 01 01 01 01
[  101.223961] TPADHSUART-DBG RX< 000002e0: 01 01 01 01 01 01 01 01 01 01 01 ff ff 43 11 01
[  101.223975] TPADHSUART-DBG RX< 000002f0: 01 01 01 01 02 03 02 03 01 01 01 01 01 01 01 01
[  101.223990] TPADHSUART-DBG RX< 00000300: 01 01 01 01 01 01 01 01 01 01 01 01 01 01 01 01
[  101.224009] TPADHSUART-DBG RX< 00000310: 01 01 01 01 01 01 01 ff ff 43 12 01 01 01 01 01
[  101.224026] TPADHSUART-DBG RX< 00000320: 06 08 02 03 01 00 01 01 01 01 01 01 01 01 01 01
[  101.224042] TPADHSUART-DBG RX< 00000330: 01 01 01 01 01 01 01 01 01 01 01 01 01 01 01 01
[  101.224057] TPADHSUART-DBG RX< 00000340: 01 01 01 ff ff 43 13 01 01 01 01 01 04 07 03 03
[  101.224073] TPADHSUART-DBG RX< 00000350: 01 01 01 01 01 01 01 01 01 01 01 01 01 01 01 01
[  101.224091] TPADHSUART-DBG RX< 00000360: 01 01 01 01 01 01 01 01 01 01 01 01 01 01 01 ff
[  101.224108] TPADHSUART-DBG RX< 00000370: ff 43 14 00 00 01 01 01 02 04 01 02 01 01 01 01
[  101.224123] TPADHSUART-DBG RX< 00000380: 01 01 01 01 01 01 01 01 01 01 01 01 01 01 01 01
[  101.224138] TPADHSUART-DBG RX< 00000390: 01 01 01 01 01 01 01 01 01 01 01 ff ff 43 15 01
[  101.224154] TPADHSUART-DBG RX< 000003a0: 01 01 01 01 01 03 01 01 01 01 01 01 01 01 01 01
[  101.224172] TPADHSUART-DBG RX< 000003b0: 01 01 01 01 01 01 01 01 01 01 01 01 01 01 01 01
[  101.224187] TPADHSUART-DBG RX< 000003c0: 01 01 01 01 01 01 01 ff ff 43 16 01 01 01 01 01
[  101.224201] TPADHSUART-DBG RX< 000003d0: 01 01 01 01 01 01 01 01 01 01 01 01 01 01 01 01
[  101.224218] TPADHSUART-DBG RX< 000003e0: 01 01 01 01 01 01 01 01 01 01 01 01 01 01 01 01
[  101.224235] TPADHSUART-DBG RX< 000003f0: 01 01 01 ff ff 43 17 01 00 01 01 00 01 01 01 01
[  101.224250] TPADHSUART-DBG RX< 00000400: 01 01 01 01 01 01 01 01 01 01 01 01 01 01 01 01
[  101.224265] TPADHSUART-DBG RX< 00000410: 01 01 01 01 01 01 01 01 01 01 01 01 01 01 01 ff
[  101.224281] TPADHSUART-DBG RX< 00000420: ff 43 18 01 01 01 01 01 01 01 00 01 01 01 01 01
[  101.224298] TPADHSUART-DBG RX< 00000430: 01 01 01 01 01 01 01 01 01 01 01 01 01 01 01 01
[  101.224312] TPADHSUART-DBG RX< 00000440: 01 01 01 01 01 01 01 01 01 01 01 ff ff 43 19 01
[  101.224327] TPADHSUART-DBG RX< 00000450: 01 01 01 01 01 00 01 01 01 01 01 01 01 01 01 01
[  101.224345] TPADHSUART-DBG RX< 00000460: 01 01 01 01 01 01 01 01 01 01 01 01 01 01 01 01
[  101.224362] TPADHSUART-DBG RX< 00000470: 01 01 01 01 01 01 01 ff ff 43 1a 01 01 01 01 01
[  101.224378] TPADHSUART-DBG RX< 00000480: 01 01 01 01 01 01 01 01 01 01 01 01 01 01 01 01
[  101.224393] TPADHSUART-DBG RX< 00000490: 01 01 01 01 01 00 01 01 01 01 01 01 01 01 01 01
[  101.224409] TPADHSUART-DBG RX< 000004a0: 01 01 01 ff ff 43 1b 01 01 01 01 01 01 01 01 00
[  101.224427] TPADHSUART-DBG RX< 000004b0: 01 01 01 01 01 01 01 01 01 01 01 01 01 01 01 01
[  101.224443] TPADHSUART-DBG RX< 000004c0: 01 01 01 01 01 01 01 01 01 01 01 01 01 00 01 ff
[  101.224458] TPADHSUART-DBG RX< 000004d0: ff 43 1c 01 01 01 01 01 01 01 01 01 01 01 01 01
[  101.224474] TPADHSUART-DBG RX< 000004e0: 01 01 00 01 01 01 01 01 01 01 01 01 01 01 01 01
[  101.224491] TPADHSUART-DBG RX< 000004f0: 01 01 01 01 01 01 01 01 01 01 01 ff ff 43 1d 01
[  101.224506] TPADHSUART-DBG RX< 00000500: 01 01 01 01 01 01 01 01 01 01 01 01 01 01 01 01
[  101.224521] TPADHSUART-DBG RX< 00000510: 01 01 01 01 01 01 00 01 01 01 01 01 01 01 01 01
[  101.224537] TPADHSUART-DBG RX< 00000520: 01 01 01 01 01 00 01 ff ff 47 08 00 00 00 00 00
[  101.224551] TPADHSUART-DBG RX< 00000530: 00 84 58 ff
[  101.253647] TPADHSUART-DBG TX> 00000000: c0 da 35 00 f0 02 04 00 75 18 c0
[  101.253883] TPADHSUART-DBG TX> 00000000: c0 db dd 22 01 01 00 00 09 00 01 00 03 70 00 00
[  101.253900] TPADHSUART-DBG TX> 00000010: f4 00 01 00 00 00 00 00 0f 1d c0
[  101.259137] TPADHSUART-DBG RX< 00000000: c0 60 00 00 9f dd 6f c0
[  101.264906] TPADHSUART-DBG RX< 00000000: c0 e3 22 01 f9 01 00 09 00 01 00 03 70 00 00 f4
[  101.264921] TPADHSUART-DBG RX< 00000010: 00 01 00 00 00 05 00 2b a4 c0
[  101.264935] TPADHSUART-DBG RX< 00000000: c0 e4 65 00 b6 0e 04 01 02 04 00 54 43 c0
[  101.265471] TPADHSUART-DBG TX> 00000000: c0 60 00 00 9f dd 6f c0 c0 68 00 00 97 d4 f9 c0
[  101.265484] TPADHSUART-DBG TX> 00000010: c0 ec 55 00 be 05 0c 02 01 00 41 29 c0
[  101.268436] TPADHSUART-DBG RX< 00000000: c0 68 00 00 97 d4 f9 c0
[  101.271859] TPADHSUART-DBG RX< 00000000: c0 ed 65 00 ad 0e 04 01 05 0c 00 55 60 c0
[  101.272255] TPADHSUART-DBG TX> 00000000: c0 70 00 00 8f d9 a4 c0
[  104.420371] TPADHSUART-DBG TX> 00000000: c0 f5 85 00 85 01 04 05 33 8b 9e 30 00 4c 60 c0
[  104.671429] TPADHSUART-DBG TX> 00000000: c0 f5 85 00 85 01 04 05 33 8b 9e 30 00 4c 60 c0
[  104.672679] TPADHSUART-DBG RX< 00000000: c0 70 00 00 8f d9 a4 c0
[  104.673920] TPADHSUART-DBG RX< 00000000: c0 f6 65 00 a4 0f 04 00 01 01 04 34 a0 c0
[  104.675045] TPADHSUART-DBG TX> 00000000: c0 78 00 00 87 d0 32 c0
[  104.790094] msm_timer_set_next_event(17) clock dg_timer, alarm already expired, now 2a290b4c, alarm 2a290b55, late -9
[  107.320110] msm_timer_set_next_event(12) clock dg_timer, alarm already expired, now 2b2da050, alarm 2b2da054, late -4
[  110.530109] msm_timer_set_next_event(12) clock dg_timer, alarm already expired, now 2c783f03, alarm 2c783f07, late -4
[  110.556191] msm_timer_set_next_event(12) clock dg_timer, alarm already expired, now 2c7aeee5, alarm 2c7aeee9, late -4
[  112.160108] msm_timer_set_next_event(12) clock dg_timer, alarm already expired, now 2d202189, alarm 2d20218d, late -4
[  113.730097] msm_timer_set_next_event(12) clock dg_timer, alarm already expired, now 2dc1d5fa, alarm 2dc1d5fe, late -4
[  114.423692] TPADHSUART-DBG TX> 00000000: c0 fe 35 00 cc 02 04 00 b9 f3 c0
[  114.463628] TPADHSUART-DBG RX< 00000000: c0 78 00 00 87 d0 32 c0
[  114.481532] TPADHSUART-DBG RX< 00000000: c0 ff 65 00 9b 0e 04 01 02 04 00 2f 02 c0
[  114.482318] TPADHSUART-DBG TX> 00000000: c0 40 00 00 bf 57 1a c0
[  114.483141] TPADHSUART-DBG TX> 00000000: c0 c7 55 00 e3 05 0c 02 01 00 13 fd c0
[  114.490952] TPADHSUART-DBG RX< 00000000: c0 40 00 00 bf 57 1a c0
[  114.493297] TPADHSUART-DBG RX< 00000000: c0 db dc 65 00 da 0e 04 01 05 0c 00 9b 91 c0
[  114.494103] TPADHSUART-DBG TX> 00000000: c0 48 00 00 b7 5e 8c c0
[  116.780111] msm_timer_set_next_event(12) clock dg_timer, alarm already expired, now 2efbf9f1, alarm 2efbf9f4, late -3 stop printing
[  117.451426] TPADHSUART-DBG TX> 00000000: c0 c8 85 00 b2 01 04 05 33 8b 9e 30 00 5b ca c0
[  117.701916] TPADHSUART-DBG TX> 00000000: c0 c8 85 00 b2 01 04 05 33 8b 9e 30 00 5b ca c0
[  117.703697] TPADHSUART-DBG RX< 00000000: c0 48 00 00 b7 5e 8c c0
[  117.704920] TPADHSUART-DBG RX< 00000000: c0 c9 65 00 d1 0f 04 00 01 01 04 1f ec c0
[  117.705477] TPADHSUART-DBG TX> 00000000: c0 50 00 00 af 53 d1 c0
[  124.466790] IPT_PACKET_DROPPED_NO_MATCH: IN=eth0 OUT= MAC=ff:ff:ff:ff:ff:ff:dc:06:75:3a:ac:7c:08:00:45:00:00:d5:12:af:00:00:ff:11:b5:2c:c0:a8:32:94:ff:ff:ff:ff:53:48:53:48:00:c1:f6:8f:f6:81:47:53:b3:00:89:00:7f:48:7b:91:92:17:ee:a0:e5:48:8f:9b SRC=192.168.50.148 DST=255.255.255.255 LEN=213 TOS=0x00 PREC=0x00 TTL=255 ID=4783 PROTO=UDP SPT=21320 DPT=21320 LEN=193 
