#ifndef _CPLD_CODE_H
#define	_CPLD_CODE_H

//unsigned char cpld_firmware_data[] = {
//36
unsigned char cpld_firmware_data[] = {
  0x00, 0x09, 0x0F, 0xF0, 0x0F, 0xF0, 0x0F, 0xF0, 0x0F, 0xF0, 0x00, 0x50, 0x41, 0x4E, 0x47, 0x4F,
  0x20, 0x4D, 0x49, 0x43, 0x52, 0x4F, 0x53, 0x59, 0x53, 0x54, 0x45, 0x4D, 0x53, 0x2C, 0x20, 0x49,
  0x4E, 0x43, 0x2E, 0x00, 0x01, 0x61, 0x00, 0x0E, 0x6D, 0x69, 0x70, 0x69, 0x32, 0x74, 0x63, 0x6F,
  0x6E, 0x5F, 0x74, 0x6F, 0x70, 0x00, 0x62, 0x00, 0x19, 0x43, 0x6F, 0x6D, 0x70, 0x61, 0x63, 0x74,
  0x2D, 0x50, 0x47, 0x43, 0x34, 0x4B, 0x4C, 0x53, 0x2D, 0x2D, 0x36, 0x2D, 0x53, 0x42, 0x47, 0x38,
  0x31, 0x00, 0x63, 0x00, 0x09, 0x30, 0x34, 0x2F, 0x32, 0x32, 0x2F, 0x32, 0x35, 0x00, 0x64, 0x00,
  0x09, 0x32, 0x32, 0x3A, 0x32, 0x34, 0x3A, 0x31, 0x38, 0x00, 0x65, 0x00, 0x10, 0x46, 0x61, 0x62,
  0x72, 0x69, 0x63, 0x20, 0x43, 0x6F, 0x6D, 0x70, 0x69, 0x6C, 0x65, 0x72, 0x00, 0x66, 0x00, 0x13,
  0x32, 0x30, 0x32, 0x33, 0x2E, 0x32, 0x2D, 0x53, 0x50, 0x34, 0x3C, 0x31, 0x36, 0x36, 0x31, 0x38,
  0x33, 0x3E, 0x00, 0x67, 0x00, 0x04, 0x40, 0x03, 0x83, 0xC1, 0x68, 0x69, 0x00, 0x02, 0x3A, 0x18,
  0xFF, 0xFF, 0xFF, 0xFF, 0xFF, 0xFF, 0xFF, 0xFF, 0xFF, 0xFF, 0xFF, 0xFF, 0xFF, 0xFF, 0xFF, 0xFF,
  0xFF, 0xFF, 0xFF, 0xFF, 0xFF, 0xFF, 0xFF, 0xFF, 0xFF, 0xFF, 0xFF, 0xFF, 0xFF, 0xFF, 0xFF, 0xFF,
  0xFF, 0xFF, 0xFF, 0xFF, 0xFF, 0xFF, 0xFF, 0xFF, 0x01, 0x33, 0x2D, 0x94, 0xA8, 0x80, 0x00, 0x01,
  0x00, 0x00, 0x00, 0x00, 0xA8, 0x80, 0x00, 0x01, 0x00, 0x00, 0x00, 0x01, 0xA8, 0x40, 0x00, 0x01,
  0x00, 0x42, 0x28, 0x99, 0xAC, 0x40, 0x00, 0x01, 0x40, 0x00, 0x0F, 0xFF, 0xAE, 0x40, 0x00, 0x01,
  0x00, 0x00, 0x00, 0x0D, 0xAE, 0x80, 0x00, 0x01, 0x00, 0x00, 0x00, 0x00, 0xAF, 0x80, 0x00, 0x01,
  0x73, 0xF5, 0x7A, 0xEE, 0xA8, 0x80, 0x00, 0x01, 0x00, 0x00, 0x00, 0x02, 0xA0, 0x00, 0x00, 0x00,
  0xA0, 0x00, 0x00, 0x00, 0xA0, 0x00, 0x00, 0x00, 0xA0, 0x00, 0x00, 0x00, 0xA0, 0x00, 0x00, 0x00,
  0xA0, 0x00, 0x00, 0x00, 0xA0, 0x00, 0x00, 0x00, 0xA0, 0x00, 0x00, 0x00, 0xA0, 0x00, 0x00, 0x00,
  0xA0, 0x00, 0x00, 0x00, 0xA8, 0x80, 0x00, 0x01, 0x00, 0x00, 0x00, 0x14, 0xA0, 0x00, 0x00, 0x00,
  0xA0, 0x00, 0x00, 0x00, 0xA0, 0x00, 0x00, 0x00, 0xA0, 0x00, 0x00, 0x00, 0xA0, 0x00, 0x00, 0x00,
  0xA0, 0x00, 0x00, 0x00, 0xA0, 0x00, 0x00, 0x00, 0xA0, 0x00, 0x00, 0x00, 0xA0, 0x00, 0x00, 0x00,
  0xA0, 0x00, 0x00, 0x00, 0xAF, 0x40, 0x00, 0x01, 0x00, 0x00, 0x00, 0x43, 0xA8, 0x80, 0x00, 0x01,
  0x00, 0x00, 0x00, 0x10, 0xAA, 0xC0, 0x00, 0x01, 0x02, 0x00, 0x00, 0x00, 0xA8, 0x80, 0x00, 0x01,
  0x00, 0x00, 0x00, 0x04, 0xA9, 0x40, 0x0D, 0x9C, 0x00, 0x00, 0x00, 0x00, 0x00, 0x00, 0x00, 0x00,
  0x00, 0x00, 0x00, 0x00, 0x00, 0x00, 0x00, 0x00, 0x00, 0x00, 0x00, 0x00, 0x00, 0x00, 0x00, 0x00,
  0x00, 0x00, 0x00, 0x00, 0x00, 0x00, 0x00, 0x00, 0x00, 0x00, 0x00, 0x00, 0x00, 0x00, 0x00, 0x00,
  0x00, 0x00, 0x00, 0x00, 0x00, 0x00, 0x00, 0x00, 0x00, 0x00, 0x00, 0x00, 0x00, 0x00, 0x00, 0x00,
  0x00, 0x00, 0x00, 0x00, 0x00, 0x00, 0x00, 0x00, 0x00, 0x00, 0x00, 0x00, 0x00, 0x00, 0x00, 0x00,
  0x00, 0x00, 0x00, 0x00, 0x00, 0x00, 0x00, 0x00, 0x00, 0x00, 0x00, 0x00, 0x00, 0x00, 0x00, 0x00,
  0x00, 0x00, 0x00, 0x00, 0x00, 0x00, 0x00, 0x00, 0x00, 0x00, 0x00, 0x00, 0x00, 0x00, 0x00, 0x00,
  0x00, 0x00, 0x00, 0x00, 0x00, 0x00, 0x00, 0x00, 0x00, 0x00, 0x00, 0x00, 0x00, 0x00, 0x00, 0x00,
  0x00, 0x00, 0x00, 0x00, 0x00, 0x00, 0x00, 0x00, 0x00, 0x00, 0x00, 0x00, 0x00, 0x00, 0x00, 0x00,
  0x00, 0x00, 0x00, 0x00, 0x00, 0x00, 0x00, 0x00, 0x00, 0x00, 0x00, 0x00, 0x00, 0x00, 0x00, 0x00,
  0x00, 0x00, 0x00, 0x00, 0x00, 0x00, 0x00, 0x00, 0x00, 0x00, 0x00, 0x00, 0x00, 0x00, 0x00, 0x00,
  0x00, 0x00, 0x00, 0x00, 0x00, 0x00, 0x00, 0x00, 0x00, 0x00, 0x00, 0x00, 0x00, 0x00, 0x00, 0x00,
  0x00, 0x00, 0x00, 0x00, 0x00, 0x00, 0x00, 0x00, 0x00, 0x00, 0x00, 0x00, 0x00, 0x00, 0x00, 0x00,
  0x00, 0x00, 0x00, 0x00, 0x00, 0x00, 0x00, 0x00, 0x00, 0x00, 0x00, 0x00, 0x00, 0x00, 0x00, 0x00,
  0x00, 0x00, 0x00, 0x00, 0x00, 0x00, 0x00, 0x00, 0x00, 0x00, 0x00, 0x00, 0x00, 0x00, 0x00, 0x00,
  0x00, 0x00, 0x00, 0x00, 0x00, 0x00, 0x00, 0x00, 0x00, 0x00, 0x00, 0x00, 0x00, 0x00, 0x00, 0x00,
  0x00, 0x00, 0x00, 0x00, 0x00, 0x00, 0x00, 0x00, 0x00, 0x00, 0x00, 0x00, 0x00, 0x00, 0x00, 0x00,
  0x00, 0x00, 0x00, 0x00, 0x00, 0x00, 0x00, 0x00, 0x00, 0x00, 0x00, 0x00, 0x00, 0x00, 0x00, 0x00,
  0x00, 0x00, 0x00, 0x00, 0x00, 0x00, 0x00, 0x00, 0x00, 0x00, 0x00, 0x00, 0x00, 0x00, 0x00, 0x00,
  0x00, 0x00, 0x00, 0x00, 0x00, 0x00, 0x00, 0x00, 0x00, 0x00, 0x00, 0x00, 0x00, 0x00, 0x00, 0x00,
  0x00, 0x00, 0x00, 0x00, 0x00, 0x00, 0x00, 0x00, 0x00, 0x00, 0x00, 0x00, 0x00, 0x00, 0x00, 0x00,
  0x00, 0x00, 0x00, 0x00, 0x00, 0x00, 0x00, 0x00, 0x00, 0x00, 0x00, 0x00, 0x00, 0x00, 0x00, 0x00,
  0x00, 0x00, 0x00, 0x00, 0x00, 0x00, 0x00, 0x00, 0x00, 0x00, 0x00, 0x00, 0x00, 0x00, 0x00, 0x00,
  0x00, 0x00, 0x00, 0x00, 0x00, 0x00, 0x00, 0x00, 0x00, 0x00, 0x00, 0x00, 0x00, 0x00, 0x00, 0x00,
  0x00, 0x00, 0x00, 0x00, 0x00, 0x00, 0x00, 0x00, 0x00, 0x00, 0x00, 0x00, 0x00, 0x00, 0x00, 0x00,
  0x00, 0x00, 0x00, 0x00, 0x00, 0x00, 0x00, 0x00, 0x00, 0x00, 0x00, 0x00, 0x00, 0x00, 0x00, 0x00,
  0x00, 0x00, 0x00, 0x00, 0x00, 0x00, 0x00, 0x00, 0x00, 0x00, 0x00, 0x00, 0x00, 0x00, 0x00, 0x00,
  0x00, 0x00, 0x00, 0x00, 0x00, 0x00, 0x00, 0x00, 0x00, 0x00, 0x00, 0x00, 0x00, 0x00, 0x00, 0x00,
  0x00, 0x00, 0x00, 0x00, 0x00, 0x00, 0x00, 0x00, 0x00, 0x00, 0x00, 0x00, 0x00, 0x00, 0x00, 0x00,
  0x00, 0x00, 0x00, 0x00, 0x00, 0x00, 0x00, 0x00, 0x00, 0x00, 0x00, 0x00, 0x00, 0x00, 0x00, 0x00,
  0x00, 0x00, 0x00, 0x00, 0x00, 0x00, 0x00, 0x00, 0x00, 0x00, 0x00, 0x00, 0x00, 0x00, 0x00, 0x00,
  0x00, 0x00, 0x00, 0x00, 0x00, 0x00, 0x00, 0x00, 0x00, 0x00, 0x00, 0x00, 0x00, 0x00, 0x00, 0x00,
  0x00, 0x00, 0x00, 0x00, 0x00, 0x00, 0x00, 0x00, 0x00, 0x00, 0x00, 0x00, 0x00, 0x00, 0x00, 0x00,
  0x00, 0x00, 0x00, 0x00, 0x00, 0x00, 0x00, 0x00, 0x00, 0x00, 0x00, 0x00, 0x00, 0x00, 0x00, 0x00,
  0x00, 0x00, 0x00, 0x00, 0x00, 0x00, 0x00, 0x00, 0x00, 0x00, 0x00, 0x00, 0x00, 0x00, 0x00, 0x00,
  0x00, 0x00, 0x00, 0x00, 0x00, 0x00, 0x00, 0x00, 0x00, 0x00, 0x00, 0x00, 0x00, 0x00, 0x00, 0x00,
  0x00, 0x00, 0x00, 0x00, 0x00, 0x00, 0x00, 0x00, 0x00, 0x00, 0x00, 0x00, 0x00, 0x00, 0x00, 0x00,
  0x00, 0x00, 0x00, 0x00, 0x00, 0x00, 0x00, 0x00, 0x00, 0x00, 0x00, 0x00, 0x00, 0x00, 0x00, 0x00,
  0x00, 0x00, 0x00, 0x00, 0x00, 0x00, 0x00, 0x00, 0x00, 0x00, 0x00, 0x00, 0x00, 0x00, 0x00, 0x00,
  0x00, 0x00, 0x00, 0x00, 0x00, 0x00, 0x00, 0x00, 0x00, 0x00, 0x00, 0x00, 0x00, 0x00, 0x00, 0x00,
  0x00, 0x00, 0x00, 0x00, 0x00, 0x00, 0x00, 0x00, 0x00, 0x00, 0x00, 0x00, 0x00, 0x00, 0x00, 0x00,
  0x00, 0x00, 0x00, 0x00, 0x00, 0x00, 0x00, 0x00, 0x00, 0x00, 0x00, 0x00, 0x00, 0x00, 0x00, 0x00,
  0x00, 0x00, 0x00, 0x00, 0x00, 0x00, 0x00, 0x00, 0x00, 0x00, 0x00, 0x00, 0x00, 0x00, 0x00, 0x00,
  0x00, 0x00, 0x00, 0x00, 0x00, 0x00, 0x00, 0x00, 0x00, 0x00, 0x00, 0x00, 0x00, 0x00, 0x00, 0x00,
  0x00, 0x00, 0x00, 0x00, 0x00, 0x00, 0x00, 0x00, 0x00, 0x00, 0x00, 0x00, 0x00, 0x00, 0x00, 0x00,
  0x00, 0x00, 0x00, 0x00, 0x00, 0x00, 0x00, 0x00, 0x00, 0x00, 0x00, 0x00, 0x00, 0x00, 0x00, 0x00,
  0x00, 0x00, 0x00, 0x00, 0x00, 0x00, 0x00, 0x00, 0x00, 0x00, 0x00, 0x00, 0x00, 0x00, 0x00, 0x00,
  0x00, 0x00, 0x00, 0x00, 0x00, 0x00, 0x00, 0x00, 0x00, 0x00, 0x00, 0x00, 0x00, 0x00, 0x00, 0x00,
  0x00, 0x00, 0x00, 0x00, 0x00, 0x00, 0x00, 0x00, 0x00, 0x00, 0x00, 0x00, 0x00, 0x00, 0x00, 0x00,
  0x00, 0x00, 0x00, 0x00, 0x00, 0x00, 0x00, 0x00, 0x00, 0x00, 0x00, 0x00, 0x00, 0x00, 0x00, 0x00,
  0x00, 0x00, 0x00, 0x00, 0x00, 0x00, 0x00, 0x00, 0x00, 0x00, 0x00, 0x00, 0x00, 0x00, 0x00, 0x00,
  0x00, 0x00, 0x00, 0x00, 0x00, 0x00, 0x00, 0x00, 0x00, 0x00, 0x00, 0x00, 0x00, 0x00, 0x00, 0x00,
  0x00, 0x00, 0x00, 0x00, 0x00, 0x00, 0x00, 0x00, 0x00, 0x00, 0x00, 0x00, 0x00, 0x00, 0x00, 0x00,
  0x00, 0x00, 0x00, 0x00, 0x00, 0x00, 0x00, 0x00, 0x00, 0x00, 0x00, 0x00, 0x00, 0x00, 0x00, 0x00,
  0x00, 0x00, 0x00, 0x00, 0x00, 0x00, 0x00, 0x00, 0x00, 0x00, 0x00, 0x00, 0x00, 0x00, 0x00, 0x00,
  0x00, 0x00, 0x00, 0x00, 0x00, 0x00, 0x00, 0x00, 0x00, 0x00, 0x00, 0x00, 0x00, 0x00, 0x00, 0x00,
  0x00, 0x00, 0x00, 0x00, 0x00, 0x00, 0x00, 0x00, 0x00, 0x00, 0x00, 0x00, 0x00, 0x00, 0x00, 0x00,
  0x00, 0x00, 0x00, 0x00, 0x00, 0x00, 0x00, 0x00, 0x00, 0x00, 0x00, 0x00, 0x00, 0x00, 0x00, 0x00,
  0x00, 0x00, 0x00, 0x00, 0x00, 0x00, 0x00, 0x00, 0x00, 0x00, 0x00, 0x00, 0x00, 0x00, 0x00, 0x00,
  0x00, 0x00, 0x00, 0x00, 0x00, 0x00, 0x00, 0x00, 0x00, 0x00, 0x00, 0x00, 0x00, 0x00, 0x00, 0x00,
  0x00, 0x00, 0x00, 0x00, 0x00, 0x00, 0x00, 0x00, 0x00, 0x00, 0x00, 0x00, 0x00, 0x00, 0x00, 0x00,
  0x00, 0x00, 0x00, 0x00, 0x00, 0x00, 0x00, 0x00, 0x00, 0x00, 0x00, 0x00, 0x00, 0x00, 0x00, 0x00,
  0x00, 0x00, 0x00, 0x00, 0x00, 0x00, 0x00, 0x00, 0x00, 0x00, 0x00, 0x00, 0x00, 0x00, 0x00, 0x00,
  0x00, 0x00, 0x00, 0x00, 0x00, 0x00, 0x00, 0x00, 0x00, 0x00, 0x00, 0x00, 0x00, 0x00, 0x00, 0x00,
  0x00, 0x00, 0x00, 0x00, 0x00, 0x00, 0x00, 0x00, 0x00, 0x00, 0x00, 0x00, 0x00, 0x00, 0x00, 0x00,
  0x00, 0x00, 0x00, 0x00, 0x00, 0x00, 0x00, 0x00, 0x00, 0x00, 0x00, 0x00, 0x00, 0x00, 0x00, 0x00,
  0x00, 0x00, 0x00, 0x00, 0x00, 0x00, 0x00, 0x00, 0x00, 0x00, 0x00, 0x00, 0x00, 0x00, 0x00, 0x00,
  0x00, 0x00, 0x00, 0x00, 0x00, 0x00, 0x00, 0x00, 0x00, 0x00, 0x00, 0x00, 0x00, 0x00, 0x00, 0x00,
  0x00, 0x00, 0x00, 0x00, 0x00, 0x00, 0x00, 0x00, 0x00, 0x00, 0x00, 0x00, 0x00, 0x00, 0x00, 0x00,
  0x00, 0x00, 0x00, 0x00, 0x00, 0x00, 0x00, 0x00, 0x00, 0x00, 0x00, 0x00, 0x00, 0x00, 0x00, 0x00,
  0x00, 0x00, 0x00, 0x00, 0x00, 0x00, 0x00, 0x00, 0x00, 0x00, 0x00, 0x00, 0x00, 0x00, 0x00, 0x00,
  0x00, 0x00, 0x00, 0x00, 0x00, 0x00, 0x00, 0x00, 0x00, 0x00, 0x00, 0x00, 0x00, 0x00, 0x00, 0x00,
  0x00, 0x00, 0x00, 0x00, 0x00, 0x00, 0x00, 0x00, 0x00, 0x00, 0x00, 0x00, 0x00, 0x00, 0x00, 0x00,
  0x00, 0x00, 0x00, 0x00, 0x00, 0x00, 0x00, 0x00, 0x00, 0x00, 0x00, 0x00, 0x00, 0x00, 0x00, 0x00,
  0x00, 0x00, 0x00, 0x00, 0x00, 0x00, 0x00, 0x00, 0x00, 0x00, 0x00, 0x00, 0x00, 0x00, 0x00, 0x00,
  0x00, 0x00, 0x00, 0x00, 0x00, 0x00, 0x00, 0x00, 0x00, 0x00, 0x00, 0x00, 0x00, 0x00, 0x00, 0x00,
  0x00, 0x00, 0x00, 0x00, 0x00, 0x00, 0x00, 0x00, 0x00, 0x00, 0x00, 0x00, 0x00, 0x00, 0x00, 0x00,
  0x00, 0x00, 0x00, 0x00, 0x00, 0x00, 0x00, 0x00, 0x00, 0x00, 0x00, 0x00, 0x00, 0x00, 0x00, 0x00,
  0x00, 0x00, 0x00, 0x00, 0x00, 0x00, 0x00, 0x00, 0x00, 0x00, 0x00, 0x00, 0x00, 0x00, 0x00, 0x00,
  0x00, 0x00, 0x00, 0x00, 0x00, 0x00, 0x00, 0x00, 0x00, 0x00, 0x00, 0x00, 0x00, 0x00, 0x00, 0x00,
  0x00, 0x00, 0x00, 0x00, 0x00, 0x00, 0x00, 0x00, 0x00, 0x00, 0x00, 0x00, 0x00, 0x00, 0x00, 0x00,
  0x00, 0x00, 0x00, 0x00, 0x00, 0x00, 0x00, 0x00, 0x00, 0x00, 0x00, 0x00, 0x00, 0x00, 0x00, 0x00,
  0x00, 0x00, 0x00, 0x00, 0x00, 0x00, 0x00, 0x00, 0x00, 0x00, 0x00, 0x00, 0x00, 0x00, 0x00, 0x00,
  0x00, 0x00, 0x00, 0x00, 0x00, 0x00, 0x00, 0x00, 0x00, 0x00, 0x00, 0x00, 0x00, 0x00, 0x00, 0x00,
  0x00, 0x00, 0x00, 0x00, 0x00, 0x00, 0x00, 0x00, 0x00, 0x00, 0x00, 0x00, 0x00, 0x00, 0x00, 0x00,
  0x00, 0x00, 0x00, 0x00, 0x00, 0x00, 0x00, 0x00, 0x00, 0x00, 0x00, 0x00, 0x00, 0x00, 0x00, 0x00,
  0x00, 0x00, 0x00, 0x00, 0x00, 0x00, 0x00, 0x00, 0x00, 0x00, 0x00, 0x00, 0x00, 0x00, 0x00, 0x00,
  0x00, 0x00, 0x00, 0x00, 0x00, 0x00, 0x00, 0x00, 0x00, 0x00, 0x00, 0x00, 0x00, 0x00, 0x00, 0x00,
  0x00, 0x00, 0x00, 0x00, 0x00, 0x00, 0x00, 0x00, 0x00, 0x00, 0x00, 0x00, 0x00, 0x00, 0x00, 0x00,
  0x00, 0x00, 0x00, 0x00, 0x00, 0x00, 0x00, 0x00, 0x00, 0x00, 0x00, 0x00, 0x00, 0x00, 0x00, 0x00,
  0x00, 0x00, 0x00, 0x00, 0x00, 0x00, 0x00, 0x00, 0x00, 0x00, 0x00, 0x00, 0x00, 0x00, 0x00, 0x00,
  0x00, 0x00, 0x00, 0x00, 0x00, 0x00, 0x00, 0x00, 0x00, 0x00, 0x00, 0x00, 0x00, 0x00, 0x00, 0x00,
  0x00, 0x00, 0x00, 0x00, 0x00, 0x00, 0x00, 0x00, 0x00, 0x00, 0x00, 0x00, 0x00, 0x00, 0x00, 0x00,
  0x00, 0x00, 0x00, 0x00, 0x00, 0x00, 0x00, 0x00, 0x00, 0x00, 0x00, 0x00, 0x00, 0x00, 0x00, 0x00,
  0x00, 0x00, 0x00, 0x00, 0x00, 0x00, 0x00, 0x00, 0x00, 0x00, 0x00, 0x00, 0x00, 0x00, 0x00, 0x00,
  0x00, 0x00, 0x00, 0x00, 0x00, 0x00, 0x00, 0x00, 0x00, 0x00, 0x00, 0x00, 0x00, 0x00, 0x00, 0x00,
  0x00, 0x00, 0x00, 0x00, 0x00, 0x00, 0x00, 0x00, 0x00, 0x00, 0x00, 0x00, 0x00, 0x00, 0x00, 0x00,
  0x00, 0x00, 0x00, 0x00, 0x00, 0x00, 0x00, 0x00, 0x00, 0x00, 0x00, 0x00, 0x00, 0x00, 0x00, 0x00,
  0x00, 0x00, 0x00, 0x00, 0x00, 0x00, 0x00, 0x00, 0x00, 0x00, 0x00, 0x00, 0x00, 0x00, 0x00, 0x00,
  0x00, 0x00, 0x00, 0x00, 0x00, 0x00, 0x00, 0x00, 0x00, 0x00, 0x00, 0x00, 0x00, 0x00, 0x00, 0x00,
  0x00, 0x00, 0x00, 0x00, 0x00, 0x00, 0x00, 0x00, 0x00, 0x00, 0x00, 0x00, 0x00, 0x00, 0x00, 0x00,
  0x00, 0x00, 0x00, 0x00, 0x00, 0x00, 0x00, 0x00, 0x00, 0x00, 0x00, 0x00, 0x00, 0x00, 0x00, 0x00,
  0x00, 0x00, 0x00, 0x00, 0x00, 0x00, 0x00, 0x00, 0x00, 0x00, 0x00, 0x00, 0x00, 0x00, 0x00, 0x00,
  0x00, 0x00, 0x00, 0x00, 0x00, 0x00, 0x00, 0x00, 0x00, 0x00, 0x00, 0x00, 0x00, 0x00, 0x00, 0x00,
  0x00, 0x00, 0x00, 0x00, 0x00, 0x00, 0x00, 0x00, 0x00, 0x00, 0x00, 0x00, 0x00, 0x00, 0x00, 0x00,
  0x00, 0x00, 0x00, 0x00, 0x00, 0x00, 0x00, 0x00, 0x00, 0x00, 0x00, 0x00, 0x00, 0x00, 0x00, 0x00,
  0x00, 0x00, 0x00, 0x00, 0x00, 0x00, 0x00, 0x00, 0x00, 0x00, 0x00, 0x00, 0x00, 0x00, 0x00, 0x00,
  0x00, 0x00, 0x00, 0x00, 0x00, 0x00, 0x00, 0x00, 0x00, 0x00, 0x00, 0x00, 0x00, 0x00, 0x00, 0x00,
  0x00, 0x00, 0x00, 0x00, 0x00, 0x00, 0x00, 0x00, 0x00, 0x00, 0x00, 0x00, 0x00, 0x00, 0x00, 0x00,
  0x00, 0x00, 0x00, 0x00, 0x00, 0x00, 0x00, 0x00, 0x00, 0x00, 0x00, 0x00, 0x00, 0x00, 0x00, 0x00,
  0x00, 0x00, 0x00, 0x00, 0x00, 0x00, 0x00, 0x00, 0x00, 0x00, 0x00, 0x00, 0x00, 0x00, 0x00, 0x00,
  0x00, 0x00, 0x00, 0x00, 0x00, 0x00, 0x00, 0x00, 0x00, 0x00, 0x00, 0x00, 0x00, 0x00, 0x00, 0x00,
  0x00, 0x00, 0x00, 0x00, 0x00, 0x00, 0x00, 0x00, 0x00, 0x00, 0x00, 0x00, 0x00, 0x00, 0x00, 0x00,
  0x00, 0x00, 0x00, 0x00, 0x00, 0x00, 0x00, 0x00, 0x00, 0x00, 0x00, 0x00, 0x00, 0x00, 0x00, 0x00,
  0x00, 0x00, 0x00, 0x00, 0x00, 0x00, 0x00, 0x00, 0x00, 0x00, 0x00, 0x00, 0x00, 0x00, 0x00, 0x00,
  0x00, 0x00, 0x00, 0x00, 0x00, 0x00, 0x00, 0x00, 0x00, 0x00, 0x00, 0x00, 0x00, 0x00, 0x00, 0x00,
  0x00, 0x00, 0x00, 0x00, 0x00, 0x00, 0x00, 0x00, 0x00, 0x00, 0x00, 0x00, 0x00, 0x00, 0x00, 0x00,
  0x00, 0x00, 0x00, 0x00, 0x00, 0x00, 0x00, 0x00, 0x00, 0x00, 0x00, 0x00, 0x00, 0x00, 0x00, 0x00,
  0x00, 0x00, 0x00, 0x00, 0x00, 0x00, 0x00, 0x00, 0x00, 0x00, 0x00, 0x00, 0x00, 0x00, 0x00, 0x00,
  0x00, 0x00, 0x00, 0x00, 0x00, 0x00, 0x00, 0x00, 0x00, 0x00, 0x00, 0x00, 0x00, 0x00, 0x00, 0x00,
  0x00, 0x00, 0x00, 0x00, 0x00, 0x00, 0x00, 0x00, 0x00, 0x00, 0x00, 0x00, 0x00, 0x00, 0x00, 0x00,
  0x00, 0x00, 0x00, 0x00, 0x00, 0x00, 0x00, 0x00, 0x00, 0x00, 0x00, 0x00, 0x00, 0x00, 0x00, 0x00,
  0x00, 0x00, 0x00, 0x00, 0x00, 0x00, 0x00, 0x00, 0x00, 0x00, 0x00, 0x00, 0x00, 0x00, 0x00, 0x00,
  0x00, 0x00, 0x00, 0x00, 0x00, 0x00, 0x00, 0x00, 0x00, 0x00, 0x00, 0x00, 0x00, 0x00, 0x00, 0x00,
  0x00, 0x00, 0x00, 0x00, 0x00, 0x00, 0x00, 0x00, 0x00, 0x00, 0x00, 0x00, 0x00, 0x00, 0x00, 0x00,
  0x00, 0x00, 0x00, 0x00, 0x00, 0x00, 0x00, 0x00, 0x00, 0x00, 0x00, 0x00, 0x00, 0x00, 0x00, 0x00,
  0x00, 0x00, 0x00, 0x00, 0x00, 0x00, 0x00, 0x00, 0x00, 0x00, 0x00, 0x00, 0x00, 0x00, 0x00, 0x00,
  0x00, 0x00, 0x00, 0x00, 0x00, 0x00, 0x00, 0x00, 0x00, 0x00, 0x00, 0x00, 0x00, 0x00, 0x00, 0x00,
  0x00, 0x00, 0x00, 0x00, 0x00, 0x00, 0x00, 0x00, 0x00, 0x00, 0x00, 0x00, 0x00, 0x00, 0x00, 0x00,
  0x00, 0x00, 0x00, 0x00, 0x00, 0x00, 0x00, 0x00, 0x00, 0x00, 0x00, 0x00, 0x00, 0x00, 0x00, 0x00,
  0x00, 0x00, 0x00, 0x00, 0x00, 0x00, 0x00, 0x00, 0x00, 0x00, 0x00, 0x00, 0x00, 0x00, 0x00, 0x00,
  0x00, 0x00, 0x00, 0x00, 0x00, 0x00, 0x00, 0x00, 0x00, 0x00, 0x00, 0x00, 0x00, 0x00, 0x00, 0x00,
  0x00, 0x00, 0x00, 0x00, 0x00, 0x00, 0x00, 0x00, 0x00, 0x00, 0x00, 0x00, 0x00, 0x00, 0x00, 0x00,
  0x00, 0x00, 0x00, 0x00, 0x00, 0x00, 0x00, 0x00, 0x00, 0x00, 0x00, 0x00, 0x00, 0x00, 0x00, 0x00,
  0x00, 0x00, 0x00, 0x00, 0x00, 0x00, 0x00, 0x00, 0x00, 0x00, 0x00, 0x00, 0x00, 0x00, 0x00, 0x00,
  0x00, 0x00, 0x00, 0x00, 0x00, 0x00, 0x00, 0x00, 0x00, 0x00, 0x00, 0x00, 0x00, 0x00, 0x00, 0x00,
  0x00, 0x00, 0x00, 0x00, 0x00, 0x00, 0x00, 0x00, 0x00, 0x00, 0x00, 0x00, 0x00, 0x00, 0x00, 0x00,
  0x00, 0x00, 0x00, 0x00, 0x00, 0x00, 0x00, 0x00, 0x00, 0x00, 0x00, 0x00, 0x00, 0x00, 0x00, 0x00,
  0x00, 0x00, 0x00, 0x00, 0x00, 0x00, 0x00, 0x00, 0x00, 0x00, 0x00, 0x00, 0x00, 0x00, 0x00, 0x00,
  0x00, 0x00, 0x00, 0x00, 0x00, 0x00, 0x00, 0x00, 0x00, 0x00, 0x00, 0x00, 0x00, 0x00, 0x00, 0x00,
  0x00, 0x00, 0x00, 0x00, 0x00, 0x00, 0x00, 0x00, 0x00, 0x00, 0x00, 0x00, 0x00, 0x00, 0x00, 0x00,
  0x00, 0x00, 0x00, 0x00, 0x00, 0x00, 0x00, 0x00, 0x00, 0x00, 0x00, 0x00, 0x00, 0x00, 0x00, 0x00,
  0x00, 0x00, 0x00, 0x00, 0x00, 0x00, 0x00, 0x00, 0x00, 0x00, 0x00, 0x00, 0x00, 0x00, 0x00, 0x00,
  0x00, 0x00, 0x00, 0x00, 0x00, 0x00, 0x00, 0x00, 0x00, 0x00, 0x00, 0x00, 0x00, 0x00, 0x00, 0x00,
  0x00, 0x00, 0x00, 0x00, 0x00, 0x00, 0x00, 0x00, 0x00, 0x00, 0x00, 0x00, 0x00, 0x00, 0x00, 0x00,
  0x00, 0x00, 0x00, 0x00, 0x00, 0x00, 0x00, 0x00, 0x00, 0x00, 0x00, 0x00, 0x00, 0x00, 0x00, 0x00,
  0x00, 0x00, 0x00, 0x00, 0x00, 0x00, 0x00, 0x00, 0x00, 0x00, 0x00, 0x00, 0x00, 0x00, 0x00, 0x00,
  0x00, 0x00, 0x00, 0x00, 0x00, 0x00, 0x00, 0x00, 0x00, 0x00, 0x00, 0x00, 0x00, 0x00, 0x00, 0x00,
  0x00, 0x00, 0x00, 0x00, 0x00, 0x00, 0x00, 0x00, 0x00, 0x00, 0x00, 0x00, 0x00, 0x00, 0x00, 0x00,
  0x00, 0x00, 0x00, 0x00, 0x00, 0x00, 0x00, 0x00, 0x00, 0x00, 0x00, 0x00, 0x00, 0x00, 0x00, 0x00,
  0x00, 0x00, 0x00, 0x00, 0x00, 0x00, 0x00, 0x00, 0x00, 0x00, 0x00, 0x00, 0x00, 0x00, 0x00, 0x00,
  0x00, 0x00, 0x00, 0x00, 0x00, 0x00, 0x00, 0x00, 0x00, 0x00, 0x00, 0x00, 0x00, 0x00, 0x00, 0x00,
  0x00, 0x00, 0x00, 0x00, 0x00, 0x00, 0x00, 0x00, 0x00, 0x00, 0x00, 0x00, 0x00, 0x00, 0x00, 0x00,
  0x00, 0x00, 0x00, 0x00, 0x00, 0x00, 0x00, 0x00, 0x00, 0x00, 0x00, 0x00, 0x00, 0x00, 0x00, 0x00,
  0x00, 0x00, 0x00, 0x00, 0x00, 0x00, 0x00, 0x00, 0x00, 0x00, 0x00, 0x00, 0x00, 0x00, 0x00, 0x00,
  0x00, 0x00, 0x00, 0x00, 0x00, 0x00, 0x00, 0x00, 0x00, 0x00, 0x00, 0x00, 0x00, 0x00, 0x00, 0x00,
  0x00, 0x00, 0x00, 0x00, 0x00, 0x00, 0x00, 0x00, 0x00, 0x00, 0x00, 0x00, 0x00, 0x00, 0x00, 0x00,
  0x00, 0x00, 0x00, 0x00, 0x00, 0x00, 0x00, 0x00, 0x00, 0x00, 0x00, 0x00, 0x00, 0x00, 0x00, 0x00,
  0x00, 0x00, 0x00, 0x00, 0x00, 0x00, 0x00, 0x00, 0x00, 0x00, 0x00, 0x00, 0x00, 0x00, 0x00, 0x00,
  0x00, 0x00, 0x00, 0x00, 0x00, 0x00, 0x00, 0x00, 0x00, 0x00, 0x00, 0x00, 0x00, 0x00, 0x00, 0x00,
  0x00, 0x00, 0x00, 0x00, 0x00, 0x00, 0x00, 0x00, 0x00, 0x00, 0x00, 0x00, 0x00, 0x00, 0x00, 0x00,
  0x00, 0x00, 0x00, 0x00, 0x00, 0x00, 0x00, 0x00, 0x00, 0x00, 0x00, 0x00, 0x00, 0x00, 0x00, 0x00,
  0x00, 0x00, 0x00, 0x00, 0x00, 0x00, 0x00, 0x00, 0x00, 0x00, 0x00, 0x00, 0x00, 0x00, 0x00, 0x00,
  0x00, 0x00, 0x00, 0x00, 0x00, 0x00, 0x00, 0x00, 0x00, 0x00, 0x00, 0x00, 0x00, 0x00, 0x00, 0x00,
  0x00, 0x00, 0x00, 0x00, 0x00, 0x00, 0x00, 0x00, 0x00, 0x00, 0x00, 0x00, 0x00, 0x00, 0x00, 0x00,
  0x00, 0x00, 0x00, 0x00, 0x00, 0x00, 0x00, 0x00, 0x00, 0x00, 0x00, 0x00, 0x00, 0x00, 0x00, 0x00,
  0x00, 0x00, 0x00, 0x00, 0x00, 0x00, 0x00, 0x00, 0x00, 0x00, 0x00, 0x00, 0x00, 0x00, 0x00, 0x00,
  0x00, 0x00, 0x00, 0x00, 0x00, 0x00, 0x00, 0x00, 0x00, 0x00, 0x00, 0x00, 0x00, 0x00, 0x00, 0x00,
  0x00, 0x00, 0x00, 0x00, 0x00, 0x00, 0x00, 0x00, 0x00, 0x00, 0x00, 0x00, 0x00, 0x00, 0x00, 0x00,
  0x00, 0x00, 0x00, 0x00, 0x00, 0x00, 0x00, 0x00, 0x00, 0x00, 0x00, 0x00, 0x00, 0x00, 0x00, 0x00,
  0x00, 0x00, 0x00, 0x00, 0x00, 0x00, 0x00, 0x00, 0x00, 0x00, 0x00, 0x00, 0x00, 0x00, 0x00, 0x00,
  0x00, 0x00, 0x00, 0x00, 0x00, 0x00, 0x00, 0x00, 0x00, 0x00, 0x00, 0x00, 0x00, 0x00, 0x00, 0x00,
  0x00, 0x00, 0x00, 0x00, 0x00, 0x00, 0x00, 0x00, 0x00, 0x00, 0x00, 0x00, 0x00, 0x00, 0x00, 0x00,
  0x00, 0x00, 0x00, 0x00, 0x00, 0x00, 0x00, 0x00, 0x00, 0x00, 0x00, 0x00, 0x00, 0x00, 0x00, 0x00,
  0x00, 0x00, 0x00, 0x00, 0x00, 0x00, 0x00, 0x00, 0x00, 0x00, 0x00, 0x00, 0x00, 0x00, 0x00, 0x00,
  0x00, 0x00, 0x00, 0x00, 0x00, 0x00, 0x00, 0x00, 0x00, 0x00, 0x00, 0x00, 0x00, 0x00, 0x00, 0x00,
  0x00, 0x00, 0x00, 0x00, 0x00, 0x00, 0x00, 0x00, 0x00, 0x00, 0x00, 0x00, 0x00, 0x00, 0x00, 0x00,
  0x00, 0x00, 0x00, 0x00, 0x00, 0x00, 0x00, 0x00, 0x00, 0x00, 0x00, 0x00, 0x00, 0x00, 0x00, 0x00,
  0x00, 0x00, 0x00, 0x00, 0x00, 0x00, 0x00, 0x00, 0x00, 0x00, 0x00, 0x00, 0x00, 0x00, 0x00, 0x00,
  0x00, 0x00, 0x00, 0x00, 0x00, 0x00, 0x00, 0x00, 0x00, 0x00, 0x00, 0x00, 0x00, 0x00, 0x00, 0x00,
  0x00, 0x00, 0x00, 0x00, 0x00, 0x00, 0x00, 0x00, 0x00, 0x00, 0x00, 0x00, 0x00, 0x00, 0x00, 0x00,
  0x00, 0x00, 0x00, 0x00, 0x00, 0x00, 0x00, 0x00, 0x00, 0x00, 0x00, 0x00, 0x00, 0x00, 0x00, 0x00,
  0x00, 0x00, 0x00, 0x00, 0x00, 0x00, 0x00, 0x00, 0x00, 0x00, 0x00, 0x00, 0x00, 0x00, 0x00, 0x00,
  0x00, 0x00, 0x00, 0x00, 0x00, 0x00, 0x00, 0x00, 0x00, 0x00, 0x00, 0x00, 0x00, 0x00, 0x00, 0x00,
  0x00, 0x00, 0x00, 0x00, 0x00, 0x00, 0x00, 0x00, 0x00, 0x00, 0x00, 0x00, 0x00, 0x00, 0x00, 0x00,
  0x00, 0x00, 0x00, 0x00, 0x00, 0x00, 0x00, 0x00, 0x00, 0x00, 0x00, 0x00, 0x00, 0x00, 0x00, 0x00,
  0x00, 0x00, 0x00, 0x00, 0x00, 0x00, 0x00, 0x00, 0x00, 0x00, 0x00, 0x00, 0x00, 0x00, 0x00, 0x00,
  0x00, 0x00, 0x00, 0x00, 0x00, 0x00, 0x00, 0x00, 0x00, 0x00, 0x00, 0x00, 0x00, 0x00, 0x00, 0x00,
  0x00, 0x00, 0x00, 0x00, 0x00, 0x00, 0x00, 0x00, 0x00, 0x00, 0x00, 0x00, 0x00, 0x00, 0x00, 0x00,
  0x00, 0x00, 0x00, 0x00, 0x00, 0x00, 0x00, 0x00, 0x00, 0x00, 0x00, 0x00, 0x00, 0x00, 0x00, 0x00,
  0x00, 0x00, 0x00, 0x00, 0x00, 0x00, 0x00, 0x00, 0x00, 0x00, 0x00, 0x00, 0x00, 0x00, 0x00, 0x00,
  0x00, 0x00, 0x00, 0x00, 0x00, 0x00, 0x00, 0x00, 0x00, 0x00, 0x00, 0x00, 0x00, 0x00, 0x00, 0x00,
  0x00, 0x00, 0x00, 0x00, 0x00, 0x00, 0x00, 0x00, 0x00, 0x00, 0x00, 0x00, 0x00, 0x00, 0x00, 0x00,
  0x00, 0x00, 0x00, 0x00, 0x00, 0x00, 0x00, 0x00, 0x00, 0x00, 0x00, 0x00, 0x00, 0x00, 0x00, 0x00,
  0x00, 0x00, 0x00, 0x00, 0x00, 0x00, 0x00, 0x00, 0x00, 0x00, 0x00, 0x00, 0x00, 0x00, 0x00, 0x00,
  0x00, 0x00, 0x00, 0x00, 0x00, 0x00, 0x00, 0x00, 0x00, 0x00, 0x00, 0x00, 0x00, 0x00, 0x00, 0x00,
  0x00, 0x00, 0x00, 0x00, 0x00, 0x00, 0x00, 0x00, 0x00, 0x00, 0x00, 0x00, 0x00, 0x00, 0x00, 0x00,
  0x00, 0x00, 0x00, 0x00, 0x00, 0x00, 0x00, 0x00, 0x00, 0x00, 0x00, 0x00, 0x00, 0x00, 0x00, 0x00,
  0x00, 0x00, 0x00, 0x00, 0x00, 0x00, 0x00, 0x00, 0x00, 0x00, 0x00, 0x00, 0x00, 0x00, 0x00, 0x00,
  0x00, 0x00, 0x00, 0x00, 0x00, 0x00, 0x00, 0x00, 0x00, 0x00, 0x00, 0x00, 0x00, 0x00, 0x00, 0x00,
  0x00, 0x00, 0x00, 0x00, 0x00, 0x00, 0x00, 0x00, 0x00, 0x00, 0x00, 0x00, 0x00, 0x00, 0x00, 0x00,
  0x00, 0x00, 0x00, 0x00, 0x00, 0x00, 0x00, 0x00, 0x00, 0x00, 0x00, 0x00, 0x00, 0x00, 0x00, 0x00,
  0x00, 0x00, 0x00, 0x00, 0x00, 0x00, 0x00, 0x00, 0x00, 0x00, 0x00, 0x00, 0x00, 0x00, 0x00, 0x00,
  0x00, 0x00, 0x00, 0x00, 0x00, 0x00, 0x00, 0x00, 0x00, 0x00, 0x00, 0x00, 0x00, 0x00, 0x00, 0x00,
  0x00, 0x00, 0x00, 0x00, 0x00, 0x00, 0x00, 0x00, 0x00, 0x00, 0x00, 0x00, 0x00, 0x00, 0x00, 0x00,
  0x00, 0x00, 0x00, 0x00, 0x00, 0x00, 0x00, 0x00, 0x00, 0x00, 0x00, 0x00, 0x00, 0x00, 0x00, 0x00,
  0x00, 0x00, 0x00, 0x00, 0x00, 0x00, 0x00, 0x00, 0x00, 0x00, 0x00, 0x00, 0x00, 0x00, 0x00, 0x00,
  0x00, 0x00, 0x00, 0x00, 0x00, 0x00, 0x00, 0x00, 0x00, 0x00, 0x00, 0x00, 0x00, 0x00, 0x00, 0x00,
  0x00, 0x00, 0x00, 0x00, 0x00, 0x00, 0x00, 0x00, 0x00, 0x00, 0x00, 0x00, 0x00, 0x00, 0x00, 0x00,
  0x00, 0x00, 0x00, 0x00, 0x00, 0x00, 0x00, 0x00, 0x00, 0x00, 0x00, 0x00, 0x00, 0x00, 0x00, 0x00,
  0x00, 0x00, 0x00, 0x00, 0x00, 0x00, 0x00, 0x00, 0x00, 0x00, 0x00, 0x00, 0x00, 0x00, 0x00, 0x00,
  0x00, 0x00, 0x00, 0x00, 0x00, 0x00, 0x00, 0x00, 0x00, 0x00, 0x00, 0x00, 0x00, 0x00, 0x00, 0x00,
  0x00, 0x00, 0x00, 0x00, 0x00, 0x00, 0x00, 0x00, 0x00, 0x00, 0x00, 0x00, 0x00, 0x00, 0x00, 0x00,
  0x00, 0x00, 0x00, 0x00, 0x00, 0x00, 0x00, 0x00, 0x00, 0x00, 0x00, 0x00, 0x00, 0x00, 0x00, 0x00,
  0x00, 0x00, 0x00, 0x00, 0x00, 0x00, 0x00, 0x00, 0x00, 0x00, 0x00, 0x00, 0x00, 0x00, 0x00, 0x00,
  0x00, 0x00, 0x00, 0x00, 0x00, 0x00, 0x00, 0x00, 0x00, 0x00, 0x00, 0x00, 0x00, 0x00, 0x00, 0x00,
  0x00, 0x00, 0x00, 0x00, 0x00, 0x00, 0x00, 0x00, 0x00, 0x00, 0x00, 0x00, 0x00, 0x00, 0x00, 0x00,
  0x00, 0x00, 0x00, 0x00, 0x00, 0x00, 0x00, 0x00, 0x00, 0x00, 0x00, 0x00, 0x00, 0x00, 0x00, 0x00,
  0x00, 0x00, 0x00, 0x00, 0x00, 0x00, 0x00, 0x00, 0x00, 0x00, 0x00, 0x00, 0x00, 0x00, 0x00, 0x00,
  0x00, 0x00, 0x00, 0x00, 0x00, 0x00, 0x00, 0x00, 0x00, 0x00, 0x00, 0x00, 0x00, 0x00, 0x00, 0x00,
  0x00, 0x00, 0x00, 0x00, 0x00, 0x00, 0x00, 0x00, 0x00, 0x00, 0x00, 0x00, 0x00, 0x00, 0x00, 0x00,
  0x00, 0x00, 0x00, 0x00, 0x00, 0x00, 0x00, 0x00, 0x00, 0x00, 0x00, 0x00, 0x00, 0x00, 0x00, 0x00,
  0x00, 0x00, 0x00, 0x00, 0x00, 0x00, 0x00, 0x00, 0x00, 0x00, 0x00, 0x00, 0x00, 0x00, 0x00, 0x00,
  0x00, 0x00, 0x00, 0x00, 0x00, 0x00, 0x00, 0x00, 0x00, 0x00, 0x00, 0x00, 0x00, 0x00, 0x00, 0x00,
  0x00, 0x00, 0x00, 0x00, 0x00, 0x00, 0x00, 0x00, 0x00, 0x00, 0x00, 0x00, 0x00, 0x00, 0x00, 0x00,
  0x00, 0x00, 0x00, 0x00, 0x00, 0x00, 0x00, 0x00, 0x00, 0x00, 0x00, 0x00, 0x00, 0x00, 0x00, 0x00,
  0x00, 0x00, 0x00, 0x00, 0x00, 0x00, 0x00, 0x00, 0x00, 0x00, 0x00, 0x00, 0x00, 0x00, 0x00, 0x00,
  0x00, 0x00, 0x00, 0x00, 0x00, 0x00, 0x00, 0x00, 0x00, 0x00, 0x00, 0x00, 0x00, 0x00, 0x00, 0x00,
  0x00, 0x00, 0x00, 0x00, 0x00, 0x00, 0x00, 0x00, 0x00, 0x00, 0x00, 0x00, 0x00, 0x00, 0x00, 0x00,
  0x00, 0x00, 0x00, 0x00, 0x00, 0x00, 0x00, 0x00, 0x00, 0x00, 0x00, 0x00, 0x00, 0x00, 0x00, 0x00,
  0x00, 0x00, 0x00, 0x00, 0x00, 0x00, 0x00, 0x00, 0x00, 0x00, 0x00, 0x00, 0x00, 0x00, 0x00, 0x00,
  0x00, 0x00, 0x00, 0x00, 0x00, 0x00, 0x00, 0x00, 0x00, 0x00, 0x00, 0x00, 0x00, 0x00, 0x00, 0x00,
  0x00, 0x00, 0x00, 0x00, 0x00, 0x00, 0x00, 0x00, 0x00, 0x00, 0x00, 0x00, 0x00, 0x00, 0x00, 0x00,
  0x00, 0x00, 0x00, 0x00, 0x00, 0x00, 0x00, 0x00, 0x00, 0x00, 0x00, 0x00, 0x00, 0x00, 0x00, 0x00,
  0x00, 0x00, 0x00, 0x00, 0x00, 0x00, 0x00, 0x00, 0x00, 0x00, 0x00, 0x00, 0x00, 0x00, 0x00, 0x00,
  0x00, 0x00, 0x00, 0x00, 0x00, 0x00, 0x00, 0x00, 0x00, 0x00, 0x00, 0x00, 0x00, 0x00, 0x00, 0x00,
  0x00, 0x00, 0x00, 0x00, 0x00, 0x00, 0x00, 0x00, 0x00, 0x00, 0x00, 0x00, 0x00, 0x00, 0x00, 0x00,
  0x00, 0x00, 0x00, 0x00, 0x00, 0x00, 0x00, 0x00, 0x00, 0x00, 0x00, 0x00, 0x00, 0x00, 0x00, 0x00,
  0x00, 0x00, 0x00, 0x00, 0x00, 0x00, 0x00, 0x00, 0x00, 0x00, 0x00, 0x00, 0x00, 0x00, 0x00, 0x00,
  0x00, 0x00, 0x00, 0x00, 0x00, 0x00, 0x00, 0x00, 0x00, 0x00, 0x00, 0x00, 0x00, 0x00, 0x00, 0x00,
  0x00, 0x00, 0x00, 0x00, 0x00, 0x00, 0x00, 0x00, 0x00, 0x00, 0x00, 0x00, 0x00, 0x00, 0x00, 0x00,
  0x00, 0x00, 0x00, 0x00, 0x00, 0x00, 0x00, 0x00, 0x00, 0x00, 0x00, 0x00, 0x00, 0x00, 0x00, 0x00,
  0x00, 0x00, 0x00, 0x00, 0x00, 0x00, 0x00, 0x00, 0x00, 0x00, 0x00, 0x00, 0x00, 0x00, 0x00, 0x00,
  0x00, 0x00, 0x00, 0x00, 0x00, 0x00, 0x00, 0x00, 0x00, 0x00, 0x00, 0x00, 0x00, 0x00, 0x00, 0x00,
  0x00, 0x00, 0x00, 0x00, 0x00, 0x00, 0x00, 0x00, 0x00, 0x00, 0x00, 0x00, 0x00, 0x00, 0x00, 0x00,
  0x00, 0x00, 0x00, 0x00, 0x00, 0x00, 0x00, 0x00, 0x00, 0x00, 0x00, 0x00, 0x00, 0x00, 0x00, 0x00,
  0x00, 0x00, 0x00, 0x00, 0x00, 0x00, 0x00, 0x00, 0x00, 0x00, 0x00, 0x00, 0x00, 0x00, 0x00, 0x00,
  0x00, 0x00, 0x00, 0x00, 0x00, 0x00, 0x00, 0x00, 0x00, 0x00, 0x00, 0x00, 0x00, 0x00, 0x00, 0x00,
  0x00, 0x00, 0x00, 0x00, 0x00, 0x00, 0x00, 0x00, 0x00, 0x00, 0x00, 0x00, 0x00, 0x00, 0x00, 0x00,
  0x00, 0x00, 0x00, 0x00, 0x00, 0x00, 0x00, 0x00, 0x00, 0x00, 0x00, 0x00, 0x00, 0x00, 0x00, 0x00,
  0x00, 0x00, 0x00, 0x00, 0x00, 0x00, 0x00, 0x00, 0x00, 0x00, 0x00, 0x00, 0x00, 0x00, 0x00, 0x00,
  0x00, 0x00, 0x00, 0x00, 0x00, 0x00, 0x00, 0x00, 0x00, 0x00, 0x00, 0x00, 0x00, 0x00, 0x00, 0x00,
  0x00, 0x00, 0x00, 0x00, 0x00, 0x00, 0x00, 0x00, 0x00, 0x00, 0x00, 0x00, 0x00, 0x00, 0x00, 0x00,
  0x00, 0x00, 0x00, 0x00, 0x00, 0x00, 0x00, 0x00, 0x00, 0x00, 0x00, 0x00, 0x00, 0x00, 0x00, 0x00,
  0x00, 0x00, 0x00, 0x00, 0x00, 0x00, 0x00, 0x00, 0x00, 0x00, 0x00, 0x00, 0x00, 0x00, 0x00, 0x00,
  0x00, 0x00, 0x00, 0x00, 0x00, 0x00, 0x00, 0x00, 0x00, 0x00, 0x00, 0x00, 0x00, 0x00, 0x00, 0x00,
  0x00, 0x00, 0x00, 0x00, 0x00, 0x00, 0x00, 0x00, 0x00, 0x00, 0x00, 0x00, 0x00, 0x00, 0x00, 0x00,
  0x00, 0x00, 0x00, 0x00, 0x00, 0x00, 0x00, 0x00, 0x00, 0x00, 0x00, 0x00, 0x00, 0x00, 0x00, 0x00,
  0x00, 0x00, 0x00, 0x00, 0x00, 0x00, 0x00, 0x00, 0x00, 0x00, 0x00, 0x00, 0x00, 0x00, 0x00, 0x00,
  0x00, 0x00, 0x00, 0x00, 0x00, 0x00, 0x00, 0x00, 0x00, 0x00, 0x00, 0x00, 0x00, 0x00, 0x00, 0x00,
  0x00, 0x00, 0x00, 0x00, 0x00, 0x00, 0x00, 0x00, 0x00, 0x00, 0x00, 0x00, 0x00, 0x00, 0x00, 0x00,
  0x00, 0x00, 0x00, 0x00, 0x00, 0x00, 0x00, 0x00, 0x00, 0x00, 0x00, 0x00, 0x00, 0x00, 0x00, 0x00,
  0x00, 0x00, 0x00, 0x00, 0x00, 0x00, 0x00, 0x00, 0x00, 0x00, 0x00, 0x00, 0x00, 0x00, 0x00, 0x00,
  0x00, 0x00, 0x00, 0x00, 0x00, 0x00, 0x00, 0x00, 0x00, 0x00, 0x00, 0x00, 0x00, 0x00, 0x00, 0x00,
  0x00, 0x00, 0x00, 0x00, 0x00, 0x00, 0x00, 0x00, 0x00, 0x00, 0x00, 0x00, 0x00, 0x00, 0x00, 0x00,
  0x00, 0x00, 0x00, 0x00, 0x00, 0x00, 0x00, 0x00, 0x00, 0x00, 0x00, 0x00, 0x00, 0x00, 0x00, 0x00,
  0x00, 0x00, 0x00, 0x00, 0x00, 0x00, 0x00, 0x00, 0x00, 0x00, 0x00, 0x00, 0x00, 0x00, 0x00, 0x00,
  0x00, 0x00, 0x00, 0x00, 0x00, 0x00, 0x00, 0x00, 0x00, 0x00, 0x00, 0x00, 0x00, 0x00, 0x00, 0x00,
  0x00, 0x00, 0x00, 0x00, 0x00, 0x00, 0x00, 0x00, 0x00, 0x00, 0x00, 0x00, 0x00, 0x00, 0x00, 0x00,
  0x00, 0x00, 0x00, 0x00, 0x00, 0x00, 0x00, 0x00, 0x00, 0x00, 0x00, 0x00, 0x00, 0x00, 0x00, 0x00,
  0x00, 0x00, 0x00, 0x00, 0x00, 0x00, 0x00, 0x00, 0x00, 0x00, 0x00, 0x00, 0x00, 0x00, 0x00, 0x00,
  0x00, 0x00, 0x00, 0x00, 0x00, 0x00, 0x00, 0x00, 0x00, 0x00, 0x00, 0x00, 0x00, 0x00, 0x00, 0x00,
  0x00, 0x00, 0x00, 0x00, 0x00, 0x00, 0x00, 0x00, 0x00, 0x00, 0x00, 0x00, 0x00, 0x00, 0x00, 0x00,
  0x00, 0x00, 0x00, 0x00, 0x00, 0x00, 0x00, 0x00, 0x00, 0x00, 0x00, 0x00, 0x00, 0x00, 0x00, 0x00,
  0x00, 0x00, 0x00, 0x00, 0x00, 0x00, 0x00, 0x00, 0x00, 0x00, 0x00, 0x00, 0x00, 0x00, 0x00, 0x00,
  0x00, 0x00, 0x00, 0x00, 0x00, 0x00, 0x00, 0x00, 0x00, 0x00, 0x00, 0x00, 0x00, 0x00, 0x00, 0x00,
  0x00, 0x00, 0x00, 0x00, 0x00, 0x00, 0x00, 0x00, 0x00, 0x00, 0x00, 0x00, 0x00, 0x00, 0x00, 0x00,
  0x00, 0x00, 0x00, 0x00, 0x00, 0x00, 0x00, 0x00, 0x00, 0x00, 0x00, 0x00, 0x00, 0x00, 0x00, 0x00,
  0x00, 0x00, 0x00, 0x00, 0x00, 0x00, 0x00, 0x00, 0x00, 0x00, 0x00, 0x00, 0x00, 0x00, 0x00, 0x00,
  0x00, 0x00, 0x00, 0x00, 0x00, 0x00, 0x00, 0x00, 0x00, 0x00, 0x00, 0x00, 0x00, 0x00, 0x00, 0x00,
  0x00, 0x00, 0x00, 0x00, 0x00, 0x00, 0x00, 0x00, 0x00, 0x00, 0x00, 0x00, 0x00, 0x00, 0x00, 0x00,
  0x00, 0x00, 0x00, 0x00, 0x00, 0x00, 0x00, 0x00, 0x00, 0x00, 0x00, 0x00, 0x00, 0x00, 0x00, 0x00,
  0x00, 0x00, 0x00, 0x00, 0x00, 0x00, 0x00, 0x00, 0x00, 0x00, 0x00, 0x00, 0x00, 0x00, 0x00, 0x00,
  0x00, 0x00, 0x00, 0x00, 0x00, 0x00, 0x00, 0x00, 0x00, 0x00, 0x00, 0x00, 0x00, 0x00, 0x00, 0x00,
  0x00, 0x00, 0x00, 0x00, 0x00, 0x00, 0x00, 0x00, 0x00, 0x00, 0x00, 0x00, 0x00, 0x00, 0x00, 0x00,
  0x00, 0x00, 0x00, 0x00, 0x00, 0x00, 0x00, 0x00, 0x00, 0x00, 0x00, 0x00, 0x00, 0x00, 0x00, 0x00,
  0x00, 0x00, 0x00, 0x00, 0x00, 0x00, 0x00, 0x00, 0x00, 0x00, 0x00, 0x00, 0x00, 0x00, 0x00, 0x00,
  0x00, 0x00, 0x00, 0x00, 0x00, 0x00, 0x00, 0x00, 0x00, 0x00, 0x00, 0x00, 0x00, 0x00, 0x00, 0x00,
  0x00, 0x00, 0x00, 0x00, 0x00, 0x00, 0x00, 0x00, 0x00, 0x00, 0x00, 0x00, 0x00, 0x00, 0x00, 0x00,
  0x00, 0x00, 0x00, 0x00, 0x00, 0x00, 0x00, 0x00, 0x00, 0x00, 0x00, 0x00, 0x00, 0x00, 0x00, 0x00,
  0x00, 0x00, 0x00, 0x00, 0x00, 0x00, 0x00, 0x00, 0x00, 0x00, 0x00, 0x00, 0x00, 0x00, 0x00, 0x00,
  0x00, 0x00, 0x00, 0x00, 0x00, 0x00, 0x00, 0x00, 0x00, 0x00, 0x00, 0x00, 0x00, 0x00, 0x00, 0x00,
  0x00, 0x00, 0x00, 0x00, 0x00, 0x00, 0x00, 0x00, 0x00, 0x00, 0x00, 0x00, 0x00, 0x00, 0x00, 0x00,
  0x00, 0x00, 0x00, 0x00, 0x00, 0x00, 0x00, 0x00, 0x00, 0x00, 0x00, 0x00, 0x00, 0x00, 0x00, 0x00,
  0x00, 0x00, 0x00, 0x00, 0x00, 0x00, 0x00, 0x00, 0x00, 0x00, 0x00, 0x00, 0x00, 0x00, 0x00, 0x00,
  0x00, 0x00, 0x00, 0x00, 0x00, 0x00, 0x00, 0x00, 0x00, 0x00, 0x00, 0x00, 0x00, 0x00, 0x00, 0x00,
  0x00, 0x00, 0x00, 0x00, 0x00, 0x00, 0x00, 0x00, 0x00, 0x00, 0x00, 0x00, 0x00, 0x00, 0x00, 0x00,
  0x00, 0x00, 0x00, 0x00, 0x00, 0x00, 0x00, 0x00, 0x00, 0x00, 0x00, 0x00, 0x00, 0x00, 0x00, 0x00,
  0x00, 0x00, 0x00, 0x00, 0x00, 0x00, 0x00, 0x00, 0x00, 0x00, 0x00, 0x00, 0x00, 0x00, 0x00, 0x00,
  0x00, 0x00, 0x00, 0x00, 0x00, 0x00, 0x00, 0x00, 0x00, 0x00, 0x00, 0x00, 0x00, 0x00, 0x00, 0x00,
  0x00, 0x00, 0x00, 0x00, 0x00, 0x00, 0x00, 0x00, 0x00, 0x00, 0x00, 0x00, 0x00, 0x00, 0x00, 0x00,
  0x00, 0x00, 0x00, 0x00, 0x00, 0x00, 0x00, 0x00, 0x00, 0x00, 0x00, 0x00, 0x00, 0x00, 0x00, 0x00,
  0x00, 0x00, 0x00, 0x00, 0x00, 0x00, 0x00, 0x00, 0x00, 0x00, 0x00, 0x00, 0x00, 0x00, 0x00, 0x00,
  0x00, 0x00, 0x00, 0x00, 0x00, 0x00, 0x00, 0x00, 0x00, 0x00, 0x00, 0x00, 0x00, 0x00, 0x00, 0x00,
  0x00, 0x00, 0x00, 0x00, 0x00, 0x00, 0x00, 0x00, 0x00, 0x00, 0x00, 0x00, 0x00, 0x00, 0x00, 0x00,
  0x00, 0x00, 0x00, 0x00, 0x00, 0x00, 0x00, 0x00, 0x00, 0x00, 0x00, 0x00, 0x00, 0x00, 0x00, 0x00,
  0x00, 0x00, 0x00, 0x00, 0x00, 0x00, 0x00, 0x00, 0x00, 0x00, 0x00, 0x00, 0x00, 0x00, 0x00, 0x00,
  0x00, 0x00, 0x00, 0x00, 0x00, 0x00, 0x00, 0x00, 0x00, 0x00, 0x00, 0x00, 0x00, 0x00, 0x00, 0x00,
  0x00, 0x00, 0x00, 0x00, 0x00, 0x00, 0x00, 0x00, 0x00, 0x00, 0x00, 0x00, 0x00, 0x00, 0x00, 0x00,
  0x00, 0x00, 0x00, 0x00, 0x00, 0x00, 0x00, 0x00, 0x00, 0x00, 0x00, 0x00, 0x00, 0x00, 0x00, 0x00,
  0x00, 0x00, 0x00, 0x00, 0x00, 0x00, 0x00, 0x00, 0x00, 0x00, 0x00, 0x00, 0x00, 0x00, 0x00, 0x00,
  0x00, 0x00, 0x00, 0x00, 0x00, 0x00, 0x00, 0x00, 0x00, 0x00, 0x00, 0x00, 0x00, 0x00, 0x00, 0x00,
  0x00, 0x00, 0x00, 0x00, 0x00, 0x00, 0x00, 0x00, 0x00, 0x00, 0x00, 0x00, 0x00, 0x00, 0x00, 0x00,
  0x00, 0x00, 0x00, 0x00, 0x00, 0x00, 0x00, 0x00, 0x00, 0x00, 0x00, 0x00, 0x00, 0x00, 0x00, 0x00,
  0x00, 0x00, 0x00, 0x00, 0x00, 0x00, 0x00, 0x00, 0x00, 0x00, 0x00, 0x00, 0x00, 0x00, 0x00, 0x00,
  0x00, 0x00, 0x00, 0x00, 0x00, 0x00, 0x00, 0x00, 0x00, 0x00, 0x00, 0x00, 0x00, 0x00, 0x00, 0x00,
  0x00, 0x00, 0x00, 0x00, 0x00, 0x00, 0x00, 0x00, 0x00, 0x00, 0x00, 0x00, 0x00, 0x00, 0x00, 0x00,
  0x00, 0x00, 0x00, 0x00, 0x00, 0x00, 0x00, 0x00, 0x00, 0x00, 0x00, 0x00, 0x00, 0x00, 0x00, 0x00,
  0x00, 0x00, 0x00, 0x00, 0x00, 0x00, 0x00, 0x00, 0x00, 0x00, 0x00, 0x00, 0x00, 0x00, 0x00, 0x00,
  0x00, 0x00, 0x00, 0x00, 0x00, 0x00, 0x00, 0x00, 0x00, 0x00, 0x00, 0x00, 0x00, 0x00, 0x00, 0x00,
  0x00, 0x00, 0x00, 0x00, 0x00, 0x00, 0x00, 0x00, 0x00, 0x00, 0x00, 0x00, 0x00, 0x00, 0x00, 0x00,
  0x00, 0x00, 0x00, 0x00, 0x00, 0x00, 0x00, 0x00, 0x00, 0x00, 0x00, 0x00, 0x00, 0x00, 0x00, 0x00,
  0x00, 0x00, 0x00, 0x00, 0x00, 0x00, 0x00, 0x00, 0x00, 0x00, 0x00, 0x00, 0x00, 0x00, 0x00, 0x00,
  0x00, 0x00, 0x00, 0x00, 0x00, 0x00, 0x00, 0x00, 0x00, 0x00, 0x00, 0x00, 0x00, 0x00, 0x00, 0x00,
  0x00, 0x00, 0x00, 0x00, 0x00, 0x00, 0x00, 0x00, 0x00, 0x00, 0x00, 0x00, 0x00, 0x00, 0x00, 0x00,
  0x00, 0x00, 0x00, 0x00, 0x00, 0x00, 0x00, 0x00, 0x00, 0x00, 0x00, 0x00, 0x00, 0x00, 0x00, 0x00,
  0x00, 0x00, 0x00, 0x00, 0x00, 0x00, 0x00, 0x00, 0x00, 0x00, 0x00, 0x00, 0x00, 0x00, 0x00, 0x00,
  0x00, 0x00, 0x00, 0x00, 0x00, 0x00, 0x00, 0x00, 0x00, 0x00, 0x00, 0x00, 0x00, 0x00, 0x00, 0x00,
  0x00, 0x00, 0x00, 0x00, 0x00, 0x00, 0x00, 0x00, 0x00, 0x00, 0x00, 0x00, 0x00, 0x00, 0x00, 0x00,
  0x00, 0x00, 0x00, 0x00, 0x00, 0x00, 0x00, 0x00, 0x00, 0x00, 0x00, 0x00, 0x00, 0x00, 0x00, 0x00,
  0x00, 0x00, 0x00, 0x00, 0x00, 0x00, 0x00, 0x00, 0x00, 0x00, 0x00, 0x00, 0x00, 0x00, 0x00, 0x00,
  0x00, 0x00, 0x00, 0x00, 0x00, 0x00, 0x00, 0x00, 0x00, 0x00, 0x00, 0x00, 0x00, 0x00, 0x00, 0x00,
  0x00, 0x00, 0x00, 0x00, 0x00, 0x00, 0x00, 0x00, 0x00, 0x00, 0x00, 0x00, 0x00, 0x00, 0x00, 0x00,
  0x00, 0x00, 0x00, 0x00, 0x00, 0x00, 0x00, 0x00, 0x00, 0x00, 0x00, 0x00, 0x00, 0x00, 0x00, 0x00,
  0x00, 0x00, 0x00, 0x00, 0x00, 0x00, 0x00, 0x00, 0x00, 0x00, 0x00, 0x00, 0x00, 0x00, 0x00, 0x00,
  0x00, 0x00, 0x00, 0x00, 0x00, 0x00, 0x00, 0x00, 0x00, 0x00, 0x00, 0x00, 0x00, 0x00, 0x00, 0x00,
  0x00, 0x00, 0x00, 0x00, 0x00, 0x00, 0x00, 0x00, 0x00, 0x00, 0x00, 0x00, 0x00, 0x00, 0x00, 0x00,
  0x00, 0x00, 0x00, 0x00, 0x00, 0x00, 0x00, 0x00, 0x00, 0x00, 0x00, 0x00, 0x00, 0x00, 0x00, 0x00,
  0x00, 0x00, 0x00, 0x00, 0x00, 0x00, 0x00, 0x00, 0x00, 0x00, 0x00, 0x00, 0x00, 0x00, 0x00, 0x00,
  0x00, 0x00, 0x00, 0x00, 0x00, 0x00, 0x00, 0x00, 0x00, 0x00, 0x00, 0x00, 0x00, 0x00, 0x00, 0x00,
  0x00, 0x00, 0x00, 0x00, 0x00, 0x00, 0x00, 0x00, 0x00, 0x00, 0x00, 0x00, 0x00, 0x00, 0x00, 0x00,
  0x00, 0x00, 0x00, 0x00, 0x00, 0x00, 0x00, 0x00, 0x00, 0x00, 0x00, 0x00, 0x00, 0x00, 0x00, 0x00,
  0x00, 0x00, 0x00, 0x00, 0x00, 0x00, 0x00, 0x00, 0x00, 0x00, 0x00, 0x00, 0x00, 0x00, 0x00, 0x00,
  0x00, 0x00, 0x00, 0x00, 0x00, 0x00, 0x00, 0x00, 0x00, 0x00, 0x00, 0x00, 0x00, 0x00, 0x00, 0x00,
  0x00, 0x00, 0x00, 0x00, 0x00, 0x00, 0x00, 0x00, 0x00, 0x00, 0x00, 0x00, 0x00, 0x00, 0x00, 0x00,
  0x00, 0x00, 0x00, 0x00, 0x00, 0x00, 0x00, 0x00, 0x00, 0x00, 0x00, 0x00, 0x00, 0x00, 0x00, 0x00,
  0x00, 0x00, 0x00, 0x00, 0x00, 0x00, 0x00, 0x00, 0x00, 0x00, 0x00, 0x00, 0x00, 0x00, 0x00, 0x00,
  0x00, 0x00, 0x00, 0x00, 0x00, 0x00, 0x00, 0x00, 0x00, 0x00, 0x00, 0x00, 0x00, 0x00, 0x00, 0x00,
  0x00, 0x00, 0x00, 0x00, 0x00, 0x00, 0x00, 0x00, 0x00, 0x00, 0x00, 0x00, 0x00, 0x00, 0x00, 0x00,
  0x00, 0x00, 0x00, 0x00, 0x00, 0x00, 0x00, 0x00, 0x00, 0x00, 0x00, 0x00, 0x00, 0x00, 0x00, 0x00,
  0x00, 0x00, 0x00, 0x00, 0x00, 0x00, 0x00, 0x00, 0x00, 0x00, 0x00, 0x00, 0x00, 0x00, 0x00, 0x00,
  0x00, 0x00, 0x00, 0x00, 0x00, 0x00, 0x00, 0x00, 0x00, 0x00, 0x00, 0x00, 0x00, 0x00, 0x00, 0x00,
  0x00, 0x00, 0x00, 0x00, 0x00, 0x00, 0x00, 0x00, 0x00, 0x00, 0x00, 0x00, 0x00, 0x00, 0x00, 0x00,
  0x00, 0x00, 0x00, 0x00, 0x00, 0x00, 0x00, 0x00, 0x00, 0x00, 0x00, 0x00, 0x00, 0x00, 0x00, 0x00,
  0x00, 0x00, 0x00, 0x00, 0x00, 0x00, 0x00, 0x00, 0x00, 0x00, 0x00, 0x00, 0x00, 0x00, 0x00, 0x00,
  0x00, 0x00, 0x00, 0x00, 0x00, 0x00, 0x00, 0x00, 0x00, 0x00, 0x00, 0x00, 0x00, 0x00, 0x00, 0x00,
  0x00, 0x00, 0x00, 0x00, 0x00, 0x00, 0x00, 0x00, 0x00, 0x00, 0x00, 0x00, 0x00, 0x00, 0x00, 0x00,
  0x00, 0x00, 0x00, 0x00, 0x00, 0x00, 0x00, 0x00, 0x00, 0x00, 0x00, 0x00, 0x00, 0x00, 0x00, 0x00,
  0x00, 0x00, 0x00, 0x00, 0x00, 0x00, 0x00, 0x00, 0x00, 0x00, 0x00, 0x00, 0x00, 0x00, 0x00, 0x00,
  0x00, 0x00, 0x00, 0x00, 0x00, 0x00, 0x00, 0x00, 0x00, 0x00, 0x00, 0x00, 0x00, 0x00, 0x00, 0x00,
  0x00, 0x00, 0x00, 0x00, 0x00, 0x00, 0x00, 0x00, 0x00, 0x00, 0x00, 0x00, 0x00, 0x00, 0x00, 0x00,
  0x00, 0x00, 0x00, 0x00, 0x00, 0x00, 0x00, 0x00, 0x00, 0x00, 0x00, 0x00, 0x00, 0x00, 0x00, 0x00,
  0x00, 0x00, 0x00, 0x00, 0x00, 0x00, 0x00, 0x00, 0x00, 0x00, 0x00, 0x00, 0x00, 0x00, 0x00, 0x00,
  0x00, 0x00, 0x00, 0x00, 0x00, 0x00, 0x00, 0x00, 0x00, 0x00, 0x00, 0x00, 0x00, 0x00, 0x00, 0x00,
  0x00, 0x00, 0x00, 0x00, 0x00, 0x00, 0x00, 0x00, 0x00, 0x00, 0x00, 0x00, 0x00, 0x00, 0x00, 0x00,
  0x00, 0x00, 0x00, 0x00, 0x00, 0x00, 0x00, 0x00, 0x00, 0x00, 0x00, 0x00, 0x00, 0x00, 0x00, 0x00,
  0x00, 0x00, 0x00, 0x00, 0x00, 0x00, 0x00, 0x00, 0x00, 0x00, 0x00, 0x00, 0x00, 0x00, 0x00, 0x00,
  0x00, 0x00, 0x00, 0x00, 0x00, 0x00, 0x00, 0x00, 0x00, 0x00, 0x00, 0x00, 0x00, 0x00, 0x00, 0x00,
  0x00, 0x00, 0x00, 0x00, 0x00, 0x00, 0x00, 0x00, 0x00, 0x00, 0x00, 0x00, 0x00, 0x00, 0x00, 0x00,
  0x00, 0x00, 0x00, 0x00, 0x00, 0x00, 0x00, 0x00, 0x00, 0x00, 0x00, 0x00, 0x00, 0x00, 0x00, 0x00,
  0x00, 0x00, 0x00, 0x00, 0x00, 0x00, 0x00, 0x00, 0x00, 0x00, 0x00, 0x00, 0x00, 0x00, 0x00, 0x00,
  0x00, 0x00, 0x00, 0x00, 0x00, 0x00, 0x00, 0x00, 0x00, 0x00, 0x00, 0x00, 0x00, 0x00, 0x00, 0x00,
  0x00, 0x00, 0x00, 0x00, 0x00, 0x00, 0x00, 0x00, 0x00, 0x00, 0x00, 0x00, 0x00, 0x00, 0x00, 0x00,
  0x00, 0x00, 0x00, 0x00, 0x00, 0x00, 0x00, 0x00, 0x00, 0x00, 0x00, 0x00, 0x00, 0x00, 0x00, 0x00,
  0x00, 0x00, 0x00, 0x00, 0x00, 0x00, 0x00, 0x00, 0x00, 0x00, 0x00, 0x00, 0x00, 0x00, 0x00, 0x00,
  0x00, 0x00, 0x00, 0x00, 0x00, 0x00, 0x00, 0x00, 0x00, 0x00, 0x00, 0x00, 0x00, 0x00, 0x00, 0x00,
  0x00, 0x00, 0x00, 0x00, 0x00, 0x00, 0x00, 0x00, 0x00, 0x00, 0x00, 0x00, 0x00, 0x00, 0x00, 0x00,
  0x00, 0x00, 0x00, 0x00, 0x00, 0x00, 0x00, 0x00, 0x00, 0x00, 0x00, 0x00, 0x00, 0x00, 0x00, 0x00,
  0x00, 0x00, 0x00, 0x00, 0x00, 0x00, 0x00, 0x00, 0x00, 0x00, 0x00, 0x00, 0x00, 0x00, 0x00, 0x00,
  0x00, 0x00, 0x00, 0x00, 0x00, 0x00, 0x00, 0x00, 0x00, 0x00, 0x00, 0x00, 0x00, 0x00, 0x00, 0x00,
  0x00, 0x00, 0x00, 0x00, 0x00, 0x00, 0x00, 0x00, 0x00, 0x00, 0x00, 0x00, 0x00, 0x00, 0x00, 0x00,
  0x00, 0x00, 0x00, 0x00, 0x00, 0x00, 0x00, 0x00, 0x00, 0x00, 0x00, 0x00, 0x00, 0x00, 0x00, 0x00,
  0x00, 0x00, 0x00, 0x00, 0x00, 0x00, 0x00, 0x00, 0x00, 0x00, 0x00, 0x00, 0x00, 0x00, 0x00, 0x00,
  0x00, 0x00, 0x00, 0x00, 0x00, 0x00, 0x00, 0x00, 0x00, 0x00, 0x00, 0x00, 0x00, 0x00, 0x00, 0x00,
  0x00, 0x00, 0x00, 0x00, 0x00, 0x00, 0x00, 0x00, 0x00, 0x00, 0x00, 0x00, 0x00, 0x00, 0x00, 0x00,
  0x00, 0x00, 0x00, 0x00, 0x00, 0x00, 0x00, 0x00, 0x00, 0x00, 0x00, 0x00, 0x00, 0x00, 0x00, 0x00,
  0x00, 0x00, 0x00, 0x00, 0x00, 0x00, 0x00, 0x00, 0x00, 0x00, 0x00, 0x00, 0x00, 0x00, 0x00, 0x00,
  0x00, 0x00, 0x00, 0x00, 0x00, 0x00, 0x00, 0x00, 0x00, 0x00, 0x00, 0x00, 0x00, 0x00, 0x00, 0x00,
  0x00, 0x00, 0x00, 0x00, 0x00, 0x00, 0x00, 0x00, 0x00, 0x00, 0x00, 0x00, 0x00, 0x00, 0x00, 0x00,
  0x00, 0x00, 0x00, 0x00, 0x00, 0x00, 0x00, 0x00, 0x00, 0x00, 0x00, 0x00, 0x00, 0x00, 0x00, 0x00,
  0x00, 0x00, 0x00, 0x00, 0x00, 0x00, 0x00, 0x00, 0x00, 0x00, 0x00, 0x00, 0x00, 0x00, 0x00, 0x00,
  0x00, 0x00, 0x00, 0x00, 0x00, 0x00, 0x00, 0x00, 0x00, 0x00, 0x00, 0x00, 0x00, 0x00, 0x00, 0x00,
  0x00, 0x00, 0x00, 0x00, 0x00, 0x00, 0x00, 0x00, 0x00, 0x00, 0x00, 0x00, 0x00, 0x00, 0x00, 0x00,
  0x00, 0x00, 0x00, 0x00, 0x00, 0x00, 0x00, 0x00, 0x00, 0x00, 0x00, 0x00, 0x00, 0x00, 0x00, 0x00,
  0x00, 0x00, 0x00, 0x00, 0x00, 0x00, 0x00, 0x00, 0x00, 0x00, 0x00, 0x00, 0x00, 0x00, 0x00, 0x00,
  0x00, 0x00, 0x00, 0x00, 0x00, 0x00, 0x00, 0x00, 0x00, 0x00, 0x00, 0x00, 0x00, 0x00, 0x00, 0x00,
  0x00, 0x00, 0x00, 0x00, 0x00, 0x00, 0x00, 0x00, 0x00, 0x00, 0x00, 0x00, 0x00, 0x00, 0x00, 0x00,
  0x00, 0x00, 0x00, 0x00, 0x00, 0x00, 0x00, 0x00, 0x00, 0x00, 0x00, 0x00, 0x00, 0x00, 0x00, 0x00,
  0x00, 0x00, 0x00, 0x00, 0x00, 0x00, 0x00, 0x00, 0x00, 0x00, 0x00, 0x00, 0x00, 0x00, 0x00, 0x00,
  0x00, 0x00, 0x00, 0x00, 0x00, 0x00, 0x00, 0x00, 0x00, 0x00, 0x00, 0x00, 0x00, 0x00, 0x00, 0x00,
  0x00, 0x00, 0x00, 0x00, 0x00, 0x00, 0x00, 0x00, 0x00, 0x00, 0x00, 0x00, 0x00, 0x00, 0x00, 0x00,
  0x00, 0x00, 0x00, 0x00, 0x00, 0x00, 0x00, 0x00, 0x00, 0x00, 0x00, 0x00, 0x00, 0x00, 0x00, 0x00,
  0x00, 0x00, 0x00, 0x00, 0x00, 0x00, 0x00, 0x00, 0x00, 0x00, 0x00, 0x00, 0x00, 0x00, 0x00, 0x00,
  0x00, 0x00, 0x00, 0x00, 0x00, 0x00, 0x00, 0x00, 0x00, 0x00, 0x00, 0x00, 0x00, 0x00, 0x00, 0x00,
  0x00, 0x00, 0x00, 0x00, 0x00, 0x00, 0x00, 0x00, 0x00, 0x00, 0x00, 0x00, 0x00, 0x00, 0x00, 0x00,
  0x00, 0x00, 0x00, 0x00, 0x00, 0x00, 0x00, 0x00, 0x00, 0x00, 0x00, 0x00, 0x00, 0x00, 0x00, 0x00,
  0x00, 0x00, 0x00, 0x00, 0x00, 0x00, 0x00, 0x00, 0x00, 0x00, 0x00, 0x00, 0x00, 0x00, 0x00, 0x00,
  0x00, 0x00, 0x00, 0x00, 0x00, 0x00, 0x00, 0x00, 0x00, 0x00, 0x00, 0x00, 0x00, 0x00, 0x00, 0x00,
  0x00, 0x00, 0x00, 0x00, 0x00, 0x00, 0x00, 0x00, 0x00, 0x00, 0x00, 0x00, 0x00, 0x00, 0x00, 0x00,
  0x00, 0x00, 0x00, 0x00, 0x00, 0x00, 0x00, 0x00, 0x00, 0x00, 0x00, 0x00, 0x00, 0x00, 0x00, 0x00,
  0x00, 0x00, 0x00, 0x00, 0x00, 0x00, 0x00, 0x00, 0x00, 0x00, 0x00, 0x00, 0x00, 0x00, 0x00, 0x00,
  0x00, 0x00, 0x00, 0x00, 0x00, 0x00, 0x00, 0x00, 0x00, 0x00, 0x00, 0x00, 0x00, 0x00, 0x00, 0x00,
  0x00, 0x00, 0x00, 0x00, 0x00, 0x00, 0x00, 0x00, 0x00, 0x00, 0x00, 0x00, 0x00, 0x00, 0x00, 0x00,
  0x00, 0x00, 0x00, 0x00, 0x00, 0x00, 0x00, 0x00, 0x00, 0x00, 0x00, 0x00, 0x00, 0x00, 0x00, 0x00,
  0x00, 0x00, 0x00, 0x00, 0x00, 0x00, 0x00, 0x00, 0x00, 0x00, 0x00, 0x00, 0x00, 0x00, 0x00, 0x00,
  0x00, 0x00, 0x00, 0x00, 0x00, 0x00, 0x00, 0x00, 0x00, 0x00, 0x00, 0x00, 0x00, 0x00, 0x00, 0x00,
  0x00, 0x00, 0x00, 0x00, 0x00, 0x00, 0x00, 0x00, 0x00, 0x00, 0x00, 0x00, 0x00, 0x00, 0x00, 0x00,
  0x00, 0x00, 0x00, 0x00, 0x00, 0x00, 0x00, 0x00, 0x00, 0x00, 0x00, 0x00, 0x00, 0x00, 0x00, 0x00,
  0x00, 0x00, 0x00, 0x00, 0x00, 0x00, 0x00, 0x00, 0x00, 0x00, 0x00, 0x00, 0x00, 0x00, 0x00, 0x00,
  0x00, 0x00, 0x00, 0x00, 0x00, 0x00, 0x00, 0x00, 0x00, 0x00, 0x00, 0x00, 0x00, 0x00, 0x00, 0x00,
  0x00, 0x00, 0x00, 0x00, 0x00, 0x00, 0x00, 0x00, 0x00, 0x00, 0x00, 0x00, 0x00, 0x00, 0x00, 0x00,
  0x00, 0x00, 0x00, 0x00, 0x00, 0x00, 0x00, 0x00, 0x00, 0x00, 0x00, 0x00, 0x00, 0x00, 0x00, 0x00,
  0x00, 0x00, 0x00, 0x00, 0x00, 0x00, 0x00, 0x00, 0x00, 0x00, 0x00, 0x00, 0x00, 0x00, 0x00, 0x00,
  0x00, 0x00, 0x00, 0x00, 0x00, 0x00, 0x00, 0x00, 0x00, 0x00, 0x00, 0x00, 0x00, 0x00, 0x00, 0x00,
  0x00, 0x00, 0x00, 0x00, 0x00, 0x00, 0x00, 0x00, 0x00, 0x00, 0x00, 0x00, 0x00, 0x00, 0x00, 0x00,
  0x00, 0x00, 0x00, 0x00, 0x00, 0x00, 0x00, 0x00, 0x00, 0x00, 0x00, 0x00, 0x00, 0x00, 0x00, 0x00,
  0x00, 0x00, 0x00, 0x00, 0x00, 0x00, 0x00, 0x00, 0x00, 0x00, 0x00, 0x00, 0x00, 0x00, 0x00, 0x00,
  0x00, 0x00, 0x00, 0x00, 0x00, 0x00, 0x00, 0x00, 0x00, 0x00, 0x00, 0x00, 0x00, 0x00, 0x00, 0x00,
  0x00, 0x00, 0x00, 0x00, 0x00, 0x00, 0x00, 0x00, 0x00, 0x00, 0x00, 0x00, 0x00, 0x00, 0x00, 0x00,
  0x00, 0x00, 0x00, 0x00, 0x00, 0x00, 0x00, 0x00, 0x00, 0x00, 0x00, 0x00, 0x00, 0x00, 0x00, 0x00,
  0x00, 0x00, 0x00, 0x00, 0x00, 0x00, 0x00, 0x00, 0x00, 0x00, 0x00, 0x00, 0x00, 0x00, 0x00, 0x00,
  0x00, 0x00, 0x00, 0x00, 0x00, 0x00, 0x00, 0x00, 0x00, 0x00, 0x00, 0x00, 0x00, 0x00, 0x00, 0x00,
  0x00, 0x00, 0x00, 0x00, 0x00, 0x00, 0x00, 0x00, 0x00, 0x00, 0x00, 0x00, 0x00, 0x00, 0x00, 0x00,
  0x00, 0x00, 0x00, 0x00, 0x00, 0x00, 0x00, 0x00, 0x00, 0x00, 0x00, 0x00, 0x00, 0x00, 0x00, 0x00,
  0x00, 0x00, 0x00, 0x00, 0x00, 0x00, 0x00, 0x00, 0x00, 0x00, 0x00, 0x00, 0x00, 0x00, 0x00, 0x00,
  0x00, 0x00, 0x00, 0x00, 0x00, 0x00, 0x00, 0x00, 0x00, 0x00, 0x00, 0x00, 0x00, 0x00, 0x00, 0x00,
  0x00, 0x00, 0x00, 0x00, 0x00, 0x00, 0x00, 0x00, 0x00, 0x00, 0x00, 0x00, 0x00, 0x00, 0x00, 0x00,
  0x00, 0x00, 0x00, 0x00, 0x00, 0x00, 0x00, 0x00, 0x00, 0x00, 0x00, 0x00, 0x00, 0x00, 0x00, 0x00,
  0x00, 0x00, 0x00, 0x00, 0x00, 0x00, 0x00, 0x00, 0x00, 0x00, 0x00, 0x00, 0x00, 0x00, 0x00, 0x00,
  0x00, 0x00, 0x00, 0x00, 0x00, 0x00, 0x00, 0x00, 0x00, 0x00, 0x00, 0x00, 0x00, 0x00, 0x00, 0x00,
  0x00, 0x00, 0x00, 0x00, 0x00, 0x00, 0x00, 0x00, 0x00, 0x00, 0x00, 0x00, 0x00, 0x00, 0x00, 0x00,
  0x00, 0x00, 0x00, 0x00, 0x00, 0x00, 0x00, 0x00, 0x00, 0x00, 0x00, 0x00, 0x00, 0x00, 0x00, 0x00,
  0x00, 0x00, 0x00, 0x00, 0x00, 0x00, 0x00, 0x00, 0x00, 0x00, 0x00, 0x00, 0x00, 0x00, 0x00, 0x00,
  0x00, 0x00, 0x00, 0x00, 0x00, 0x00, 0x00, 0x00, 0x00, 0x00, 0x00, 0x00, 0x00, 0x00, 0x00, 0x00,
  0x00, 0x00, 0x00, 0x00, 0x00, 0x00, 0x00, 0x00, 0x00, 0x00, 0x00, 0x00, 0x00, 0x00, 0x00, 0x00,
  0x00, 0x00, 0x00, 0x00, 0x00, 0x00, 0x00, 0x00, 0x00, 0x00, 0x00, 0x00, 0x00, 0x00, 0x00, 0x00,
  0x00, 0x00, 0x00, 0x00, 0x00, 0x00, 0x00, 0x00, 0x00, 0x00, 0x00, 0x00, 0x00, 0x00, 0x00, 0x00,
  0x00, 0x00, 0x00, 0x00, 0x00, 0x00, 0x00, 0x00, 0x00, 0x00, 0x00, 0x00, 0x00, 0x00, 0x00, 0x00,
  0x00, 0x00, 0x00, 0x00, 0x00, 0x00, 0x00, 0x00, 0x00, 0x00, 0x00, 0x00, 0x00, 0x00, 0x00, 0x00,
  0x00, 0x00, 0x00, 0x00, 0x00, 0x00, 0x00, 0x00, 0x00, 0x00, 0x00, 0x00, 0x00, 0x00, 0x00, 0x00,
  0x00, 0x00, 0x00, 0x00, 0x00, 0x00, 0x00, 0x00, 0x00, 0x00, 0x00, 0x00, 0x00, 0x00, 0x00, 0x00,
  0x00, 0x00, 0x00, 0x00, 0x00, 0x00, 0x00, 0x00, 0x00, 0x00, 0x00, 0x00, 0x00, 0x00, 0x00, 0x00,
  0x00, 0x00, 0x00, 0x00, 0x00, 0x00, 0x00, 0x00, 0x00, 0x00, 0x00, 0x00, 0x00, 0x00, 0x00, 0x00,
  0x00, 0x00, 0x00, 0x00, 0x00, 0x00, 0x00, 0x00, 0x00, 0x00, 0x00, 0x00, 0x00, 0x00, 0x00, 0x00,
  0x00, 0x00, 0x00, 0x00, 0x00, 0x00, 0x00, 0x00, 0x00, 0x00, 0x00, 0x00, 0x00, 0x00, 0x00, 0x00,
  0x00, 0x00, 0x00, 0x00, 0x00, 0x00, 0x00, 0x00, 0x00, 0x00, 0x00, 0x00, 0x00, 0x00, 0x00, 0x00,
  0x00, 0x00, 0x00, 0x00, 0x00, 0x00, 0x00, 0x00, 0x00, 0x00, 0x00, 0x00, 0x00, 0x00, 0x00, 0x00,
  0x00, 0x00, 0x00, 0x00, 0x00, 0x00, 0x00, 0x00, 0x00, 0x00, 0x00, 0x00, 0x00, 0x00, 0x00, 0x00,
  0x00, 0x00, 0x00, 0x00, 0x00, 0x00, 0x00, 0x00, 0x00, 0x00, 0x00, 0x00, 0x00, 0x00, 0x00, 0x00,
  0x00, 0x00, 0x00, 0x00, 0x00, 0x00, 0x00, 0x00, 0x00, 0x00, 0x00, 0x00, 0x00, 0x00, 0x00, 0x00,
  0x00, 0x00, 0x00, 0x00, 0x00, 0x00, 0x00, 0x00, 0x00, 0x00, 0x00, 0x00, 0x00, 0x00, 0x00, 0x00,
  0x00, 0x00, 0x00, 0x00, 0x00, 0x00, 0x00, 0x00, 0x00, 0x00, 0x00, 0x00, 0x00, 0x00, 0x00, 0x00,
  0x00, 0x00, 0x00, 0x00, 0x00, 0x00, 0x00, 0x00, 0x00, 0x00, 0x00, 0x00, 0x00, 0x00, 0x00, 0x00,
  0x00, 0x00, 0x00, 0x00, 0x00, 0x00, 0x00, 0x00, 0x00, 0x00, 0x00, 0x00, 0x00, 0x00, 0x00, 0x00,
  0x00, 0x00, 0x00, 0x00, 0x00, 0x00, 0x00, 0x00, 0x00, 0x00, 0x00, 0x00, 0x00, 0x00, 0x00, 0x00,
  0x00, 0x00, 0x00, 0x00, 0x00, 0x00, 0x00, 0x00, 0x00, 0x00, 0x00, 0x00, 0x00, 0x00, 0x00, 0x00,
  0x00, 0x00, 0x00, 0x00, 0x00, 0x00, 0x00, 0x00, 0x00, 0x00, 0x00, 0x00, 0x00, 0x00, 0x00, 0x00,
  0x00, 0x00, 0x00, 0x00, 0x00, 0x00, 0x00, 0x00, 0x00, 0x00, 0x00, 0x00, 0x00, 0x00, 0x00, 0x00,
  0x00, 0x00, 0x00, 0x00, 0x00, 0x00, 0x00, 0x00, 0x00, 0x00, 0x00, 0x00, 0x00, 0x00, 0x00, 0x00,
  0x00, 0x00, 0x00, 0x00, 0x00, 0x00, 0x00, 0x00, 0x00, 0x00, 0x00, 0x00, 0x00, 0x00, 0x00, 0x00,
  0x00, 0x00, 0x00, 0x00, 0x00, 0x00, 0x00, 0x00, 0x00, 0x00, 0x00, 0x00, 0x00, 0x00, 0x00, 0x00,
  0x00, 0x00, 0x00, 0x00, 0x00, 0x00, 0x00, 0x00, 0x00, 0x00, 0x00, 0x00, 0x00, 0x00, 0x00, 0x00,
  0x00, 0x00, 0x00, 0x00, 0x00, 0x00, 0x00, 0x00, 0x00, 0x00, 0x00, 0x00, 0x00, 0x00, 0x00, 0x00,
  0x00, 0x00, 0x00, 0x00, 0x00, 0x00, 0x00, 0x00, 0x00, 0x00, 0x00, 0x00, 0x00, 0x00, 0x00, 0x00,
  0x00, 0x00, 0x00, 0x00, 0x00, 0x00, 0x00, 0x00, 0x00, 0x00, 0x00, 0x00, 0x00, 0x00, 0x00, 0x00,
  0x00, 0x00, 0x00, 0x00, 0x00, 0x00, 0x00, 0x00, 0x00, 0x00, 0x00, 0x00, 0x00, 0x00, 0x00, 0x00,
  0x00, 0x00, 0x00, 0x00, 0x00, 0x00, 0x00, 0x00, 0x00, 0x00, 0x00, 0x00, 0x00, 0x00, 0x00, 0x00,
  0x00, 0x00, 0x00, 0x00, 0x00, 0x00, 0x00, 0x00, 0x00, 0x00, 0x00, 0x00, 0x00, 0x00, 0x00, 0x00,
  0x00, 0x00, 0x00, 0x00, 0x00, 0x00, 0x00, 0x00, 0x00, 0x00, 0x00, 0x00, 0x00, 0x00, 0x00, 0x00,
  0x00, 0x00, 0x00, 0x00, 0x00, 0x00, 0x00, 0x00, 0x00, 0x00, 0x00, 0x00, 0x00, 0x00, 0x00, 0x00,
  0x00, 0x00, 0x00, 0x00, 0x00, 0x00, 0x00, 0x00, 0x00, 0x00, 0x00, 0x00, 0x00, 0x00, 0x00, 0x00,
  0x00, 0x00, 0x00, 0x00, 0x00, 0x00, 0x00, 0x00, 0x00, 0x00, 0x00, 0x00, 0x00, 0x00, 0x00, 0x00,
  0x00, 0x00, 0x00, 0x00, 0x00, 0x00, 0x00, 0x00, 0x00, 0x00, 0x00, 0x00, 0x00, 0x00, 0x00, 0x00,
  0x00, 0x00, 0x00, 0x00, 0x00, 0x00, 0x00, 0x00, 0x00, 0x00, 0x00, 0x00, 0x00, 0x00, 0x00, 0x00,
  0x00, 0x00, 0x00, 0x00, 0x00, 0x00, 0x00, 0x00, 0x00, 0x00, 0x00, 0x00, 0x00, 0x00, 0x00, 0x00,
  0x00, 0x00, 0x00, 0x00, 0x00, 0x00, 0x00, 0x00, 0x00, 0x00, 0x00, 0x00, 0x00, 0x00, 0x00, 0x00,
  0x00, 0x00, 0x00, 0x00, 0x00, 0x00, 0x00, 0x00, 0x00, 0x00, 0x00, 0x00, 0x00, 0x00, 0x00, 0x00,
  0x00, 0x00, 0x00, 0x00, 0x00, 0x00, 0x00, 0x00, 0x00, 0x00, 0x00, 0x00, 0x00, 0x00, 0x00, 0x00,
  0x00, 0x00, 0x00, 0x00, 0x00, 0x00, 0x00, 0x00, 0x00, 0x00, 0x00, 0x00, 0x00, 0x00, 0x00, 0x00,
  0x00, 0x00, 0x00, 0x00, 0x00, 0x00, 0x00, 0x00, 0x00, 0x00, 0x00, 0x00, 0x00, 0x00, 0x00, 0x00,
  0x00, 0x00, 0x00, 0x00, 0x00, 0x00, 0x00, 0x00, 0x00, 0x00, 0x00, 0x00, 0x00, 0x00, 0x00, 0x00,
  0x00, 0x00, 0x00, 0x00, 0x00, 0x00, 0x00, 0x00, 0x00, 0x00, 0x00, 0x00, 0x00, 0x00, 0x00, 0x00,
  0x00, 0x00, 0x00, 0x00, 0x00, 0x00, 0x00, 0x00, 0x00, 0x00, 0x00, 0x00, 0x00, 0x00, 0x00, 0x00,
  0x00, 0x00, 0x00, 0x00, 0x00, 0x00, 0x00, 0x00, 0x00, 0x00, 0x00, 0x00, 0x00, 0x00, 0x00, 0x00,
  0x00, 0x00, 0x00, 0x00, 0x00, 0x00, 0x00, 0x00, 0x00, 0x00, 0x00, 0x00, 0x00, 0x00, 0x00, 0x00,
  0x00, 0x00, 0x00, 0x00, 0x00, 0x00, 0x00, 0x00, 0x00, 0x00, 0x00, 0x00, 0x00, 0x00, 0x00, 0x00,
  0x00, 0x00, 0x00, 0x00, 0x00, 0x00, 0x00, 0x00, 0x00, 0x00, 0x00, 0x00, 0x00, 0x00, 0x00, 0x00,
  0x00, 0x00, 0x00, 0x00, 0x00, 0x00, 0x00, 0x00, 0x00, 0x00, 0x00, 0x00, 0x00, 0x00, 0x00, 0x00,
  0x00, 0x00, 0x00, 0x00, 0x00, 0x00, 0x00, 0x00, 0x00, 0x00, 0x00, 0x00, 0x00, 0x00, 0x00, 0x00,
  0x00, 0x00, 0x00, 0x00, 0x00, 0x00, 0x00, 0x00, 0x00, 0x00, 0x00, 0x00, 0x00, 0x00, 0x00, 0x00,
  0x00, 0x00, 0x00, 0x00, 0x00, 0x00, 0x00, 0x00, 0x00, 0x00, 0x00, 0x00, 0x00, 0x00, 0x00, 0x00,
  0x00, 0x00, 0x00, 0x00, 0x00, 0x00, 0x00, 0x00, 0x00, 0x00, 0x00, 0x00, 0x00, 0x00, 0x00, 0x00,
  0x00, 0x00, 0x00, 0x00, 0x00, 0x00, 0x00, 0x00, 0x00, 0x00, 0x00, 0x00, 0x00, 0x00, 0x00, 0x00,
  0x00, 0x00, 0x00, 0x00, 0x00, 0x00, 0x00, 0x00, 0x00, 0x00, 0x00, 0x00, 0x00, 0x00, 0x00, 0x00,
  0x00, 0x00, 0x00, 0x00, 0x00, 0x00, 0x00, 0x00, 0x00, 0x00, 0x00, 0x00, 0x00, 0x00, 0x00, 0x00,
  0x00, 0x00, 0x00, 0x00, 0x00, 0x00, 0x00, 0x00, 0x00, 0x00, 0x00, 0x00, 0x00, 0x00, 0x00, 0x00,
  0x00, 0x00, 0x00, 0x00, 0x00, 0x00, 0x00, 0x00, 0x00, 0x00, 0x00, 0x00, 0x00, 0x00, 0x00, 0x00,
  0x00, 0x00, 0x00, 0x00, 0x00, 0x00, 0x00, 0x00, 0x00, 0x00, 0x00, 0x00, 0x00, 0x00, 0x00, 0x00,
  0x00, 0x00, 0x00, 0x00, 0x00, 0x00, 0x00, 0x00, 0x00, 0x00, 0x00, 0x00, 0x00, 0x00, 0x00, 0x00,
  0x00, 0x00, 0x00, 0x00, 0x00, 0x00, 0x00, 0x00, 0x00, 0x00, 0x00, 0x00, 0x00, 0x00, 0x00, 0x00,
  0x00, 0x00, 0x00, 0x00, 0x00, 0x00, 0x00, 0x00, 0x00, 0x00, 0x00, 0x00, 0x00, 0x00, 0x00, 0x00,
  0x00, 0x00, 0x00, 0x00, 0x00, 0x00, 0x00, 0x00, 0x00, 0x00, 0x00, 0x00, 0x00, 0x00, 0x00, 0x00,
  0x00, 0x00, 0x00, 0x00, 0x00, 0x00, 0x00, 0x00, 0x00, 0x00, 0x00, 0x00, 0x00, 0x00, 0x00, 0x00,
  0x00, 0x00, 0x00, 0x00, 0x00, 0x00, 0x00, 0x00, 0x00, 0x00, 0x00, 0x00, 0x00, 0x00, 0x00, 0x00,
  0x00, 0x00, 0x00, 0x00, 0x00, 0x00, 0x00, 0x00, 0x00, 0x00, 0x00, 0x00, 0x00, 0x00, 0x00, 0x00,
  0x00, 0x00, 0x00, 0x00, 0x00, 0x00, 0x00, 0x00, 0x00, 0x00, 0x00, 0x00, 0x00, 0x00, 0x00, 0x00,
  0x00, 0x00, 0x00, 0x00, 0x00, 0x00, 0x00, 0x00, 0x00, 0x00, 0x00, 0x00, 0x00, 0x00, 0x00, 0x00,
  0x00, 0x00, 0x00, 0x00, 0x00, 0x00, 0x00, 0x00, 0x00, 0x00, 0x00, 0x00, 0x00, 0x00, 0x00, 0x00,
  0x00, 0x00, 0x00, 0x00, 0x00, 0x00, 0x00, 0x00, 0x00, 0x00, 0x00, 0x00, 0x00, 0x00, 0x00, 0x00,
  0x00, 0x00, 0x00, 0x00, 0x00, 0x00, 0x00, 0x00, 0x00, 0x00, 0x00, 0x00, 0x00, 0x00, 0x00, 0x00,
  0x00, 0x00, 0x00, 0x00, 0x00, 0x00, 0x00, 0x00, 0x00, 0x00, 0x00, 0x00, 0x00, 0x00, 0x00, 0x00,
  0x00, 0x00, 0x00, 0x00, 0x00, 0x00, 0x00, 0x00, 0x00, 0x00, 0x00, 0x00, 0x00, 0x00, 0x00, 0x00,
  0x00, 0x00, 0x00, 0x00, 0x00, 0x00, 0x00, 0x00, 0x00, 0x00, 0x00, 0x00, 0x00, 0x00, 0x00, 0x00,
  0x00, 0x00, 0x00, 0x00, 0x00, 0x00, 0x00, 0x00, 0x00, 0x00, 0x00, 0x00, 0x00, 0x00, 0x00, 0x00,
  0x00, 0x00, 0x00, 0x00, 0x00, 0x00, 0x00, 0x00, 0x00, 0x00, 0x00, 0x00, 0x00, 0x00, 0x00, 0x00,
  0x00, 0x00, 0x00, 0x00, 0x00, 0x00, 0x00, 0x00, 0x00, 0x00, 0x00, 0x00, 0x00, 0x00, 0x00, 0x00,
  0x00, 0x00, 0x00, 0x00, 0x00, 0x00, 0x00, 0x00, 0x00, 0x00, 0x00, 0x00, 0x00, 0x00, 0x00, 0x00,
  0x00, 0x00, 0x00, 0x00, 0x00, 0x00, 0x00, 0x00, 0x00, 0x00, 0x00, 0x00, 0x00, 0x00, 0x00, 0x00,
  0x00, 0x00, 0x00, 0x00, 0x00, 0x00, 0x00, 0x00, 0x00, 0x00, 0x00, 0x00, 0x00, 0x00, 0x00, 0x00,
  0x00, 0x00, 0x00, 0x00, 0x00, 0x00, 0x00, 0x00, 0x00, 0x00, 0x00, 0x00, 0x00, 0x00, 0x00, 0x00,
  0x00, 0x00, 0x00, 0x00, 0x00, 0x00, 0x00, 0x00, 0x00, 0x00, 0x00, 0x00, 0x00, 0x00, 0x00, 0x00,
  0x00, 0x00, 0x00, 0x00, 0x00, 0x00, 0x00, 0x00, 0x00, 0x00, 0x00, 0x00, 0x00, 0x00, 0x00, 0x00,
  0x00, 0x00, 0x00, 0x00, 0x00, 0x00, 0x00, 0x00, 0x00, 0x00, 0x00, 0x00, 0x00, 0x00, 0x00, 0x00,
  0x00, 0x00, 0x00, 0x00, 0x00, 0x00, 0x00, 0x00, 0x00, 0x00, 0x00, 0x00, 0x00, 0x00, 0x00, 0x00,
  0x00, 0x00, 0x00, 0x00, 0x00, 0x00, 0x00, 0x00, 0x00, 0x00, 0x00, 0x00, 0x00, 0x00, 0x00, 0x00,
  0x00, 0x00, 0x00, 0x00, 0x00, 0x00, 0x00, 0x00, 0x00, 0x00, 0x00, 0x00, 0x00, 0x00, 0x00, 0x00,
  0x00, 0x00, 0x00, 0x00, 0x00, 0x00, 0x00, 0x00, 0x00, 0x00, 0x00, 0x00, 0x00, 0x00, 0x00, 0x00,
  0x00, 0x00, 0x00, 0x00, 0x00, 0x00, 0x00, 0x00, 0x00, 0x00, 0x00, 0x00, 0x00, 0x00, 0x00, 0x00,
  0x00, 0x00, 0x00, 0x00, 0x00, 0x00, 0x00, 0x00, 0x00, 0x00, 0x00, 0x00, 0x00, 0x00, 0x00, 0x00,
  0x00, 0x00, 0x00, 0x00, 0x00, 0x00, 0x00, 0x00, 0x00, 0x00, 0x00, 0x00, 0x00, 0x00, 0x00, 0x00,
  0x00, 0x00, 0x00, 0x00, 0x00, 0x00, 0x00, 0x00, 0x00, 0x00, 0x00, 0x00, 0x00, 0x00, 0x00, 0x00,
  0x00, 0x00, 0x00, 0x00, 0x00, 0x00, 0x00, 0x00, 0x00, 0x00, 0x00, 0x00, 0x00, 0x00, 0x00, 0x00,
  0x00, 0x00, 0x00, 0x00, 0x00, 0x00, 0x00, 0x00, 0x00, 0x00, 0x00, 0x00, 0x00, 0x00, 0x00, 0x00,
  0x00, 0x00, 0x00, 0x00, 0x00, 0x00, 0x00, 0x00, 0x00, 0x00, 0x00, 0x00, 0x00, 0x00, 0x00, 0x00,
  0x00, 0x00, 0x00, 0x00, 0x00, 0x00, 0x00, 0x00, 0x00, 0x00, 0x00, 0x00, 0x00, 0x00, 0x00, 0x00,
  0x00, 0x00, 0x00, 0x00, 0x00, 0x00, 0x00, 0x00, 0x00, 0x00, 0x00, 0x00, 0x00, 0x00, 0x00, 0x00,
  0x00, 0x00, 0x00, 0x00, 0x00, 0x00, 0x00, 0x00, 0x00, 0x00, 0x00, 0x00, 0x00, 0x00, 0x00, 0x00,
  0x00, 0x00, 0x00, 0x00, 0x00, 0x00, 0x00, 0x00, 0x00, 0x00, 0x00, 0x00, 0x00, 0x00, 0x00, 0x00,
  0x00, 0x00, 0x00, 0x00, 0x00, 0x00, 0x00, 0x00, 0x00, 0x00, 0x00, 0x00, 0x00, 0x00, 0x00, 0x00,
  0x00, 0x00, 0x00, 0x00, 0x00, 0x00, 0x00, 0x00, 0x00, 0x00, 0x00, 0x00, 0x00, 0x00, 0x00, 0x00,
  0x00, 0x00, 0x00, 0x00, 0x00, 0x00, 0x00, 0x00, 0x00, 0x00, 0x00, 0x00, 0x00, 0x00, 0x00, 0x00,
  0x00, 0x00, 0x00, 0x00, 0x00, 0x00, 0x00, 0x00, 0x00, 0x00, 0x00, 0x00, 0x00, 0x00, 0x00, 0x00,
  0x00, 0x00, 0x00, 0x00, 0x00, 0x00, 0x00, 0x00, 0x00, 0x00, 0x00, 0x00, 0x00, 0x00, 0x00, 0x00,
  0x00, 0x00, 0x00, 0x00, 0x00, 0x00, 0x00, 0x00, 0x00, 0x00, 0x00, 0x00, 0x00, 0x00, 0x00, 0x00,
  0x00, 0x00, 0x00, 0x00, 0x00, 0x00, 0x00, 0x00, 0x00, 0x00, 0x00, 0x00, 0x00, 0x00, 0x00, 0x00,
  0x00, 0x00, 0x00, 0x00, 0x00, 0x00, 0x00, 0x00, 0x00, 0x00, 0x00, 0x00, 0x00, 0x00, 0x00, 0x00,
  0x00, 0x00, 0x00, 0x00, 0x00, 0x00, 0x00, 0x00, 0x00, 0x00, 0x00, 0x00, 0x00, 0x00, 0x00, 0x00,
  0x00, 0x00, 0x00, 0x00, 0x00, 0x00, 0x00, 0x00, 0x00, 0x00, 0x00, 0x00, 0x00, 0x00, 0x00, 0x00,
  0x00, 0x00, 0x00, 0x00, 0x00, 0x00, 0x00, 0x00, 0x00, 0x00, 0x00, 0x00, 0x00, 0x00, 0x00, 0x00,
  0x00, 0x00, 0x00, 0x00, 0x00, 0x00, 0x00, 0x00, 0x00, 0x00, 0x00, 0x00, 0x00, 0x00, 0x00, 0x00,
  0x00, 0x00, 0x00, 0x00, 0x00, 0x00, 0x00, 0x00, 0x00, 0x00, 0x00, 0x00, 0x00, 0x00, 0x00, 0x00,
  0x00, 0x00, 0x00, 0x00, 0x00, 0x00, 0x00, 0x00, 0x00, 0x00, 0x00, 0x00, 0x00, 0x00, 0x00, 0x00,
  0x00, 0x00, 0x00, 0x00, 0x00, 0x00, 0x00, 0x00, 0x00, 0x00, 0x00, 0x00, 0x00, 0x00, 0x00, 0x00,
  0x00, 0x00, 0x00, 0x00, 0x00, 0x00, 0x00, 0x00, 0x00, 0x00, 0x00, 0x00, 0x00, 0x00, 0x00, 0x00,
  0x00, 0x00, 0x00, 0x00, 0x00, 0x00, 0x00, 0x00, 0x00, 0x00, 0x00, 0x00, 0x00, 0x00, 0x00, 0x00,
  0x00, 0x00, 0x00, 0x00, 0x00, 0x00, 0x00, 0x00, 0x00, 0x00, 0x00, 0x00, 0x00, 0x00, 0x00, 0x00,
  0x00, 0x00, 0x00, 0x00, 0x00, 0x00, 0x00, 0x00, 0x00, 0x00, 0x00, 0x00, 0x00, 0x00, 0x00, 0x00,
  0x00, 0x00, 0x00, 0x00, 0x00, 0x00, 0x00, 0x00, 0x00, 0x00, 0x00, 0x00, 0x00, 0x00, 0x00, 0x00,
  0x00, 0x00, 0x00, 0x00, 0x00, 0x00, 0x00, 0x00, 0x00, 0x00, 0x00, 0x00, 0x00, 0x00, 0x00, 0x00,
  0x00, 0x00, 0x00, 0x00, 0x00, 0x00, 0x00, 0x00, 0x00, 0x00, 0x00, 0x00, 0x00, 0x00, 0x00, 0x00,
  0x00, 0x00, 0x00, 0x00, 0x00, 0x00, 0x00, 0x00, 0x00, 0x00, 0x00, 0x00, 0x00, 0x00, 0x00, 0x00,
  0x00, 0x00, 0x00, 0x00, 0x00, 0x00, 0x00, 0x00, 0x00, 0x00, 0x00, 0x00, 0x00, 0x00, 0x00, 0x00,
  0x00, 0x00, 0x00, 0x00, 0x00, 0x00, 0x00, 0x00, 0x00, 0x00, 0x00, 0x00, 0x00, 0x00, 0x00, 0x00,
  0x00, 0x00, 0x00, 0x00, 0x00, 0x00, 0x00, 0x00, 0x00, 0x00, 0x00, 0x00, 0x00, 0x00, 0x00, 0x00,
  0x00, 0x00, 0x00, 0x00, 0x00, 0x00, 0x00, 0x00, 0x00, 0x00, 0x00, 0x00, 0x00, 0x00, 0x00, 0x00,
  0x00, 0x00, 0x00, 0x00, 0x00, 0x00, 0x00, 0x00, 0x00, 0x00, 0x00, 0x00, 0x00, 0x00, 0x00, 0x00,
  0x00, 0x00, 0x00, 0x00, 0x00, 0x00, 0x00, 0x00, 0x00, 0x00, 0x00, 0x00, 0x00, 0x00, 0x00, 0x00,
  0x00, 0x00, 0x00, 0x00, 0x00, 0x00, 0x00, 0x00, 0x00, 0x00, 0x00, 0x00, 0x00, 0x00, 0x00, 0x00,
  0x00, 0x00, 0x00, 0x00, 0x00, 0x00, 0x00, 0x00, 0x00, 0x00, 0x00, 0x00, 0x00, 0x00, 0x00, 0x00,
  0x00, 0x00, 0x00, 0x00, 0x00, 0x00, 0x00, 0x00, 0x00, 0x00, 0x00, 0x00, 0x00, 0x00, 0x00, 0x00,
  0x00, 0x00, 0x00, 0x00, 0x00, 0x00, 0x00, 0x00, 0x00, 0x00, 0x00, 0x00, 0x00, 0x00, 0x00, 0x00,
  0x00, 0x00, 0x00, 0x00, 0x00, 0x00, 0x00, 0x00, 0x00, 0x00, 0x00, 0x00, 0x00, 0x00, 0x00, 0x00,
  0x00, 0x00, 0x00, 0x00, 0x00, 0x00, 0x00, 0x00, 0x00, 0x00, 0x00, 0x00, 0x00, 0x00, 0x00, 0x00,
  0x00, 0x00, 0x00, 0x00, 0x00, 0x00, 0x00, 0x00, 0x00, 0x00, 0x00, 0x00, 0x00, 0x00, 0x00, 0x00,
  0x00, 0x00, 0x00, 0x00, 0x00, 0x00, 0x00, 0x00, 0x00, 0x00, 0x00, 0x00, 0x00, 0x00, 0x00, 0x00,
  0x00, 0x00, 0x00, 0x00, 0x00, 0x00, 0x00, 0x00, 0x00, 0x00, 0x00, 0x00, 0x00, 0x00, 0x00, 0x00,
  0x00, 0x00, 0x00, 0x00, 0x00, 0x00, 0x00, 0x00, 0x00, 0x00, 0x00, 0x00, 0x00, 0x00, 0x00, 0x00,
  0x00, 0x00, 0x00, 0x00, 0x00, 0x00, 0x00, 0x00, 0x00, 0x00, 0x00, 0x00, 0x00, 0x00, 0x00, 0x00,
  0x00, 0x00, 0x00, 0x00, 0x00, 0x00, 0x00, 0x00, 0x00, 0x00, 0x00, 0x00, 0x00, 0x00, 0x00, 0x00,
  0x00, 0x00, 0x00, 0x00, 0x00, 0x00, 0x00, 0x00, 0x00, 0x00, 0x00, 0x00, 0x00, 0x00, 0x00, 0x00,
  0x00, 0x00, 0x00, 0x00, 0x00, 0x00, 0x00, 0x00, 0x00, 0x00, 0x00, 0x00, 0x00, 0x00, 0x00, 0x00,
  0x00, 0x00, 0x00, 0x00, 0x00, 0x00, 0x00, 0x00, 0x00, 0x00, 0x00, 0x00, 0x00, 0x00, 0x00, 0x00,
  0x00, 0x00, 0x00, 0x00, 0x00, 0x00, 0x00, 0x00, 0x00, 0x00, 0x00, 0x00, 0x00, 0x00, 0x00, 0x00,
  0x00, 0x00, 0x00, 0x00, 0x00, 0x00, 0x00, 0x00, 0x00, 0x00, 0x00, 0x00, 0x00, 0x00, 0x00, 0x00,
  0x00, 0x00, 0x00, 0x00, 0x00, 0x00, 0x00, 0x00, 0x00, 0x00, 0x00, 0x00, 0x00, 0x00, 0x00, 0x00,
  0x00, 0x00, 0x00, 0x00, 0x00, 0x00, 0x00, 0x00, 0x00, 0x00, 0x00, 0x00, 0x00, 0x00, 0x00, 0x00,
  0x00, 0x00, 0x00, 0x00, 0x00, 0x00, 0x00, 0x00, 0x00, 0x00, 0x00, 0x00, 0x00, 0x00, 0x00, 0x00,
  0x00, 0x00, 0x00, 0x00, 0x00, 0x00, 0x00, 0x00, 0x00, 0x00, 0x00, 0x00, 0x00, 0x00, 0x00, 0x00,
  0x00, 0x00, 0x00, 0x00, 0x00, 0x00, 0x00, 0x00, 0x00, 0x00, 0x00, 0x00, 0x00, 0x00, 0x00, 0x00,
  0x00, 0x00, 0x00, 0x00, 0x00, 0x00, 0x00, 0x00, 0x00, 0x00, 0x00, 0x00, 0x00, 0x00, 0x00, 0x00,
  0x00, 0x00, 0x00, 0x00, 0x00, 0x00, 0x00, 0x00, 0x00, 0x00, 0x00, 0x00, 0x00, 0x00, 0x00, 0x00,
  0x00, 0x00, 0x00, 0x00, 0x00, 0x00, 0x00, 0x00, 0x00, 0x00, 0x00, 0x00, 0x00, 0x00, 0x00, 0x00,
  0x00, 0x00, 0x00, 0x00, 0x00, 0x00, 0x00, 0x00, 0x00, 0x00, 0x00, 0x00, 0x00, 0x00, 0x00, 0x00,
  0x00, 0x00, 0x00, 0x00, 0x00, 0x00, 0x00, 0x00, 0x00, 0x00, 0x00, 0x00, 0x00, 0x00, 0x00, 0x00,
  0x00, 0x00, 0x00, 0x00, 0x00, 0x00, 0x00, 0x00, 0x00, 0x00, 0x00, 0x00, 0x00, 0x00, 0x00, 0x00,
  0x00, 0x00, 0x00, 0x00, 0x00, 0x00, 0x00, 0x00, 0x00, 0x00, 0x00, 0x00, 0x00, 0x00, 0x00, 0x00,
  0x00, 0x00, 0x00, 0x00, 0x00, 0x00, 0x00, 0x00, 0x00, 0x00, 0x00, 0x00, 0x00, 0x00, 0x00, 0x00,
  0x00, 0x00, 0x00, 0x00, 0x00, 0x00, 0x00, 0x00, 0x00, 0x00, 0x00, 0x00, 0x00, 0x00, 0x00, 0x00,
  0x00, 0x00, 0x00, 0x00, 0x00, 0x00, 0x00, 0x00, 0x00, 0x00, 0x00, 0x00, 0x00, 0x00, 0x00, 0x00,
  0x00, 0x00, 0x00, 0x00, 0x00, 0x00, 0x00, 0x00, 0x00, 0x00, 0x00, 0x00, 0x00, 0x00, 0x00, 0x00,
  0x00, 0x00, 0x00, 0x00, 0x00, 0x00, 0x00, 0x00, 0x00, 0x00, 0x00, 0x00, 0x00, 0x00, 0x00, 0x00,
  0x00, 0x00, 0x00, 0x00, 0x00, 0x00, 0x00, 0x00, 0x00, 0x00, 0x00, 0x00, 0x00, 0x00, 0x00, 0x00,
  0x00, 0x00, 0x00, 0x00, 0x00, 0x00, 0x00, 0x00, 0x00, 0x00, 0x00, 0x00, 0x00, 0x00, 0x00, 0x00,
  0x00, 0x00, 0x00, 0x00, 0x00, 0x00, 0x00, 0x00, 0x00, 0x00, 0x00, 0x00, 0x00, 0x00, 0x00, 0x00,
  0x00, 0x00, 0x00, 0x00, 0x00, 0x00, 0x00, 0x00, 0x00, 0x00, 0x00, 0x00, 0x00, 0x00, 0x00, 0x00,
  0x00, 0x00, 0x00, 0x00, 0x00, 0x00, 0x00, 0x00, 0x00, 0x00, 0x00, 0x00, 0x00, 0x00, 0x00, 0x00,
  0x00, 0x00, 0x00, 0x00, 0x00, 0x00, 0x00, 0x00, 0x00, 0x00, 0x00, 0x00, 0x00, 0x00, 0x00, 0x00,
  0x00, 0x00, 0x00, 0x00, 0x00, 0x00, 0x00, 0x00, 0x00, 0x00, 0x00, 0x00, 0x00, 0x00, 0x00, 0x00,
  0x00, 0x00, 0x00, 0x00, 0x00, 0x00, 0x00, 0x00, 0x00, 0x00, 0x00, 0x00, 0x00, 0x00, 0x00, 0x00,
  0x00, 0x00, 0x00, 0x00, 0x00, 0x00, 0x00, 0x00, 0x00, 0x00, 0x00, 0x00, 0x00, 0x00, 0x00, 0x00,
  0x00, 0x00, 0x00, 0x00, 0x00, 0x00, 0x00, 0x00, 0x00, 0x00, 0x00, 0x00, 0x00, 0x00, 0x00, 0x00,
  0x00, 0x00, 0x00, 0x00, 0x00, 0x00, 0x00, 0x00, 0x00, 0x00, 0x00, 0x00, 0x00, 0x00, 0x00, 0x00,
  0x00, 0x00, 0x00, 0x00, 0x00, 0x00, 0x00, 0x00, 0x00, 0x00, 0x00, 0x00, 0x00, 0x00, 0x00, 0x00,
  0x00, 0x00, 0x00, 0x00, 0x00, 0x00, 0x00, 0x00, 0x00, 0x00, 0x00, 0x00, 0x00, 0x00, 0x00, 0x00,
  0x00, 0x00, 0x00, 0x00, 0x00, 0x00, 0x00, 0x00, 0x00, 0x00, 0x00, 0x00, 0x00, 0x00, 0x00, 0x00,
  0x00, 0x00, 0x00, 0x00, 0x00, 0x00, 0x00, 0x00, 0x00, 0x00, 0x00, 0x00, 0x00, 0x00, 0x00, 0x00,
  0x00, 0x00, 0x00, 0x00, 0x00, 0x00, 0x00, 0x00, 0x00, 0x00, 0x00, 0x00, 0x00, 0x00, 0x00, 0x00,
  0x00, 0x00, 0x00, 0x00, 0x00, 0x00, 0x00, 0x00, 0x00, 0x00, 0x00, 0x00, 0x00, 0x00, 0x00, 0x00,
  0x00, 0x00, 0x00, 0x00, 0x00, 0x00, 0x00, 0x00, 0x00, 0x00, 0x00, 0x00, 0x00, 0x00, 0x00, 0x00,
  0x00, 0x00, 0x00, 0x00, 0x00, 0x00, 0x00, 0x00, 0x00, 0x00, 0x00, 0x00, 0x00, 0x00, 0x00, 0x00,
  0x00, 0x00, 0x00, 0x00, 0x00, 0x00, 0x00, 0x00, 0x00, 0x00, 0x00, 0x00, 0x00, 0x00, 0x00, 0x00,
  0x00, 0x00, 0x00, 0x00, 0x00, 0x00, 0x00, 0x00, 0x00, 0x00, 0x00, 0x00, 0x00, 0x00, 0x00, 0x00,
  0x00, 0x00, 0x00, 0x00, 0x00, 0x00, 0x00, 0x00, 0x00, 0x00, 0x00, 0x00, 0x00, 0x00, 0x00, 0x00,
  0x00, 0x00, 0x00, 0x00, 0x00, 0x00, 0x00, 0x00, 0x00, 0x00, 0x00, 0x00, 0x00, 0x00, 0x00, 0x00,
  0x00, 0x00, 0x00, 0x00, 0x00, 0x00, 0x00, 0x00, 0x00, 0x00, 0x00, 0x00, 0x00, 0x00, 0x00, 0x00,
  0x00, 0x00, 0x00, 0x00, 0x00, 0x00, 0x00, 0x00, 0x00, 0x00, 0x00, 0x00, 0x00, 0x00, 0x00, 0x00,
  0x00, 0x00, 0x00, 0x00, 0x00, 0x00, 0x00, 0x00, 0x00, 0x00, 0x00, 0x00, 0x00, 0x00, 0x00, 0x00,
  0x00, 0x00, 0x00, 0x00, 0x00, 0x00, 0x00, 0x00, 0x00, 0x00, 0x00, 0x00, 0x00, 0x00, 0x00, 0x00,
  0x00, 0x00, 0x00, 0x00, 0x00, 0x00, 0x00, 0x00, 0x00, 0x00, 0x00, 0x00, 0x00, 0x00, 0x00, 0x00,
  0x00, 0x00, 0x00, 0x00, 0x00, 0x00, 0x00, 0x00, 0x00, 0x00, 0x00, 0x00, 0x00, 0x00, 0x00, 0x00,
  0x00, 0x00, 0x00, 0x00, 0x00, 0x00, 0x00, 0x00, 0x00, 0x00, 0x00, 0x00, 0x00, 0x00, 0x00, 0x00,
  0x00, 0x00, 0x00, 0x00, 0x00, 0x00, 0x00, 0x00, 0x00, 0x00, 0x00, 0x00, 0x00, 0x00, 0x00, 0x00,
  0x00, 0x00, 0x00, 0x00, 0x00, 0x00, 0x00, 0x00, 0x00, 0x00, 0x00, 0x00, 0x00, 0x00, 0x00, 0x00,
  0x00, 0x00, 0x00, 0x00, 0x00, 0x00, 0x00, 0x00, 0x00, 0x00, 0x00, 0x00, 0x00, 0x00, 0x00, 0x00,
  0x00, 0x00, 0x00, 0x00, 0x00, 0x00, 0x00, 0x00, 0x00, 0x00, 0x00, 0x00, 0x00, 0x00, 0x00, 0x00,
  0x00, 0x00, 0x00, 0x00, 0x00, 0x00, 0x00, 0x00, 0x00, 0x00, 0x00, 0x00, 0x00, 0x00, 0x00, 0x00,
  0x00, 0x00, 0x00, 0x00, 0x00, 0x00, 0x00, 0x00, 0x00, 0x00, 0x00, 0x00, 0x00, 0x00, 0x00, 0x00,
  0x00, 0x00, 0x00, 0x00, 0x00, 0x00, 0x00, 0x00, 0x00, 0x00, 0x00, 0x00, 0x00, 0x00, 0x00, 0x00,
  0x00, 0x00, 0x00, 0x00, 0x00, 0x00, 0x00, 0x00, 0x00, 0x00, 0x00, 0x00, 0x00, 0x00, 0x00, 0x00,
  0x00, 0x00, 0x00, 0x00, 0x00, 0x00, 0x00, 0x00, 0x00, 0x00, 0x00, 0x00, 0x00, 0x00, 0x00, 0x00,
  0x00, 0x00, 0x00, 0x00, 0x00, 0x00, 0x00, 0x00, 0x00, 0x00, 0x00, 0x00, 0x00, 0x00, 0x00, 0x00,
  0x00, 0x00, 0x00, 0x00, 0x00, 0x00, 0x00, 0x00, 0x00, 0x00, 0x00, 0x00, 0x00, 0x00, 0x00, 0x00,
  0x00, 0x00, 0x00, 0x00, 0x00, 0x00, 0x00, 0x00, 0x00, 0x00, 0x00, 0x00, 0x00, 0x00, 0x00, 0x00,
  0x00, 0x00, 0x00, 0x00, 0x00, 0x00, 0x00, 0x00, 0x00, 0x00, 0x00, 0x00, 0x00, 0x00, 0x00, 0x00,
  0x00, 0x00, 0x00, 0x00, 0x00, 0x00, 0x00, 0x00, 0x00, 0x00, 0x00, 0x00, 0x00, 0x00, 0x00, 0x00,
  0x00, 0x00, 0x00, 0x00, 0x00, 0x00, 0x00, 0x00, 0x00, 0x00, 0x00, 0x00, 0x00, 0x00, 0x00, 0x00,
  0x00, 0x00, 0x00, 0x00, 0x00, 0x00, 0x00, 0x00, 0x00, 0x00, 0x00, 0x00, 0x00, 0x00, 0x00, 0x00,
  0x00, 0x00, 0x00, 0x00, 0x00, 0x00, 0x00, 0x00, 0x00, 0x00, 0x00, 0x00, 0x00, 0x00, 0x00, 0x00,
  0x00, 0x00, 0x00, 0x00, 0x00, 0x00, 0x00, 0x00, 0x00, 0x00, 0x00, 0x00, 0x00, 0x00, 0x00, 0x00,
  0x00, 0x00, 0x00, 0x00, 0x00, 0x00, 0x00, 0x00, 0x00, 0x00, 0x00, 0x00, 0x00, 0x00, 0x00, 0x00,
  0x00, 0x00, 0x00, 0x00, 0x00, 0x00, 0x00, 0x00, 0x00, 0x00, 0x00, 0x00, 0x00, 0x00, 0x00, 0x00,
  0x00, 0x00, 0x00, 0x00, 0x00, 0x00, 0x00, 0x00, 0x00, 0x00, 0x00, 0x00, 0x00, 0x00, 0x00, 0x00,
  0x00, 0x00, 0x00, 0x00, 0x00, 0x00, 0x00, 0x00, 0x00, 0x00, 0x00, 0x00, 0x00, 0x00, 0x00, 0x00,
  0x00, 0x00, 0x00, 0x00, 0x00, 0x00, 0x00, 0x00, 0x00, 0x00, 0x00, 0x00, 0x00, 0x00, 0x00, 0x00,
  0x00, 0x00, 0x00, 0x00, 0x00, 0x00, 0x00, 0x00, 0x00, 0x00, 0x00, 0x00, 0x00, 0x00, 0x00, 0x00,
  0x00, 0x00, 0x00, 0x00, 0x00, 0x00, 0x00, 0x00, 0x00, 0x00, 0x00, 0x00, 0x00, 0x00, 0x00, 0x00,
  0x00, 0x00, 0x00, 0x00, 0x00, 0x00, 0x00, 0x00, 0x00, 0x00, 0x00, 0x00, 0x00, 0x00, 0x00, 0x00,
  0x00, 0x00, 0x00, 0x00, 0x00, 0x00, 0x00, 0x00, 0x00, 0x00, 0x00, 0x00, 0x00, 0x00, 0x00, 0x00,
  0x00, 0x00, 0x00, 0x00, 0x00, 0x00, 0x00, 0x00, 0x00, 0x00, 0x00, 0x00, 0x00, 0x00, 0x00, 0x00,
  0x00, 0x00, 0x00, 0x00, 0x00, 0x00, 0x00, 0x00, 0x00, 0x00, 0x00, 0x00, 0x00, 0x00, 0x00, 0x00,
  0x00, 0x00, 0x00, 0x00, 0x00, 0x00, 0x00, 0x00, 0x00, 0x00, 0x00, 0x00, 0x00, 0x00, 0x00, 0x00,
  0x00, 0x00, 0x00, 0x00, 0x00, 0x00, 0x00, 0x00, 0x00, 0x00, 0x00, 0x00, 0x00, 0x00, 0x00, 0x00,
  0x00, 0x00, 0x00, 0x00, 0x00, 0x00, 0x00, 0x00, 0x00, 0x00, 0x00, 0x00, 0x00, 0x00, 0x00, 0x00,
  0x00, 0x00, 0x00, 0x00, 0x00, 0x00, 0x00, 0x00, 0x00, 0x00, 0x00, 0x00, 0x00, 0x00, 0x00, 0x00,
  0x00, 0x00, 0x00, 0x00, 0x00, 0x00, 0x00, 0x00, 0x00, 0x00, 0x00, 0x00, 0x00, 0x00, 0x00, 0x00,
  0x00, 0x00, 0x00, 0x00, 0x00, 0x00, 0x00, 0x00, 0x00, 0x00, 0x00, 0x00, 0x00, 0x00, 0x00, 0x00,
  0x00, 0x00, 0x00, 0x00, 0x00, 0x00, 0x00, 0x00, 0x00, 0x00, 0x00, 0x00, 0x00, 0x00, 0x00, 0x00,
  0x00, 0x00, 0x00, 0x00, 0x00, 0x00, 0x00, 0x00, 0x00, 0x00, 0x00, 0x00, 0x00, 0x00, 0x00, 0x00,
  0x00, 0x00, 0x00, 0x00, 0x00, 0x00, 0x00, 0x00, 0x00, 0x00, 0x00, 0x00, 0x00, 0x00, 0x00, 0x00,
  0x00, 0x00, 0x00, 0x00, 0x00, 0x00, 0x00, 0x00, 0x00, 0x00, 0x00, 0x00, 0x00, 0x00, 0x00, 0x00,
  0x00, 0x00, 0x00, 0x00, 0x00, 0x00, 0x00, 0x00, 0x00, 0x00, 0x00, 0x00, 0x00, 0x00, 0x00, 0x00,
  0x00, 0x00, 0x00, 0x00, 0x00, 0x00, 0x00, 0x00, 0x00, 0x00, 0x00, 0x00, 0x00, 0x00, 0x00, 0x00,
  0x00, 0x00, 0x00, 0x00, 0x00, 0x00, 0x00, 0x00, 0x00, 0x00, 0x00, 0x00, 0x00, 0x00, 0x00, 0x00,
  0x00, 0x00, 0x00, 0x00, 0x00, 0x00, 0x00, 0x00, 0x00, 0x00, 0x00, 0x00, 0x00, 0x00, 0x00, 0x00,
  0x00, 0x00, 0x00, 0x00, 0x00, 0x00, 0x00, 0x00, 0x00, 0x00, 0x00, 0x00, 0x00, 0x00, 0x00, 0x00,
  0x00, 0x00, 0x00, 0x00, 0x00, 0x00, 0x00, 0x00, 0x00, 0x00, 0x00, 0x00, 0x00, 0x00, 0x00, 0x00,
  0x00, 0x00, 0x00, 0x00, 0x00, 0x00, 0x00, 0x00, 0x00, 0x00, 0x00, 0x00, 0x00, 0x00, 0x00, 0x00,
  0x00, 0x00, 0x00, 0x00, 0x00, 0x00, 0x00, 0x00, 0x00, 0x00, 0x00, 0x00, 0x00, 0x00, 0x00, 0x00,
  0x00, 0x00, 0x00, 0x00, 0x00, 0x00, 0x00, 0x00, 0x00, 0x00, 0x00, 0x00, 0x00, 0x00, 0x00, 0x00,
  0x00, 0x00, 0x00, 0x00, 0x00, 0x00, 0x00, 0x00, 0x00, 0x00, 0x00, 0x00, 0x00, 0x00, 0x00, 0x00,
  0x00, 0x00, 0x00, 0x00, 0x00, 0x00, 0x00, 0x00, 0x00, 0x00, 0x00, 0x00, 0x00, 0x00, 0x00, 0x00,
  0x00, 0x00, 0x00, 0x00, 0x00, 0x00, 0x00, 0x00, 0x00, 0x00, 0x00, 0x00, 0x00, 0x00, 0x00, 0x00,
  0x00, 0x00, 0x00, 0x00, 0x00, 0x00, 0x00, 0x00, 0x00, 0x00, 0x00, 0x00, 0x00, 0x00, 0x00, 0x00,
  0x00, 0x00, 0x00, 0x00, 0x00, 0x00, 0x00, 0x00, 0x00, 0x00, 0x00, 0x00, 0x00, 0x00, 0x00, 0x00,
  0x00, 0x00, 0x00, 0x00, 0x00, 0x00, 0x00, 0x00, 0x00, 0x00, 0x00, 0x00, 0x00, 0x00, 0x00, 0x00,
  0x00, 0x00, 0x00, 0x00, 0x00, 0x00, 0x00, 0x00, 0x00, 0x00, 0x00, 0x00, 0x00, 0x00, 0x00, 0x00,
  0x00, 0x00, 0x00, 0x00, 0x00, 0x00, 0x00, 0x00, 0x00, 0x00, 0x00, 0x00, 0x00, 0x00, 0x00, 0x00,
  0x00, 0x00, 0x00, 0x00, 0x00, 0x00, 0x00, 0x00, 0x00, 0x00, 0x00, 0x00, 0x00, 0x00, 0x00, 0x00,
  0x00, 0x00, 0x00, 0x00, 0x00, 0x00, 0x00, 0x00, 0x00, 0x00, 0x00, 0x00, 0x00, 0x00, 0x00, 0x00,
  0x00, 0x00, 0x00, 0x00, 0x00, 0x00, 0x00, 0x00, 0x00, 0x00, 0x00, 0x00, 0x00, 0x00, 0x00, 0x00,
  0x00, 0x00, 0x00, 0x00, 0x00, 0x00, 0x00, 0x00, 0x00, 0x00, 0x00, 0x00, 0x00, 0x00, 0x00, 0x00,
  0x00, 0x00, 0x00, 0x00, 0x00, 0x00, 0x00, 0x00, 0x00, 0x00, 0x00, 0x00, 0x00, 0x00, 0x00, 0x00,
  0x00, 0x00, 0x00, 0x00, 0x00, 0x00, 0x00, 0x00, 0x00, 0x00, 0x00, 0x00, 0x00, 0x00, 0x00, 0x00,
  0x00, 0x00, 0x00, 0x00, 0x00, 0x00, 0x00, 0x00, 0x00, 0x00, 0x00, 0x00, 0x00, 0x00, 0x00, 0x00,
  0x00, 0x00, 0x00, 0x00, 0x00, 0x00, 0x00, 0x00, 0x00, 0x00, 0x00, 0x00, 0x00, 0x00, 0x00, 0x00,
  0x00, 0x00, 0x00, 0x00, 0x00, 0x00, 0x00, 0x00, 0x00, 0x00, 0x00, 0x00, 0x00, 0x00, 0x00, 0x00,
  0x00, 0x00, 0x00, 0x00, 0x00, 0x00, 0x00, 0x00, 0x00, 0x00, 0x00, 0x00, 0x00, 0x00, 0x00, 0x00,
  0x00, 0x00, 0x00, 0x00, 0x00, 0x00, 0x00, 0x00, 0x00, 0x00, 0x00, 0x00, 0x00, 0x00, 0x00, 0x00,
  0x00, 0x00, 0x00, 0x00, 0x00, 0x00, 0x00, 0x00, 0x00, 0x00, 0x00, 0x00, 0x00, 0x00, 0x00, 0x00,
  0x00, 0x00, 0x00, 0x00, 0x00, 0x00, 0x00, 0x00, 0x00, 0x00, 0x00, 0x00, 0x00, 0x00, 0x00, 0x00,
  0x00, 0x00, 0x00, 0x00, 0x00, 0x00, 0x00, 0x00, 0x00, 0x00, 0x00, 0x00, 0x00, 0x00, 0x00, 0x00,
  0x00, 0x00, 0x00, 0x00, 0x00, 0x00, 0x00, 0x00, 0x00, 0x00, 0x00, 0x00, 0x00, 0x00, 0x00, 0x00,
  0x00, 0x00, 0x00, 0x00, 0x00, 0x00, 0x00, 0x00, 0x00, 0x00, 0x00, 0x00, 0x00, 0x00, 0x00, 0x00,
  0x00, 0x00, 0x00, 0x00, 0x00, 0x00, 0x00, 0x00, 0x00, 0x00, 0x00, 0x00, 0x00, 0x00, 0x00, 0x00,
  0x00, 0x00, 0x00, 0x00, 0x00, 0x00, 0x00, 0x00, 0x00, 0x00, 0x00, 0x00, 0x00, 0x00, 0x00, 0x00,
  0x00, 0x00, 0x00, 0x00, 0x00, 0x00, 0x00, 0x00, 0x00, 0x00, 0x00, 0x00, 0x00, 0x00, 0x00, 0x00,
  0x00, 0x00, 0x00, 0x00, 0x00, 0x00, 0x00, 0x00, 0x00, 0x00, 0x00, 0x00, 0x00, 0x00, 0x00, 0x00,
  0x00, 0x00, 0x00, 0x00, 0x00, 0x00, 0x00, 0x00, 0x00, 0x00, 0x00, 0x00, 0x00, 0x00, 0x00, 0x00,
  0x00, 0x00, 0x00, 0x00, 0x00, 0x00, 0x00, 0x00, 0x00, 0x00, 0x00, 0x00, 0x00, 0x00, 0x00, 0x00,
  0x00, 0x00, 0x00, 0x00, 0x00, 0x00, 0x00, 0x00, 0x00, 0x00, 0x00, 0x00, 0x00, 0x00, 0x00, 0x00,
  0x00, 0x00, 0x00, 0x00, 0x00, 0x00, 0x00, 0x00, 0x00, 0x00, 0x00, 0x00, 0x00, 0x00, 0x00, 0x00,
  0x00, 0x00, 0x00, 0x00, 0x00, 0x00, 0x00, 0x00, 0x00, 0x00, 0x00, 0x00, 0x00, 0x00, 0x00, 0x00,
  0x00, 0x00, 0x00, 0x00, 0x00, 0x00, 0x00, 0x00, 0x00, 0x00, 0x00, 0x00, 0x00, 0x00, 0x00, 0x00,
  0x00, 0x00, 0x00, 0x00, 0x00, 0x00, 0x00, 0x00, 0x00, 0x00, 0x00, 0x00, 0x00, 0x00, 0x00, 0x00,
  0x00, 0x00, 0x00, 0x00, 0x00, 0x00, 0x00, 0x00, 0x00, 0x00, 0x00, 0x00, 0x00, 0x00, 0x00, 0x00,
  0x00, 0x00, 0x00, 0x00, 0x00, 0x00, 0x00, 0x00, 0x00, 0x00, 0x00, 0x00, 0x00, 0x00, 0x00, 0x00,
  0x00, 0x00, 0x00, 0x00, 0x00, 0x00, 0x00, 0x00, 0x00, 0x00, 0x00, 0x00, 0x00, 0x00, 0x00, 0x00,
  0x00, 0x00, 0x00, 0x00, 0x00, 0x00, 0x00, 0x00, 0x00, 0x00, 0x00, 0x00, 0x00, 0x00, 0x00, 0x00,
  0x00, 0x00, 0x00, 0x00, 0x00, 0x00, 0x00, 0x00, 0x00, 0x00, 0x00, 0x00, 0x00, 0x00, 0x00, 0x00,
  0x00, 0x00, 0x00, 0x00, 0x00, 0x00, 0x00, 0x00, 0x00, 0x00, 0x00, 0x00, 0x00, 0x00, 0x00, 0x00,
  0x00, 0x00, 0x00, 0x00, 0x00, 0x00, 0x00, 0x00, 0x00, 0x00, 0x00, 0x00, 0x00, 0x00, 0x00, 0x00,
  0x00, 0x00, 0x00, 0x00, 0x00, 0x00, 0x00, 0x00, 0x00, 0x00, 0x00, 0x00, 0x00, 0x00, 0x00, 0x00,
  0x00, 0x00, 0x00, 0x00, 0x00, 0x00, 0x00, 0x00, 0x00, 0x00, 0x00, 0x00, 0x00, 0x00, 0x00, 0x00,
  0x00, 0x00, 0x00, 0x00, 0x00, 0x00, 0x00, 0x00, 0x00, 0x00, 0x00, 0x00, 0x00, 0x00, 0x00, 0x00,
  0x00, 0x00, 0x00, 0x00, 0x00, 0x00, 0x00, 0x00, 0x00, 0x00, 0x00, 0x00, 0x00, 0x00, 0x00, 0x00,
  0x00, 0x00, 0x00, 0x00, 0x00, 0x00, 0x00, 0x00, 0x00, 0x00, 0x00, 0x00, 0x00, 0x00, 0x00, 0x00,
  0x00, 0x00, 0x00, 0x00, 0x00, 0x00, 0x00, 0x00, 0x00, 0x00, 0x00, 0x00, 0x00, 0x00, 0x00, 0x00,
  0x00, 0x00, 0x00, 0x00, 0x00, 0x00, 0x00, 0x00, 0x00, 0x00, 0x00, 0x00, 0x00, 0x00, 0x00, 0x00,
  0x00, 0x00, 0x00, 0x00, 0x00, 0x00, 0x00, 0x00, 0x00, 0x00, 0x00, 0x00, 0x00, 0x00, 0x00, 0x00,
  0x00, 0x00, 0x00, 0x00, 0x00, 0x00, 0x00, 0x00, 0x00, 0x00, 0x00, 0x00, 0x00, 0x00, 0x00, 0x00,
  0x00, 0x00, 0x00, 0x00, 0x00, 0x00, 0x00, 0x00, 0x00, 0x00, 0x00, 0x00, 0x00, 0x00, 0x00, 0x00,
  0x00, 0x00, 0x00, 0x00, 0x00, 0x00, 0x00, 0x00, 0x00, 0x00, 0x00, 0x00, 0x00, 0x00, 0x00, 0x00,
  0x00, 0x00, 0x00, 0x00, 0x00, 0x00, 0x00, 0x00, 0x00, 0x00, 0x00, 0x00, 0x00, 0x00, 0x00, 0x00,
  0x00, 0x00, 0x00, 0x00, 0x00, 0x00, 0x00, 0x00, 0x00, 0x00, 0x00, 0x00, 0x00, 0x00, 0x00, 0x00,
  0x00, 0x00, 0x00, 0x00, 0x00, 0x00, 0x00, 0x00, 0x00, 0x00, 0x00, 0x00, 0x00, 0x00, 0x00, 0x00,
  0x00, 0x00, 0x00, 0x00, 0x00, 0x00, 0x00, 0x00, 0x00, 0x00, 0x00, 0x00, 0x00, 0x00, 0x00, 0x00,
  0x00, 0x00, 0x00, 0x00, 0x00, 0x00, 0x00, 0x00, 0x00, 0x00, 0x00, 0x00, 0x00, 0x00, 0x00, 0x00,
  0x00, 0x00, 0x00, 0x00, 0x00, 0x00, 0x00, 0x00, 0x00, 0x00, 0x00, 0x00, 0x00, 0x00, 0x00, 0x00,
  0x00, 0x00, 0x00, 0x00, 0x00, 0x00, 0x00, 0x00, 0x00, 0x00, 0x00, 0x00, 0x00, 0x00, 0x00, 0x00,
  0x00, 0x00, 0x00, 0x00, 0x00, 0x00, 0x00, 0x00, 0x00, 0x00, 0x00, 0x00, 0x00, 0x00, 0x00, 0x00,
  0x00, 0x00, 0x00, 0x00, 0x00, 0x00, 0x00, 0x00, 0x00, 0x00, 0x00, 0x00, 0x00, 0x00, 0x00, 0x00,
  0x00, 0x00, 0x00, 0x00, 0x00, 0x00, 0x00, 0x00, 0x00, 0x00, 0x00, 0x00, 0x00, 0x00, 0x00, 0x00,
  0x00, 0x00, 0x00, 0x00, 0x00, 0x00, 0x00, 0x00, 0x00, 0x00, 0x00, 0x00, 0x00, 0x00, 0x00, 0x00,
  0x00, 0x00, 0x00, 0x00, 0x00, 0x00, 0x00, 0x00, 0x00, 0x00, 0x00, 0x00, 0x00, 0x00, 0x00, 0x00,
  0x00, 0x00, 0x00, 0x00, 0x00, 0x00, 0x00, 0x00, 0x00, 0x00, 0x00, 0x00, 0x00, 0x00, 0x00, 0x00,
  0x00, 0x00, 0x00, 0x00, 0x00, 0x00, 0x00, 0x00, 0x00, 0x00, 0x00, 0x00, 0x00, 0x00, 0x00, 0x00,
  0x00, 0x00, 0x00, 0x00, 0x00, 0x00, 0x00, 0x00, 0x00, 0x00, 0x00, 0x00, 0x00, 0x00, 0x00, 0x00,
  0x00, 0x00, 0x00, 0x00, 0x00, 0x00, 0x00, 0x00, 0x00, 0x00, 0x00, 0x00, 0x00, 0x00, 0x00, 0x00,
  0x00, 0x00, 0x00, 0x00, 0x00, 0x00, 0x00, 0x00, 0x00, 0x00, 0x00, 0x00, 0x00, 0x00, 0x00, 0x00,
  0x00, 0x00, 0x00, 0x00, 0x00, 0x00, 0x00, 0x00, 0x00, 0x00, 0x00, 0x00, 0x00, 0x00, 0x00, 0x00,
  0x00, 0x00, 0x00, 0x00, 0x00, 0x00, 0x00, 0x00, 0x00, 0x00, 0x00, 0x00, 0x00, 0x00, 0x00, 0x00,
  0x00, 0x00, 0x00, 0x00, 0x00, 0x00, 0x00, 0x00, 0x00, 0x00, 0x00, 0x00, 0x00, 0x00, 0x00, 0x00,
  0x00, 0x00, 0x00, 0x00, 0x00, 0x00, 0x00, 0x00, 0x00, 0x00, 0x00, 0x00, 0x00, 0x00, 0x00, 0x00,
  0x00, 0x00, 0x00, 0x00, 0x00, 0x00, 0x00, 0x00, 0x00, 0x00, 0x00, 0x00, 0x00, 0x00, 0x00, 0x00,
  0x00, 0x00, 0x00, 0x00, 0x00, 0x00, 0x00, 0x00, 0x00, 0x00, 0x00, 0x00, 0x00, 0x00, 0x00, 0x00,
  0x00, 0x00, 0x00, 0x00, 0x00, 0x00, 0x00, 0x00, 0x00, 0x00, 0x00, 0x00, 0x00, 0x00, 0x00, 0x00,
  0x00, 0x00, 0x00, 0x00, 0x00, 0x00, 0x00, 0x00, 0x00, 0x00, 0x00, 0x00, 0x00, 0x00, 0x00, 0x00,
  0x00, 0x00, 0x00, 0x00, 0x00, 0x00, 0x00, 0x00, 0x00, 0x00, 0x00, 0x00, 0x00, 0x00, 0x00, 0x00,
  0x00, 0x00, 0x00, 0x00, 0x00, 0x00, 0x00, 0x00, 0x00, 0x00, 0x00, 0x00, 0x00, 0x00, 0x00, 0x00,
  0x00, 0x00, 0x00, 0x00, 0x00, 0x00, 0x00, 0x00, 0x00, 0x00, 0x00, 0x00, 0x00, 0x00, 0x00, 0x00,
  0x00, 0x00, 0x00, 0x00, 0x00, 0x00, 0x00, 0x00, 0x00, 0x00, 0x00, 0x00, 0x00, 0x00, 0x00, 0x00,
  0x00, 0x00, 0x00, 0x00, 0x00, 0x00, 0x00, 0x00, 0x00, 0x00, 0x00, 0x00, 0x00, 0x00, 0x00, 0x00,
  0x00, 0x00, 0x00, 0x00, 0x00, 0x00, 0x00, 0x00, 0x00, 0x00, 0x00, 0x00, 0x00, 0x00, 0x00, 0x00,
  0x00, 0x00, 0x00, 0x00, 0x00, 0x00, 0x00, 0x00, 0x00, 0x00, 0x00, 0x00, 0x00, 0x00, 0x00, 0x00,
  0x00, 0x00, 0x00, 0x00, 0x00, 0x00, 0x00, 0x00, 0x00, 0x00, 0x00, 0x00, 0x00, 0x00, 0x00, 0x00,
  0x00, 0x00, 0x00, 0x00, 0x00, 0x00, 0x00, 0x00, 0x00, 0x00, 0x00, 0x00, 0x00, 0x00, 0x00, 0x00,
  0x00, 0x00, 0x00, 0x00, 0x00, 0x00, 0x00, 0x00, 0x00, 0x00, 0x00, 0x00, 0x00, 0x00, 0x00, 0x00,
  0x00, 0x00, 0x00, 0x00, 0x00, 0x00, 0x00, 0x00, 0x00, 0x00, 0x00, 0x00, 0x00, 0x00, 0x00, 0x00,
  0x00, 0x00, 0x00, 0x00, 0x00, 0x00, 0x00, 0x00, 0x00, 0x00, 0x00, 0x00, 0x00, 0x00, 0x00, 0x00,
  0x00, 0x00, 0x00, 0x00, 0x00, 0x00, 0x00, 0x00, 0x00, 0x00, 0x00, 0x00, 0x00, 0x00, 0x00, 0x00,
  0x00, 0x00, 0x00, 0x00, 0x00, 0x00, 0x00, 0x00, 0x00, 0x00, 0x00, 0x00, 0x00, 0x00, 0x00, 0x00,
  0x00, 0x00, 0x00, 0x00, 0x00, 0x00, 0x00, 0x00, 0x00, 0x00, 0x00, 0x00, 0x00, 0x00, 0x00, 0x00,
  0x00, 0x00, 0x00, 0x00, 0x00, 0x00, 0x00, 0x00, 0x00, 0x00, 0x00, 0x00, 0x00, 0x00, 0x00, 0x00,
  0x00, 0x00, 0x00, 0x00, 0x00, 0x00, 0x00, 0x00, 0x00, 0x00, 0x00, 0x00, 0x00, 0x00, 0x00, 0x00,
  0x00, 0x00, 0x00, 0x00, 0x00, 0x00, 0x00, 0x00, 0x00, 0x00, 0x00, 0x00, 0x00, 0x00, 0x00, 0x00,
  0x00, 0x00, 0x00, 0x00, 0x00, 0x00, 0x00, 0x00, 0x00, 0x00, 0x00, 0x00, 0x00, 0x00, 0x00, 0x00,
  0x00, 0x00, 0x00, 0x00, 0x00, 0x00, 0x00, 0x00, 0x00, 0x00, 0x00, 0x00, 0x00, 0x00, 0x00, 0x00,
  0x00, 0x00, 0x00, 0x00, 0x00, 0x00, 0x00, 0x00, 0x00, 0x00, 0x00, 0x00, 0x00, 0x00, 0x00, 0x00,
  0x00, 0x00, 0x00, 0x00, 0x00, 0x00, 0x00, 0x00, 0x00, 0x00, 0x00, 0x00, 0x00, 0x00, 0x00, 0x00,
  0x00, 0x00, 0x00, 0x00, 0x00, 0x00, 0x00, 0x00, 0x00, 0x00, 0x00, 0x00, 0x00, 0x00, 0x00, 0x00,
  0x00, 0x00, 0x00, 0x00, 0x00, 0x00, 0x00, 0x00, 0x00, 0x00, 0x00, 0x00, 0x00, 0x00, 0x00, 0x00,
  0x00, 0x00, 0x00, 0x00, 0x00, 0x00, 0x00, 0x00, 0x00, 0x00, 0x00, 0x00, 0x00, 0x00, 0x00, 0x00,
  0x00, 0x00, 0x00, 0x00, 0x00, 0x00, 0x00, 0x00, 0x00, 0x00, 0x00, 0x00, 0x00, 0x00, 0x00, 0x00,
  0x00, 0x00, 0x00, 0x00, 0x00, 0x00, 0x00, 0x00, 0x00, 0x00, 0x00, 0x00, 0x00, 0x00, 0x00, 0x00,
  0x00, 0x00, 0x00, 0x00, 0x00, 0x00, 0x00, 0x00, 0x00, 0x00, 0x00, 0x00, 0x00, 0x00, 0x00, 0x00,
  0x00, 0x00, 0x00, 0x00, 0x00, 0x00, 0x00, 0x00, 0x00, 0x00, 0x00, 0x00, 0x00, 0x00, 0x00, 0x00,
  0x00, 0x00, 0x00, 0x00, 0x00, 0x00, 0x00, 0x00, 0x00, 0x00, 0x00, 0x00, 0x00, 0x00, 0x00, 0x00,
  0x00, 0x00, 0x00, 0x00, 0x00, 0x00, 0x00, 0x00, 0x00, 0x00, 0x00, 0x00, 0x00, 0x00, 0x00, 0x00,
  0x00, 0x00, 0x00, 0x00, 0x00, 0x00, 0x00, 0x00, 0x00, 0x00, 0x00, 0x00, 0x00, 0x00, 0x00, 0x00,
  0x00, 0x00, 0x00, 0x00, 0x00, 0x00, 0x00, 0x00, 0x00, 0x00, 0x00, 0x00, 0x00, 0x00, 0x00, 0x00,
  0x00, 0x00, 0x00, 0x00, 0x00, 0x00, 0x00, 0x00, 0x00, 0x00, 0x00, 0x00, 0x00, 0x00, 0x00, 0x00,
  0x00, 0x00, 0x00, 0x00, 0x00, 0x00, 0x00, 0x00, 0x00, 0x00, 0x00, 0x00, 0x00, 0x00, 0x00, 0x00,
  0x00, 0x00, 0x00, 0x00, 0x00, 0x00, 0x00, 0x00, 0x00, 0x00, 0x00, 0x00, 0x00, 0x00, 0x00, 0x00,
  0x00, 0x00, 0x00, 0x00, 0x00, 0x00, 0x00, 0x00, 0x00, 0x00, 0x00, 0x00, 0x00, 0x00, 0x00, 0x00,
  0x00, 0x00, 0x00, 0x00, 0x00, 0x00, 0x00, 0x00, 0x00, 0x00, 0x00, 0x00, 0x00, 0x00, 0x00, 0x00,
  0x00, 0x00, 0x00, 0x00, 0x00, 0x00, 0x00, 0x00, 0x00, 0x00, 0x00, 0x00, 0x00, 0x00, 0x00, 0x00,
  0x00, 0x00, 0x00, 0x00, 0x00, 0x00, 0x00, 0x00, 0x00, 0x00, 0x00, 0x00, 0x00, 0x00, 0x00, 0x00,
  0x00, 0x00, 0x00, 0x00, 0x00, 0x00, 0x00, 0x00, 0x00, 0x00, 0x00, 0x00, 0x00, 0x00, 0x00, 0x00,
  0x00, 0x00, 0x00, 0x00, 0x00, 0x00, 0x00, 0x00, 0x00, 0x00, 0x00, 0x00, 0x00, 0x00, 0x00, 0x00,
  0x00, 0x00, 0x00, 0x00, 0x00, 0x00, 0x00, 0x00, 0x00, 0x00, 0x00, 0x00, 0x00, 0x00, 0x00, 0x00,
  0x00, 0x00, 0x00, 0x00, 0x00, 0x00, 0x00, 0x00, 0x00, 0x00, 0x00, 0x00, 0x00, 0x00, 0x00, 0x00,
  0x00, 0x00, 0x00, 0x00, 0x00, 0x00, 0x00, 0x00, 0x00, 0x00, 0x00, 0x00, 0x00, 0x00, 0x00, 0x00,
  0x00, 0x00, 0x00, 0x00, 0x00, 0x00, 0x00, 0x00, 0x00, 0x00, 0x00, 0x00, 0x00, 0x00, 0x00, 0x00,
  0x00, 0x00, 0x00, 0x00, 0x00, 0x00, 0x00, 0x00, 0x00, 0x00, 0x00, 0x00, 0x00, 0x00, 0x00, 0x00,
  0x00, 0x00, 0x00, 0x00, 0x00, 0x00, 0x00, 0x00, 0x00, 0x00, 0x00, 0x00, 0x00, 0x00, 0x00, 0x00,
  0x00, 0x00, 0x00, 0x00, 0x00, 0x00, 0x00, 0x00, 0x00, 0x00, 0x00, 0x00, 0x00, 0x00, 0x00, 0x00,
  0x00, 0x00, 0x00, 0x00, 0x00, 0x00, 0x00, 0x00, 0x00, 0x00, 0x00, 0x00, 0x00, 0x00, 0x00, 0x00,
  0x00, 0x00, 0x00, 0x00, 0x00, 0x00, 0x00, 0x00, 0x00, 0x00, 0x00, 0x00, 0x00, 0x00, 0x00, 0x00,
  0x00, 0x00, 0x00, 0x00, 0x00, 0x00, 0x00, 0x00, 0x00, 0x00, 0x00, 0x00, 0x00, 0x00, 0x00, 0x00,
  0x00, 0x00, 0x00, 0x00, 0x00, 0x00, 0x00, 0x00, 0x00, 0x00, 0x00, 0x00, 0x00, 0x00, 0x00, 0x00,
  0x00, 0x00, 0x00, 0x00, 0x00, 0x00, 0x00, 0x00, 0x00, 0x00, 0x00, 0x00, 0x00, 0x00, 0x00, 0x00,
  0x00, 0x00, 0x00, 0x00, 0x00, 0x00, 0x00, 0x00, 0x00, 0x00, 0x00, 0x00, 0x00, 0x00, 0x00, 0x00,
  0x00, 0x00, 0x00, 0x00, 0x00, 0x00, 0x00, 0x00, 0x00, 0x00, 0x00, 0x00, 0x00, 0x00, 0x00, 0x00,
  0x00, 0x00, 0x00, 0x00, 0x00, 0x00, 0x00, 0x00, 0x00, 0x00, 0x00, 0x00, 0x00, 0x00, 0x00, 0x00,
  0x00, 0x00, 0x00, 0x00, 0x00, 0x00, 0x00, 0x00, 0x00, 0x00, 0x00, 0x00, 0x00, 0x00, 0x00, 0x00,
  0x00, 0x00, 0x00, 0x00, 0x00, 0x00, 0x00, 0x00, 0x00, 0x00, 0x00, 0x00, 0x00, 0x00, 0x00, 0x00,
  0x00, 0x00, 0x00, 0x00, 0x00, 0x00, 0x00, 0x00, 0x00, 0x00, 0x00, 0x00, 0x00, 0x00, 0x00, 0x00,
  0x00, 0x00, 0x00, 0x00, 0x00, 0x00, 0x00, 0x00, 0x00, 0x00, 0x00, 0x00, 0x00, 0x00, 0x00, 0x00,
  0x00, 0x00, 0x00, 0x00, 0x00, 0x00, 0x00, 0x00, 0x00, 0x00, 0x00, 0x00, 0x00, 0x00, 0x00, 0x00,
  0x00, 0x00, 0x00, 0x00, 0x00, 0x00, 0x00, 0x00, 0x00, 0x00, 0x00, 0x00, 0x00, 0x00, 0x00, 0x00,
  0x00, 0x00, 0x00, 0x00, 0x00, 0x00, 0x00, 0x00, 0x00, 0x00, 0x00, 0x00, 0x00, 0x00, 0x00, 0x00,
  0x00, 0x00, 0x00, 0x00, 0x00, 0x00, 0x00, 0x00, 0x00, 0x00, 0x00, 0x00, 0x00, 0x00, 0x00, 0x00,
  0x00, 0x00, 0x00, 0x00, 0x00, 0x00, 0x00, 0x00, 0x00, 0x00, 0x00, 0x00, 0x00, 0x00, 0x00, 0x00,
  0x00, 0x00, 0x00, 0x00, 0x00, 0x00, 0x00, 0x00, 0x00, 0x00, 0x00, 0x00, 0x00, 0x00, 0x00, 0x00,
  0x00, 0x00, 0x00, 0x00, 0x00, 0x00, 0x00, 0x00, 0x00, 0x00, 0x00, 0x00, 0x00, 0x00, 0x00, 0x00,
  0x00, 0x00, 0x00, 0x00, 0x00, 0x00, 0x00, 0x00, 0x00, 0x00, 0x00, 0x00, 0x00, 0x00, 0x00, 0x00,
  0x00, 0x00, 0x00, 0x00, 0x00, 0x00, 0x00, 0x00, 0x00, 0x00, 0x00, 0x00, 0x00, 0x00, 0x00, 0x00,
  0x00, 0x00, 0x00, 0x00, 0x00, 0x00, 0x00, 0x00, 0x00, 0x00, 0x00, 0x00, 0x00, 0x00, 0x00, 0x00,
  0x00, 0x00, 0x00, 0x00, 0x00, 0x00, 0x00, 0x00, 0x00, 0x00, 0x00, 0x00, 0x00, 0x00, 0x00, 0x00,
  0x00, 0x00, 0x00, 0x00, 0x00, 0x00, 0x00, 0x00, 0x00, 0x00, 0x00, 0x00, 0x00, 0x00, 0x00, 0x00,
  0x00, 0x00, 0x00, 0x00, 0x00, 0x00, 0x00, 0x00, 0x00, 0x00, 0x00, 0x00, 0x00, 0x00, 0x00, 0x00,
  0x00, 0x00, 0x00, 0x00, 0x00, 0x00, 0x00, 0x00, 0x00, 0x00, 0x00, 0x00, 0x00, 0x00, 0x00, 0x00,
  0x00, 0x00, 0x00, 0x00, 0x00, 0x00, 0x00, 0x00, 0x00, 0x00, 0x00, 0x00, 0x00, 0x00, 0x00, 0x00,
  0x00, 0x00, 0x00, 0x00, 0x00, 0x00, 0x00, 0x00, 0x00, 0x00, 0x00, 0x00, 0x00, 0x00, 0x00, 0x00,
  0x00, 0x00, 0x00, 0x00, 0x00, 0x00, 0x00, 0x00, 0x00, 0x00, 0x00, 0x00, 0x00, 0x00, 0x00, 0x00,
  0x00, 0x00, 0x00, 0x00, 0x00, 0x00, 0x00, 0x00, 0x00, 0x00, 0x00, 0x00, 0x00, 0x00, 0x00, 0x00,
  0x00, 0x00, 0x00, 0x00, 0x00, 0x00, 0x00, 0x00, 0x00, 0x00, 0x00, 0x00, 0x00, 0x00, 0x00, 0x00,
  0x00, 0x00, 0x00, 0x00, 0x00, 0x00, 0x00, 0x00, 0x00, 0x00, 0x00, 0x00, 0x00, 0x00, 0x00, 0x00,
  0x00, 0x00, 0x00, 0x00, 0x00, 0x00, 0x00, 0x00, 0x00, 0x00, 0x00, 0x00, 0x00, 0x00, 0x00, 0x00,
  0x00, 0x00, 0x00, 0x00, 0x00, 0x00, 0x00, 0x00, 0x00, 0x00, 0x00, 0x00, 0x00, 0x00, 0x00, 0x00,
  0x00, 0x00, 0x00, 0x00, 0x00, 0x00, 0x00, 0x00, 0x00, 0x00, 0x00, 0x00, 0x00, 0x00, 0x00, 0x00,
  0x00, 0x00, 0x00, 0x00, 0x00, 0x00, 0x00, 0x00, 0x00, 0x00, 0x00, 0x00, 0x00, 0x00, 0x00, 0x00,
  0x00, 0x00, 0x00, 0x00, 0x00, 0x00, 0x00, 0x00, 0x00, 0x00, 0x00, 0x00, 0x00, 0x00, 0x00, 0x00,
  0x00, 0x00, 0x00, 0x00, 0x00, 0x00, 0x00, 0x00, 0x00, 0x00, 0x00, 0x00, 0x00, 0x00, 0x00, 0x00,
  0x00, 0x00, 0x00, 0x00, 0x00, 0x00, 0x00, 0x00, 0x00, 0x00, 0x00, 0x00, 0x00, 0x00, 0x00, 0x00,
  0x00, 0x00, 0x00, 0x00, 0x00, 0x00, 0x00, 0x00, 0x00, 0x00, 0x00, 0x00, 0x00, 0x00, 0x00, 0x00,
  0x00, 0x00, 0x00, 0x00, 0x00, 0x00, 0x00, 0x00, 0x00, 0x00, 0x00, 0x00, 0x00, 0x00, 0x00, 0x00,
  0x00, 0x00, 0x00, 0x00, 0x00, 0x00, 0x00, 0x00, 0x00, 0x00, 0x00, 0x00, 0x00, 0x00, 0x00, 0x00,
  0x00, 0x00, 0x00, 0x00, 0x00, 0x00, 0x00, 0x00, 0x00, 0x00, 0x00, 0x00, 0x00, 0x00, 0x00, 0x00,
  0x00, 0x00, 0x00, 0x00, 0x00, 0x00, 0x00, 0x00, 0x00, 0x00, 0x00, 0x00, 0x00, 0x00, 0x00, 0x00,
  0x00, 0x00, 0x00, 0x00, 0x00, 0x00, 0x00, 0x00, 0x00, 0x00, 0x00, 0x00, 0x00, 0x00, 0x00, 0x00,
  0x00, 0x00, 0x00, 0x00, 0x00, 0x00, 0x00, 0x00, 0x00, 0x00, 0x00, 0x00, 0x00, 0x00, 0x00, 0x00,
  0x00, 0x00, 0x00, 0x00, 0x00, 0x00, 0x00, 0x00, 0x00, 0x00, 0x00, 0x00, 0x00, 0x00, 0x00, 0x00,
  0x00, 0x00, 0x00, 0x00, 0x00, 0x00, 0x00, 0x00, 0x00, 0x00, 0x00, 0x00, 0x00, 0x00, 0x00, 0x00,
  0x00, 0x00, 0x00, 0x00, 0x00, 0x00, 0x00, 0x00, 0x00, 0x00, 0x00, 0x00, 0x00, 0x00, 0x00, 0x00,
  0x00, 0x00, 0x00, 0x00, 0x00, 0x00, 0x00, 0x00, 0x00, 0x00, 0x00, 0x00, 0x00, 0x00, 0x00, 0x00,
  0x00, 0x00, 0x00, 0x00, 0x00, 0x00, 0x00, 0x00, 0x00, 0x00, 0x00, 0x00, 0x00, 0x00, 0x00, 0x00,
  0x00, 0x00, 0x00, 0x00, 0x00, 0x00, 0x00, 0x00, 0x00, 0x00, 0x00, 0x00, 0x00, 0x00, 0x00, 0x00,
  0x00, 0x00, 0x00, 0x00, 0x00, 0x00, 0x00, 0x00, 0x00, 0x00, 0x00, 0x00, 0x00, 0x00, 0x00, 0x00,
  0x00, 0x00, 0x00, 0x00, 0x00, 0x00, 0x00, 0x00, 0x00, 0x00, 0x00, 0x00, 0x00, 0x00, 0x00, 0x00,
  0x00, 0x00, 0x00, 0x00, 0x00, 0x00, 0x00, 0x00, 0x00, 0x00, 0x00, 0x00, 0x00, 0x00, 0x00, 0x00,
  0x00, 0x00, 0x00, 0x00, 0x00, 0x00, 0x00, 0x00, 0xA0, 0x00, 0x00, 0x00, 0xA0, 0x00, 0x00, 0x00,
  0xA0, 0x00, 0x00, 0x00, 0xA0, 0x00, 0x00, 0x00, 0xA0, 0x00, 0x00, 0x00, 0xA0, 0x00, 0x00, 0x00,
  0xA0, 0x00, 0x00, 0x00, 0xA0, 0x00, 0x00, 0x00, 0xA0, 0x00, 0x00, 0x00, 0xA0, 0x00, 0x00, 0x00,
  0xA0, 0x00, 0x00, 0x00, 0xA0, 0x00, 0x00, 0x00, 0xA0, 0x00, 0x00, 0x00, 0xA0, 0x00, 0x00, 0x00,
  0xA0, 0x00, 0x00, 0x00, 0xA0, 0x00, 0x00, 0x00, 0xA0, 0x00, 0x00, 0x00, 0xA0, 0x00, 0x00, 0x00,
  0xA0, 0x00, 0x00, 0x00, 0xA0, 0x00, 0x00, 0x00, 0xA0, 0x00, 0x00, 0x00, 0xA0, 0x00, 0x00, 0x00,
  0xA0, 0x00, 0x00, 0x00, 0xA0, 0x00, 0x00, 0x00, 0xA0, 0x00, 0x00, 0x00, 0xA0, 0x00, 0x00, 0x00,
  0xA0, 0x00, 0x00, 0x00, 0xA0, 0x00, 0x00, 0x00, 0xA0, 0x00, 0x00, 0x00, 0xA0, 0x00, 0x00, 0x00,
  0xAA, 0xC0, 0x00, 0x01, 0x00, 0x00, 0x00, 0x00, 0xA8, 0x80, 0x00, 0x01, 0x00, 0x00, 0x00, 0x04,
  0xA9, 0x40, 0x7F, 0xFB, 0x00, 0x00, 0x00, 0x00, 0x00, 0x00, 0x00, 0x00, 0x00, 0x00, 0x00, 0x00,
  0x00, 0x00, 0x00, 0x00, 0x00, 0x00, 0x00, 0x00, 0x00, 0x00, 0x00, 0x00, 0x00, 0x00, 0x00, 0x00,
  0x00, 0x00, 0x00, 0x00, 0x00, 0x00, 0x00, 0x00, 0x00, 0x00, 0x00, 0x00, 0x00, 0x00, 0x00, 0x00,
  0x00, 0x00, 0x00, 0x00, 0x00, 0x00, 0x00, 0x00, 0x00, 0x00, 0x00, 0x00, 0x00, 0x00, 0x00, 0x00,
  0x00, 0x00, 0x00, 0x00, 0x00, 0x00, 0x00, 0x00, 0x00, 0x00, 0x00, 0x00, 0x00, 0x00, 0x00, 0x00,
  0x00, 0x00, 0x00, 0x00, 0x00, 0x00, 0x00, 0x00, 0x00, 0x00, 0x00, 0x00, 0x00, 0x00, 0x00, 0x00,
  0x00, 0x00, 0x00, 0x00, 0x00, 0x00, 0x00, 0x00, 0x00, 0x00, 0x00, 0x00, 0x00, 0x00, 0x00, 0x00,
  0x00, 0x00, 0x00, 0x00, 0x00, 0x00, 0x00, 0x00, 0x00, 0x00, 0x00, 0x00, 0x00, 0x00, 0x00, 0x00,
  0x00, 0x00, 0x00, 0x00, 0x00, 0x00, 0x00, 0x00, 0x00, 0x00, 0x00, 0x00, 0x00, 0x00, 0x00, 0x00,
  0x00, 0x00, 0x00, 0x00, 0x00, 0x00, 0x00, 0x00, 0x00, 0x00, 0x00, 0x00, 0x00, 0x00, 0x00, 0x00,
  0x00, 0x00, 0x00, 0x00, 0x00, 0x00, 0x00, 0x00, 0x00, 0x00, 0x00, 0x00, 0x00, 0x00, 0x00, 0x00,
  0x00, 0x00, 0x00, 0x00, 0x00, 0x00, 0x00, 0x00, 0x00, 0x00, 0x00, 0x00, 0x00, 0x00, 0x00, 0x00,
  0x00, 0x00, 0x00, 0x00, 0x00, 0x00, 0x00, 0x00, 0x00, 0x00, 0x00, 0x00, 0x00, 0x00, 0x00, 0x00,
  0x00, 0x00, 0x00, 0x00, 0x00, 0x00, 0x00, 0x00, 0x00, 0x00, 0x00, 0x00, 0x00, 0x00, 0x00, 0x00,
  0x00, 0x00, 0x00, 0x00, 0x00, 0x00, 0x00, 0x00, 0x00, 0x00, 0x00, 0x00, 0x00, 0x00, 0x00, 0x00,
  0x00, 0x00, 0x00, 0x00, 0x00, 0x00, 0x00, 0x00, 0x00, 0x00, 0x00, 0x00, 0x00, 0x00, 0x00, 0x00,
  0x00, 0x00, 0x00, 0x00, 0x00, 0x00, 0x00, 0x00, 0x00, 0x00, 0x00, 0x00, 0x00, 0x00, 0x00, 0x0E,
  0x00, 0x00, 0x00, 0xCD, 0x10, 0x40, 0x00, 0x00, 0x00, 0x00, 0x00, 0x00, 0x00, 0x00, 0x00, 0x00,
  0x00, 0x00, 0x00, 0x00, 0x00, 0x60, 0xD4, 0x09, 0x01, 0x40, 0x33, 0x00, 0x00, 0x00, 0x00, 0x00,
  0x00, 0x00, 0xCD, 0x41, 0x08, 0x21, 0x31, 0x80, 0x00, 0x00, 0x00, 0x00, 0x00, 0x00, 0xCC, 0xA0,
  0x24, 0x00, 0x53, 0x30, 0x00, 0x00, 0x00, 0x00, 0x00, 0x00, 0x00, 0x00, 0x00, 0x00, 0x00, 0x00,
  0x00, 0x00, 0x0C, 0xD4, 0x04, 0x80, 0x51, 0x98, 0x00, 0x00, 0x00, 0x00, 0x00, 0x00, 0x00, 0x00,
  0x00, 0x00, 0x00, 0x00, 0x00, 0x00, 0x00, 0x00, 0x00, 0x00, 0x00, 0x00, 0x00, 0x00, 0x00, 0x00,
  0x00, 0x00, 0x00, 0x00, 0x00, 0x00, 0x00, 0x00, 0x00, 0x00, 0x00, 0x00, 0x00, 0x00, 0x00, 0x00,
  0x00, 0x00, 0x00, 0x28, 0x02, 0x40, 0x09, 0x00, 0x00, 0x00, 0x00, 0x00, 0x00, 0x00, 0x00, 0x00,
  0x00, 0x20, 0x00, 0x00, 0x00, 0x00, 0x00, 0x00, 0x00, 0x00, 0x00, 0x00, 0x00, 0x00, 0x00, 0x00,
  0x00, 0x00, 0x00, 0x00, 0x00, 0x00, 0x00, 0x00, 0x00, 0x00, 0x00, 0x00, 0x00, 0x00, 0x00, 0x00,
  0x00, 0x00, 0x00, 0x00, 0x00, 0x00, 0x00, 0x00, 0x00, 0x00, 0x00, 0x00, 0x00, 0x00, 0x00, 0x00,
  0x00, 0x00, 0x00, 0x00, 0x00, 0x00, 0x00, 0x00, 0x00, 0x00, 0x00, 0x00, 0x00, 0x00, 0x00, 0x00,
  0x00, 0x00, 0x00, 0x00, 0x00, 0x00, 0x00, 0x00, 0x00, 0x00, 0x00, 0x00, 0x00, 0x00, 0x00, 0x00,
  0x00, 0x00, 0x00, 0x00, 0x00, 0x00, 0x00, 0x00, 0x00, 0x00, 0x00, 0x00, 0x00, 0x00, 0x00, 0x00,
  0x00, 0x00, 0x00, 0x00, 0x00, 0x00, 0x00, 0x00, 0x00, 0x00, 0x00, 0x02, 0x80, 0x8C, 0x00, 0x00,
  0x00, 0x00, 0x00, 0x00, 0x00, 0x00, 0x00, 0x00, 0x00, 0x02, 0x00, 0x29, 0x98, 0x00, 0x00, 0x00,
  0x00, 0x00, 0x00, 0x00, 0x00, 0x00, 0x00, 0x00, 0x00, 0x00, 0x00, 0x0A, 0x08, 0x80, 0x00, 0x00,
  0x00, 0x00, 0x00, 0x00, 0x00, 0x00, 0x00, 0x00, 0x00, 0x01, 0x00, 0x00, 0x00, 0x00, 0x00, 0x00,
  0x00, 0x00, 0x00, 0x00, 0x80, 0x00, 0x00, 0x00, 0x00, 0x00, 0x00, 0x00, 0x00, 0x00, 0x08, 0x00,
  0x00, 0x20, 0x00, 0x00, 0x00, 0x00, 0x08, 0x00, 0x00, 0x00, 0x08, 0x00, 0x00, 0x00, 0x01, 0x00,
  0x00, 0x00, 0x00, 0x00, 0x00, 0x00, 0x00, 0x00, 0x00, 0x00, 0x00, 0x00, 0x00, 0x80, 0x00, 0x00,
  0x00, 0x00, 0x00, 0x00, 0x00, 0x00, 0x80, 0x00, 0x00, 0x00, 0x00, 0x00, 0x00, 0x20, 0x00, 0x00,
  0x00, 0x00, 0x00, 0x00, 0x80, 0x00, 0x06, 0x00, 0x40, 0x00, 0x40, 0x00, 0x00, 0x00, 0x80, 0x20,
  0x00, 0x00, 0x00, 0xA0, 0x00, 0x00, 0x00, 0xA0, 0x08, 0x00, 0x00, 0x00, 0x20, 0x20, 0x00, 0x00,
  0x00, 0x60, 0x00, 0x00, 0x00, 0x00, 0x00, 0x10, 0x00, 0x10, 0x00, 0x00, 0x00, 0x00, 0x00, 0x00,
  0x00, 0x00, 0x60, 0x00, 0x00, 0x81, 0x60, 0x00, 0x00, 0x00, 0x00, 0x00, 0x00, 0x00, 0x00, 0x00,
  0x60, 0x00, 0x00, 0x00, 0x00, 0x00, 0x00, 0x00, 0x00, 0x00, 0x00, 0x00, 0x00, 0x00, 0x00, 0x00,
  0x00, 0x08, 0x00, 0x00, 0x00, 0x00, 0x00, 0x00, 0x00, 0x00, 0x00, 0x00, 0x00, 0x00, 0x00, 0x00,
  0x00, 0x00, 0x00, 0x00, 0x00, 0x00, 0x00, 0x00, 0x00, 0x00, 0x00, 0x00, 0x00, 0x00, 0x00, 0x00,
  0x00, 0x00, 0x00, 0x80, 0x00, 0x00, 0x00, 0x80, 0x00, 0x80, 0x00, 0x00, 0x00, 0x80, 0x00, 0x08,
  0x80, 0x00, 0x00, 0x00, 0x00, 0x00, 0x00, 0x00, 0x00, 0x00, 0x00, 0x00, 0x00, 0x00, 0x00, 0x00,
  0x00, 0x00, 0x00, 0x00, 0x00, 0x08, 0x00, 0x00, 0x00, 0x00, 0x00, 0x00, 0x00, 0x00, 0x00, 0x00,
  0x00, 0x00, 0x00, 0x00, 0x00, 0x00, 0x00, 0x00, 0x00, 0x00, 0x00, 0x00, 0x00, 0x00, 0x00, 0x00,
  0x00, 0x00, 0x00, 0x00, 0x00, 0x00, 0x00, 0x00, 0x20, 0x90, 0x00, 0x00, 0x00, 0x00, 0x00, 0x00,
  0x00, 0x00, 0x00, 0x00, 0x00, 0x00, 0x00, 0x00, 0x00, 0x00, 0x00, 0x00, 0x00, 0x00, 0x20, 0x00,
  0x00, 0x00, 0x00, 0x00, 0x00, 0x00, 0x00, 0x00, 0x00, 0x00, 0x00, 0x00, 0x00, 0x00, 0x01, 0x00,
  0x00, 0x00, 0x00, 0x80, 0x00, 0x00, 0x00, 0x00, 0x00, 0x00, 0x00, 0x00, 0x80, 0x00, 0x00, 0x00,
  0x00, 0x00, 0x00, 0x00, 0x00, 0x00, 0x08, 0x00, 0x00, 0x00, 0x10, 0x00, 0x00, 0x00, 0x00, 0x00,
  0x00, 0x00, 0x00, 0x00, 0x01, 0x00, 0x02, 0x00, 0x00, 0x00, 0x00, 0x00, 0x00, 0x00, 0x00, 0x80,
  0x00, 0x00, 0xE1, 0x00, 0x40, 0x00, 0x00, 0x00, 0x20, 0x00, 0x00, 0x00, 0x00, 0x00, 0x81, 0x00,
  0x00, 0x80, 0x80, 0x00, 0x80, 0x00, 0x00, 0x00, 0x80, 0x80, 0x00, 0x00, 0x00, 0x00, 0x00, 0x00,
  0x00, 0x00, 0x00, 0x00, 0x80, 0x00, 0x00, 0x00, 0x00, 0x00, 0x00, 0x00, 0x00, 0x00, 0x00, 0x00,
  0x00, 0x00, 0x00, 0x00, 0x00, 0x02, 0x00, 0x00, 0x00, 0x02, 0x00, 0x00, 0x00, 0x20, 0x00, 0x00,
  0x00, 0x20, 0x00, 0x00, 0x00, 0x00, 0x00, 0x00, 0x00, 0x00, 0x00, 0x00, 0x00, 0x00, 0x00, 0x00,
  0x00, 0x00, 0x00, 0x00, 0x00, 0x00, 0x00, 0x00, 0x00, 0x00, 0x00, 0x02, 0x00, 0x00, 0x00, 0x00,
  0x00, 0x00, 0x00, 0x00, 0x00, 0x00, 0x00, 0x00, 0x00, 0x00, 0x00, 0x01, 0x00, 0x01, 0x00, 0x01,
  0x00, 0x00, 0x00, 0x00, 0x00, 0x00, 0x00, 0x02, 0x00, 0x02, 0x00, 0x00, 0x00, 0x12, 0x00, 0x00,
  0x00, 0x00, 0x00, 0x00, 0x00, 0x00, 0x00, 0x00, 0x00, 0x00, 0x00, 0x00, 0x00, 0x00, 0x00, 0x00,
  0x00, 0x00, 0x00, 0x00, 0x00, 0x00, 0x00, 0x00, 0x00, 0x00, 0x00, 0x00, 0x00, 0x00, 0x00, 0x20,
  0x00, 0x00, 0x00, 0x00, 0x00, 0x00, 0x00, 0x00, 0x00, 0x00, 0x00, 0x00, 0x00, 0x00, 0x00, 0x00,
  0x00, 0x00, 0x00, 0x00, 0x53, 0x00, 0x00, 0x00, 0x00, 0x00, 0x00, 0x00, 0x00, 0x00, 0x00, 0x00,
  0x00, 0x00, 0x00, 0x40, 0x04, 0x00, 0x00, 0x00, 0x01, 0x00, 0x00, 0x00, 0x24, 0x00, 0x04, 0x00,
  0x04, 0x00, 0x12, 0x00, 0x00, 0x00, 0x04, 0x00, 0x10, 0x00, 0x20, 0x00, 0x00, 0x00, 0x04, 0x40,
  0x00, 0x00, 0x03, 0x00, 0x44, 0x00, 0x08, 0x00, 0x40, 0x00, 0x20, 0x00, 0x00, 0x00, 0x04, 0x00,
  0x04, 0x00, 0x12, 0x00, 0x00, 0x40, 0x00, 0x00, 0x00, 0x00, 0x00, 0x00, 0x04, 0x00, 0x20, 0x00,
  0x00, 0x00, 0x00, 0x00, 0x00, 0x00, 0x00, 0x00, 0x00, 0x00, 0x02, 0x40, 0x42, 0x00, 0x02, 0x00,
  0x00, 0x00, 0x40, 0x00, 0x05, 0x00, 0x22, 0x00, 0x40, 0x00, 0x20, 0x00, 0x00, 0x20, 0x40, 0x00,
  0x44, 0x00, 0x00, 0x00, 0x02, 0x00, 0x00, 0x40, 0x00, 0x00, 0x00, 0x00, 0x00, 0x4A, 0x00, 0x01,
  0x40, 0x00, 0x00, 0x00, 0x00, 0x04, 0x00, 0x00, 0x00, 0x02, 0x00, 0x00, 0x00, 0x20, 0x00, 0x38,
  0x00, 0x08, 0x40, 0x00, 0x00, 0x04, 0x00, 0x10, 0x00, 0x08, 0x40, 0x10, 0x40, 0x00, 0x40, 0x00,
  0x40, 0x00, 0x00, 0x00, 0x00, 0x08, 0x00, 0x00, 0x00, 0x14, 0x00, 0x00, 0x40, 0x00, 0x00, 0x00,
  0x00, 0x00, 0x00, 0x00, 0x00, 0x00, 0x00, 0x04, 0x00, 0x04, 0x00, 0x00, 0x00, 0x00, 0x00, 0x04,
  0x00, 0x02, 0x00, 0x04, 0x00, 0x04, 0x00, 0x00, 0x00, 0x20, 0x00, 0x20, 0x00, 0x04, 0x00, 0x30,
  0x00, 0x32, 0x00, 0x02, 0x00, 0x32, 0x00, 0x03, 0x40, 0x04, 0x00, 0x05, 0x00, 0x10, 0x00, 0x01,
  0x00, 0x10, 0x00, 0x10, 0x00, 0x12, 0x00, 0x04, 0x00, 0x02, 0x00, 0x00, 0x00, 0x12, 0x00, 0x10,
  0x00, 0x00, 0x00, 0x00, 0x00, 0x00, 0x00, 0x04, 0x00, 0x00, 0x00, 0x04, 0x00, 0x00, 0x00, 0x00,
  0x00, 0x00, 0x00, 0x04, 0x00, 0x00, 0x00, 0x00, 0x00, 0x00, 0x00, 0x00, 0x00, 0x00, 0x00, 0x00,
  0x00, 0x80, 0x00, 0x00, 0x00, 0x00, 0x00, 0x00, 0x00, 0x00, 0x00, 0x00, 0x00, 0x02, 0x00, 0x80,
  0x08, 0x00, 0x00, 0x00, 0x04, 0x00, 0x10, 0x00, 0x08, 0x00, 0x08, 0x00, 0x08, 0x00, 0x18, 0x00,
  0x00, 0x00, 0x00, 0x00, 0x10, 0x80, 0x82, 0x00, 0x00, 0x00, 0x00, 0x00, 0x00, 0x00, 0x04, 0x00,
  0x88, 0x00, 0x0C, 0x00, 0x00, 0x00, 0x80, 0x00, 0x00, 0x00, 0x08, 0x00, 0x08, 0x00, 0x20, 0x00,
  0x00, 0x00, 0x20, 0x00, 0x00, 0x00, 0x00, 0x00, 0x08, 0x00, 0x00, 0x00, 0x04, 0x00, 0x04, 0x00,
  0x00, 0x80, 0x00, 0x00, 0x00, 0x00, 0x08, 0x00, 0x08, 0x00, 0x40, 0x00, 0x00, 0x00, 0x00, 0x00,
  0x1C, 0x00, 0x08, 0x80, 0x80, 0x00, 0x04, 0x00, 0x00, 0x00, 0x00, 0x00, 0x00, 0x00, 0x00, 0x00,
  0x08, 0x00, 0x00, 0x80, 0x00, 0x00, 0x00, 0x00, 0x00, 0x82, 0x00, 0x44, 0x00, 0x40, 0x00, 0x00,
  0x00, 0x08, 0x00, 0x00, 0x00, 0x08, 0x00, 0x00, 0x00, 0x04, 0x00, 0xC8, 0x00, 0x0C, 0x80, 0x00,
  0x00, 0x0C, 0x00, 0x40, 0x00, 0x18, 0x80, 0x40, 0x80, 0x10, 0x80, 0x00, 0x80, 0x00, 0x00, 0x00,
  0x00, 0x08, 0x00, 0x00, 0x00, 0x20, 0x00, 0x00, 0x80, 0x00, 0x00, 0x00, 0x00, 0x00, 0x00, 0x00,
  0x00, 0x00, 0x00, 0x0C, 0x00, 0x08, 0x00, 0x00, 0x00, 0x00, 0x00, 0x08, 0x00, 0x08, 0x00, 0x08,
  0x00, 0x08, 0x00, 0x04, 0x00, 0x84, 0x00, 0x04, 0x00, 0x08, 0x00, 0x20, 0x00, 0x18, 0x00, 0x0C,
  0x00, 0x2C, 0x00, 0x02, 0x00, 0x4C, 0x00, 0x0C, 0x00, 0x40, 0x00, 0x04, 0x00, 0x40, 0x00, 0x40,
  0x00, 0x28, 0x00, 0x08, 0x00, 0x08, 0x00, 0x00, 0x00, 0x20, 0x00, 0x20, 0x00, 0x00, 0x00, 0x00,
  0x00, 0x00, 0x00, 0x08, 0x00, 0x00, 0x00, 0x18, 0x00, 0x00, 0x00, 0x00, 0x00, 0x00, 0x00, 0x08,
  0x00, 0x00, 0x00, 0x00, 0x00, 0x00, 0x00, 0x00, 0x00, 0x00, 0x00, 0x00, 0x20, 0x00, 0x00, 0x00,
  0x02, 0x00, 0x00, 0x00, 0x00, 0x00, 0x00, 0x00, 0x00, 0x00, 0x00, 0x00, 0x00, 0x00, 0x00, 0x00,
  0x00, 0x00, 0x00, 0x00, 0x00, 0x00, 0x00, 0x00, 0x00, 0x02, 0x04, 0x00, 0x00, 0x00, 0x00, 0x0A,
  0x00, 0x00, 0x00, 0x00, 0x00, 0x00, 0x00, 0x00, 0x00, 0x00, 0x00, 0x00, 0x00, 0x00, 0x00, 0x00,
  0x00, 0x00, 0x00, 0x02, 0x02, 0x00, 0x00, 0x00, 0x00, 0x00, 0x00, 0x00, 0x00, 0x00, 0x08, 0x00,
  0x00, 0x00, 0x00, 0x00, 0x00, 0x00, 0x00, 0x00, 0x00, 0x00, 0x00, 0x00, 0x00, 0x00, 0x00, 0x00,
  0x00, 0x00, 0x00, 0x00, 0x00, 0x00, 0x00, 0x00, 0x00, 0x00, 0x00, 0x00, 0x00, 0x00, 0x00, 0x00,
  0x00, 0x00, 0x00, 0x00, 0x00, 0x00, 0x80, 0x08, 0x00, 0x00, 0x80, 0x00, 0x00, 0x00, 0x00, 0x00,
  0x08, 0x00, 0x00, 0x00, 0x00, 0x00, 0x00, 0x00, 0x00, 0x00, 0x00, 0x00, 0x00, 0x00, 0x00, 0x00,
  0x00, 0x00, 0x08, 0x00, 0x00, 0x00, 0x00, 0x00, 0x00, 0x00, 0x08, 0x00, 0x08, 0x00, 0x00, 0x00,
  0x00, 0x00, 0x00, 0x00, 0x00, 0x00, 0x00, 0x00, 0x00, 0x00, 0x00, 0x00, 0x00, 0x80, 0x00, 0x00,
  0x00, 0x00, 0x00, 0x00, 0x00, 0x00, 0x00, 0x00, 0x00, 0x00, 0x00, 0x00, 0x00, 0x00, 0x00, 0x00,
  0x00, 0x00, 0x00, 0x00, 0x00, 0x00, 0x00, 0x00, 0x00, 0x00, 0x00, 0x00, 0x00, 0x00, 0x04, 0x00,
  0x04, 0x00, 0x00, 0x00, 0x00, 0x00, 0x00, 0x00, 0x00, 0x00, 0x00, 0x00, 0x00, 0x00, 0x00, 0x00,
  0x00, 0x00, 0x00, 0x00, 0x04, 0x00, 0x00, 0x08, 0x00, 0x00, 0x00, 0x00, 0x00, 0x00, 0x00, 0x00,
  0x00, 0x00, 0x00, 0x00, 0x00, 0x00, 0x00, 0x00, 0x00, 0x00, 0x00, 0x00, 0x00, 0x00, 0x00, 0x00,
  0x00, 0x00, 0x00, 0x00, 0x00, 0x00, 0x00, 0x00, 0x00, 0x00, 0x00, 0x00, 0x00, 0x00, 0x00, 0x00,
  0x00, 0x00, 0x00, 0x00, 0x00, 0x00, 0x00, 0x00, 0x50, 0x00, 0x00, 0x00, 0x01, 0x00, 0x00, 0x00,
  0x00, 0x00, 0x00, 0x00, 0x00, 0x00, 0x00, 0x00, 0x00, 0x00, 0x00, 0x00, 0x00, 0x00, 0x20, 0x00,
  0x00, 0x00, 0x00, 0x00, 0x00, 0x01, 0x01, 0x00, 0x00, 0x00, 0x00, 0x08, 0x00, 0x00, 0x00, 0x00,
  0x04, 0x00, 0x00, 0x00, 0x00, 0x04, 0x00, 0x00, 0x00, 0x00, 0x00, 0x00, 0x00, 0x00, 0x00, 0x01,
  0x00, 0x00, 0x00, 0x04, 0x40, 0x00, 0x00, 0x04, 0x00, 0x40, 0x08, 0x04, 0x00, 0x00, 0x00, 0x02,
  0x00, 0x00, 0x00, 0x00, 0x04, 0x00, 0x00, 0x00, 0x00, 0x00, 0x00, 0x00, 0x00, 0x00, 0x00, 0x00,
  0x00, 0x02, 0x01, 0x00, 0x08, 0x00, 0x00, 0x00, 0x00, 0x00, 0x00, 0x00, 0x00, 0x00, 0x00, 0x00,
  0x00, 0x00, 0x40, 0x08, 0x40, 0x00, 0x40, 0x00, 0x40, 0x00, 0x00, 0x00, 0x08, 0x00, 0x00, 0x00,
  0x00, 0x00, 0x00, 0x00, 0x20, 0x00, 0x00, 0x00, 0x20, 0x40, 0x00, 0x00, 0x00, 0x00, 0x08, 0x00,
  0x00, 0x00, 0x00, 0x00, 0x40, 0x00, 0x08, 0x00, 0x08, 0x40, 0x00, 0x00, 0x00, 0x00, 0x04, 0x00,
  0x00, 0x00, 0x00, 0x00, 0x00, 0x00, 0x00, 0x00, 0x00, 0x00, 0x00, 0x00, 0x00, 0x00, 0x00, 0x00,
  0x00, 0x00, 0x00, 0x00, 0x00, 0x00, 0x00, 0x00, 0x00, 0x00, 0x00, 0x00, 0x00, 0x00, 0x00, 0x00,
  0x00, 0x00, 0x00, 0x00, 0x00, 0x00, 0x00, 0x00, 0x00, 0x00, 0x00, 0x00, 0x01, 0x00, 0x00, 0x00,
  0x00, 0x00, 0x00, 0x00, 0x00, 0x00, 0x00, 0x00, 0x00, 0x00, 0x02, 0x00, 0x00, 0x00, 0x00, 0x00,
  0x00, 0x00, 0x00, 0x02, 0x00, 0x00, 0x00, 0x00, 0x00, 0x00, 0x00, 0x00, 0x00, 0x00, 0x00, 0x00,
  0x00, 0x00, 0x00, 0x00, 0x00, 0x00, 0x00, 0x00, 0x00, 0x00, 0x00, 0x00, 0x00, 0x00, 0x00, 0x00,
  0x00, 0x00, 0x00, 0x00, 0x00, 0x00, 0x00, 0x00, 0x00, 0x00, 0x00, 0x00, 0x00, 0x00, 0x00, 0x00,
  0x00, 0x00, 0x00, 0x00, 0x08, 0x00, 0x00, 0x00, 0x00, 0x00, 0x02, 0x00, 0x00, 0x00, 0x00, 0x00,
  0x00, 0x00, 0x00, 0x00, 0x00, 0x00, 0x00, 0x00, 0x00, 0x00, 0x80, 0x00, 0x00, 0x00, 0x00, 0x00,
  0x00, 0x00, 0x00, 0x00, 0x00, 0x00, 0x00, 0x01, 0x00, 0x00, 0x00, 0x00, 0x00, 0x00, 0x00, 0x00,
  0x00, 0x00, 0x00, 0x00, 0x00, 0x00, 0x00, 0x00, 0x00, 0x00, 0x00, 0x00, 0x01, 0x00, 0x00, 0x00,
  0x80, 0x00, 0x00, 0x00, 0x00, 0x80, 0x00, 0x00, 0x00, 0x00, 0x00, 0x00, 0x00, 0x00, 0x00, 0x00,
  0x00, 0x00, 0x00, 0x00, 0x00, 0x00, 0x00, 0x00, 0x00, 0x00, 0x00, 0x00, 0x00, 0x02, 0x00, 0x00,
  0x01, 0x00, 0x00, 0x00, 0x00, 0x00, 0x00, 0x00, 0x00, 0x00, 0x00, 0x00, 0x00, 0x00, 0x00, 0x00,
  0x80, 0x00, 0x00, 0x00, 0x80, 0x00, 0x00, 0x00, 0x00, 0x00, 0x00, 0x00, 0x00, 0x00, 0x00, 0x00,
  0x00, 0x00, 0x00, 0x00, 0x00, 0x00, 0x80, 0x00, 0x00, 0x00, 0x00, 0x00, 0x00, 0x00, 0x00, 0x00,
  0x00, 0x00, 0x00, 0x00, 0x00, 0x00, 0x00, 0x00, 0x00, 0x00, 0x00, 0x00, 0x00, 0x00, 0x00, 0x00,
  0x00, 0x00, 0x00, 0x00, 0x00, 0x00, 0x00, 0x00, 0x00, 0x00, 0x00, 0x00, 0x00, 0x00, 0x00, 0x00,
  0x00, 0x00, 0x00, 0x00, 0x00, 0x00, 0x00, 0x00, 0x00, 0x00, 0x00, 0x00, 0x00, 0x00, 0x00, 0x00,
  0x00, 0x00, 0x00, 0x00, 0x00, 0x00, 0x02, 0x00, 0x00, 0x00, 0x00, 0x00, 0x00, 0x00, 0x00, 0x00,
  0x00, 0x00, 0x00, 0x00, 0x00, 0x00, 0x00, 0x00, 0x00, 0x00, 0x00, 0x00, 0x01, 0x00, 0x00, 0x00,
  0x00, 0x00, 0x00, 0x00, 0x00, 0x00, 0x00, 0x00, 0x00, 0x00, 0x00, 0x00, 0x00, 0x00, 0x00, 0x00,
  0x00, 0x00, 0x00, 0x00, 0x00, 0x00, 0x00, 0x00, 0x00, 0x00, 0x00, 0x00, 0x00, 0x00, 0x00, 0x00,
  0x00, 0x00, 0x00, 0x00, 0x00, 0x00, 0x00, 0x00, 0x00, 0x00, 0x00, 0x00, 0x00, 0x00, 0x00, 0x00,
  0x20, 0x00, 0x00, 0x00, 0x00, 0x00, 0x02, 0x00, 0x00, 0x00, 0x00, 0x00, 0x00, 0x00, 0x00, 0x00,
  0x00, 0x00, 0x00, 0x00, 0x00, 0x00, 0x00, 0x00, 0x03, 0x00, 0x00, 0x00, 0x00, 0x00, 0x00, 0x00,
  0x00, 0x00, 0x00, 0x00, 0x00, 0x00, 0x00, 0x00, 0x04, 0x00, 0x00, 0x00, 0x00, 0x08, 0x00, 0x00,
  0x00, 0x00, 0x00, 0x00, 0x00, 0x00, 0x00, 0x00, 0x00, 0x00, 0x00, 0x08, 0x00, 0x00, 0x00, 0x08,
  0x00, 0x00, 0x00, 0x08, 0x00, 0x00, 0x00, 0x08, 0x00, 0x00, 0x00, 0x00, 0x04, 0x00, 0x00, 0x00,
  0x00, 0x00, 0x00, 0x00, 0x00, 0x00, 0x00, 0x00, 0x00, 0x06, 0x02, 0x03, 0x0A, 0x00, 0x00, 0x00,
  0x00, 0x00, 0x00, 0x60, 0x00, 0x00, 0x00, 0x00, 0x00, 0x00, 0x00, 0x00, 0x00, 0x00, 0x00, 0x00,
  0x00, 0x00, 0x00, 0x00, 0x00, 0x00, 0x60, 0x00, 0x00, 0x00, 0x00, 0x00, 0x80, 0x00, 0x00, 0x00,
  0x80, 0x80, 0x20, 0x00, 0x60, 0x00, 0x00, 0x00, 0x60, 0x00, 0x00, 0x00, 0x80, 0x00, 0x00, 0x00,
  0x00, 0x80, 0x00, 0x00, 0x00, 0x00, 0x08, 0x00, 0x00, 0x00, 0x00, 0x00, 0x00, 0x00, 0x00, 0x00,
  0x00, 0x20, 0x00, 0x00, 0x00, 0x00, 0x00, 0x00, 0x00, 0x00, 0x00, 0x00, 0x00, 0x00, 0x00, 0x00,
  0x00, 0x00, 0x00, 0x00, 0x00, 0x00, 0x00, 0x00, 0x00, 0x00, 0x00, 0x00, 0x00, 0x00, 0x00, 0x00,
  0x00, 0x00, 0x00, 0x00, 0x00, 0x00, 0x00, 0x00, 0x00, 0x00, 0x00, 0x00, 0x00, 0x00, 0x00, 0x00,
  0x00, 0x00, 0x08, 0x00, 0x00, 0x00, 0x00, 0x00, 0x00, 0x00, 0x00, 0x00, 0x00, 0x00, 0x00, 0x00,
  0x00, 0x00, 0x00, 0x00, 0x00, 0x00, 0x00, 0x00, 0x00, 0x00, 0x00, 0x00, 0x00, 0x00, 0x00, 0x00,
  0x00, 0x00, 0x00, 0x00, 0x00, 0x00, 0x00, 0x00, 0x00, 0x00, 0x00, 0x00, 0x00, 0x00, 0x00, 0x00,
  0x00, 0x00, 0x00, 0x00, 0x00, 0x00, 0x00, 0x00, 0x00, 0x00, 0x00, 0x00, 0x00, 0x00, 0x68, 0x80,
  0x28, 0x00, 0x00, 0x40, 0x00, 0x00, 0x00, 0x00, 0x08, 0x00, 0x00, 0x90, 0x00, 0x00, 0x00, 0x00,
  0x80, 0x00, 0x04, 0x20, 0x04, 0x00, 0x00, 0x00, 0x00, 0x00, 0x00, 0x00, 0x00, 0x00, 0x00, 0x00,
  0x00, 0x00, 0x00, 0x00, 0x00, 0x00, 0x00, 0x00, 0x00, 0x00, 0x00, 0x00, 0x00, 0x00, 0x00, 0x00,
  0x00, 0x00, 0x00, 0x00, 0x02, 0x00, 0x00, 0x00, 0x00, 0x00, 0x00, 0x00, 0x00, 0x00, 0x80, 0x00,
  0x00, 0x00, 0x00, 0x00, 0x00, 0x00, 0x00, 0x00, 0x00, 0x00, 0x00, 0x00, 0x00, 0x00, 0x00, 0x00,
  0x00, 0x00, 0x00, 0x00, 0x00, 0x04, 0x00, 0x00, 0x00, 0x00, 0x20, 0x00, 0x00, 0x00, 0x01, 0x80,
  0x00, 0x00, 0x00, 0x00, 0x00, 0x00, 0x00, 0x00, 0x00, 0x00, 0x00, 0x00, 0x00, 0x00, 0x00, 0x00,
  0x00, 0x00, 0x00, 0x00, 0x00, 0x00, 0x00, 0x00, 0x00, 0x00, 0x00, 0x00, 0x00, 0x00, 0x00, 0x00,
  0x00, 0x00, 0x00, 0x00, 0x00, 0x00, 0x00, 0x00, 0x00, 0x00, 0x00, 0x00, 0x00, 0x00, 0x00, 0x00,
  0x00, 0x00, 0x00, 0x00, 0x00, 0x00, 0x00, 0x00, 0x00, 0x00, 0x00, 0x00, 0x00, 0x00, 0x00, 0x00,
  0x00, 0x00, 0x00, 0x00, 0x00, 0x00, 0x00, 0x00, 0x00, 0x00, 0x00, 0x00, 0x00, 0x00, 0x00, 0x00,
  0x00, 0x00, 0x00, 0x00, 0x00, 0x00, 0x00, 0x00, 0x00, 0x00, 0x00, 0x00, 0x00, 0x00, 0x00, 0x00,
  0x00, 0x00, 0x00, 0x00, 0x00, 0x00, 0x00, 0x00, 0x00, 0x00, 0x00, 0x00, 0x00, 0x00, 0x00, 0x00,
  0x00, 0x00, 0x00, 0x00, 0x00, 0x00, 0x00, 0x00, 0x00, 0x00, 0x00, 0x00, 0x00, 0x00, 0x00, 0x00,
  0x00, 0x00, 0x00, 0x00, 0x00, 0x00, 0x00, 0x00, 0x00, 0x00, 0x00, 0x00, 0x00, 0x00, 0x00, 0x00,
  0x00, 0x10, 0x00, 0x00, 0x12, 0x00, 0x00, 0x00, 0x10, 0x80, 0x00, 0x08, 0x00, 0x00, 0x00, 0x00,
  0x00, 0x00, 0x00, 0x00, 0x00, 0x00, 0x00, 0x00, 0x01, 0x01, 0x00, 0x01, 0x80, 0x04, 0x01, 0x00,
  0x42, 0x00, 0x00, 0x00, 0x04, 0x00, 0x00, 0x00, 0x00, 0x00, 0x00, 0x00, 0x01, 0x00, 0x00, 0x00,
  0x00, 0x00, 0x00, 0x00, 0x00, 0x00, 0x00, 0x00, 0x01, 0x00, 0x00, 0x00, 0x00, 0x00, 0x00, 0x00,
  0x00, 0x00, 0x00, 0x00, 0x00, 0x00, 0x00, 0x00, 0x00, 0x00, 0x00, 0x00, 0x00, 0x00, 0x00, 0x00,
  0x00, 0x00, 0x00, 0x00, 0x00, 0x00, 0x00, 0x00, 0x00, 0x00, 0x00, 0x00, 0x00, 0x00, 0x00, 0x00,
  0x00, 0x00, 0x00, 0x00, 0x00, 0x00, 0x00, 0x00, 0x00, 0x00, 0x00, 0x00, 0x00, 0x00, 0x00, 0x00,
  0x00, 0x00, 0x20, 0x08, 0x00, 0x00, 0x00, 0x00, 0x01, 0x00, 0x00, 0x00, 0x00, 0x00, 0x00, 0x01,
  0x82, 0x00, 0x00, 0x00, 0x00, 0x00, 0x00, 0x00, 0x00, 0x00, 0x00, 0x00, 0x00, 0x00, 0x00, 0x00,
  0x00, 0x00, 0x00, 0x00, 0x00, 0x00, 0x00, 0x00, 0x00, 0x00, 0x00, 0x00, 0x00, 0x00, 0x00, 0x00,
  0x00, 0x00, 0x00, 0x08, 0x00, 0x00, 0x00, 0x00, 0x00, 0x00, 0x00, 0x00, 0x00, 0x00, 0x00, 0x00,
  0x00, 0x00, 0x00, 0x00, 0x00, 0x00, 0x00, 0x00, 0x00, 0x00, 0x00, 0x00, 0x00, 0x00, 0x00, 0x00,
  0x00, 0x00, 0x00, 0x00, 0x00, 0x00, 0x00, 0x00, 0x00, 0x00, 0x00, 0x00, 0x00, 0x00, 0x00, 0x00,
  0x00, 0x00, 0x00, 0x00, 0x00, 0x00, 0x00, 0x00, 0x00, 0x00, 0x00, 0x00, 0x00, 0x00, 0x00, 0x00,
  0x00, 0x00, 0x00, 0x00, 0x00, 0x00, 0x00, 0x00, 0x00, 0x00, 0x00, 0x00, 0x00, 0x00, 0x00, 0x00,
  0x00, 0x00, 0x02, 0x80, 0x00, 0x00, 0x00, 0x00, 0x00, 0x00, 0x02, 0x80, 0x00, 0x00, 0x00, 0x00,
  0x00, 0x00, 0x00, 0x00, 0x00, 0x00, 0x00, 0x00, 0x00, 0x00, 0x00, 0x00, 0x00, 0x04, 0x00, 0x00,
  0x08, 0x00, 0x00, 0x00, 0x40, 0x01, 0x00, 0x26, 0x00, 0x00, 0x00, 0x00, 0x00, 0x00, 0x00, 0x00,
  0x00, 0x00, 0x00, 0x00, 0x40, 0x00, 0x00, 0x10, 0x00, 0x08, 0x00, 0x80, 0x00, 0x00, 0x00, 0x00,
  0x10, 0x00, 0x00, 0x08, 0x00, 0x00, 0x00, 0x00, 0x00, 0x00, 0x11, 0x00, 0x02, 0x00, 0x00, 0x00,
  0x00, 0x00, 0x00, 0x00, 0x00, 0x00, 0x00, 0x00, 0x00, 0x00, 0x00, 0x00, 0x00, 0x00, 0x00, 0x00,
  0x00, 0x00, 0x00, 0x00, 0x00, 0x00, 0x00, 0x00, 0x00, 0x00, 0x00, 0x00, 0x00, 0x00, 0x00, 0x00,
  0x00, 0x00, 0x00, 0x00, 0x00, 0x02, 0x00, 0x00, 0x00, 0x00, 0x00, 0x00, 0x00, 0x00, 0x00, 0x00,
  0x00, 0x00, 0x00, 0x00, 0x00, 0x00, 0x00, 0x00, 0x00, 0x00, 0x00, 0x00, 0x00, 0x08, 0x0C, 0x00,
  0x20, 0x00, 0x00, 0x00, 0x00, 0x40, 0x00, 0x00, 0x00, 0x00, 0x00, 0x00, 0x00, 0x00, 0x00, 0x00,
  0x00, 0x00, 0x00, 0x00, 0x00, 0x00, 0x00, 0x00, 0x00, 0x00, 0x00, 0x00, 0x00, 0x08, 0x00, 0x00,
  0x00, 0x00, 0x00, 0x00, 0x00, 0x00, 0x00, 0x00, 0x00, 0x00, 0x00, 0x00, 0x00, 0x00, 0x00, 0x00,
  0x00, 0x00, 0x00, 0x00, 0x00, 0x00, 0x00, 0x00, 0x00, 0x00, 0x00, 0x00, 0x00, 0x00, 0x00, 0x00,
  0x00, 0x00, 0x00, 0x00, 0x00, 0x00, 0x00, 0x00, 0x00, 0x00, 0x00, 0x00, 0x00, 0x00, 0x00, 0x00,
  0x00, 0x00, 0x00, 0x00, 0x00, 0x00, 0x00, 0x00, 0x00, 0x00, 0x00, 0x00, 0x00, 0x00, 0x00, 0x00,
  0x00, 0x00, 0x00, 0x00, 0x00, 0x00, 0x00, 0x00, 0x00, 0x00, 0x00, 0x00, 0x00, 0x00, 0x00, 0x00,
  0x00, 0x00, 0x00, 0x00, 0x00, 0x00, 0x00, 0x00, 0x00, 0x00, 0x00, 0x00, 0x00, 0x00, 0x00, 0x00,
  0x00, 0x00, 0x00, 0x00, 0x00, 0x00, 0x00, 0x00, 0x00, 0x00, 0x00, 0x00, 0x00, 0x00, 0x00, 0x00,
  0x00, 0x00, 0x00, 0x00, 0x00, 0x00, 0x00, 0x00, 0x00, 0x10, 0x00, 0x00, 0x08, 0x01, 0x80, 0x00,
  0x00, 0x00, 0x00, 0x00, 0x00, 0x00, 0x00, 0x00, 0x00, 0x00, 0x00, 0x00, 0x00, 0x00, 0x00, 0x00,
  0x10, 0x80, 0x02, 0x00, 0x20, 0x00, 0x02, 0x02, 0x00, 0x41, 0x80, 0x00, 0x04, 0x00, 0x00, 0x08,
  0x00, 0x00, 0x00, 0x00, 0x11, 0x00, 0x04, 0x80, 0x00, 0x00, 0x00, 0x00, 0x00, 0x00, 0x00, 0x00,
  0x00, 0x40, 0x00, 0x00, 0x00, 0x00, 0x00, 0x00, 0x00, 0x00, 0x00, 0x00, 0x00, 0x00, 0x00, 0x00,
  0x00, 0x00, 0x00, 0x00, 0x00, 0x00, 0x00, 0x00, 0x08, 0x00, 0x00, 0x00, 0x00, 0x00, 0x00, 0x00,
  0x00, 0x00, 0x00, 0x00, 0x00, 0x00, 0x00, 0x00, 0x00, 0x00, 0x00, 0x00, 0x00, 0x00, 0x00, 0x00,
  0x00, 0x00, 0x00, 0x00, 0x00, 0x00, 0x00, 0x00, 0x00, 0x00, 0x20, 0x10, 0x08, 0x00, 0x80, 0x00,
  0x00, 0x00, 0x00, 0x00, 0x00, 0x00, 0x00, 0x00, 0x00, 0x40, 0x00, 0x00, 0x00, 0x00, 0x00, 0x00,
  0x00, 0x00, 0x00, 0x00, 0x00, 0x00, 0x00, 0x00, 0x00, 0x00, 0x00, 0x00, 0x00, 0x00, 0x00, 0x00,
  0x00, 0x00, 0x00, 0x00, 0x00, 0x00, 0x00, 0x00, 0x00, 0x00, 0x00, 0x10, 0x00, 0x00, 0x00, 0x00,
  0x00, 0x00, 0x00, 0x00, 0x00, 0x00, 0x00, 0x00, 0x00, 0x00, 0x00, 0x00, 0x00, 0x00, 0x00, 0x00,
  0x00, 0x00, 0x00, 0x00, 0x00, 0x00, 0x00, 0x00, 0x00, 0x00, 0x00, 0x00, 0x00, 0x00, 0x00, 0x00,
  0x00, 0x00, 0x00, 0x00, 0x00, 0x00, 0x00, 0x00, 0x00, 0x00, 0x00, 0x00, 0x00, 0x00, 0x00, 0x00,
  0x00, 0x00, 0x00, 0x00, 0x00, 0x00, 0x00, 0x00, 0x00, 0x00, 0x00, 0x00, 0x00, 0x00, 0x00, 0x00,
  0x00, 0x00, 0x00, 0x00, 0x00, 0x00, 0x00, 0x00, 0x00, 0x00, 0x00, 0x00, 0x00, 0x00, 0x00, 0x00,
  0x00, 0x00, 0x00, 0x00, 0x00, 0x00, 0x00, 0x00, 0x00, 0x00, 0x00, 0x00, 0x00, 0x00, 0x00, 0x00,
  0x00, 0x00, 0x00, 0x00, 0x00, 0x04, 0x00, 0x00, 0x00, 0x05, 0x00, 0x00, 0x00, 0x11, 0x00, 0x00,
  0x00, 0x05, 0x00, 0x00, 0x00, 0x00, 0x00, 0x00, 0x00, 0x00, 0x00, 0x00, 0x00, 0x00, 0x00, 0x00,
  0x00, 0x04, 0x00, 0x00, 0x40, 0x09, 0x80, 0x00, 0x00, 0x04, 0x00, 0x00, 0x00, 0x09, 0x80, 0x00,
  0x00, 0x05, 0x01, 0x00, 0x40, 0x10, 0x00, 0x00, 0x00, 0x00, 0x00, 0x00, 0x00, 0x00, 0x00, 0x00,
  0x00, 0x00, 0x00, 0x00, 0x00, 0x00, 0x00, 0x00, 0x00, 0x00, 0x00, 0x00, 0x00, 0x00, 0x00, 0x00,
  0x00, 0x00, 0x00, 0x00, 0x00, 0x00, 0x00, 0x00, 0x00, 0x00, 0x00, 0x00, 0x00, 0x00, 0x00, 0x00,
  0x00, 0x00, 0x00, 0x00, 0x00, 0x00, 0x00, 0x00, 0x00, 0x00, 0x00, 0x00, 0x00, 0x00, 0x00, 0x00,
  0x00, 0x00, 0x00, 0x00, 0x00, 0x00, 0x00, 0x80, 0x88, 0x00, 0x00, 0x00, 0x00, 0x00, 0x04, 0x20,
  0x00, 0x00, 0x00, 0x00, 0x00, 0x00, 0x00, 0x00, 0x00, 0x00, 0x00, 0x00, 0x00, 0x00, 0x00, 0x00,
  0x00, 0x00, 0x00, 0x00, 0x00, 0x00, 0x00, 0x00, 0x00, 0x00, 0x00, 0x00, 0x00, 0x00, 0x00, 0x00,
  0x00, 0x00, 0x00, 0x00, 0x00, 0x00, 0x00, 0x00, 0x00, 0x00, 0x00, 0x00, 0x00, 0x00, 0x00, 0x00,
  0x00, 0x00, 0x00, 0x00, 0x00, 0x00, 0x00, 0x00, 0x00, 0x00, 0x00, 0x00, 0x00, 0x00, 0x00, 0x00,
  0x00, 0x00, 0x00, 0x00, 0x00, 0x00, 0x00, 0x00, 0x00, 0x00, 0x00, 0x00, 0x00, 0x00, 0x00, 0x00,
  0x00, 0x00, 0x00, 0x00, 0x00, 0x00, 0x00, 0x00, 0x00, 0x00, 0x00, 0x00, 0x00, 0x00, 0x00, 0x00,
  0x00, 0x00, 0x00, 0x00, 0x00, 0x00, 0x00, 0x00, 0x00, 0x00, 0x00, 0x00, 0x00, 0x00, 0x00, 0x00,
  0x00, 0x00, 0x00, 0x00, 0x00, 0x00, 0x00, 0x00, 0x00, 0x00, 0x00, 0x00, 0x00, 0x00, 0x00, 0x00,
  0x00, 0x00, 0x00, 0x00, 0x00, 0x00, 0x00, 0x00, 0x00, 0x00, 0x00, 0x00, 0x00, 0x00, 0x09, 0x80,
  0x00, 0x00, 0x04, 0x00, 0x00, 0x00, 0x09, 0x80, 0x00, 0x00, 0x06, 0x54, 0x81, 0x00, 0x00, 0x00,
  0x00, 0x00, 0x00, 0x00, 0x00, 0x00, 0x00, 0x00, 0x01, 0x00, 0x00, 0x00, 0x80, 0x8C, 0x02, 0x00,
  0x00, 0x00, 0x00, 0x00, 0x00, 0x08, 0x00, 0x00, 0x00, 0x20, 0xA4, 0x00, 0x00, 0x0A, 0x02, 0x80,
  0x00, 0x20, 0x00, 0x00, 0x00, 0x00, 0x00, 0x00, 0x00, 0x00, 0x00, 0x00, 0x00, 0x00, 0x00, 0x00,
  0x00, 0x00, 0x00, 0x00, 0x00, 0x00, 0x00, 0x00, 0x00, 0x00, 0x00, 0x00, 0x00, 0x00, 0x00, 0x00,
  0x00, 0x00, 0x00, 0x00, 0x00, 0x00, 0x00, 0x00, 0x00, 0x00, 0x00, 0x00, 0x00, 0x00, 0x00, 0x00,
  0x00, 0x00, 0x00, 0x00, 0x00, 0x00, 0x00, 0x00, 0x00, 0x00, 0x00, 0x00, 0x00, 0x00, 0x00, 0x00,
  0x00, 0x00, 0x08, 0x21, 0x20, 0x08, 0x80, 0x00, 0x00, 0x00, 0x00, 0x00, 0x00, 0x00, 0x02, 0x00,
  0x00, 0x00, 0x00, 0x00, 0x00, 0x00, 0x00, 0x00, 0x00, 0x00, 0x00, 0x00, 0x00, 0x00, 0x00, 0x00,
  0x00, 0x00, 0x00, 0x00, 0x00, 0x00, 0x00, 0x00, 0x00, 0x00, 0x00, 0x00, 0x00, 0x00, 0x00, 0x00,
  0x00, 0x00, 0x00, 0x00, 0x00, 0x80, 0x00, 0x00, 0x00, 0x00, 0x00, 0x00, 0x00, 0x00, 0x00, 0x00,
  0x00, 0x00, 0x00, 0x00, 0x00, 0x00, 0x00, 0x00, 0x00, 0x00, 0x00, 0x00, 0x00, 0x00, 0x00, 0x00,
  0x00, 0x00, 0x00, 0x00, 0x00, 0x00, 0x00, 0x00, 0x00, 0x00, 0x00, 0x00, 0x00, 0x00, 0x00, 0x00,
  0x00, 0x00, 0x00, 0x00, 0x00, 0x00, 0x00, 0x00, 0x00, 0x00, 0x00, 0x00, 0x00, 0x00, 0x00, 0x00,
  0x00, 0x00, 0x00, 0x00, 0x00, 0x00, 0x00, 0x00, 0x00, 0x00, 0x00, 0x00, 0x00, 0x00, 0x00, 0x00,
  0x00, 0x00, 0x00, 0x00, 0x00, 0x00, 0x00, 0x00, 0x00, 0x00, 0x00, 0x00, 0x00, 0x00, 0x00, 0x00,
  0x00, 0x00, 0x00, 0x00, 0x00, 0x00, 0x00, 0x00, 0x00, 0x00, 0x00, 0x00, 0x00, 0x00, 0x08, 0x00,
  0x00, 0x01, 0x80, 0xA4, 0x00, 0x00, 0x08, 0x11, 0x00, 0x41, 0x90, 0x00, 0x00, 0x00, 0x00, 0x00,
  0x00, 0x00, 0x00, 0x00, 0x02, 0x00, 0x00, 0x00, 0x80, 0x00, 0x00, 0x00, 0x00, 0x00, 0x00, 0x00,
  0x00, 0x20, 0x00, 0x00, 0x01, 0x00, 0x10, 0x00, 0x00, 0x22, 0x10, 0x80, 0x01, 0x00, 0x00, 0x00,
  0x00, 0x00, 0x00, 0x00, 0x00, 0x00, 0x00, 0x00, 0x00, 0x00, 0x00, 0x00, 0x00, 0x00, 0x00, 0x00,
  0x00, 0x00, 0x00, 0x00, 0x00, 0x00, 0x00, 0x00, 0x00, 0x00, 0x00, 0x00, 0x00, 0x00, 0x00, 0x00,
  0x00, 0x00, 0x00, 0x00, 0x00, 0x00, 0x00, 0x00, 0x00, 0x00, 0x00, 0x00, 0x00, 0x00, 0x00, 0x00,
  0x00, 0x00, 0x00, 0x00, 0x00, 0x00, 0x00, 0x00, 0x00, 0x00, 0x00, 0x00, 0x00, 0x02, 0xA0, 0x04,
  0x20, 0x11, 0x00, 0x00, 0x00, 0x00, 0x00, 0x80, 0x00, 0x00, 0x00, 0x00, 0x00, 0x00, 0x00, 0x00,
  0x00, 0x00, 0x00, 0x00, 0x00, 0x00, 0x00, 0x00, 0x00, 0x00, 0x00, 0x00, 0x00, 0x00, 0x00, 0x00,
  0x00, 0x00, 0x00, 0x00, 0x00, 0x00, 0x00, 0x00, 0x00, 0x00, 0x00, 0x00, 0x00, 0x00, 0x00, 0x00,
  0x00, 0x00, 0x00, 0x00, 0x00, 0x00, 0x00, 0x00, 0x00, 0x00, 0x00, 0x00, 0x00, 0x00, 0x00, 0x00,
  0x00, 0x00, 0x00, 0x00, 0x00, 0x00, 0x00, 0x00, 0x00, 0x00, 0x00, 0x00, 0x00, 0x00, 0x00, 0x00,
  0x00, 0x00, 0x00, 0x00, 0x00, 0x00, 0x00, 0x00, 0x00, 0x00, 0x00, 0x00, 0x00, 0x00, 0x00, 0x00,
  0x00, 0x00, 0x00, 0x00, 0x00, 0x00, 0x00, 0x00, 0x00, 0x00, 0x00, 0x00, 0x00, 0x00, 0x00, 0x00,
  0x00, 0x00, 0x00, 0x00, 0x00, 0x00, 0x00, 0x00, 0x00, 0x00, 0x00, 0x00, 0x00, 0x00, 0x00, 0x00,
  0x00, 0x00, 0x00, 0x00, 0x00, 0x00, 0x00, 0x00, 0x00, 0x00, 0x00, 0x00, 0x00, 0x00, 0x00, 0x00,
  0x00, 0x00, 0x00, 0x00, 0x00, 0x00, 0x00, 0x00, 0x00, 0x00, 0x04, 0x00, 0x00, 0x00, 0x00, 0x10,
  0x00, 0x00, 0x20, 0x00, 0x00, 0x00, 0x40, 0x00, 0x00, 0x00, 0x00, 0x00, 0x00, 0x00, 0x00, 0x00,
  0x02, 0x00, 0x00, 0x00, 0x02, 0x10, 0x10, 0x00, 0x40, 0x02, 0x00, 0x00, 0x00, 0x04, 0x00, 0x00,
  0x00, 0x02, 0x00, 0x00, 0x00, 0x04, 0x21, 0x00, 0x40, 0x10, 0x00, 0x00, 0x00, 0x00, 0x00, 0x00,
  0x00, 0x00, 0x00, 0x00, 0x00, 0x00, 0x00, 0x00, 0x00, 0x00, 0x00, 0x00, 0x00, 0x00, 0x00, 0x00,
  0x00, 0x00, 0x00, 0x00, 0x00, 0x00, 0x00, 0x00, 0x00, 0x00, 0x00, 0x00, 0x00, 0x00, 0x00, 0x00,
  0x00, 0x00, 0x00, 0x00, 0x00, 0x00, 0x00, 0x00, 0x00, 0x00, 0x00, 0x00, 0x00, 0x00, 0x00, 0x00,
  0x00, 0x00, 0x00, 0x00, 0x00, 0x00, 0x00, 0x00, 0x00, 0x00, 0x00, 0x14, 0x00, 0x02, 0x20, 0x00,
  0x00, 0x00, 0x04, 0x00, 0x00, 0x00, 0x10, 0x00, 0x00, 0x00, 0x00, 0x00, 0x00, 0x00, 0x00, 0x00,
  0x00, 0x00, 0x00, 0x00, 0x00, 0x00, 0x00, 0x00, 0x00, 0x00, 0x00, 0x00, 0x00, 0x00, 0x00, 0x00,
  0x00, 0x00, 0x00, 0x00, 0x00, 0x00, 0x00, 0x00, 0x00, 0x00, 0x00, 0x00, 0x00, 0x80, 0x00, 0x00,
  0x00, 0x00, 0x00, 0x00, 0x00, 0x00, 0x00, 0x00, 0x00, 0x00, 0x00, 0x00, 0x00, 0x00, 0x00, 0x00,
  0x00, 0x00, 0x00, 0x00, 0x00, 0x00, 0x00, 0x00, 0x00, 0x00, 0x00, 0x00, 0x00, 0x00, 0x00, 0x00,
  0x00, 0x00, 0x00, 0x00, 0x00, 0x00, 0x00, 0x00, 0x00, 0x00, 0x00, 0x00, 0x00, 0x00, 0x00, 0x00,
  0x00, 0x00, 0x00, 0x00, 0x00, 0x00, 0x00, 0x00, 0x00, 0x00, 0x00, 0x00, 0x00, 0x00, 0x00, 0x00,
  0x00, 0x00, 0x00, 0x00, 0x00, 0x00, 0x00, 0x00, 0x00, 0x00, 0x00, 0x00, 0x00, 0x00, 0x00, 0x00,
  0x00, 0x00, 0x00, 0x00, 0x00, 0x00, 0x00, 0x00, 0x00, 0x00, 0x00, 0x00, 0x00, 0x00, 0x00, 0x00,
  0x00, 0x00, 0x02, 0x00, 0x00, 0x00, 0x10, 0x00, 0x00, 0x00, 0x02, 0x00, 0x00, 0x00, 0x04, 0x84,
  0x20, 0x00, 0x00, 0x00, 0x00, 0x00, 0x00, 0x00, 0x00, 0x00, 0x00, 0x00, 0x00, 0x00, 0x00, 0x00,
  0x00, 0x00, 0x00, 0x10, 0x00, 0x02, 0x00, 0x00, 0x00, 0x00, 0x00, 0x00, 0x40, 0x10, 0x00, 0x00,
  0x00, 0x00, 0x84, 0x00, 0x00, 0x00, 0x00, 0x00, 0x00, 0x00, 0x00, 0x00, 0x00, 0x00, 0x00, 0x00,
  0x00, 0x00, 0x00, 0x00, 0x00, 0x00, 0x00, 0x00, 0x00, 0x00, 0x00, 0x00, 0x00, 0x00, 0x00, 0x00,
  0x00, 0x00, 0x00, 0x00, 0x00, 0x00, 0x00, 0x00, 0x00, 0x00, 0x20, 0x00, 0x00, 0x00, 0x00, 0x00,
  0x00, 0x00, 0x40, 0x00, 0x00, 0x00, 0x00, 0x00, 0x00, 0x00, 0x00, 0x00, 0x00, 0x00, 0x00, 0x00,
  0x00, 0x00, 0x00, 0x00, 0x00, 0x00, 0x80, 0x00, 0x00, 0x84, 0x20, 0x00, 0x00, 0x00, 0x04, 0x00,
  0x00, 0x00, 0x00, 0x00, 0x00, 0x00, 0x00, 0x00, 0x00, 0x00, 0x00, 0x00, 0x00, 0x00, 0x00, 0x00,
  0x00, 0x00, 0x00, 0x00, 0x00, 0x00, 0x00, 0x00, 0x00, 0x00, 0x00, 0x00, 0x00, 0x00, 0x00, 0x00,
  0x00, 0x00, 0x00, 0x00, 0x00, 0x00, 0x00, 0x00, 0x00, 0x00, 0x00, 0x00, 0x00, 0x00, 0x00, 0x00,
  0x00, 0x00, 0x00, 0x00, 0x00, 0x00, 0x00, 0x00, 0x00, 0x00, 0x00, 0x00, 0x00, 0x00, 0x00, 0x00,
  0x00, 0x00, 0x00, 0x00, 0x00, 0x00, 0x00, 0x00, 0x00, 0x00, 0x00, 0x00, 0x00, 0x00, 0x00, 0x00,
  0x00, 0x00, 0x00, 0x00, 0x00, 0x00, 0x00, 0x00, 0x00, 0x00, 0x00, 0x00, 0x00, 0x00, 0x00, 0x00,
  0x00, 0x00, 0x00, 0x00, 0x00, 0x00, 0x00, 0x00, 0x00, 0x00, 0x00, 0x00, 0x00, 0x00, 0x00, 0x00,
  0x00, 0x00, 0x00, 0x00, 0x00, 0x00, 0x00, 0x00, 0x00, 0x00, 0x00, 0x00, 0x00, 0x00, 0x00, 0x00,
  0x00, 0x00, 0x00, 0x40, 0x00, 0x00, 0x00, 0x00, 0x00, 0x00, 0x00, 0x00, 0x00, 0x00, 0x00, 0x80,
  0x00, 0x00, 0x00, 0x00, 0x00, 0x40, 0x10, 0x00, 0x00, 0x00, 0x00, 0x00, 0x00, 0x00, 0x00, 0x00,
  0x00, 0x00, 0x00, 0x00, 0x00, 0x00, 0x00, 0x00, 0x00, 0x00, 0x00, 0x00, 0x00, 0x00, 0x00, 0x00,
  0x00, 0x00, 0x00, 0x00, 0x00, 0x00, 0x00, 0x00, 0x00, 0x00, 0x00, 0x00, 0x01, 0x00, 0x00, 0x00,
  0x00, 0x40, 0x00, 0x00, 0x00, 0x00, 0x00, 0x00, 0x00, 0x00, 0x00, 0x00, 0x00, 0x00, 0x00, 0x00,
  0x00, 0x00, 0x00, 0x00, 0x00, 0x01, 0x45, 0x00, 0x00, 0x00, 0x00, 0x00, 0x00, 0x00, 0x02, 0x00,
  0x00, 0x00, 0x00, 0x00, 0x00, 0x00, 0x00, 0x00, 0x00, 0x00, 0x00, 0x00, 0x00, 0x00, 0x02, 0x00,
  0x00, 0x00, 0x00, 0x00, 0x00, 0x00, 0x00, 0x00, 0x00, 0x00, 0x00, 0x00, 0x00, 0x00, 0x00, 0x00,
  0x00, 0x00, 0x00, 0x04, 0x22, 0x01, 0x00, 0x00, 0x00, 0x00, 0x00, 0x00, 0x00, 0x00, 0x08, 0x00,
  0x00, 0x00, 0x00, 0x00, 0x00, 0x00, 0x00, 0x00, 0x00, 0x00, 0x00, 0x00, 0x00, 0x00, 0x00, 0x00,
  0x00, 0x00, 0x00, 0x00, 0x00, 0x00, 0x00, 0x00, 0x00, 0x00, 0x00, 0x00, 0x00, 0x00, 0x00, 0x00,
  0x00, 0x00, 0x00, 0x04, 0x00, 0x00, 0x00, 0x00, 0x00, 0x00, 0x00, 0x00, 0x00, 0x00, 0x00, 0x00,
  0x00, 0x00, 0x00, 0x00, 0x00, 0x00, 0x00, 0x00, 0x00, 0x00, 0x00, 0x00, 0x00, 0x00, 0x00, 0x00,
  0x00, 0x00, 0x00, 0x00, 0x00, 0x00, 0x00, 0x00, 0x00, 0x00, 0x00, 0x00, 0x00, 0x00, 0x00, 0x00,
  0x00, 0x00, 0x00, 0x00, 0x00, 0x00, 0x00, 0x00, 0x00, 0x00, 0x00, 0x00, 0x00, 0x00, 0x00, 0x00,
  0x00, 0x00, 0x00, 0x00, 0x00, 0x00, 0x00, 0x00, 0x00, 0x00, 0x00, 0x00, 0x00, 0x00, 0x00, 0x00,
  0x00, 0x00, 0x00, 0x00, 0x00, 0x00, 0x00, 0x01, 0x00, 0x00, 0x00, 0x00, 0x00, 0x00, 0x00, 0x00,
  0x00, 0x00, 0x00, 0x00, 0x00, 0x00, 0x00, 0x00, 0x00, 0x00, 0x08, 0x00, 0x00, 0x00, 0x00, 0x00,
  0x00, 0x00, 0x00, 0x00, 0x00, 0x01, 0x00, 0x00, 0x10, 0x80, 0x00, 0x00, 0x00, 0x00, 0x00, 0x00,
  0x00, 0x00, 0x00, 0x00, 0x00, 0x00, 0x04, 0x00, 0x00, 0x00, 0x00, 0x00, 0x00, 0x00, 0x00, 0x00,
  0x00, 0x00, 0x00, 0x00, 0x00, 0x00, 0xA0, 0x00, 0x0A, 0x40, 0x10, 0x00, 0x41, 0x90, 0x04, 0x00,
  0x00, 0x00, 0x00, 0x00, 0x00, 0x00, 0x00, 0x00, 0x00, 0x00, 0x00, 0x00, 0x00, 0x00, 0x00, 0x00,
  0x00, 0x00, 0x00, 0x00, 0x00, 0x00, 0x00, 0x00, 0x00, 0x00, 0x00, 0x00, 0x00, 0x00, 0x00, 0x00,
  0x00, 0x00, 0x01, 0x00, 0x00, 0x00, 0x00, 0x00, 0x00, 0x00, 0x00, 0x00, 0x00, 0x00, 0x00, 0x00,
  0x00, 0x00, 0x00, 0x00, 0x00, 0x00, 0x00, 0x00, 0x00, 0x00, 0x00, 0x00, 0x00, 0x0A, 0x00, 0x01,
  0x20, 0x00, 0x40, 0x00, 0x00, 0x00, 0x88, 0x00, 0x00, 0x00, 0x10, 0x00, 0x00, 0x00, 0x00, 0x00,
  0x00, 0x00, 0x00, 0x00, 0x00, 0x00, 0x00, 0x00, 0x00, 0x00, 0x00, 0x00, 0x00, 0x00, 0x00, 0x00,
  0x00, 0x00, 0x00, 0x00, 0x00, 0x00, 0x00, 0x00, 0x00, 0x00, 0x00, 0x00, 0x00, 0x00, 0x00, 0x00,
  0x00, 0x00, 0x00, 0x00, 0x00, 0x00, 0x00, 0x00, 0x00, 0x00, 0x00, 0x00, 0x00, 0x00, 0x00, 0x00,
  0x00, 0x00, 0x00, 0x00, 0x00, 0x00, 0x00, 0x00, 0x00, 0x00, 0x00, 0x00, 0x00, 0x00, 0x00, 0x00,
  0x00, 0x00, 0x00, 0x00, 0x00, 0x00, 0x00, 0x00, 0x00, 0x00, 0x00, 0x00, 0x00, 0x00, 0x00, 0x00,
  0x00, 0x00, 0x00, 0x00, 0x00, 0x00, 0x00, 0x00, 0x00, 0x00, 0x00, 0x00, 0x00, 0x00, 0x00, 0x00,
  0x00, 0x00, 0x00, 0x00, 0x00, 0x00, 0x00, 0x00, 0x00, 0x00, 0x00, 0x00, 0x00, 0x00, 0x00, 0x00,
  0x00, 0x00, 0x00, 0x00, 0x00, 0x00, 0x00, 0x00, 0x00, 0x00, 0x00, 0x00, 0x00, 0x00, 0x00, 0x00,
  0x00, 0x00, 0x00, 0x00, 0x00, 0x00, 0x08, 0x00, 0x00, 0x00, 0x00, 0x00, 0x00, 0x00, 0x00, 0xA0,
  0x00, 0x0A, 0x42, 0x12, 0x00, 0x01, 0x30, 0x00, 0x00, 0x00, 0x00, 0x00, 0x00, 0x00, 0x00, 0x00,
  0x00, 0x00, 0x10, 0x00, 0x90, 0x00, 0x00, 0x40, 0x00, 0x09, 0x80, 0x00, 0x00, 0x00, 0x00, 0x00,
  0x40, 0x10, 0x00, 0x00, 0x00, 0x02, 0x50, 0x15, 0x00, 0x00, 0x04, 0x00, 0x00, 0x00, 0x00, 0x00,
  0x00, 0x00, 0x00, 0x00, 0x00, 0x00, 0x00, 0x00, 0x00, 0x00, 0x00, 0x00, 0x00, 0x00, 0x00, 0x00,
  0x00, 0x00, 0x00, 0x00, 0x00, 0x01, 0x12, 0x00, 0x00, 0x00, 0x00, 0x00, 0x00, 0x00, 0x82, 0x00,
  0x00, 0x00, 0x00, 0x00, 0x00, 0x01, 0x02, 0x00, 0x00, 0x00, 0x00, 0x00, 0x00, 0x00, 0x00, 0x00,
  0x00, 0x00, 0x00, 0x00, 0x00, 0x00, 0x00, 0x00, 0x00, 0x08, 0x00, 0x00, 0x88, 0x06, 0x00, 0x00,
  0x00, 0x00, 0x10, 0x00, 0x00, 0x00, 0x00, 0x00, 0x00, 0x00, 0x00, 0x00, 0x00, 0x00, 0x00, 0x00,
  0x00, 0x00, 0x00, 0x00, 0x00, 0x00, 0x00, 0x00, 0x00, 0x00, 0x00, 0x00, 0x00, 0x00, 0x00, 0x00,
  0x00, 0x00, 0x00, 0x00, 0x00, 0x00, 0x00, 0x00, 0x00, 0x00, 0x00, 0x10, 0x00, 0x00, 0x00, 0x00,
  0x00, 0x00, 0x00, 0x00, 0x00, 0x00, 0x00, 0x00, 0x00, 0x00, 0x00, 0x00, 0x00, 0x00, 0x00, 0x00,
  0x00, 0x00, 0x00, 0x00, 0x00, 0x00, 0x00, 0x00, 0x00, 0x00, 0x00, 0x00, 0x00, 0x00, 0x00, 0x00,
  0x00, 0x00, 0x00, 0x00, 0x00, 0x00, 0x00, 0x00, 0x00, 0x00, 0x00, 0x00, 0x00, 0x00, 0x00, 0x00,
  0x00, 0x00, 0x00, 0x00, 0x00, 0x00, 0x00, 0x00, 0x00, 0x00, 0x00, 0x00, 0x00, 0x00, 0x00, 0x00,
  0x00, 0x00, 0x00, 0x00, 0x00, 0x00, 0x00, 0x00, 0x00, 0x00, 0x00, 0x00, 0x00, 0x00, 0x00, 0x01,
  0x00, 0x00, 0x00, 0x00, 0x00, 0x00, 0x01, 0x00, 0x00, 0x00, 0x00, 0x00, 0x00, 0x00, 0x00, 0x00,
  0x00, 0x00, 0x04, 0x00, 0x00, 0x00, 0x00, 0x00, 0x00, 0x40, 0x10, 0x00, 0x00, 0x00, 0x03, 0x10,
  0x40, 0x40, 0x10, 0x00, 0x00, 0x00, 0x00, 0x00, 0x00, 0x00, 0x00, 0x00, 0x00, 0x00, 0x00, 0x00,
  0x00, 0x00, 0x00, 0x00, 0x00, 0x00, 0x00, 0x01, 0x00, 0x40, 0x04, 0x00, 0x00, 0x00, 0x00, 0x00,
  0x00, 0x01, 0x00, 0x40, 0x40, 0x00, 0x00, 0x00, 0x00, 0x00, 0x00, 0x00, 0x00, 0x00, 0x00, 0x00,
  0x00, 0x00, 0x00, 0x00, 0x00, 0x00, 0x00, 0x00, 0x00, 0x00, 0x04, 0x00, 0x00, 0x00, 0x00, 0x00,
  0x00, 0x00, 0x04, 0x00, 0x00, 0x00, 0x00, 0x00, 0x00, 0x00, 0x04, 0x00, 0x00, 0x00, 0x00, 0x00,
  0x00, 0x00, 0x04, 0x00, 0x00, 0x00, 0x00, 0x00, 0x00, 0x00, 0x00, 0x00, 0x00, 0x00, 0x00, 0x00,
  0x00, 0x00, 0x00, 0x00, 0x00, 0x00, 0x00, 0x00, 0x00, 0x00, 0x00, 0x00, 0x00, 0x00, 0x00, 0x00,
  0x00, 0x00, 0x00, 0x00, 0x00, 0x00, 0x00, 0x00, 0x00, 0x00, 0x00, 0x00, 0x00, 0x00, 0x00, 0x00,
  0x00, 0x00, 0x00, 0x00, 0x00, 0x00, 0x00, 0x00, 0x00, 0x00, 0x00, 0x00, 0x00, 0x00, 0x00, 0x00,
  0x00, 0x00, 0x00, 0x00, 0x00, 0x00, 0x00, 0x00, 0x00, 0x00, 0x00, 0x00, 0x00, 0x00, 0x00, 0x00,
  0x00, 0x00, 0x00, 0x00, 0x00, 0x00, 0x00, 0x00, 0x00, 0x00, 0x00, 0x00, 0x00, 0x00, 0x00, 0x00,
  0x00, 0x00, 0x00, 0x00, 0x00, 0x00, 0x00, 0x00, 0x00, 0x00, 0x00, 0x00, 0x00, 0x00, 0x00, 0x00,
  0x00, 0x00, 0x00, 0x00, 0x00, 0x00, 0x00, 0x00, 0x00, 0x00, 0x00, 0x00, 0x00, 0x00, 0x00, 0x00,
  0x00, 0x00, 0x00, 0x00, 0x00, 0x00, 0x00, 0x00, 0x00, 0x00, 0x00, 0x00, 0x00, 0x00, 0x00, 0x00,
  0x00, 0x00, 0x00, 0x00, 0x00, 0x00, 0x00, 0x00, 0x00, 0x00, 0x00, 0x00, 0x00, 0x00, 0x00, 0x00,
  0x00, 0x00, 0x00, 0x04, 0x00, 0x00, 0x00, 0x00, 0x00, 0x00, 0x00, 0x00, 0x00, 0x00, 0x00, 0x00,
  0x10, 0x00, 0x44, 0x00, 0x00, 0x00, 0x00, 0x00, 0x00, 0x00, 0x01, 0x00, 0x00, 0x40, 0x00, 0x00,
  0x00, 0x00, 0x00, 0x00, 0x00, 0x00, 0x00, 0x00, 0x00, 0x10, 0x00, 0x00, 0x00, 0x00, 0x00, 0x00,
  0x00, 0x00, 0x00, 0x00, 0x08, 0x00, 0x00, 0x00, 0x00, 0x00, 0x00, 0x00, 0x00, 0x08, 0x00, 0x02,
  0x40, 0x00, 0x00, 0x00, 0x00, 0x00, 0x00, 0x00, 0x00, 0x00, 0x00, 0x00, 0x00, 0x00, 0x00, 0x00,
  0x00, 0x00, 0x00, 0x00, 0x00, 0x00, 0x02, 0x00, 0x00, 0x00, 0x00, 0x00, 0x00, 0x00, 0x02, 0x00,
  0x00, 0x00, 0x00, 0x00, 0x00, 0x00, 0x02, 0x00, 0x00, 0x00, 0x00, 0x00, 0x00, 0x00, 0x02, 0x00,
  0x00, 0x00, 0x00, 0x00, 0x00, 0x00, 0x00, 0x00, 0x00, 0x00, 0x00, 0x00, 0x00, 0x00, 0x00, 0x00,
  0x00, 0x00, 0x00, 0x00, 0x00, 0x00, 0x00, 0x00, 0x00, 0x00, 0x00, 0x00, 0x00, 0x00, 0x00, 0x00,
  0x00, 0x00, 0x00, 0x00, 0x00, 0x00, 0x00, 0x00, 0x00, 0x00, 0x00, 0x00, 0x00, 0x00, 0x00, 0x00,
  0x00, 0x00, 0x00, 0x00, 0x00, 0x00, 0x00, 0x00, 0x00, 0x00, 0x00, 0x00, 0x00, 0x00, 0x00, 0x00,
  0x00, 0x00, 0x00, 0x00, 0x00, 0x00, 0x00, 0x01, 0x00, 0x00, 0x00, 0x00, 0x00, 0x00, 0x00, 0x00,
  0x00, 0x00, 0x00, 0x00, 0x00, 0x00, 0x00, 0x00, 0x00, 0x00, 0x00, 0x00, 0x00, 0x00, 0x00, 0x00,
  0x00, 0x00, 0x00, 0x00, 0x00, 0x00, 0x00, 0x00, 0x00, 0x00, 0x00, 0x00, 0x00, 0x00, 0x00, 0x00,
  0x00, 0x00, 0x00, 0x00, 0x00, 0x00, 0x00, 0x00, 0x00, 0x00, 0x00, 0x00, 0x00, 0x00, 0x00, 0x00,
  0x00, 0x00, 0x00, 0x00, 0x00, 0x00, 0x00, 0x00, 0x00, 0x00, 0x00, 0x00, 0x00, 0x00, 0x00, 0x00,
  0x00, 0x00, 0x00, 0x00, 0x00, 0x00, 0x00, 0x02, 0x00, 0x00, 0x00, 0x00, 0x00, 0x00, 0x00, 0x00,
  0x00, 0x00, 0x00, 0x00, 0x00, 0x00, 0x00, 0x00, 0x00, 0x00, 0x00, 0x00, 0x00, 0x00, 0x00, 0x00,
  0x00, 0x00, 0x00, 0x00, 0x00, 0x00, 0x08, 0x00, 0x02, 0x40, 0x00, 0x00, 0x00, 0x00, 0x00, 0x00,
  0x00, 0x00, 0x00, 0x00, 0x00, 0x20, 0x00, 0x00, 0x00, 0x00, 0x00, 0x00, 0x00, 0x00, 0x04, 0x22,
  0x12, 0x42, 0x10, 0x00, 0x00, 0x00, 0x00, 0x00, 0x00, 0x02, 0x60, 0x40, 0x00, 0x20, 0x00, 0x00,
  0x00, 0x00, 0x00, 0x10, 0x00, 0x00, 0x00, 0x00, 0x00, 0x00, 0x00, 0x00, 0x00, 0x00, 0x00, 0x00,
  0x00, 0x00, 0x03, 0x00, 0x00, 0x00, 0x00, 0x00, 0x00, 0x00, 0x03, 0x00, 0x00, 0x00, 0x00, 0x00,
  0x00, 0x00, 0x03, 0x00, 0x00, 0x00, 0x00, 0x00, 0x00, 0x00, 0x03, 0x00, 0x00, 0x00, 0x00, 0x00,
  0x00, 0x00, 0x00, 0x00, 0x00, 0x00, 0x00, 0x00, 0x00, 0x00, 0x00, 0x00, 0x00, 0x00, 0x00, 0x04,
  0x00, 0x00, 0x00, 0x00, 0x00, 0x00, 0x00, 0x00, 0x00, 0x00, 0x00, 0x00, 0x00, 0x00, 0x00, 0x00,
  0x00, 0x00, 0x00, 0x00, 0x00, 0x00, 0x00, 0x00, 0x00, 0x00, 0x00, 0x00, 0x00, 0x00, 0x00, 0x00,
  0x00, 0x00, 0x00, 0x00, 0x00, 0x00, 0x00, 0x00, 0x00, 0x00, 0x00, 0x00, 0x00, 0x00, 0x00, 0x00,
  0x00, 0x00, 0x00, 0x00, 0x10, 0x00, 0x00, 0x00, 0x00, 0x00, 0x00, 0x00, 0x00, 0x00, 0x00, 0x00,
  0x00, 0x00, 0x00, 0x00, 0x00, 0x00, 0x00, 0x00, 0x00, 0x00, 0x00, 0x00, 0x00, 0x00, 0x00, 0x00,
  0x00, 0x00, 0x00, 0x00, 0x00, 0x00, 0x00, 0x00, 0x00, 0x00, 0x00, 0x00, 0x00, 0x00, 0x00, 0x00,
  0x00, 0x00, 0x00, 0x00, 0x00, 0x00, 0x00, 0x00, 0x00, 0x00, 0x00, 0x00, 0x00, 0x00, 0x00, 0x00,
  0x00, 0x00, 0x00, 0x00, 0x00, 0x00, 0x00, 0x00, 0x00, 0x00, 0x00, 0x00, 0x00, 0x00, 0x00, 0x00,
  0x00, 0x00, 0x00, 0x01, 0x00, 0x00, 0x00, 0x00, 0x00, 0x00, 0x00, 0x02, 0x00, 0x00, 0x00, 0x00,
  0x00, 0x00, 0x00, 0x00, 0x00, 0x00, 0x00, 0x04, 0x22, 0x10, 0x04, 0x00, 0x20, 0x00, 0x00, 0x00,
  0x00, 0x00, 0x02, 0x60, 0x40, 0x00, 0x20, 0x00, 0x00, 0x00, 0x00, 0x00, 0x00, 0x00, 0x00, 0x00,
  0x00, 0x20, 0x00, 0x00, 0x00, 0x00, 0x00, 0x00, 0x00, 0x00, 0x00, 0x08, 0x00, 0x08, 0x00, 0x00,
  0x08, 0x00, 0x00, 0x00, 0x00, 0x00, 0x00, 0x00, 0x00, 0x00, 0x00, 0x00, 0x00, 0x00, 0x00, 0x20,
  0x00, 0x00, 0x00, 0x00, 0x00, 0x00, 0x00, 0x00, 0x00, 0x00, 0x00, 0x00, 0x00, 0x00, 0x00, 0x00,
  0x00, 0x00, 0x00, 0x00, 0x00, 0x00, 0x00, 0x00, 0x00, 0x00, 0x00, 0x00, 0x00, 0x00, 0x00, 0x00,
  0x00, 0x00, 0x00, 0x00, 0x00, 0x00, 0x00, 0x00, 0x00, 0x00, 0x00, 0x00, 0x00, 0x00, 0x00, 0x00,
  0x00, 0x00, 0x00, 0x00, 0x00, 0x00, 0x00, 0x00, 0x00, 0x00, 0xC0, 0x0C, 0x00, 0x00, 0x00, 0x00,
  0x00, 0x00, 0x0F, 0xEF, 0x00, 0x00, 0xEF, 0xEF, 0xEF, 0x00, 0x80, 0x00, 0x00, 0x00, 0x00, 0x00,
  0x00, 0x00, 0x00, 0x00, 0x00, 0x00, 0x00, 0x00, 0x00, 0x00, 0x00, 0x00, 0x00, 0x00, 0x00, 0x00,
  0x00, 0x00, 0x00, 0x00, 0x00, 0x00, 0x00, 0x00, 0x00, 0x00, 0x00, 0x00, 0x00, 0x00, 0x00, 0x00,
  0xA0, 0x00, 0x00, 0x00, 0x00, 0x00, 0x00, 0x00, 0x00, 0x00, 0x00, 0x00, 0x00, 0x00, 0x00, 0x00,
  0x00, 0x00, 0x00, 0x00, 0x00, 0x00, 0x00, 0x00, 0x00, 0x00, 0x00, 0x00, 0x00, 0x00, 0x00, 0x00,
  0x00, 0x00, 0x00, 0x00, 0x00, 0x00, 0x00, 0x00, 0x00, 0x00, 0x00, 0x00, 0x00, 0x00, 0x00, 0x00,
  0x00, 0x00, 0x00, 0x00, 0x00, 0x00, 0x00, 0x00, 0x00, 0x00, 0x00, 0x00, 0x00, 0x00, 0x00, 0x00,
  0x00, 0x00, 0x00, 0x00, 0x00, 0x00, 0x00, 0x00, 0x00, 0x00, 0x00, 0x00, 0x00, 0x00, 0x00, 0x00,
  0x00, 0x00, 0x00, 0x00, 0x00, 0x00, 0x00, 0x00, 0x00, 0x00, 0x00, 0x00, 0x00, 0x00, 0x00, 0x00,
  0x00, 0x00, 0x00, 0x00, 0x00, 0x00, 0x00, 0x00, 0x00, 0x00, 0x00, 0x00, 0x00, 0x00, 0x00, 0x00,
  0x00, 0x00, 0x00, 0x00, 0x00, 0x00, 0x00, 0x00, 0x00, 0x00, 0x00, 0x00, 0x00, 0x00, 0x00, 0x00,
  0x00, 0x00, 0x08, 0x00, 0x00, 0x02, 0x88, 0x00, 0x02, 0x03, 0x08, 0x00, 0x08, 0x03, 0x00, 0x20,
  0x08, 0x82, 0x1B, 0x60, 0x03, 0x03, 0x08, 0x00, 0x03, 0x03, 0x08, 0x60, 0x0B, 0x00, 0x01, 0x60,
  0x88, 0x80, 0x10, 0x20, 0x08, 0x80, 0x42, 0x00, 0x00, 0x20, 0x02, 0x00, 0x00, 0x80, 0x49, 0x80,
  0x00, 0x00, 0x09, 0x00, 0x00, 0x00, 0x00, 0x00, 0x80, 0x00, 0x14, 0x00, 0x0A, 0x00, 0x80, 0x00,
  0x88, 0x04, 0x03, 0x00, 0x03, 0x00, 0x08, 0x10, 0x08, 0xA0, 0x10, 0x80, 0x0A, 0x02, 0x00, 0x00,
  0x00, 0x20, 0x08, 0xA0, 0x00, 0x00, 0x88, 0xA0, 0x10, 0x00, 0x08, 0x80, 0x00, 0x70, 0x92, 0x70,
  0x00, 0x80, 0x18, 0x82, 0x88, 0x82, 0xA0, 0x00, 0x00, 0x00, 0x02, 0x00, 0x82, 0x00, 0x40, 0x80,
  0x40, 0xA0, 0x40, 0x00, 0x8A, 0x00, 0x00, 0x00, 0x03, 0x00, 0x03, 0x00, 0x80, 0x00, 0x00, 0x80,
  0x80, 0x00, 0x02, 0x00, 0x00, 0x0A, 0x02, 0x08, 0x02, 0x08, 0x82, 0x00, 0x02, 0x10, 0x82, 0x08,
  0x80, 0x00, 0x80, 0x80, 0x00, 0x02, 0x82, 0x00, 0x82, 0x00, 0x00, 0x00, 0x02, 0x08, 0x20, 0x08,
  0x20, 0x02, 0x00, 0x43, 0x00, 0x47, 0x00, 0x83, 0x80, 0x03, 0x00, 0x00, 0x00, 0x03, 0x00, 0x81,
  0x00, 0x10, 0x00, 0x18, 0x00, 0x00, 0x04, 0x00, 0x00, 0x40, 0x00, 0x0A, 0x00, 0x02, 0x00, 0xAB,
  0x00, 0x0B, 0x08, 0x88, 0x00, 0x88, 0x60, 0x08, 0x00, 0x08, 0x00, 0x40, 0x00, 0x03, 0x80, 0x00,
  0x40, 0x00, 0x60, 0x08, 0x00, 0x08, 0x08, 0x13, 0x00, 0x08, 0x00, 0x08, 0x00, 0x89, 0x00, 0x42,
  0x00, 0x0A, 0x00, 0x10, 0x00, 0x00, 0x00, 0x00, 0x40, 0x08, 0x40, 0x41, 0x60, 0x45, 0x00, 0x00,
  0x00, 0x00, 0x00, 0x00, 0x80, 0x80, 0x00, 0x00, 0x40, 0x00, 0x42, 0x04, 0x00, 0x00, 0xA0, 0x00,
  0x20, 0x00, 0x00, 0x00, 0x20, 0x00, 0x00, 0x00, 0x00, 0x00, 0x00, 0x00, 0x00, 0x00, 0x00, 0x00,
  0x00, 0x00, 0x05, 0x00, 0x11, 0x00, 0xD0, 0x00, 0x00, 0x00, 0xD0, 0x10, 0xC1, 0x41, 0xC0, 0x00,
  0xC0, 0x90, 0xC0, 0x00, 0x10, 0xC0, 0xD0, 0x08, 0xD0, 0xC0, 0x00, 0x00, 0x02, 0x40, 0x00, 0x80,
  0x81, 0x40, 0x42, 0x40, 0x00, 0x80, 0xC2, 0x00, 0xC0, 0x00, 0x60, 0x00, 0x00, 0x04, 0x00, 0x00,
  0x06, 0x10, 0x10, 0x00, 0x20, 0x80, 0x00, 0xD0, 0x02, 0xC0, 0x58, 0x08, 0x40, 0x00, 0x18, 0xC0,
  0x08, 0x00, 0x00, 0x00, 0x10, 0x00, 0x00, 0x40, 0x01, 0x01, 0x28, 0xC0, 0x10, 0x80, 0x10, 0x00,
  0x00, 0x80, 0x00, 0x04, 0xCD, 0x10, 0x10, 0x40, 0x00, 0x00, 0x00, 0x00, 0x08, 0x00, 0x00, 0x10,
  0x50, 0x00, 0x08, 0x05, 0x16, 0x05, 0x00, 0x40, 0x41, 0x80, 0x42, 0x00, 0x40, 0x00, 0x40, 0x80,
  0x02, 0x80, 0x00, 0x00, 0x00, 0x00, 0x00, 0x00, 0x00, 0x00, 0x10, 0x10, 0x40, 0x41, 0x00, 0x00,
  0x00, 0x60, 0x02, 0x00, 0x12, 0x00, 0x02, 0x00, 0x02, 0x88, 0x12, 0x02, 0x40, 0x80, 0x40, 0x00,
  0x40, 0x00, 0x40, 0x01, 0x41, 0x00, 0x00, 0x00, 0x81, 0x20, 0x80, 0x10, 0x00, 0xC2, 0x00, 0x60,
  0x00, 0x50, 0x08, 0x40, 0x00, 0x00, 0x00, 0xC8, 0x00, 0x00, 0x80, 0x18, 0x00, 0x01, 0x00, 0x00,
  0xC0, 0x09, 0x00, 0x80, 0xC0, 0x40, 0xC0, 0x02, 0xC0, 0x12, 0x00, 0x10, 0x00, 0x00, 0x00, 0x42,
  0x00, 0x10, 0x00, 0xE2, 0xD0, 0x90, 0xD0, 0x02, 0x00, 0x00, 0x18, 0x90, 0x50, 0x02, 0x00, 0x00,
  0x00, 0x90, 0x20, 0x08, 0xC0, 0x00, 0x00, 0x01, 0xC0, 0x24, 0x00, 0x40, 0x00, 0x02, 0x00, 0x00,
  0x00, 0x02, 0x00, 0x00, 0x40, 0x40, 0x40, 0x40, 0x00, 0x40, 0x00, 0x00, 0x00, 0x00, 0x00, 0x00,
  0x00, 0x00, 0x40, 0x00, 0x40, 0x00, 0x42, 0x00, 0x00, 0x00, 0x00, 0x00, 0x80, 0x00, 0x00, 0x00,
  0x80, 0x00, 0x00, 0x00, 0x00, 0x00, 0x00, 0x00, 0x00, 0x00, 0x08, 0x00, 0x00, 0x01, 0x20, 0x90,
  0x80, 0x00, 0x80, 0x00, 0x00, 0x00, 0x88, 0x00, 0x00, 0x00, 0x80, 0x00, 0x08, 0xC0, 0x10, 0x00,
  0x88, 0x00, 0x80, 0x02, 0x80, 0x00, 0x98, 0x00, 0x22, 0x00, 0xC3, 0x00, 0x42, 0x00, 0x02, 0x00,
  0x19, 0x00, 0x00, 0x00, 0x08, 0x40, 0x80, 0x40, 0x01, 0x01, 0x04, 0x40, 0x00, 0x00, 0x80, 0x00,
  0xA0, 0x40, 0x00, 0x00, 0x04, 0x10, 0x05, 0x02, 0x09, 0x04, 0x80, 0x00, 0x00, 0x00, 0x14, 0x80,
  0x08, 0x10, 0x88, 0x00, 0x44, 0x00, 0x04, 0x04, 0x00, 0x00, 0x84, 0x00, 0x00, 0x40, 0x24, 0x01,
  0x04, 0x80, 0x08, 0x00, 0x01, 0x00, 0xA3, 0x80, 0x34, 0x40, 0x85, 0x41, 0x09, 0x41, 0x10, 0x40,
  0x00, 0x40, 0x11, 0x00, 0x00, 0x40, 0x02, 0x40, 0x01, 0x00, 0x00, 0x40, 0x34, 0x22, 0x00, 0x00,
  0x00, 0x03, 0x00, 0x00, 0x40, 0x00, 0x80, 0x29, 0x01, 0x00, 0x01, 0x02, 0x00, 0x05, 0xD0, 0x04,
  0x80, 0x04, 0x40, 0x00, 0x00, 0x23, 0xC0, 0x32, 0x00, 0x41, 0x00, 0x40, 0x00, 0x01, 0x01, 0x40,
  0x00, 0x01, 0x00, 0x40, 0x40, 0x04, 0x00, 0x00, 0x00, 0x18, 0x40, 0x80, 0x00, 0x00, 0x00, 0x00,
  0x40, 0x00, 0x00, 0x10, 0x00, 0x48, 0x40, 0x40, 0x00, 0x88, 0x00, 0x80, 0x00, 0x00, 0x00, 0x28,
  0x00, 0x00, 0x00, 0x04, 0x00, 0x80, 0x00, 0x00, 0x10, 0x08, 0x50, 0x00, 0x18, 0xA5, 0x00, 0x04,
  0x04, 0x42, 0x00, 0x28, 0x00, 0x00, 0x48, 0xC2, 0x00, 0x02, 0x00, 0x00, 0x00, 0x40, 0x82, 0x00,
  0x00, 0x00, 0x00, 0x10, 0x00, 0x40, 0x00, 0x11, 0x00, 0x14, 0x40, 0x00, 0x00, 0x10, 0x00, 0x02,
  0x00, 0x04, 0x00, 0x90, 0x00, 0x00, 0x00, 0x00, 0x00, 0x90, 0x00, 0x00, 0x40, 0x21, 0x00, 0x00,
  0x90, 0x00, 0x00, 0x01, 0x40, 0x00, 0x00, 0x00, 0x00, 0x00, 0x00, 0x00, 0x00, 0x00, 0x00, 0x09,
  0x00, 0x00, 0x00, 0x00, 0x00, 0x00, 0x00, 0x00, 0x00, 0x00, 0x01, 0x00, 0x00, 0x00, 0x01, 0x00,
  0x01, 0x00, 0x08, 0xA0, 0x05, 0x00, 0x01, 0x00, 0x08, 0x00, 0x41, 0x00, 0x08, 0x00, 0x01, 0x00,
  0x01, 0x00, 0x0A, 0x00, 0x04, 0x00, 0x8A, 0x00, 0x04, 0x00, 0x08, 0x80, 0x4A, 0x00, 0x00, 0x00,
  0x08, 0x00, 0x03, 0x00, 0x02, 0x00, 0x02, 0x80, 0x00, 0x40, 0x00, 0x00, 0x00, 0x00, 0x21, 0x40,
  0x00, 0x40, 0x42, 0x00, 0x04, 0x00, 0x01, 0x00, 0x01, 0x00, 0x40, 0x00, 0x10, 0x20, 0x08, 0x00,
  0x80, 0x00, 0x20, 0x08, 0x10, 0x00, 0x00, 0x00, 0x00, 0x00, 0x00, 0x00, 0x20, 0x00, 0x10, 0x00,
  0x04, 0x20, 0x08, 0x00, 0x90, 0x00, 0x04, 0x40, 0x24, 0x00, 0x41, 0x80, 0x40, 0x80, 0x10, 0x80,
  0x00, 0x00, 0x0C, 0x00, 0x04, 0x00, 0x00, 0x00, 0x10, 0x02, 0x00, 0x00, 0x00, 0x0A, 0x00, 0x00,
  0x00, 0x00, 0x00, 0x1C, 0x0B, 0x84, 0x00, 0x08, 0x09, 0x90, 0x80, 0x00, 0x00, 0x00, 0x00, 0x00,
  0x00, 0x44, 0x00, 0xC4, 0x00, 0x04, 0x00, 0x09, 0x80, 0x00, 0x00, 0x84, 0x00, 0x04, 0x00, 0x80,
  0x00, 0x10, 0x00, 0x41, 0x80, 0x48, 0x80, 0x00, 0x00, 0x41, 0x01, 0x00, 0x00, 0x00, 0x00, 0x41,
  0x00, 0x88, 0x00, 0x43, 0x00, 0x0A, 0x00, 0x01, 0x00, 0x03, 0x01, 0x08, 0x00, 0x00, 0x00, 0x00,
  0x00, 0x00, 0x00, 0x21, 0x20, 0x00, 0xA1, 0x05, 0x28, 0x02, 0x00, 0x14, 0x18, 0x20, 0x10, 0x0C,
  0x00, 0x00, 0x20, 0x08, 0x10, 0x0C, 0x00, 0x01, 0x00, 0x21, 0x00, 0x21, 0x00, 0x01, 0x00, 0x45,
  0x00, 0x11, 0x00, 0x40, 0x00, 0x40, 0x80, 0x29, 0x00, 0x44, 0x00, 0x08, 0x00, 0x80, 0x00, 0x02,
  0x00, 0x03, 0x00, 0x00, 0x00, 0x00, 0x00, 0x09, 0x00, 0x02, 0x80, 0x00, 0x00, 0x00, 0x00, 0x05,
  0x80, 0x00, 0x00, 0x00, 0x00, 0x00, 0x00, 0x00, 0x00, 0x00, 0x00, 0x00, 0x00, 0x00, 0x00, 0x00,
  0x00, 0x00, 0x00, 0x00, 0x00, 0x00, 0x00, 0x00, 0x00, 0x00, 0x00, 0x08, 0x00, 0x01, 0x20, 0x02,
  0x24, 0x01, 0x10, 0x01, 0x00, 0x08, 0x40, 0x00, 0x20, 0x01, 0x00, 0x0A, 0x02, 0x0A, 0x00, 0x00,
  0x80, 0x0A, 0x00, 0x00, 0x80, 0x00, 0x00, 0x00, 0x80, 0x00, 0x00, 0x02, 0x00, 0x00, 0x00, 0x01,
  0x00, 0x00, 0x00, 0x00, 0x00, 0x00, 0x00, 0x00, 0x00, 0x00, 0x10, 0x08, 0x00, 0x00, 0x89, 0x05,
  0x89, 0x01, 0x00, 0x00, 0x00, 0x00, 0x08, 0x08, 0x00, 0x08, 0x00, 0x00, 0x04, 0x00, 0x00, 0x00,
  0x00, 0x01, 0x00, 0x02, 0x00, 0x00, 0x08, 0x00, 0x00, 0x08, 0x00, 0x00, 0x08, 0x01, 0x08, 0x08,
  0x80, 0x00, 0x80, 0x00, 0x00, 0x00, 0x08, 0x88, 0x00, 0x84, 0x80, 0x08, 0x08, 0x00, 0x00, 0x00,
  0x00, 0x00, 0x00, 0x02, 0x80, 0x02, 0x08, 0x04, 0x00, 0x00, 0x00, 0x80, 0x04, 0x40, 0x04, 0x00,
  0x04, 0x00, 0x00, 0x00, 0x04, 0x00, 0x00, 0x00, 0x00, 0x00, 0x00, 0x00, 0x00, 0x20, 0x04, 0x82,
  0x09, 0x02, 0x80, 0x00, 0x80, 0x02, 0x00, 0x02, 0x00, 0x80, 0x00, 0x00, 0x00, 0x00, 0x00, 0x00,
  0x00, 0x00, 0x00, 0x00, 0x00, 0x00, 0x00, 0x80, 0x00, 0x00, 0x04, 0x00, 0x00, 0x00, 0x00, 0x00,
  0x00, 0x00, 0x00, 0x00, 0x00, 0x00, 0x00, 0x00, 0x00, 0x00, 0x00, 0x10, 0x00, 0x00, 0x02, 0x00,
  0x00, 0x00, 0x04, 0x00, 0x02, 0x00, 0x00, 0x01, 0x00, 0x00, 0x01, 0x00, 0x02, 0x00, 0x00, 0x00,
  0x00, 0x00, 0x00, 0x00, 0x00, 0x00, 0x00, 0x00, 0x00, 0x00, 0x00, 0x00, 0x00, 0x00, 0x00, 0x00,
  0x00, 0x00, 0x00, 0x00, 0x00, 0x00, 0x00, 0x00, 0x00, 0x80, 0x80, 0x00, 0x00, 0x00, 0x00, 0x00,
  0x00, 0x90, 0x00, 0x40, 0x00, 0x10, 0x09, 0x00, 0x09, 0x80, 0x09, 0x90, 0x80, 0x80, 0x00, 0x00,
  0x00, 0x00, 0x00, 0x00, 0x00, 0x00, 0x00, 0x00, 0x00, 0x00, 0x00, 0x00, 0x00, 0x00, 0x00, 0x00,
  0x00, 0x01, 0x90, 0x00, 0x80, 0x00, 0x00, 0x08, 0x80, 0x00, 0x00, 0x01, 0x01, 0x00, 0x50, 0x00,
  0x80, 0x08, 0x00, 0x08, 0x20, 0x00, 0x00, 0x09, 0x40, 0x03, 0x00, 0x04, 0x00, 0x03, 0x00, 0x03,
  0x00, 0x00, 0x00, 0x04, 0x00, 0x00, 0x00, 0x00, 0x80, 0x00, 0x00, 0x00, 0x00, 0x00, 0x00, 0x00,
  0x02, 0x08, 0x80, 0x00, 0x80, 0x00, 0x00, 0x08, 0x00, 0x03, 0x00, 0x00, 0x00, 0x00, 0x00, 0x00,
  0x80, 0x00, 0x08, 0x02, 0x00, 0x02, 0x00, 0x00, 0x40, 0x08, 0x08, 0x02, 0x08, 0x00, 0x00, 0x00,
  0x00, 0x00, 0x88, 0x04, 0xA4, 0x08, 0x00, 0x00, 0x88, 0x00, 0x08, 0x08, 0xD0, 0x00, 0x40, 0x20,
  0x00, 0x40, 0x08, 0x08, 0x04, 0x04, 0x40, 0x02, 0x08, 0x00, 0x00, 0x00, 0x00, 0x00, 0x00, 0x05,
  0x00, 0x48, 0x08, 0x01, 0x00, 0x00, 0x00, 0x02, 0x01, 0x00, 0x08, 0x00, 0x00, 0x00, 0x00, 0x00,
  0x00, 0x00, 0x00, 0x00, 0x00, 0x00, 0x00, 0x00, 0x00, 0x00, 0x00, 0x00, 0x00, 0x00, 0x00, 0x00,
  0x01, 0x00, 0x00, 0x20, 0x00, 0x40, 0x40, 0x40, 0x01, 0x00, 0x00, 0x00, 0x00, 0xC0, 0x04, 0x00,
  0x00, 0x00, 0x00, 0x00, 0x00, 0x00, 0x00, 0x00, 0x00, 0x00, 0x40, 0x80, 0x00, 0x80, 0x00, 0x00,
  0x00, 0x00, 0x00, 0x80, 0x00, 0x00, 0x00, 0x00, 0x00, 0x80, 0x01, 0x00, 0x00, 0x00, 0x00, 0x00,
  0x01, 0x80, 0x00, 0x80, 0x00, 0x00, 0x00, 0x00, 0x00, 0x80, 0x00, 0x00, 0x00, 0x80, 0x00, 0x80,
  0x00, 0x00, 0x00, 0x00, 0x00, 0x00, 0x00, 0x00, 0x00, 0x80, 0x00, 0xA0, 0x01, 0x00, 0x00, 0x00,
  0x01, 0x80, 0x00, 0x80, 0x00, 0x00, 0x00, 0x00, 0x09, 0x00, 0x00, 0x80, 0x00, 0x00, 0x00, 0x00,
  0x02, 0x00, 0x00, 0x90, 0x00, 0x90, 0x00, 0x00, 0x00, 0x90, 0x00, 0x00, 0x00, 0x00, 0x00, 0x00,
  0x00, 0x00, 0x01, 0x00, 0x00, 0x00, 0x00, 0x00, 0x00, 0x00, 0x00, 0x00, 0x00, 0x00, 0x05, 0x00,
  0x00, 0x00, 0x00, 0x01, 0x10, 0x00, 0x10, 0x00, 0x10, 0x08, 0x00, 0x08, 0x10, 0x00, 0x00, 0x00,
  0x20, 0x00, 0x00, 0x00, 0x02, 0x00, 0x40, 0x08, 0x40, 0x00, 0x00, 0x00, 0x40, 0x02, 0x00, 0x08,
  0x40, 0x02, 0x00, 0x40, 0x10, 0x01, 0x00, 0x00, 0x00, 0x00, 0x40, 0x00, 0x00, 0x00, 0x20, 0x00,
  0x50, 0x00, 0x10, 0x00, 0x00, 0x00, 0x40, 0x09, 0x40, 0x00, 0x00, 0x00, 0x10, 0x00, 0x00, 0x00,
  0x40, 0x00, 0x00, 0x00, 0x82, 0x00, 0x00, 0x00, 0xC0, 0x00, 0xC0, 0x02, 0x00, 0x00, 0x00, 0x0D,
  0x08, 0x00, 0x40, 0x00, 0x10, 0x0E, 0x00, 0x06, 0x00, 0x06, 0x00, 0x00, 0x00, 0x00, 0x00, 0x00,
  0x00, 0x08, 0x00, 0x00, 0x01, 0x00, 0x00, 0x00, 0x00, 0x00, 0x00, 0x00, 0x00, 0x80, 0x05, 0x00,
  0xC0, 0x00, 0x00, 0x00, 0x00, 0x10, 0x41, 0x00, 0x02, 0x00, 0x00, 0x00, 0x01, 0x00, 0x00, 0x00,
  0x00, 0x00, 0xC0, 0x00, 0xC0, 0x00, 0x02, 0x41, 0x00, 0x01, 0x00, 0x00, 0x00, 0x01, 0x00, 0x01,
  0x00, 0x00, 0x00, 0x80, 0x00, 0x00, 0x00, 0x40, 0x00, 0x10, 0x08, 0x00, 0x00, 0x00, 0x00, 0x00,
  0x00, 0x00, 0x01, 0x00, 0x01, 0x00, 0x80, 0x92, 0x00, 0x90, 0x00, 0x00, 0x00, 0x00, 0x02, 0x10,
  0x02, 0x80, 0x00, 0x12, 0x02, 0x12, 0x00, 0x40, 0x00, 0x40, 0x01, 0x00, 0x00, 0x50, 0x00, 0x28,
  0x06, 0x80, 0x00, 0x00, 0x00, 0x20, 0x00, 0x00, 0x00, 0xE0, 0x00, 0x10, 0x00, 0x00, 0x00, 0x00,
  0x00, 0x80, 0x02, 0x00, 0x02, 0xE0, 0x00, 0x20, 0x00, 0x00, 0x00, 0x00, 0x00, 0x20, 0x00, 0x20,
  0x00, 0x40, 0x40, 0x00, 0x00, 0x00, 0x00, 0x20, 0x00, 0x10, 0x00, 0x00, 0x00, 0x12, 0x02, 0x00,
  0x00, 0x40, 0x02, 0x20, 0x00, 0x40, 0x00, 0x00, 0x00, 0x00, 0x00, 0x00, 0x00, 0x00, 0x00, 0x04,
  0x00, 0x00, 0x00, 0x00, 0x00, 0x00, 0x00, 0x00, 0x00, 0x02, 0x00, 0x00, 0x10, 0x00, 0x00, 0x02,
  0x00, 0x0B, 0x00, 0x00, 0x00, 0x00, 0x80, 0x03, 0x00, 0x03, 0x13, 0x08, 0x40, 0x08, 0x63, 0x00,
  0x80, 0x00, 0x80, 0x00, 0x00, 0x00, 0x00, 0x0A, 0x00, 0x02, 0x00, 0x00, 0x00, 0x02, 0x00, 0x41,
  0x00, 0x02, 0x00, 0x04, 0x00, 0x00, 0x80, 0x00, 0x08, 0x04, 0x00, 0x00, 0x40, 0x00, 0x00, 0x00,
  0x00, 0x0A, 0x00, 0x00, 0x00, 0x0B, 0x00, 0x00, 0x00, 0x00, 0x00, 0x00, 0x80, 0x00, 0x00, 0x00,
  0x00, 0x04, 0x04, 0x08, 0x08, 0x08, 0x00, 0x00, 0x00, 0x00, 0x10, 0x00, 0x90, 0x00, 0x80, 0x00,
  0x60, 0x00, 0x00, 0x00, 0x00, 0x00, 0x00, 0x80, 0x00, 0x80, 0x00, 0x20, 0x04, 0x21, 0x00, 0x00,
  0x02, 0x00, 0x03, 0x00, 0xA3, 0x00, 0x03, 0xA4, 0x23, 0x00, 0x00, 0x00, 0x00, 0x00, 0x00, 0x28,
  0x00, 0x00, 0x44, 0x00, 0x00, 0x00, 0x00, 0x00, 0x00, 0x00, 0x00, 0x00, 0x00, 0x00, 0x00, 0x00,
  0x00, 0x10, 0x00, 0x00, 0x00, 0x00, 0x20, 0x00, 0x22, 0x00, 0x00, 0x80, 0x00, 0x00, 0x80, 0x00,
  0x02, 0x00, 0x03, 0x80, 0x00, 0x80, 0x00, 0x00, 0x03, 0x00, 0x00, 0x20, 0x00, 0x00, 0x00, 0x00,
  0x02, 0x60, 0x00, 0x22, 0x00, 0x20, 0x00, 0x00, 0x00, 0x00, 0x02, 0x00, 0x02, 0x20, 0x00, 0x02,
  0x02, 0x02, 0x00, 0x80, 0x00, 0x80, 0x00, 0x00, 0x00, 0x80, 0x00, 0x00, 0x00, 0x20, 0x08, 0x00,
  0x01, 0x00, 0x00, 0x00, 0x00, 0x00, 0x00, 0x00, 0x00, 0x00, 0x00, 0x00, 0x00, 0x20, 0x02, 0x00,
  0x02, 0x00, 0x00, 0x80, 0x02, 0x00, 0x00, 0x00, 0x02, 0x00, 0x00, 0x00, 0x00, 0x00, 0x00, 0x00,
  0x0A, 0x00, 0x00, 0x00, 0x00, 0x20, 0x00, 0x10, 0x08, 0x02, 0x02, 0x00, 0x00, 0x00, 0x02, 0x20,
  0x20, 0x00, 0x00, 0x00, 0x00, 0x00, 0x00, 0x00, 0x00, 0x00, 0x00, 0x80, 0x00, 0x00, 0x00, 0x00,
  0x00, 0x00, 0x00, 0x00, 0x00, 0x04, 0x00, 0x00, 0x20, 0x00, 0x00, 0x00, 0x03, 0x04, 0x00, 0x20,
  0x20, 0x00, 0x30, 0x80, 0x11, 0x04, 0x82, 0x00, 0x20, 0x00, 0xA0, 0x4D, 0x11, 0x09, 0x02, 0x00,
  0x00, 0x00, 0x00, 0x02, 0x00, 0x40, 0x82, 0x01, 0x20, 0x00, 0x00, 0x80, 0x00, 0x04, 0x01, 0x00,
  0x20, 0x00, 0x30, 0x06, 0x01, 0x04, 0x0C, 0x50, 0x20, 0x01, 0x30, 0x4E, 0x51, 0x00, 0x00, 0x00,
  0x00, 0x00, 0x10, 0x84, 0x40, 0x24, 0x20, 0x98, 0x00, 0x00, 0x20, 0x92, 0x11, 0x21, 0x01, 0x08,
  0x00, 0x00, 0x81, 0x10, 0x14, 0x20, 0x04, 0x00, 0xB0, 0x00, 0x10, 0x00, 0x00, 0x11, 0xA0, 0x00,
  0x00, 0x00, 0x00, 0x00, 0x00, 0x00, 0x61, 0x28, 0x00, 0x00, 0x01, 0x00, 0xC2, 0x00, 0x42, 0x00,
  0x00, 0x00, 0x02, 0x00, 0x40, 0x00, 0x00, 0x40, 0x28, 0x00, 0x00, 0x02, 0x04, 0x51, 0x00, 0x21,
  0x40, 0x00, 0x02, 0x00, 0x00, 0xD1, 0x14, 0x02, 0x00, 0x00, 0x00, 0x03, 0x65, 0x10, 0x6A, 0x01,
  0x00, 0x00, 0x00, 0x04, 0x00, 0x10, 0x00, 0x20, 0x02, 0x00, 0x00, 0x00, 0x00, 0xC0, 0x00, 0x80,
  0x00, 0x20, 0x00, 0x02, 0x40, 0x21, 0x04, 0x00, 0x08, 0x20, 0x00, 0x00, 0x00, 0x00, 0x04, 0x00,
  0x12, 0x20, 0x00, 0xB8, 0x01, 0x10, 0x41, 0x04, 0x08, 0x20, 0x00, 0x03, 0x06, 0x18, 0x04, 0x80,
  0x08, 0x00, 0x02, 0x00, 0x14, 0x10, 0x00, 0xA0, 0x51, 0x00, 0x02, 0x02, 0x80, 0x10, 0x16, 0x22,
  0x20, 0x00, 0x00, 0x18, 0x20, 0x12, 0x06, 0x01, 0x00, 0x00, 0x00, 0x00, 0x40, 0x20, 0x01, 0x60,
  0x20, 0x00, 0x02, 0x10, 0x00, 0x50, 0x90, 0xA1, 0x00, 0x00, 0x02, 0x10, 0x44, 0x14, 0x21, 0x20,
  0x20, 0x00, 0x02, 0x10, 0x05, 0x10, 0x50, 0x10, 0x00, 0x00, 0x02, 0x10, 0x00, 0x10, 0x00, 0x00,
  0x00, 0x00, 0x00, 0x00, 0x00, 0x00, 0x00, 0x00, 0x00, 0x00, 0x00, 0x00, 0x00, 0x00, 0x00, 0x00,
  0x00, 0x00, 0x24, 0x00, 0x80, 0x04, 0x06, 0x14, 0x00, 0x80, 0x89, 0x10, 0x80, 0x04, 0x06, 0x18,
  0x44, 0x10, 0x08, 0x08, 0x80, 0x02, 0x00, 0x00, 0x04, 0x20, 0x00, 0xA0, 0x00, 0x00, 0x00, 0x00,
  0x00, 0x00, 0x00, 0x08, 0x10, 0x00, 0x06, 0x01, 0x40, 0x00, 0x00, 0x70, 0x10, 0x00, 0x06, 0x00,
  0x84, 0x00, 0x02, 0x08, 0x10, 0x00, 0x06, 0x00, 0x04, 0x20, 0x08, 0x00, 0x20, 0x00, 0x00, 0x00,
  0x00, 0x12, 0x02, 0x00, 0x20, 0x01, 0x02, 0x08, 0x84, 0x20, 0x19, 0x00, 0x20, 0x00, 0x00, 0x84,
  0x91, 0x10, 0x90, 0x00, 0x00, 0x00, 0x06, 0x00, 0x16, 0x00, 0x04, 0x00, 0x00, 0x00, 0x00, 0x00,
  0x84, 0x04, 0x00, 0x40, 0x00, 0x48, 0x00, 0x00, 0x0A, 0x20, 0x00, 0x08, 0x20, 0x00, 0x21, 0x01,
  0x00, 0x90, 0x04, 0x00, 0x02, 0x20, 0x26, 0x00, 0x12, 0x10, 0x08, 0x84, 0x20, 0x00, 0x00, 0x01,
  0x04, 0x08, 0x00, 0xC0, 0x00, 0x20, 0x00, 0x90, 0x10, 0x80, 0x12, 0x88, 0x08, 0x00, 0x00, 0x10,
  0x80, 0x11, 0x00, 0x01, 0x08, 0x00, 0x00, 0x00, 0x00, 0x08, 0x00, 0x00, 0x10, 0x00, 0x01, 0x00,
  0x00, 0x84, 0x01, 0x81, 0x00, 0x00, 0x00, 0x00, 0x00, 0x84, 0x00, 0x24, 0x08, 0x00, 0x02, 0x02,
  0x04, 0x04, 0x28, 0x93, 0x00, 0x00, 0x00, 0x10, 0x00, 0x05, 0xA0, 0x00, 0xA0, 0x20, 0x00, 0x00,
  0x00, 0x90, 0x08, 0x00, 0x08, 0x20, 0x00, 0x11, 0x08, 0x84, 0x01, 0x80, 0x91, 0x20, 0x02, 0x01,
  0x82, 0x02, 0x21, 0x80, 0x00, 0x30, 0x00, 0x09, 0x07, 0x05, 0x20, 0x04, 0x80, 0x10, 0x00, 0x01,
  0x88, 0x08, 0x00, 0x00, 0x00, 0x10, 0x00, 0x01, 0x02, 0x4A, 0x12, 0x00, 0x80, 0x10, 0x00, 0x01,
  0x00, 0x00, 0x40, 0x20, 0x00, 0x10, 0x00, 0x02, 0x08, 0x40, 0x20, 0x00, 0x00, 0x00, 0x00, 0x00,
  0x00, 0x00, 0x00, 0x00, 0x00, 0x00, 0x00, 0x00, 0x00, 0x00, 0x00, 0x00, 0x00, 0x08, 0x08, 0x00,
  0x00, 0x08, 0x20, 0x01, 0x00, 0x91, 0x00, 0x04, 0x00, 0x08, 0x02, 0x40, 0xA2, 0x21, 0x41, 0x04,
  0x00, 0x00, 0x09, 0x00, 0x22, 0x20, 0x88, 0x00, 0x00, 0x00, 0x00, 0x14, 0x01, 0x00, 0x00, 0x00,
  0x00, 0x00, 0x14, 0x00, 0x01, 0x21, 0x04, 0x88, 0x00, 0x00, 0x04, 0x00, 0x02, 0x21, 0x80, 0x89,
  0x00, 0x00, 0x84, 0x10, 0x22, 0x20, 0x00, 0x00, 0x00, 0x00, 0x02, 0x01, 0x00, 0x01, 0x08, 0x01,
  0x00, 0x00, 0x00, 0x28, 0x22, 0x20, 0x00, 0x80, 0x00, 0x00, 0x00, 0x29, 0x20, 0x02, 0x00, 0x00,
  0x00, 0x00, 0x04, 0x00, 0x00, 0x80, 0x08, 0x00, 0x00, 0x00, 0x01, 0x00, 0x00, 0x10, 0x08, 0x02,
  0x00, 0x00, 0x00, 0x04, 0x00, 0x00, 0x00, 0x08, 0x20, 0x00, 0x00, 0x00, 0x00, 0x08, 0x00, 0x00,
  0x02, 0x20, 0x09, 0x11, 0x10, 0x20, 0x24, 0x08, 0x80, 0x00, 0x01, 0x00, 0x00, 0x20, 0x4A, 0x0D,
  0x23, 0x20, 0x00, 0x80, 0x00, 0x21, 0x00, 0x00, 0x00, 0x00, 0x00, 0x80, 0x05, 0x20, 0x20, 0x22,
  0x00, 0x00, 0x00, 0x00, 0x04, 0x00, 0x00, 0x00, 0x02, 0x00, 0x00, 0x10, 0x20, 0x02, 0x21, 0x06,
  0x00, 0x00, 0x00, 0x00, 0x00, 0x03, 0x28, 0x09, 0x00, 0x00, 0x00, 0x00, 0x02, 0x63, 0x00, 0x88,
  0x80, 0x20, 0x00, 0x00, 0x40, 0x02, 0x41, 0x00, 0x00, 0x00, 0x01, 0x00, 0x09, 0x20, 0x04, 0x0D,
  0x08, 0x20, 0x02, 0x00, 0x01, 0x23, 0x40, 0x0D, 0x02, 0x20, 0x02, 0x00, 0x04, 0x20, 0x20, 0x00,
  0x40, 0x20, 0x00, 0x10, 0x00, 0x42, 0x20, 0x08, 0x00, 0x20, 0x02, 0x04, 0x40, 0xA1, 0x00, 0x0D,
  0x00, 0x20, 0x02, 0x04, 0x20, 0x20, 0x00, 0x0D, 0x00, 0x20, 0x02, 0x04, 0x82, 0x61, 0x00, 0x00,
  0x00, 0x20, 0x02, 0x0C, 0x20, 0xA0, 0x00, 0x00, 0x00, 0x00, 0x00, 0x00, 0x00, 0x00, 0x00, 0x00,
  0x00, 0x00, 0x00, 0x00, 0x00, 0x00, 0x00, 0x00, 0x00, 0x00, 0x10, 0x00, 0x00, 0x00, 0x10, 0x40,
  0x08, 0x04, 0x04, 0x00, 0x00, 0x03, 0x20, 0x40, 0x40, 0x12, 0x01, 0x20, 0x00, 0x01, 0x00, 0x48,
  0x00, 0x80, 0x00, 0x40, 0x00, 0x00, 0x00, 0xC4, 0x09, 0x01, 0x00, 0x52, 0xA0, 0x00, 0x00, 0x08,
  0x00, 0x04, 0x88, 0x00, 0xA0, 0x01, 0x00, 0x02, 0x00, 0x00, 0x20, 0x02, 0xA0, 0x01, 0x00, 0x40,
  0x40, 0x80, 0x04, 0x00, 0x80, 0x00, 0x00, 0x08, 0x80, 0x00, 0x81, 0x11, 0x80, 0x02, 0x28, 0x02,
  0x00, 0x08, 0x00, 0x30, 0x80, 0x02, 0x08, 0x02, 0x00, 0x40, 0x00, 0x00, 0x20, 0x00, 0x00, 0x00,
  0x00, 0x1A, 0x20, 0x00, 0x00, 0x00, 0x02, 0x89, 0x04, 0x8C, 0x00, 0x40, 0x00, 0x00, 0x01, 0x00,
  0x80, 0x62, 0x00, 0x40, 0x88, 0x00, 0x02, 0x00, 0x00, 0x00, 0x0C, 0x00, 0x81, 0x88, 0x09, 0x12,
  0xC0, 0x81, 0x01, 0x20, 0x00, 0x00, 0x00, 0x02, 0x01, 0x01, 0x20, 0x20, 0xA1, 0x88, 0x02, 0x12,
  0x11, 0x11, 0x00, 0x10, 0xF0, 0x28, 0x02, 0x00, 0x08, 0x01, 0x00, 0x02, 0x20, 0x00, 0x00, 0x00,
  0x02, 0x01, 0x02, 0x00, 0x00, 0xA8, 0x00, 0x10, 0x02, 0x02, 0x00, 0x22, 0x30, 0x80, 0x00, 0x00,
  0x46, 0x00, 0x00, 0x23, 0x00, 0xA8, 0x00, 0x81, 0x44, 0x00, 0x11, 0x00, 0x30, 0x88, 0x00, 0x04,
  0x80, 0x00, 0x01, 0x00, 0x10, 0x80, 0x00, 0x00, 0x02, 0x01, 0x04, 0x06, 0x01, 0x88, 0x00, 0x01,
  0x0A, 0x00, 0x10, 0x20, 0x08, 0x88, 0x00, 0x01, 0x00, 0x08, 0x80, 0x00, 0x00, 0x80, 0x00, 0x02,
  0x08, 0x02, 0x8C, 0x04, 0x00, 0x00, 0x00, 0x01, 0x00, 0x81, 0x14, 0x04, 0x00, 0x00, 0x00, 0x01,
  0x00, 0x40, 0x48, 0xA2, 0x00, 0x00, 0x00, 0x01, 0x80, 0x11, 0x00, 0x00, 0x00, 0x00, 0x00, 0x00,
  0x80, 0x40, 0x12, 0x80, 0x00, 0x00, 0x00, 0x00, 0x00, 0x00, 0x00, 0x00, 0x00, 0x00, 0x00, 0x00,
  0x00, 0x00, 0x00, 0x00, 0x00, 0x00, 0x00, 0x00, 0x49, 0x00, 0x00, 0x00, 0x00, 0x00, 0x00, 0x08,
  0x82, 0x00, 0x00, 0x00, 0x00, 0x00, 0x04, 0x00, 0x00, 0x03, 0x04, 0x00, 0x69, 0x00, 0x00, 0x00,
  0x00, 0x80, 0x10, 0x00, 0x00, 0x00, 0x00, 0x00, 0x10, 0x46, 0x00, 0x00, 0x80, 0x00, 0x22, 0x40,
  0x80, 0x40, 0x02, 0x02, 0x20, 0x00, 0x00, 0x00, 0x02, 0x04, 0x00, 0x00, 0x90, 0x00, 0x00, 0x01,
  0x80, 0x40, 0x38, 0x00, 0x00, 0x00, 0x04, 0x90, 0x00, 0x01, 0x20, 0x00, 0x60, 0x00, 0x01, 0x21,
  0x91, 0x00, 0x01, 0x00, 0x80, 0x10, 0x00, 0x00, 0x00, 0x44, 0x00, 0x00, 0x02, 0x84, 0x09, 0x20,
  0x02, 0x00, 0x10, 0x40, 0x28, 0x20, 0x06, 0x04, 0x10, 0x42, 0x11, 0x88, 0x01, 0x00, 0x05, 0x01,
  0x40, 0x40, 0x00, 0x00, 0x09, 0x10, 0x00, 0x09, 0x04, 0x00, 0x84, 0x80, 0x40, 0x10, 0x20, 0x05,
  0x20, 0x40, 0x40, 0x80, 0x08, 0x68, 0x00, 0x86, 0xA8, 0xC0, 0x07, 0x11, 0x40, 0x84, 0x40, 0x20,
  0x04, 0x01, 0x04, 0x11, 0x00, 0x40, 0x10, 0x00, 0x22, 0x00, 0x81, 0x02, 0x00, 0x40, 0x20, 0x00,
  0x40, 0x00, 0x04, 0x28, 0x00, 0x00, 0x80, 0x00, 0x50, 0x00, 0x40, 0x00, 0x00, 0x80, 0x00, 0x00,
  0x00, 0x00, 0x06, 0x00, 0x02, 0x00, 0x60, 0x02, 0x01, 0x00, 0x46, 0x00, 0x00, 0x90, 0x00, 0x00,
  0x10, 0x00, 0x82, 0x00, 0x00, 0x00, 0x00, 0x04, 0x00, 0x00, 0x40, 0x02, 0x00, 0x42, 0x00, 0x04,
  0x10, 0x81, 0x04, 0x04, 0x00, 0x40, 0x00, 0x04, 0x10, 0x00, 0x41, 0x00, 0x00, 0x10, 0x10, 0x04,
  0x00, 0x00, 0x40, 0x01, 0x00, 0x40, 0x80, 0x20, 0x00, 0x00, 0x40, 0x91, 0x00, 0x10, 0x40, 0x62,
  0x04, 0x08, 0x40, 0x01, 0x00, 0x40, 0x00, 0x0A, 0x00, 0x00, 0x44, 0x01, 0x00, 0x40, 0x00, 0x00,
  0x00, 0x00, 0x00, 0x00, 0x00, 0x00, 0x00, 0x00, 0x00, 0x00, 0x00, 0x00, 0x00, 0x00, 0x00, 0x00,
  0x00, 0x00, 0x00, 0x20, 0x00, 0x80, 0x24, 0x00, 0x00, 0x00, 0x0A, 0x01, 0x80, 0xC0, 0x0B, 0x02,
  0xE1, 0x40, 0x14, 0x00, 0x8C, 0x8A, 0x02, 0x00, 0xD1, 0x00, 0x00, 0x00, 0x09, 0x42, 0x00, 0x00,
  0xA0, 0x00, 0x00, 0x00, 0x00, 0x01, 0x00, 0x00, 0xC0, 0x20, 0x00, 0x10, 0x00, 0x80, 0x00, 0x00,
  0x90, 0x20, 0x02, 0x00, 0x88, 0x88, 0x48, 0x00, 0xC5, 0x20, 0x08, 0x00, 0x80, 0x40, 0x00, 0x00,
  0x00, 0x20, 0x8E, 0x00, 0x04, 0x80, 0x04, 0x00, 0xA0, 0x40, 0x42, 0x00, 0x00, 0x8A, 0x03, 0x00,
  0x20, 0x00, 0x00, 0x02, 0x00, 0xC8, 0x20, 0x00, 0x02, 0x00, 0x12, 0x00, 0x00, 0xC1, 0x20, 0x00,
  0x89, 0x40, 0x02, 0x00, 0x00, 0x40, 0x80, 0x00, 0x60, 0x40, 0x0A, 0x05, 0x80, 0x00, 0x00, 0x00,
  0x00, 0x00, 0x00, 0x02, 0x02, 0x40, 0x08, 0x80, 0x84, 0xD0, 0x40, 0x01, 0x00, 0x00, 0x42, 0x00,
  0x00, 0x11, 0x30, 0x0A, 0x00, 0x42, 0x0E, 0x04, 0x80, 0x40, 0x04, 0x06, 0x00, 0x40, 0x42, 0x01,
  0x84, 0x60, 0x10, 0x01, 0x01, 0x81, 0x02, 0x01, 0x04, 0x08, 0x00, 0x00, 0x10, 0x00, 0x80, 0x00,
  0x80, 0x41, 0x20, 0x00, 0x00, 0x00, 0x82, 0x00, 0x00, 0xC0, 0x00, 0x42, 0x00, 0x8C, 0x85, 0x09,
  0x04, 0xA1, 0x10, 0x02, 0x01, 0x40, 0xCA, 0x00, 0x00, 0xE1, 0x01, 0x00, 0x00, 0x00, 0x82, 0x00,
  0x00, 0x80, 0x00, 0x01, 0x00, 0x80, 0xC2, 0x00, 0x00, 0x40, 0x20, 0x89, 0x00, 0x82, 0x02, 0x12,
  0x00, 0x00, 0x00, 0x00, 0x00, 0x08, 0x88, 0x02, 0x00, 0x01, 0x10, 0x06, 0x11, 0x00, 0x02, 0x21,
  0x00, 0x00, 0x10, 0x82, 0x11, 0x00, 0xC2, 0x01, 0x00, 0x00, 0x00, 0x06, 0x03, 0x00, 0x00, 0x31,
  0x00, 0x80, 0x20, 0x06, 0x11, 0x00, 0x04, 0x01, 0x00, 0x20, 0x00, 0x00, 0x00, 0x00, 0x00, 0x00,
  0x00, 0x00, 0x00, 0x00, 0x00, 0x00, 0x00, 0x00, 0x00, 0x00, 0x00, 0x00, 0x00, 0x00, 0x00, 0x00,
  0x02, 0x80, 0x60, 0x00, 0x01, 0x00, 0x40, 0x08, 0x02, 0x00, 0x10, 0x08, 0x00, 0x00, 0x20, 0x08,
  0x00, 0x80, 0x01, 0x08, 0x00, 0x00, 0x00, 0x20, 0x00, 0x02, 0x80, 0x08, 0x00, 0x00, 0x00, 0x00,
  0x00, 0x08, 0x00, 0x00, 0x01, 0xA0, 0x00, 0x09, 0x04, 0x40, 0x00, 0x08, 0x80, 0x00, 0x02, 0x00,
  0x00, 0x58, 0x00, 0x08, 0x00, 0x00, 0x40, 0x01, 0x00, 0x00, 0x82, 0x01, 0x01, 0x10, 0x00, 0x10,
  0x04, 0x80, 0x40, 0x08, 0x00, 0x10, 0x00, 0x09, 0x04, 0x81, 0x10, 0x04, 0x02, 0x00, 0x00, 0x08,
  0x1A, 0x04, 0x20, 0x08, 0x06, 0x10, 0x42, 0x00, 0x04, 0x02, 0x00, 0x09, 0x80, 0x00, 0x00, 0x02,
  0x00, 0x00, 0x81, 0x01, 0x09, 0x10, 0x42, 0x08, 0x80, 0x00, 0x00, 0x00, 0x00, 0x20, 0x00, 0x02,
  0x20, 0xC8, 0x20, 0x46, 0x01, 0x20, 0x24, 0x02, 0x00, 0x00, 0x00, 0x40, 0x80, 0x84, 0x86, 0x44,
  0x09, 0x0D, 0x10, 0x00, 0x12, 0x01, 0x08, 0x00, 0x01, 0x80, 0x05, 0x00, 0x80, 0x00, 0x00, 0x03,
  0x00, 0x84, 0x00, 0x40, 0x00, 0x80, 0x00, 0x00, 0x09, 0x04, 0x04, 0x01, 0x81, 0x00, 0x10, 0x00,
  0x10, 0x04, 0x40, 0x00, 0x08, 0x01, 0x00, 0x08, 0x08, 0x80, 0x80, 0x00, 0x00, 0x80, 0x00, 0x00,
  0x00, 0x82, 0x04, 0x00, 0x00, 0x00, 0xA0, 0x00, 0x10, 0x04, 0x00, 0x00, 0x08, 0x01, 0x00, 0x02,
  0x10, 0x04, 0x00, 0x01, 0x04, 0x01, 0x00, 0x06, 0x00, 0x02, 0x40, 0x00, 0x0A, 0x00, 0x00, 0x00,
  0x00, 0x00, 0x20, 0x00, 0x04, 0x00, 0x00, 0x00, 0x40, 0x00, 0x00, 0x00, 0x08, 0x00, 0x00, 0x0A,
  0x40, 0x02, 0x02, 0x00, 0x09, 0x44, 0xA0, 0x20, 0x50, 0x00, 0x42, 0x08, 0x04, 0x54, 0xA0, 0x00,
  0x00, 0x00, 0x02, 0x00, 0x00, 0x20, 0x00, 0x00, 0x00, 0x00, 0x00, 0x00, 0x00, 0x00, 0x00, 0x00,
  0x00, 0x00, 0x00, 0x00, 0x00, 0x00, 0x00, 0x00, 0x00, 0x00, 0x00, 0x04, 0x00, 0x00, 0x00, 0x00,
  0x00, 0x80, 0x02, 0x02, 0x00, 0x00, 0x00, 0x00, 0x20, 0x00, 0x00, 0x04, 0x80, 0x20, 0x30, 0x00,
  0x00, 0x40, 0x00, 0x40, 0x00, 0x00, 0x00, 0x00, 0x10, 0x00, 0x00, 0x00, 0x80, 0x40, 0x00, 0x04,
  0x00, 0x00, 0x04, 0x02, 0x20, 0x00, 0x01, 0x00, 0x01, 0x00, 0x00, 0x0C, 0x80, 0x02, 0x01, 0x00,
  0x12, 0x00, 0x00, 0x00, 0x00, 0x01, 0x00, 0x00, 0x40, 0x20, 0x01, 0x20, 0x00, 0x01, 0x10, 0x00,
  0x41, 0x20, 0x06, 0x04, 0x00, 0x12, 0x40, 0x01, 0x60, 0x50, 0x00, 0x00, 0x00, 0x10, 0x48, 0x02,
  0x10, 0x80, 0x44, 0x00, 0x00, 0x00, 0x00, 0x08, 0x02, 0x10, 0x2C, 0x00, 0x40, 0x00, 0x00, 0x00,
  0x10, 0x20, 0x04, 0x20, 0x08, 0x40, 0x00, 0x00, 0x00, 0x00, 0x00, 0x34, 0x09, 0x00, 0x45, 0x12,
  0x88, 0x05, 0x04, 0x2C, 0x0A, 0x04, 0x02, 0x12, 0x00, 0x00, 0x08, 0x00, 0x04, 0x00, 0x40, 0x11,
  0x84, 0x2C, 0x30, 0x32, 0x50, 0x03, 0x01, 0x00, 0x02, 0x20, 0x00, 0x00, 0x00, 0x00, 0x41, 0x00,
  0x00, 0x90, 0x10, 0x02, 0x02, 0x00, 0x02, 0x00, 0x00, 0x00, 0x00, 0x01, 0x00, 0x00, 0x01, 0x00,
  0x00, 0x00, 0x80, 0x02, 0x02, 0x00, 0x00, 0x00, 0x00, 0x10, 0x00, 0x00, 0x0A, 0x00, 0x20, 0x00,
  0x04, 0x22, 0x44, 0x00, 0x00, 0x00, 0x40, 0x00, 0x00, 0x00, 0x80, 0x04, 0x02, 0x80, 0x02, 0x00,
  0x01, 0x10, 0x00, 0x00, 0x08, 0x00, 0x06, 0x01, 0x00, 0x69, 0x80, 0x04, 0x08, 0x00, 0x40, 0x30,
  0x00, 0x84, 0x40, 0x02, 0x10, 0x00, 0x42, 0x40, 0x02, 0x40, 0x00, 0x10, 0x10, 0x00, 0x00, 0x00,
  0x02, 0x01, 0x00, 0x00, 0x10, 0x10, 0x00, 0xC0, 0x00, 0x01, 0x00, 0x00, 0x00, 0x00, 0x40, 0x80,
  0x00, 0x40, 0x00, 0x00, 0x00, 0x00, 0x00, 0x00, 0x00, 0x00, 0x00, 0x00, 0x00, 0x00, 0x00, 0x00,
  0x00, 0x00, 0x00, 0x00, 0x00, 0x00, 0x00, 0x24, 0x00, 0x00, 0x20, 0x80, 0x00, 0x02, 0x40, 0x00,
  0x40, 0x40, 0x00, 0x10, 0x24, 0x00, 0x40, 0x00, 0x02, 0x42, 0x04, 0x10, 0x12, 0x10, 0x80, 0x00,
  0x00, 0x00, 0x00, 0x00, 0x00, 0x00, 0x10, 0x00, 0x00, 0x00, 0x00, 0x00, 0x28, 0x00, 0x40, 0x00,
  0x20, 0x00, 0x00, 0x10, 0x10, 0x00, 0x40, 0x00, 0x40, 0x00, 0x11, 0x10, 0x28, 0x00, 0x04, 0x20,
  0x00, 0x02, 0x18, 0x48, 0x00, 0x08, 0x84, 0x80, 0x00, 0x00, 0x00, 0x08, 0x04, 0x25, 0x00, 0x00,
  0x80, 0x41, 0x00, 0x48, 0x12, 0x00, 0x01, 0x00, 0x02, 0x00, 0x18, 0x00, 0x01, 0x85, 0x44, 0x80,
  0x03, 0x00, 0x00, 0x50, 0x21, 0x20, 0x06, 0x01, 0x80, 0x00, 0x00, 0xA0, 0x28, 0x0A, 0x00, 0x00,
  0x00, 0x00, 0x00, 0x08, 0x00, 0x00, 0x04, 0x81, 0x00, 0x2A, 0x00, 0x00, 0x00, 0x01, 0x00, 0x82,
  0x50, 0x00, 0x00, 0x09, 0x00, 0x60, 0x02, 0x80, 0x20, 0x94, 0x41, 0x00, 0x91, 0x03, 0x40, 0x50,
  0x40, 0x00, 0x00, 0x10, 0x10, 0x20, 0x00, 0x60, 0x00, 0x82, 0x41, 0x10, 0x40, 0x10, 0x05, 0x00,
  0x00, 0x00, 0x02, 0x00, 0x90, 0x20, 0x05, 0x40, 0x00, 0x00, 0x00, 0x00, 0x90, 0x00, 0x00, 0x41,
  0x00, 0x08, 0x00, 0x00, 0x10, 0x00, 0x10, 0x44, 0x80, 0x80, 0x02, 0x02, 0x90, 0x20, 0x00, 0x80,
  0x00, 0x00, 0x40, 0x00, 0x08, 0x00, 0x00, 0x82, 0x00, 0x08, 0x00, 0x80, 0x10, 0x00, 0x00, 0x02,
  0x00, 0x07, 0x40, 0x00, 0x00, 0x25, 0x40, 0x00, 0x00, 0x09, 0x00, 0x00, 0x10, 0x14, 0x30, 0x40,
  0x00, 0x00, 0x02, 0x00, 0x80, 0x14, 0x18, 0x40, 0x00, 0x01, 0x01, 0x02, 0x80, 0x24, 0x29, 0x00,
  0x00, 0x00, 0x00, 0x40, 0x90, 0x11, 0x00, 0x00, 0x00, 0x00, 0x01, 0x00, 0x00, 0x00, 0x00, 0x00,
  0x00, 0x00, 0x00, 0x40, 0x00, 0x00, 0x00, 0x00, 0x00, 0x00, 0x00, 0x00, 0x00, 0x00, 0x00, 0x00,
  0x00, 0x00, 0x00, 0x80, 0x02, 0x00, 0x10, 0x00, 0x02, 0x08, 0x00, 0x00, 0x04, 0x02, 0x02, 0xC0,
  0x00, 0x02, 0x00, 0x00, 0x80, 0x00, 0x12, 0x40, 0x00, 0x00, 0x20, 0x00, 0x00, 0x00, 0x12, 0x90,
  0x00, 0x90, 0x44, 0x00, 0x00, 0x00, 0x02, 0x10, 0x02, 0x0A, 0x00, 0x00, 0x00, 0x02, 0x01, 0x40,
  0x00, 0x10, 0x04, 0x00, 0x04, 0x02, 0x08, 0x40, 0x00, 0x00, 0x00, 0x80, 0x00, 0x80, 0x06, 0x00,
  0x01, 0x24, 0x02, 0x00, 0x0A, 0x80, 0x42, 0x00, 0x00, 0x10, 0x86, 0x05, 0x0C, 0x00, 0x02, 0x00,
  0x10, 0xA1, 0xC0, 0x60, 0x18, 0x00, 0x41, 0x00, 0x04, 0x20, 0x40, 0x00, 0x00, 0x40, 0x20, 0x40,
  0x00, 0x20, 0x80, 0x00, 0x00, 0x02, 0x01, 0x00, 0x80, 0x10, 0x80, 0x00, 0x00, 0x00, 0x21, 0x40,
  0x00, 0x00, 0x00, 0x40, 0x20, 0x10, 0x01, 0x22, 0x54, 0x20, 0x20, 0x44, 0x00, 0x08, 0x80, 0x10,
  0x50, 0x00, 0x28, 0x2B, 0x00, 0x04, 0x00, 0x41, 0x44, 0x40, 0xAA, 0x16, 0x20, 0x84, 0x80, 0x01,
  0x80, 0x00, 0x08, 0x04, 0x00, 0x00, 0x00, 0x02, 0x00, 0x00, 0x01, 0x84, 0x00, 0x08, 0x00, 0x00,
  0x40, 0x00, 0x02, 0x00, 0x00, 0x08, 0x00, 0x02, 0x40, 0x20, 0x00, 0x00, 0x00, 0x00, 0x80, 0x02,
  0xC0, 0x00, 0x02, 0x00, 0x00, 0x0C, 0x00, 0x02, 0x40, 0x00, 0x11, 0x00, 0x00, 0x08, 0x00, 0x02,
  0x00, 0x02, 0x00, 0x00, 0x00, 0x20, 0x82, 0x01, 0x40, 0x00, 0x11, 0x80, 0x00, 0x20, 0x00, 0x06,
  0x10, 0x00, 0x15, 0x80, 0x00, 0x02, 0x00, 0x29, 0xC0, 0x00, 0x01, 0x00, 0x00, 0x82, 0x40, 0x08,
  0x00, 0x00, 0x05, 0x40, 0x40, 0x02, 0x40, 0x20, 0x00, 0x00, 0x00, 0x23, 0x00, 0x10, 0x42, 0x08,
  0x00, 0x00, 0x10, 0x00, 0x00, 0x80, 0x00, 0x00, 0x00, 0x00, 0xA0, 0x00, 0x00, 0x00, 0x00, 0x00,
  0x00, 0x00, 0x00, 0x00, 0x00, 0x00, 0x00, 0x00, 0x00, 0x00, 0x00, 0x00, 0x00, 0x00, 0x00, 0x20,
  0x00, 0x80, 0x2B, 0x40, 0x00, 0x02, 0x04, 0x00, 0x84, 0x82, 0x00, 0x80, 0x21, 0x30, 0x04, 0x00,
  0x80, 0x82, 0x00, 0x00, 0x21, 0x20, 0x08, 0x00, 0x00, 0x40, 0x02, 0x80, 0x00, 0x00, 0x00, 0x00,
  0x80, 0x40, 0x08, 0x08, 0x00, 0x28, 0x05, 0x00, 0x00, 0x01, 0x00, 0x00, 0x21, 0x22, 0x00, 0x00,
  0x00, 0xC2, 0x08, 0x00, 0x01, 0x30, 0x00, 0x00, 0x00, 0x00, 0x80, 0x00, 0x00, 0x00, 0x00, 0x00,
  0x04, 0x80, 0x00, 0x10, 0x01, 0x22, 0x01, 0x00, 0x40, 0x80, 0x80, 0x10, 0x08, 0x00, 0x20, 0x40,
  0x00, 0x00, 0x20, 0x80, 0x02, 0x02, 0x10, 0x00, 0x00, 0x00, 0x02, 0x20, 0x08, 0x08, 0x02, 0x00,
  0x20, 0x00, 0x08, 0x00, 0x01, 0x20, 0x00, 0x00, 0x00, 0x00, 0x0A, 0x00, 0x00, 0x00, 0x04, 0x0E,
  0x00, 0x00, 0x82, 0x0A, 0x40, 0x80, 0x08, 0x12, 0x00, 0x08, 0x00, 0x00, 0x80, 0x21, 0x20, 0x11,
  0x23, 0x00, 0x82, 0x12, 0x20, 0x10, 0x08, 0x81, 0x00, 0x41, 0x02, 0x02, 0x42, 0x48, 0x18, 0x08,
  0x00, 0x80, 0x80, 0x4C, 0x20, 0x22, 0x10, 0x00, 0x00, 0x00, 0x00, 0x00, 0x00, 0x21, 0x20, 0x04,
  0x00, 0x00, 0x40, 0x00, 0x80, 0x21, 0x2A, 0x04, 0x40, 0x04, 0x02, 0x00, 0x80, 0x11, 0x20, 0x00,
  0x00, 0x80, 0x82, 0x10, 0x80, 0x21, 0x20, 0x00, 0x00, 0x00, 0x00, 0x00, 0x80, 0x00, 0x20, 0x06,
  0x00, 0x44, 0x00, 0x00, 0x00, 0x11, 0x20, 0x06, 0x00, 0x40, 0x02, 0x00, 0x08, 0x20, 0x00, 0x02,
  0x00, 0x00, 0x00, 0x00, 0x20, 0x05, 0x28, 0x00, 0x00, 0x80, 0x82, 0x10, 0x20, 0x22, 0x00, 0x08,
  0x00, 0x80, 0x00, 0x80, 0x20, 0x23, 0x50, 0x02, 0x00, 0x08, 0x81, 0x30, 0x18, 0x20, 0x21, 0x00,
  0x00, 0x80, 0x40, 0x40, 0x00, 0x04, 0x00, 0x00, 0x00, 0x00, 0x00, 0x00, 0x00, 0x00, 0x00, 0x00,
  0x00, 0x00, 0x00, 0x00, 0x00, 0x00, 0x00, 0x00, 0x00, 0x00, 0x00, 0x00, 0x48, 0x00, 0x00, 0x44,
  0x00, 0x40, 0x04, 0x00, 0x48, 0x00, 0x01, 0x00, 0x08, 0x20, 0x08, 0x00, 0x48, 0x40, 0x08, 0x00,
  0x10, 0x24, 0x00, 0x00, 0x00, 0x40, 0x01, 0x40, 0x11, 0x04, 0xA0, 0x00, 0x80, 0x80, 0x00, 0x00,
  0x09, 0x00, 0x22, 0x00, 0xC8, 0x00, 0x01, 0x00, 0x00, 0x10, 0x20, 0x00, 0x58, 0x80, 0x00, 0x00,
  0x00, 0x20, 0x04, 0x00, 0x91, 0x00, 0x00, 0x28, 0x00, 0xC4, 0x11, 0x20, 0x40, 0x01, 0x08, 0xC0,
  0x10, 0x00, 0x08, 0x00, 0x40, 0x41, 0x11, 0x40, 0x00, 0x00, 0x00, 0x00, 0x04, 0x00, 0x01, 0x80,
  0x00, 0x80, 0x0A, 0xA0, 0x00, 0x40, 0x00, 0x00, 0x11, 0x4C, 0x08, 0x01, 0x00, 0x00, 0x20, 0x44,
  0x40, 0x14, 0x00, 0x00, 0x00, 0x00, 0x00, 0x00, 0x00, 0x00, 0x01, 0x05, 0x00, 0x80, 0x02, 0x10,
  0x80, 0x0B, 0x5C, 0x04, 0x00, 0x26, 0x01, 0x14, 0x80, 0x91, 0x11, 0x04, 0x04, 0x10, 0x41, 0x02,
  0x00, 0x70, 0x00, 0x00, 0x00, 0x01, 0x02, 0x01, 0x40, 0x00, 0x14, 0x04, 0x00, 0x00, 0x40, 0x00,
  0x24, 0x01, 0x10, 0x20, 0x00, 0x40, 0x00, 0x20, 0x08, 0x00, 0x00, 0x04, 0x00, 0x40, 0x80, 0x01,
  0x00, 0x00, 0x08, 0x20, 0x00, 0xD0, 0x02, 0x01, 0x00, 0x20, 0x10, 0x0A, 0x00, 0x40, 0x00, 0x01,
  0x00, 0x00, 0x10, 0x00, 0x00, 0x40, 0x40, 0x01, 0xC0, 0x00, 0x04, 0x04, 0x00, 0x80, 0x00, 0x04,
  0x00, 0x20, 0x10, 0x04, 0x00, 0x80, 0x42, 0x00, 0x00, 0x10, 0x28, 0x02, 0x00, 0x40, 0x00, 0x08,
  0x00, 0x10, 0x08, 0x02, 0x40, 0x00, 0x40, 0x00, 0x44, 0x00, 0x20, 0x02, 0x60, 0x80, 0x40, 0x00,
  0x44, 0x00, 0x00, 0x40, 0x20, 0x98, 0x40, 0x00, 0x00, 0x11, 0x18, 0x00, 0x00, 0x02, 0x00, 0x00,
  0x88, 0x20, 0x00, 0x00, 0x00, 0x00, 0x01, 0x00, 0x00, 0x00, 0x00, 0x00, 0x00, 0x00, 0x00, 0x00,
  0x00, 0x00, 0x00, 0x00, 0x00, 0x0F, 0xFF, 0xFF, 0xC5, 0xFC, 0xCF, 0xFC, 0xF0, 0x0D, 0x7C, 0xCD,
  0x7C, 0xCD, 0x7C, 0xCD, 0x7C, 0xCD, 0x7C, 0xCD, 0x7C, 0xC5, 0x7F, 0xCD, 0x7F, 0xF4, 0x0C, 0x0F,
  0xFF, 0xFF, 0x0F, 0xCF, 0xFF, 0xFF, 0xFB, 0xFF, 0xFF, 0xFF, 0xF0, 0x0C, 0x3C, 0xCC, 0x3C, 0xCC,
  0x3C, 0xCC, 0x3C, 0xCC, 0x3C, 0xCC, 0x3C, 0xCC, 0x3C, 0xC5, 0x6F, 0xDC, 0x3F, 0xFF, 0xFF, 0xFF,
  0xFF, 0xFF, 0xFF, 0xF7, 0xF0, 0x0F, 0xFC, 0xCF, 0xFC, 0xCF, 0xFC, 0xCF, 0xFC, 0xCF, 0xFC, 0xCF,
  0xFC, 0xCF, 0xFC, 0xCF, 0xFF, 0xFF, 0xD0, 0x0D, 0x0F, 0x05, 0x85, 0x8C, 0x0F, 0x08, 0x00, 0xFF,
  0xFF, 0xFC, 0x50, 0xFF, 0xFF, 0xFF, 0xF0, 0x00, 0x00, 0x00, 0x0F, 0xF5, 0x54, 0x50, 0x0F, 0xFF,
  0x0F, 0xFF, 0x0F, 0xFF, 0x5F, 0x50, 0x0F, 0xFF, 0xFF, 0xFE, 0xA5, 0x05, 0x00, 0x00, 0x05, 0xF0,
  0x0F, 0xFF, 0xF5, 0x50, 0x0F, 0xFF, 0xFF, 0x07, 0x4F, 0x07, 0x4F, 0x07, 0x4F, 0x07, 0x4F, 0x0F,
  0xCF, 0xFF, 0xFF, 0x7F, 0xD0, 0x00, 0x03, 0x37, 0x70, 0x00, 0x0D, 0x1D, 0x1F, 0xFF, 0xFF, 0xF0,
  0x0C, 0x3C, 0xCC, 0x3C, 0xCC, 0x3C, 0xCC, 0x3C, 0xCC, 0x3C, 0xCC, 0x3C, 0xCC, 0x3C, 0xCC, 0x3C,
  0xCC, 0x3C, 0xCC, 0x3C, 0xCC, 0x3C, 0xCC, 0x3C, 0xCC, 0x3C, 0xC5, 0x6F, 0xDC, 0x3F, 0xFC, 0x3C,
  0xCC, 0x3C, 0xCC, 0x3C, 0xCC, 0x3C, 0xCC, 0x3C, 0xCC, 0x3C, 0xCC, 0x3C, 0xCC, 0x3C, 0xC6, 0x96,
  0x66, 0x96, 0x66, 0x96, 0x66, 0x96, 0x66, 0x96, 0x66, 0x96, 0x6A, 0x95, 0x4C, 0x3F, 0xFF, 0xFF,
  0xFF, 0xFF, 0xF0, 0x00, 0x0F, 0xFF, 0xFF, 0xFF, 0xFF, 0xFF, 0xF0, 0x00, 0x00, 0xD0, 0xF0, 0x00,
  0x00, 0x00, 0x0F, 0xFF, 0xFF, 0xFF, 0xFF, 0xFF, 0xFF, 0xFF, 0xFF, 0xFF, 0xFF, 0xFF, 0xF0, 0x00,
  0x00, 0x00, 0x00, 0x00, 0x00, 0x00, 0x00, 0x00, 0x00, 0x00, 0x00, 0x00, 0x00, 0x00, 0x00, 0x00,
  0x00, 0x0F, 0xFF, 0xFF, 0xC5, 0x5D, 0xCF, 0xFF, 0xCF, 0xFD, 0x7C, 0xCD, 0x7C, 0xCD, 0x7C, 0xCD,
  0x7C, 0xCD, 0x7C, 0xCD, 0x7C, 0xCF, 0xDF, 0xFD, 0x7F, 0xF0, 0x04, 0x0F, 0xFF, 0xF0, 0x0C, 0x0F,
  0xFF, 0xFF, 0xFB, 0xFF, 0xFF, 0xFF, 0xF0, 0x0C, 0x3C, 0xCC, 0x3C, 0xCC, 0x3C, 0xCC, 0x3C, 0xCC,
  0x3C, 0xCC, 0x3C, 0xCC, 0x3C, 0xC5, 0x6F, 0xDC, 0x3F, 0xFF, 0xFF, 0xFF, 0xFF, 0xF0, 0xFF, 0xFF,
  0x7F, 0xFD, 0x7C, 0xCD, 0x7C, 0xCD, 0x7C, 0xCD, 0x7C, 0xCD, 0x7C, 0xCD, 0x7C, 0xCD, 0x7C, 0xCF,
  0xFF, 0xFF, 0xD0, 0x0F, 0x0F, 0x0F, 0x0F, 0x0F, 0x0F, 0x00, 0x00, 0xFF, 0xFF, 0xFF, 0xF0, 0xFF,
  0xBE, 0xFF, 0xF0, 0x00, 0x00, 0x00, 0x00, 0x05, 0x54, 0x5F, 0xFF, 0xFF, 0x0F, 0xFF, 0x0F, 0xFF,
  0x5F, 0x50, 0x0C, 0x4F, 0x0F, 0xFE, 0xF5, 0x50, 0x00, 0xFD, 0x15, 0xA5, 0x07, 0xFD, 0xFF, 0x00,
  0x0F, 0xFF, 0x7F, 0xFF, 0xFF, 0xFF, 0xFF, 0xFF, 0xFF, 0xFF, 0xFF, 0x0F, 0xFF, 0xFF, 0xFF, 0xFF,
  0xF5, 0x55, 0x5F, 0x37, 0x70, 0x00, 0x05, 0x5F, 0xFF, 0xFF, 0xFF, 0xF0, 0x0C, 0x3C, 0xCC, 0x3C,
  0xCC, 0x3C, 0xCC, 0x3C, 0xCC, 0x3C, 0xCC, 0x3C, 0xCC, 0x3C, 0xCC, 0x3C, 0xCC, 0x3C, 0xCC, 0x3C,
  0xCC, 0x3C, 0xCC, 0x3C, 0xCC, 0x3C, 0xC5, 0x6F, 0xDC, 0x3F, 0xFC, 0x3C, 0xCC, 0x3C, 0xCC, 0x3C,
  0xCC, 0x3C, 0xCC, 0x3C, 0xCC, 0x3C, 0xCC, 0x3C, 0xCC, 0x3C, 0xC6, 0x96, 0x66, 0x96, 0x66, 0x96,
  0x66, 0x96, 0x66, 0x96, 0x66, 0x96, 0x65, 0x6F, 0xDC, 0x3F, 0xFF, 0xFB, 0xBF, 0xFF, 0xF0, 0x05,
  0x0F, 0xFF, 0xFF, 0xFB, 0xFF, 0xFF, 0xF0, 0x04, 0x00, 0xF0, 0xF4, 0x04, 0x00, 0x04, 0x0F, 0xFA,
  0xFF, 0xFB, 0xFF, 0xFF, 0xFF, 0xFF, 0xFF, 0xFF, 0xFF, 0xFF, 0xF0, 0x00, 0x00, 0x00, 0x00, 0x00,
  0x00, 0x00, 0x00, 0x00, 0x00, 0x00, 0x00, 0x00, 0x00, 0x00, 0x00, 0x00, 0x00, 0x06, 0x08, 0x00,
  0x15, 0x36, 0x20, 0x10, 0x64, 0x00, 0x18, 0x81, 0x13, 0x36, 0x70, 0x00, 0x64, 0x00, 0x18, 0x81,
  0x12, 0x36, 0x30, 0x00, 0x44, 0x02, 0x00, 0x10, 0x00, 0x00, 0x00, 0x10, 0x00, 0x12, 0x00, 0x10,
  0x01, 0x30, 0x20, 0x10, 0x64, 0x00, 0x18, 0x81, 0x13, 0x30, 0x70, 0x00, 0x64, 0x00, 0x18, 0x81,
  0x12, 0x30, 0x30, 0x00, 0x44, 0x02, 0x00, 0x10, 0x01, 0x76, 0x20, 0x10, 0x64, 0x00, 0x18, 0x81,
  0x13, 0x76, 0x70, 0x00, 0x64, 0x00, 0x18, 0x81, 0x12, 0x36, 0x70, 0x00, 0x04, 0x02, 0x08, 0x10,
  0x10, 0x32, 0x20, 0x10, 0x40, 0x10, 0x04, 0x10, 0x00, 0x00, 0x04, 0x00, 0x00, 0x12, 0x00, 0x00,
  0x00, 0x00, 0x00, 0x10, 0x00, 0x12, 0x08, 0x10, 0x11, 0x36, 0x20, 0x10, 0x40, 0x10, 0x00, 0x04,
  0x10, 0x00, 0x36, 0x00, 0x10, 0x10, 0x02, 0x00, 0x10, 0x00, 0x00, 0x00, 0x10, 0x00, 0x10, 0x0C,
  0x00, 0x14, 0x36, 0x24, 0x00, 0x50, 0x02, 0x00, 0x10, 0x00, 0x00, 0x00, 0x10, 0x00, 0x12, 0x00,
  0x00, 0x00, 0x00, 0x00, 0x10, 0x00, 0x12, 0x08, 0x01, 0x13, 0x70, 0x70, 0x00, 0x64, 0x00, 0x18,
  0x81, 0x13, 0x70, 0x70, 0x00, 0x64, 0x00, 0x18, 0x81, 0x13, 0x70, 0x70, 0x00, 0x64, 0x00, 0x18,
  0x81, 0x12, 0x30, 0x30, 0x00, 0x44, 0x00, 0x18, 0x81, 0x13, 0x72, 0x70, 0x00, 0x64, 0x00, 0x18,
  0x81, 0x13, 0x72, 0x70, 0x00, 0x64, 0x00, 0x18, 0x81, 0x13, 0x72, 0x70, 0x00, 0x64, 0x00, 0x18,
  0x81, 0x12, 0x32, 0x30, 0x00, 0x44, 0x02, 0x00, 0x10, 0x00, 0x00, 0x00, 0x10, 0x00, 0x12, 0x00,
  0x10, 0x00, 0x00, 0x00, 0x10, 0x00, 0x12, 0x00, 0x10, 0x00, 0x00, 0x00, 0x10, 0x00, 0x12, 0x00,
  0x10, 0x00, 0x00, 0x00, 0x10, 0x00, 0x10, 0x00, 0x00, 0x00, 0x00, 0x00, 0x00, 0x00, 0x00, 0x00,
  0x00, 0x00, 0x00, 0x00, 0x00, 0x00, 0x00, 0x00, 0x00, 0x00, 0x00, 0x20, 0x00, 0x00, 0x00, 0x20,
  0x00, 0x24, 0x00, 0x20, 0x00, 0x00, 0x00, 0x20, 0x0C, 0x64, 0x01, 0x20, 0x04, 0x00, 0x20, 0x20,
  0x08, 0x24, 0x00, 0x20, 0x00, 0x00, 0x00, 0x20, 0x0C, 0x6C, 0x11, 0x20, 0x04, 0x6C, 0x60, 0xA0,
  0x08, 0x0C, 0x10, 0x20, 0x20, 0x24, 0x24, 0x60, 0x08, 0x2C, 0x11, 0x24, 0x24, 0x6C, 0x60, 0xA0,
  0x88, 0xA4, 0x00, 0x20, 0x00, 0x00, 0x00, 0x20, 0x00, 0x24, 0x00, 0x20, 0x00, 0x00, 0x00, 0x20,
  0x00, 0x24, 0x00, 0x00, 0x08, 0x00, 0x00, 0x20, 0x00, 0x24, 0x00, 0x20, 0x00, 0x64, 0x00, 0x20,
  0x80, 0x24, 0x00, 0x00, 0x00, 0x00, 0x00, 0x20, 0x00, 0x20, 0x08, 0x00, 0x08, 0x00, 0x00, 0x20,
  0x20, 0x04, 0x10, 0x20, 0x22, 0x6C, 0x40, 0x20, 0x80, 0x20, 0x00, 0x08, 0x20, 0x00, 0x6C, 0x00,
  0x20, 0x00, 0x20, 0x08, 0x00, 0x00, 0x00, 0x08, 0x00, 0x20, 0x00, 0x18, 0x00, 0x28, 0x6C, 0x48,
  0x00, 0xA0, 0x08, 0x18, 0x20, 0x00, 0x60, 0x08, 0x00, 0x20, 0x04, 0x00, 0x20, 0x00, 0x00, 0x00,
  0x20, 0x00, 0x20, 0x08, 0x20, 0x20, 0x64, 0x40, 0x20, 0x80, 0x24, 0x00, 0x20, 0x00, 0x00, 0x00,
  0x20, 0x00, 0x2C, 0x00, 0x20, 0x00, 0x60, 0x00, 0x20, 0x00, 0x24, 0x10, 0x20, 0x20, 0x6C, 0x40,
  0x20, 0x80, 0x24, 0x00, 0x20, 0x00, 0x00, 0x08, 0x00, 0x00, 0x2E, 0x51, 0x24, 0x26, 0x64, 0x60,
  0xA0, 0x88, 0xAC, 0x11, 0x24, 0x24, 0x64, 0x60, 0xA0, 0x88, 0xA4, 0x00, 0x00, 0x02, 0x60, 0x40,
  0x20, 0xC8, 0x00, 0x31, 0x02, 0x26, 0x60, 0xE0, 0x00, 0xC8, 0x00, 0x31, 0x02, 0x26, 0x60, 0xE0,
  0x00, 0xC8, 0x00, 0x31, 0x02, 0x26, 0x60, 0xE0, 0x00, 0xC8, 0x00, 0x31, 0x02, 0x24, 0x60, 0xE0,
  0x00, 0x08, 0x20, 0x00, 0x00, 0x00, 0x00, 0x00, 0x00, 0x00, 0x00, 0x00, 0x00, 0x00, 0x00, 0x00,
  0x00, 0x00, 0x00, 0x00, 0x00, 0x00, 0x00, 0x0F, 0xFF, 0xFF, 0xF0, 0x3F, 0xFF, 0xF0, 0x04, 0x0E,
  0xFF, 0xA4, 0x05, 0x5C, 0x03, 0xF7, 0x3B, 0xD5, 0x0A, 0xFE, 0xEF, 0x9D, 0x5F, 0xFF, 0xFF, 0xF0,
  0x00, 0x0F, 0xFF, 0xFC, 0x03, 0xF7, 0x3B, 0xDC, 0x03, 0xF5, 0x1B, 0xEF, 0xFF, 0xFF, 0xFF, 0xF0,
  0x0F, 0xF0, 0x0C, 0x02, 0x3E, 0x72, 0x3E, 0x72, 0x3E, 0x72, 0x3E, 0x70, 0x3F, 0xFC, 0xFC, 0xFF,
  0xF7, 0xF0, 0x80, 0xA0, 0x0C, 0xC0, 0x0F, 0xFF, 0xFF, 0xF0, 0x04, 0x05, 0xF0, 0xA0, 0xA5, 0xFA,
  0x02, 0x2D, 0xD0, 0xF4, 0x4F, 0x0F, 0xFF, 0xFF, 0xFF, 0xF3, 0x00, 0x00, 0x0F, 0xFF, 0xFF, 0xF0,
  0x00, 0x0D, 0xD0, 0x05, 0x04, 0x5F, 0xF0, 0xFF, 0xF0, 0xF0, 0x0F, 0xFF, 0xFF, 0x0F, 0xFF, 0xFF,
  0x0F, 0xFF, 0xCF, 0xC5, 0x5F, 0xF0, 0x0F, 0x01, 0x3F, 0xFF, 0xF3, 0x03, 0x31, 0x1F, 0x0F, 0x5F,
  0x00, 0x00, 0x00, 0x0D, 0xD0, 0x00, 0x0F, 0xBF, 0xBF, 0xFF, 0xFF, 0xFF, 0xFF, 0xFF, 0xF7, 0x7F,
  0x0A, 0x2F, 0x7F, 0xDF, 0x7F, 0x05, 0x0C, 0x50, 0x5E, 0xAF, 0xBF, 0x5F, 0x53, 0x30, 0x3C, 0x0F,
  0x50, 0x0F, 0xF0, 0x0F, 0xFF, 0xF0, 0x0F, 0xFF, 0xFF, 0xFF, 0xF0, 0x04, 0x0F, 0xFF, 0xFF, 0xFB,
  0xF4, 0x04, 0x00, 0x04, 0x0F, 0xFB, 0xFD, 0xDD, 0xDF, 0x0F, 0xFF, 0x0F, 0xFF, 0xCF, 0xCF, 0xFF,
  0xFF, 0xFF, 0xFF, 0xFF, 0xFF, 0xFF, 0xFF, 0xFB, 0xEF, 0xFB, 0xEF, 0xFB, 0xEF, 0xFB, 0xEF, 0xFB,
  0xEF, 0xFB, 0xEF, 0xFB, 0xEB, 0xEF, 0xF5, 0x5F, 0xF0, 0x00, 0x00, 0xF0, 0xCF, 0x0F, 0xF5, 0xA5,
  0x55, 0xA5, 0x55, 0xA5, 0x55, 0xA5, 0x55, 0xA5, 0x55, 0xA5, 0x55, 0xA5, 0x55, 0xA5, 0x55, 0xA5,
  0x55, 0xA5, 0x55, 0xA5, 0x55, 0xA5, 0x55, 0xA5, 0x55, 0xA5, 0x55, 0xA5, 0x57, 0x5F, 0xF0, 0x00,
  0x00, 0x00, 0x00, 0x00, 0x00, 0x00, 0x00, 0x00, 0x00, 0x00, 0x00, 0x00, 0x00, 0x00, 0x00, 0x00,
  0x00, 0x00, 0x00, 0x0F, 0xFF, 0xFF, 0xF0, 0x3F, 0xFF, 0xF0, 0x00, 0x01, 0xFA, 0xF4, 0x05, 0x5C,
  0x03, 0xF7, 0x3B, 0xD5, 0x1B, 0xED, 0xDF, 0x6D, 0x5F, 0xFF, 0xFF, 0xF0, 0x00, 0x0F, 0x7F, 0xBC,
  0x03, 0xF7, 0x3B, 0xDC, 0x03, 0xFF, 0x77, 0xDF, 0xFF, 0xFF, 0xFF, 0xB0, 0x0D, 0xF0, 0x0C, 0x0A,
  0xFA, 0xF0, 0x0F, 0x5A, 0xFA, 0xF8, 0xAD, 0xB0, 0x3F, 0xFC, 0xFC, 0xFF, 0xFF, 0xF0, 0x00, 0x00,
  0x0C, 0xC0, 0x0C, 0xFF, 0xFF, 0xF0, 0x00, 0x0D, 0xD8, 0x80, 0x01, 0x5A, 0x03, 0x08, 0x80, 0xF7,
  0x7F, 0x0F, 0xFF, 0xFF, 0xFF, 0xF3, 0x00, 0x0F, 0xC0, 0x0F, 0xFE, 0xA0, 0x00, 0x02, 0x22, 0x2F,
  0x00, 0xFF, 0xD0, 0xFE, 0xF0, 0xF0, 0x3F, 0xC5, 0xDF, 0x00, 0x0F, 0xFF, 0x0F, 0xFF, 0xCF, 0xC5,
  0x5F, 0xF0, 0x0F, 0x01, 0x03, 0x4B, 0xFF, 0xF0, 0x00, 0x00, 0x0C, 0xCC, 0xC0, 0x00, 0x0F, 0x01,
  0x9E, 0xFF, 0xEF, 0xFF, 0xFF, 0x07, 0x4F, 0x07, 0x4F, 0x07, 0x47, 0x4F, 0x0A, 0x0F, 0x5D, 0xFF,
  0x7F, 0xC5, 0x0F, 0x53, 0x5E, 0xAE, 0xA3, 0x0F, 0xC3, 0x30, 0x3C, 0x0E, 0x4A, 0xA5, 0x5F, 0xF0,
  0x0F, 0xF0, 0x0F, 0xDF, 0xFF, 0xFF, 0xF0, 0x00, 0x0F, 0xFF, 0xFF, 0xFF, 0xF0, 0x00, 0x00, 0x00,
  0x0F, 0xFF, 0xFD, 0x8D, 0x8C, 0xCC, 0xCF, 0x0C, 0xC3, 0x0F, 0xCF, 0xFF, 0xFF, 0xFF, 0xFF, 0xDF,
  0xDF, 0xFF, 0xFF, 0xF7, 0xDF, 0xF7, 0xDF, 0xF7, 0xDF, 0xF7, 0xDF, 0xF7, 0xDF, 0xF7, 0xDF, 0xF7,
  0xD7, 0xDF, 0xF5, 0x5F, 0xF0, 0x00, 0x00, 0xF0, 0xC8, 0x78, 0x8D, 0x2D, 0xDD, 0x2D, 0xDD, 0x2D,
  0xDD, 0x2D, 0xDD, 0x2D, 0xDD, 0x2D, 0xDD, 0x2D, 0xDD, 0x2D, 0xDD, 0x2D, 0xDD, 0x2D, 0xDD, 0x2D,
  0xDD, 0x2D, 0xDD, 0x2D, 0xDD, 0x2D, 0xDD, 0x2D, 0xD7, 0x5F, 0xF0, 0x00, 0x00, 0x00, 0x00, 0x00,
  0x00, 0x00, 0x00, 0x00, 0x00, 0x80, 0x00, 0x00, 0x00, 0x00, 0x04, 0x00, 0x00, 0x00, 0xB0, 0x80,
  0x80, 0x00, 0x80, 0x64, 0x02, 0x82, 0x00, 0x00, 0x05, 0x40, 0x80, 0x40, 0x64, 0x03, 0x02, 0x88,
  0xB0, 0x8A, 0x00, 0x00, 0x10, 0x40, 0x04, 0x0B, 0x03, 0x04, 0x00, 0x64, 0x40, 0x20, 0x60, 0x20,
  0x00, 0x80, 0x00, 0x00, 0x84, 0x14, 0x00, 0x10, 0x04, 0x84, 0x00, 0x80, 0x18, 0x00, 0x06, 0x80,
  0x90, 0x00, 0x80, 0x00, 0x00, 0x40, 0x02, 0x80, 0x46, 0x10, 0x02, 0x10, 0x12, 0x09, 0x00, 0x00,
  0x40, 0x08, 0x80, 0x00, 0xB0, 0x20, 0x88, 0x68, 0x80, 0x40, 0x00, 0x60, 0x05, 0x22, 0x00, 0x00,
  0x00, 0x60, 0xBA, 0x60, 0x00, 0x80, 0x08, 0x00, 0x46, 0x00, 0x40, 0x10, 0x10, 0xA2, 0x02, 0x80,
  0x04, 0x01, 0x08, 0x00, 0x62, 0x22, 0x02, 0x20, 0x90, 0x02, 0x00, 0x60, 0x40, 0x10, 0x08, 0x82,
  0x40, 0x10, 0x20, 0xB1, 0x00, 0x81, 0x00, 0x02, 0x90, 0x00, 0x04, 0x12, 0x4A, 0x12, 0x92, 0x81,
  0x82, 0x10, 0x11, 0x00, 0x02, 0x00, 0xA2, 0x00, 0x73, 0x00, 0x02, 0x03, 0x00, 0x08, 0x48, 0x04,
  0x40, 0x02, 0x40, 0x04, 0x00, 0x00, 0x08, 0x00, 0x38, 0x08, 0x90, 0x0B, 0x03, 0x03, 0x80, 0x00,
  0x00, 0x40, 0x22, 0x00, 0x00, 0x10, 0x02, 0x00, 0x00, 0x00, 0x02, 0x00, 0x22, 0x02, 0x48, 0x03,
  0x60, 0x03, 0x04, 0x00, 0x05, 0x03, 0x00, 0x14, 0x06, 0x08, 0x04, 0x00, 0x00, 0x00, 0x00, 0x00,
  0x28, 0xA2, 0x08, 0x05, 0x42, 0x80, 0x6A, 0x26, 0x82, 0x00, 0x02, 0x00, 0x00, 0x08, 0x80, 0x80,
  0x20, 0x00, 0x00, 0x02, 0x84, 0x00, 0x70, 0x00, 0x80, 0x00, 0x00, 0x00, 0x00, 0x00, 0x80, 0x13,
  0x80, 0x03, 0x40, 0x03, 0x20, 0x03, 0x00, 0x83, 0x02, 0x03, 0x09, 0x13, 0x00, 0x00, 0x10, 0x00,
  0x00, 0x00, 0x00, 0x00, 0x80, 0x83, 0x80, 0x00, 0x00, 0x00, 0x00, 0x00, 0x00, 0x00, 0x01, 0x40,
  0x00, 0x10, 0x00, 0x00, 0x00, 0x00, 0x00, 0x00, 0x05, 0x00, 0x00, 0x60, 0x08, 0x00, 0x40, 0x01,
  0x01, 0x02, 0x02, 0x06, 0x00, 0x10, 0x20, 0x20, 0x25, 0x00, 0x08, 0x50, 0x0E, 0x00, 0x06, 0xD0,
  0x41, 0x50, 0x06, 0x00, 0x10, 0x21, 0x06, 0x00, 0x18, 0x90, 0x09, 0x00, 0x02, 0x40, 0x00, 0x00,
  0x00, 0x00, 0xD1, 0xC8, 0x00, 0x40, 0x51, 0x20, 0xC1, 0xE0, 0x11, 0x00, 0x00, 0x10, 0x00, 0x00,
  0x05, 0x40, 0x41, 0x00, 0x40, 0x00, 0x08, 0x00, 0x02, 0x00, 0x40, 0x00, 0x20, 0x04, 0x00, 0x00,
  0x00, 0x00, 0x10, 0x00, 0x11, 0x00, 0x20, 0x02, 0x10, 0x10, 0x02, 0x22, 0x00, 0x04, 0x00, 0x00,
  0x05, 0x02, 0x00, 0x20, 0x00, 0x08, 0x28, 0x0D, 0x00, 0x01, 0x48, 0x10, 0x00, 0x04, 0x02, 0x42,
  0x20, 0x21, 0x08, 0x86, 0x40, 0x00, 0x08, 0x00, 0x1A, 0x00, 0x00, 0x01, 0x20, 0x00, 0x82, 0x00,
  0x40, 0x08, 0x80, 0x09, 0x40, 0x08, 0x01, 0x02, 0x01, 0x01, 0x49, 0x20, 0x59, 0x41, 0x44, 0x02,
  0x00, 0x82, 0x00, 0x90, 0x00, 0x85, 0x0A, 0xC0, 0xD1, 0xC6, 0x44, 0x00, 0x42, 0x81, 0x10, 0x00,
  0x00, 0x02, 0x00, 0x01, 0x84, 0x11, 0x04, 0x00, 0xC0, 0x00, 0x00, 0x00, 0x60, 0x20, 0x01, 0x20,
  0x80, 0x02, 0x80, 0x00, 0x00, 0x00, 0x00, 0x00, 0x82, 0x10, 0x00, 0x00, 0x20, 0x00, 0x20, 0xE0,
  0x04, 0x00, 0x10, 0x40, 0x00, 0x41, 0x00, 0x05, 0x00, 0x29, 0x01, 0x01, 0x90, 0x02, 0x11, 0x80,
  0x62, 0x00, 0x12, 0x00, 0x02, 0x80, 0x12, 0x80, 0x00, 0x00, 0x18, 0x01, 0x91, 0x12, 0x01, 0x02,
  0x26, 0x06, 0x00, 0x20, 0x00, 0x00, 0x01, 0x00, 0x21, 0x00, 0x00, 0x08, 0x00, 0x18, 0x00, 0x18,
  0x00, 0xC8, 0x00, 0x40, 0xC1, 0x00, 0xC4, 0xC0, 0xE1, 0xC0, 0xC0, 0x02, 0x00, 0x00, 0x00, 0x00,
  0x41, 0x40, 0x40, 0x00, 0x00, 0x00, 0x00, 0x00, 0x00, 0x00, 0x00, 0x40, 0x01, 0x00, 0x00, 0x00,
  0x00, 0x00, 0x08, 0x00, 0x00, 0x00, 0x80, 0x80, 0x20, 0x00, 0x00, 0x04, 0x00, 0xB0, 0x02, 0x00,
  0x10, 0x20, 0x28, 0xA0, 0x00, 0x00, 0x09, 0x88, 0x88, 0x21, 0xD2, 0x80, 0x08, 0x00, 0x10, 0x40,
  0xA8, 0x88, 0x40, 0x08, 0x25, 0x81, 0x00, 0x01, 0x00, 0x10, 0x05, 0x00, 0x20, 0x88, 0x80, 0x80,
  0x19, 0x08, 0x02, 0xC8, 0x00, 0x80, 0xA8, 0x40, 0xA4, 0x00, 0x30, 0x00, 0x04, 0x00, 0x98, 0x40,
  0x19, 0x80, 0x01, 0x00, 0x80, 0x22, 0x13, 0x00, 0x23, 0x05, 0x39, 0x00, 0x00, 0x02, 0x29, 0x94,
  0x22, 0x20, 0x09, 0x00, 0x04, 0x05, 0x58, 0x20, 0x08, 0x01, 0x09, 0x00, 0x18, 0x20, 0x18, 0x42,
  0x55, 0x52, 0x48, 0x44, 0x00, 0x10, 0x99, 0x40, 0x14, 0x00, 0x08, 0x90, 0x01, 0x00, 0x91, 0x94,
  0x82, 0x05, 0x90, 0x00, 0x20, 0x82, 0x08, 0xD0, 0x24, 0x82, 0x10, 0x80, 0x90, 0x20, 0x50, 0x08,
  0x80, 0x09, 0x14, 0x80, 0x54, 0x02, 0x80, 0x20, 0x00, 0x80, 0x00, 0x10, 0x11, 0x40, 0x11, 0x49,
  0x00, 0x40, 0x54, 0x14, 0x00, 0x02, 0x09, 0x04, 0x90, 0x40, 0x20, 0x00, 0x00, 0x00, 0x50, 0x02,
  0x01, 0x02, 0xA1, 0x00, 0x00, 0x08, 0x40, 0x11, 0x00, 0x23, 0x00, 0x01, 0xD0, 0x20, 0x41, 0x90,
  0x40, 0x09, 0x91, 0x02, 0x00, 0x81, 0x24, 0x00, 0x80, 0x00, 0x84, 0x00, 0x10, 0x00, 0x08, 0x05,
  0x41, 0x08, 0x14, 0xD0, 0x50, 0x08, 0x14, 0x00, 0x88, 0x00, 0x88, 0xD0, 0x00, 0x20, 0x80, 0x01,
  0x30, 0x48, 0x82, 0xD1, 0x40, 0xD3, 0xA8, 0xB2, 0x00, 0x00, 0x00, 0x90, 0xC0, 0x90, 0x00, 0x80,
  0x44, 0x02, 0x00, 0x00, 0x00, 0x12, 0x40, 0x80, 0x20, 0x80, 0x20, 0x80, 0x02, 0x10, 0x00, 0x18,
  0x00, 0x40, 0x04, 0x80, 0x00, 0x11, 0x80, 0x00, 0x00, 0x00, 0x00, 0x00, 0x00, 0x00, 0x00, 0x00,
  0x00, 0x00, 0x00, 0x00, 0x00, 0x00, 0x00, 0x09, 0x00, 0xA0, 0x00, 0x00, 0x00, 0x00, 0x00, 0x00,
  0x00, 0x00, 0x00, 0x00, 0x01, 0x00, 0x00, 0x04, 0x00, 0x00, 0x0C, 0x00, 0x15, 0x20, 0x28, 0x00,
  0x21, 0x00, 0x00, 0x00, 0x00, 0x01, 0x88, 0x00, 0xAC, 0x40, 0x41, 0x81, 0x88, 0x02, 0x80, 0x00,
  0x12, 0x02, 0x05, 0x82, 0x04, 0x40, 0x0A, 0x00, 0x01, 0x00, 0x0D, 0x01, 0x14, 0x00, 0xCC, 0x08,
  0x25, 0x00, 0x80, 0x00, 0x08, 0x10, 0x49, 0x00, 0x08, 0x00, 0x88, 0x00, 0x20, 0x00, 0x01, 0x20,
  0x09, 0x82, 0x9C, 0x00, 0x1A, 0x00, 0x4C, 0x00, 0x10, 0x88, 0x14, 0x00, 0x4C, 0x00, 0x2A, 0x04,
  0x14, 0xA8, 0x9C, 0x92, 0x08, 0x00, 0x20, 0x00, 0x48, 0x04, 0x40, 0xA8, 0x10, 0xC0, 0x10, 0x90,
  0x10, 0x49, 0x80, 0x10, 0x10, 0x00, 0x04, 0x84, 0x10, 0xA0, 0x01, 0x08, 0x08, 0x08, 0x01, 0x00,
  0x15, 0x00, 0x00, 0x09, 0x28, 0x08, 0x24, 0x04, 0x80, 0x03, 0x29, 0x00, 0x09, 0x02, 0x42, 0x00,
  0x20, 0x18, 0x01, 0x2B, 0x21, 0x84, 0xA9, 0x14, 0x10, 0x02, 0x10, 0x4A, 0x20, 0x00, 0x90, 0x48,
  0x24, 0x00, 0x00, 0x00, 0x04, 0x09, 0x10, 0x01, 0x00, 0x04, 0xA1, 0x0C, 0x11, 0x14, 0x00, 0x01,
  0x00, 0x08, 0x00, 0x44, 0x90, 0x2C, 0x80, 0x22, 0x00, 0xAD, 0x00, 0x00, 0x80, 0x0A, 0x00, 0x08,
  0x09, 0x00, 0x00, 0x00, 0x00, 0x00, 0x00, 0x10, 0x11, 0x00, 0x48, 0x92, 0x81, 0x84, 0x20, 0x80,
  0x90, 0x14, 0x2A, 0x0D, 0x00, 0x09, 0x02, 0x03, 0x20, 0x09, 0x01, 0x81, 0x40, 0x08, 0x08, 0x04,
  0x80, 0x82, 0x00, 0x0A, 0x44, 0x44, 0x04, 0x00, 0x01, 0x00, 0x10, 0x00, 0x08, 0x08, 0x0B, 0x00,
  0x2B, 0x18, 0x00, 0x01, 0x00, 0x01, 0x00, 0x01, 0x88, 0x11, 0x00, 0x48, 0x00, 0x80, 0x00, 0x00,
  0x14, 0x14, 0x00, 0x04, 0x00, 0x00, 0x00, 0x09, 0x04, 0x00, 0x00, 0x00, 0x00, 0x00, 0x00, 0x00,
  0x00, 0x00, 0x00, 0x40, 0x00, 0x00, 0x48, 0x00, 0x4A, 0x02, 0x00, 0x00, 0x00, 0x00, 0x80, 0x00,
  0x80, 0x00, 0x00, 0x00, 0x00, 0x00, 0x00, 0x02, 0x40, 0x00, 0x00, 0x01, 0x00, 0x00, 0x00, 0x08,
  0x80, 0x01, 0x00, 0x00, 0x88, 0x01, 0x80, 0x00, 0x02, 0x01, 0x10, 0x01, 0x00, 0x00, 0x00, 0x00,
  0x80, 0x08, 0x00, 0x00, 0x00, 0x0A, 0x00, 0x00, 0x00, 0x00, 0x10, 0x40, 0x80, 0x00, 0x01, 0x0D,
  0x00, 0x00, 0x01, 0x00, 0x00, 0x40, 0x00, 0x08, 0x04, 0x01, 0x00, 0x00, 0x00, 0x00, 0x00, 0x44,
  0x00, 0x00, 0x08, 0x00, 0x00, 0x40, 0x00, 0x00, 0x04, 0x02, 0x00, 0x08, 0x00, 0x08, 0x80, 0x44,
  0x00, 0x00, 0x80, 0x08, 0x40, 0x80, 0x00, 0x02, 0x82, 0x04, 0x00, 0x40, 0x00, 0x40, 0x00, 0x00,
  0x00, 0x00, 0x00, 0x00, 0x00, 0x81, 0x80, 0x08, 0x00, 0x00, 0x00, 0x04, 0x00, 0x22, 0x00, 0x12,
  0x08, 0x02, 0x00, 0x02, 0x04, 0x00, 0x00, 0x80, 0x02, 0x80, 0x00, 0x00, 0x04, 0x00, 0x12, 0x10,
  0xA0, 0x00, 0x00, 0x00, 0x00, 0x00, 0x00, 0x00, 0x08, 0x00, 0x00, 0x00, 0x01, 0x10, 0x00, 0x82,
  0x02, 0x02, 0x02, 0x02, 0x00, 0x00, 0x40, 0x00, 0x00, 0x00, 0x00, 0x80, 0x00, 0x00, 0x00, 0x80,
  0x00, 0x00, 0x02, 0x80, 0x00, 0x00, 0x00, 0x00, 0x80, 0x00, 0x00, 0x00, 0x00, 0x00, 0x00, 0x00,
  0x00, 0x00, 0x00, 0x00, 0x00, 0x00, 0x04, 0x04, 0x00, 0x90, 0x02, 0x00, 0x00, 0x00, 0x04, 0x00,
  0x02, 0x00, 0x0C, 0x00, 0x00, 0x80, 0x08, 0x80, 0x09, 0x00, 0x00, 0x00, 0x00, 0x00, 0x00, 0x80,
  0x09, 0x80, 0x00, 0x00, 0x00, 0x00, 0x00, 0x00, 0x89, 0x00, 0x00, 0x80, 0x00, 0x80, 0x80, 0x00,
  0x08, 0x00, 0x00, 0x00, 0x00, 0x00, 0x00, 0x00, 0x00, 0x00, 0x00, 0x00, 0x00, 0x00, 0x00, 0x00,
  0x00, 0x80, 0x00, 0x00, 0x00, 0x00, 0x00, 0x00, 0x00, 0x00, 0x00, 0x00, 0x00, 0x00, 0x00, 0x00,
  0x01, 0x02, 0x08, 0x03, 0x19, 0x08, 0x08, 0x00, 0x04, 0x04, 0x00, 0x00, 0x00, 0x00, 0x80, 0x04,
  0x00, 0x08, 0x00, 0x04, 0x08, 0x02, 0x00, 0x00, 0x00, 0x08, 0x20, 0x08, 0x00, 0x00, 0x00, 0x00,
  0x08, 0x00, 0x00, 0x00, 0x00, 0x00, 0x10, 0x00, 0x08, 0x00, 0x00, 0x04, 0x00, 0x08, 0x80, 0x00,
  0x00, 0x08, 0x00, 0x00, 0x00, 0x40, 0x00, 0x00, 0x00, 0x00, 0x00, 0x00, 0x00, 0x00, 0x00, 0x08,
  0x00, 0x00, 0x00, 0x03, 0x00, 0x00, 0x01, 0x08, 0x00, 0x08, 0x04, 0x00, 0x00, 0x00, 0x08, 0x00,
  0x00, 0x02, 0x00, 0x00, 0x08, 0x00, 0x04, 0x82, 0x00, 0x05, 0x25, 0x01, 0x20, 0x04, 0x40, 0x02,
  0x00, 0x00, 0x00, 0x05, 0x00, 0x00, 0x20, 0x48, 0x00, 0x11, 0x03, 0x00, 0x04, 0x00, 0x44, 0x01,
  0x00, 0x00, 0xD2, 0x02, 0x00, 0x00, 0x02, 0x00, 0x90, 0x08, 0x03, 0x10, 0x02, 0x00, 0x00, 0x00,
  0x00, 0x00, 0x00, 0x02, 0x20, 0x00, 0x00, 0x00, 0x41, 0x00, 0x01, 0x00, 0x01, 0x90, 0x80, 0x00,
  0x00, 0x00, 0x02, 0x00, 0x08, 0x82, 0x00, 0xC0, 0x00, 0x10, 0x40, 0x90, 0x00, 0x00, 0x00, 0x00,
  0x00, 0x80, 0x10, 0x00, 0x20, 0x00, 0x00, 0xC0, 0x20, 0x00, 0x40, 0x40, 0x00, 0x40, 0x20, 0x04,
  0x00, 0x00, 0x28, 0x00, 0x08, 0x00, 0x00, 0x00, 0x00, 0x00, 0x00, 0x00, 0x00, 0x00, 0x00, 0x00,
  0x88, 0x00, 0x00, 0x01, 0x80, 0x10, 0x01, 0x00, 0x01, 0x00, 0x81, 0x00, 0x81, 0x00, 0x82, 0x00,
  0x00, 0x00, 0x08, 0x40, 0x00, 0x40, 0x00, 0x80, 0x00, 0x20, 0x80, 0x80, 0x00, 0x40, 0x00, 0x00,
  0x00, 0x00, 0x80, 0x40, 0x01, 0x40, 0x80, 0x00, 0x01, 0x00, 0x00, 0x40, 0x08, 0x20, 0x80, 0x00,
  0x00, 0x40, 0x00, 0x00, 0x00, 0x00, 0x00, 0x00, 0x00, 0x00, 0x00, 0x00, 0x00, 0x00, 0x00, 0x00,
  0x00, 0x00, 0x00, 0x00, 0x00, 0x00, 0x00, 0x00, 0x00, 0x00, 0x01, 0x21, 0x00, 0x10, 0x00, 0x00,
  0x00, 0x02, 0x02, 0x00, 0x08, 0x0D, 0x40, 0x05, 0x45, 0x00, 0x20, 0x08, 0x00, 0x00, 0x00, 0x08,
  0x18, 0x00, 0x45, 0x00, 0x00, 0x08, 0x00, 0x00, 0x40, 0x0E, 0x00, 0x00, 0x40, 0x08, 0x40, 0x05,
  0xC1, 0x02, 0xC0, 0x00, 0x00, 0x05, 0x00, 0x05, 0x00, 0x00, 0x20, 0x00, 0x00, 0x00, 0x00, 0x00,
  0x00, 0x00, 0x00, 0x00, 0x00, 0x00, 0x00, 0xC1, 0x00, 0x40, 0x00, 0x08, 0x00, 0x02, 0x00, 0x00,
  0x02, 0x00, 0x00, 0x00, 0x00, 0x00, 0x08, 0x12, 0x00, 0x00, 0x00, 0x00, 0x05, 0x00, 0x00, 0x00,
  0x01, 0x02, 0x00, 0x00, 0x40, 0x04, 0x04, 0x00, 0x00, 0x08, 0x00, 0x00, 0x20, 0x40, 0x00, 0x08,
  0x02, 0x00, 0x00, 0x28, 0x00, 0x00, 0x00, 0x00, 0x00, 0x00, 0x00, 0x00, 0x00, 0x0D, 0x00, 0x00,
  0x00, 0x00, 0x00, 0x02, 0x00, 0x80, 0x08, 0x02, 0x00, 0x02, 0x00, 0x42, 0x01, 0x00, 0x02, 0x01,
  0x01, 0x00, 0x00, 0x00, 0x00, 0x01, 0x20, 0x50, 0x20, 0x40, 0x00, 0x00, 0x00, 0x00, 0x00, 0x00,
  0x00, 0x20, 0x00, 0x10, 0x00, 0x00, 0x80, 0x01, 0x00, 0x01, 0x01, 0x02, 0x00, 0x10, 0x00, 0x00,
  0x00, 0x00, 0x00, 0x00, 0x00, 0x40, 0x00, 0x01, 0x00, 0x00, 0x00, 0x00, 0x00, 0x00, 0x00, 0x40,
  0x00, 0x40, 0x00, 0x00, 0x40, 0x00, 0x00, 0x00, 0x05, 0x00, 0x00, 0x00, 0x20, 0x00, 0x02, 0x00,
  0x26, 0x00, 0x00, 0x00, 0x00, 0x00, 0x20, 0x00, 0x20, 0x00, 0x21, 0xC0, 0x00, 0x00, 0x00, 0x00,
  0x00, 0x00, 0x00, 0xE0, 0x00, 0x00, 0x20, 0x20, 0x00, 0x00, 0x00, 0x00, 0x00, 0x00, 0x20, 0x00,
  0x40, 0x00, 0x20, 0x00, 0x00, 0x00, 0x01, 0x80, 0x00, 0x00, 0x10, 0x00, 0x00, 0x80, 0x00, 0x00,
  0x00, 0x00, 0x00, 0x00, 0x00, 0x00, 0x00, 0x00, 0x00, 0x40, 0x00, 0x00, 0x00, 0x00, 0x00, 0x00,
  0x00, 0x00, 0x00, 0x00, 0x00, 0x00, 0x00, 0x04, 0x00, 0x08, 0x10, 0x0A, 0x00, 0x04, 0x0A, 0x00,
  0x00, 0x00, 0x00, 0x00, 0x00, 0x00, 0x00, 0x00, 0x00, 0x08, 0x00, 0x01, 0x00, 0x08, 0x40, 0x04,
  0x00, 0x00, 0x80, 0x00, 0x00, 0x00, 0x00, 0x00, 0x00, 0x03, 0x00, 0x00, 0x00, 0x06, 0x00, 0x04,
  0x08, 0x00, 0x00, 0x04, 0x20, 0x00, 0x00, 0x00, 0x00, 0x01, 0x00, 0x00, 0x00, 0x80, 0x10, 0x10,
  0x20, 0x00, 0x04, 0x00, 0x00, 0x40, 0x04, 0x00, 0x00, 0x12, 0x00, 0x02, 0x00, 0x04, 0x02, 0x08,
  0x00, 0x04, 0x00, 0x00, 0x00, 0x00, 0x00, 0x00, 0x00, 0x18, 0x00, 0x00, 0x04, 0x00, 0x04, 0x10,
  0x80, 0x00, 0x04, 0x10, 0x40, 0x00, 0x00, 0x00, 0x00, 0x00, 0xA0, 0x00, 0x20, 0x01, 0x40, 0x80,
  0xA0, 0x02, 0x0A, 0x00, 0x04, 0x00, 0x84, 0x02, 0x00, 0x20, 0x04, 0x00, 0x00, 0x00, 0x08, 0x00,
  0x00, 0x30, 0x02, 0x00, 0x00, 0x00, 0x00, 0x80, 0x00, 0x00, 0x02, 0x2A, 0x80, 0x20, 0x00, 0x00,
  0x80, 0xA2, 0xA0, 0x80, 0x22, 0x80, 0x10, 0x00, 0x00, 0x00, 0x08, 0x00, 0x03, 0x08, 0x00, 0x80,
  0x08, 0x00, 0x00, 0x20, 0x01, 0x60, 0x00, 0x00, 0x00, 0x00, 0x00, 0x00, 0x80, 0x00, 0x60, 0x10,
  0x80, 0x80, 0x80, 0x02, 0x00, 0x80, 0x81, 0x24, 0x00, 0x00, 0x88, 0x40, 0x28, 0x40, 0x00, 0x00,
  0x40, 0x00, 0x00, 0x03, 0x00, 0x00, 0x03, 0x00, 0x08, 0x03, 0x00, 0x60, 0x00, 0x20, 0x00, 0xA0,
  0x02, 0x00, 0x00, 0x00, 0x00, 0x00, 0x00, 0x00, 0x00, 0x20, 0x00, 0x00, 0x00, 0x80, 0x00, 0x00,
  0x00, 0x40, 0x00, 0x20, 0x00, 0x00, 0x00, 0x00, 0x00, 0x00, 0x00, 0x80, 0x02, 0x80, 0x00, 0x20,
  0x62, 0x20, 0x22, 0x00, 0x00, 0x80, 0x00, 0x00, 0x00, 0x00, 0x00, 0x00, 0x00, 0x00, 0x00, 0x00,
  0x00, 0x00, 0x00, 0x00, 0x00, 0x00, 0x00, 0x00, 0x00, 0x00, 0x00, 0x00, 0x00, 0x00, 0x00, 0x00,
  0x00, 0x00, 0x00, 0x80, 0x00, 0x04, 0x10, 0x00, 0x20, 0x00, 0x08, 0x00, 0x01, 0x08, 0x00, 0x01,
  0x00, 0x00, 0x00, 0x00, 0x01, 0x08, 0x04, 0x00, 0x00, 0x00, 0x10, 0x81, 0x14, 0x00, 0x00, 0x10,
  0x20, 0x02, 0x83, 0x80, 0x10, 0x10, 0x22, 0x0C, 0x20, 0x00, 0x10, 0x00, 0x01, 0x04, 0x50, 0x00,
  0x00, 0x00, 0x24, 0xB0, 0x81, 0x00, 0x30, 0x28, 0x20, 0x00, 0x10, 0x00, 0x01, 0x00, 0x01, 0x40,
  0x20, 0x00, 0x10, 0x00, 0x00, 0x08, 0x22, 0x64, 0x00, 0x00, 0x10, 0x28, 0x80, 0x04, 0x00, 0x40,
  0x00, 0x00, 0x00, 0x40, 0x10, 0x00, 0x00, 0x00, 0x00, 0x01, 0x00, 0x08, 0x12, 0x24, 0x20, 0x94,
  0x00, 0x02, 0x08, 0x20, 0x10, 0x66, 0x80, 0xC4, 0x00, 0x00, 0x00, 0x00, 0x00, 0x41, 0x00, 0x00,
  0x00, 0x00, 0x00, 0x05, 0x11, 0x05, 0x80, 0x00, 0x00, 0x00, 0x00, 0x00, 0x18, 0x00, 0x09, 0x00,
  0x00, 0x00, 0x00, 0x00, 0x80, 0x81, 0x00, 0x24, 0x00, 0x00, 0x00, 0x10, 0x00, 0x02, 0x80, 0xA1,
  0x40, 0x00, 0x00, 0x00, 0x00, 0x02, 0x00, 0x01, 0x50, 0x20, 0x00, 0x22, 0x60, 0x01, 0x02, 0x02,
  0xC0, 0x20, 0x00, 0x11, 0x04, 0x00, 0x0A, 0x84, 0x00, 0x20, 0x00, 0x21, 0x80, 0x41, 0x15, 0x00,
  0x00, 0x00, 0x00, 0x00, 0x00, 0x10, 0x05, 0x01, 0x02, 0x00, 0x00, 0x02, 0x05, 0x00, 0x00, 0x00,
  0x10, 0x00, 0x00, 0x00, 0x40, 0xD9, 0x00, 0x80, 0x10, 0x00, 0x00, 0x40, 0x94, 0x13, 0x18, 0x00,
  0x00, 0x00, 0x00, 0x02, 0x20, 0xA1, 0x44, 0x00, 0x44, 0x00, 0x02, 0x00, 0x81, 0x11, 0x10, 0x42,
  0x24, 0x00, 0x02, 0x11, 0x50, 0x10, 0x00, 0x20, 0x00, 0x00, 0x00, 0x18, 0x00, 0x82, 0x00, 0x01,
  0x48, 0x00, 0x00, 0x10, 0x06, 0x00, 0x04, 0x02, 0x08, 0x00, 0x00, 0x00, 0x16, 0x00, 0x00, 0x00,
  0x50, 0x00, 0x00, 0x00, 0x00, 0x80, 0x00, 0x00, 0x00, 0x00, 0x00, 0x00, 0x00, 0x00, 0x00, 0x00,
  0x01, 0x04, 0x00, 0x00, 0x90, 0x00, 0x00, 0x00, 0x00, 0x00, 0x00, 0x00, 0x10, 0x00, 0x00, 0x00,
  0x00, 0x02, 0x00, 0x10, 0x10, 0x04, 0x00, 0x18, 0x01, 0x80, 0x02, 0x10, 0x90, 0x00, 0x20, 0x08,
  0x02, 0x40, 0x14, 0x20, 0x90, 0x20, 0x46, 0x8A, 0x00, 0x00, 0x00, 0x00, 0x10, 0x00, 0x90, 0x00,
  0x00, 0x00, 0x18, 0x80, 0x90, 0x00, 0xC2, 0x0A, 0x40, 0x00, 0x14, 0x01, 0x90, 0x00, 0x06, 0x92,
  0x04, 0xA0, 0x18, 0x08, 0x10, 0x00, 0x01, 0x84, 0x40, 0x04, 0x80, 0x0E, 0x00, 0x00, 0x00, 0x32,
  0x42, 0x08, 0x00, 0x48, 0x00, 0x00, 0x00, 0x00, 0x40, 0x22, 0x81, 0x00, 0x00, 0x00, 0x01, 0x80,
  0x44, 0x20, 0x40, 0x10, 0x00, 0x00, 0x00, 0x94, 0x66, 0xA1, 0x00, 0x10, 0x00, 0x06, 0x00, 0x10,
  0x00, 0x50, 0x00, 0x00, 0x00, 0x00, 0x00, 0x00, 0x08, 0x00, 0x00, 0x00, 0x08, 0x00, 0x00, 0x00,
  0x04, 0x00, 0x08, 0x81, 0x10, 0x00, 0x00, 0x04, 0x80, 0x21, 0x18, 0x00, 0x00, 0x00, 0x24, 0x01,
  0x00, 0xA0, 0xA0, 0x00, 0x00, 0x00, 0x20, 0x20, 0x00, 0x80, 0x08, 0x80, 0x00, 0x10, 0x00, 0x00,
  0x00, 0x81, 0x60, 0x40, 0xA0, 0x00, 0x00, 0x00, 0x00, 0x14, 0x80, 0x00, 0x00, 0x00, 0x04, 0x00,
  0x10, 0x00, 0x11, 0x40, 0x00, 0x20, 0x00, 0x00, 0x91, 0x00, 0x16, 0x88, 0x0E, 0x20, 0x00, 0x00,
  0x14, 0x14, 0x08, 0x0A, 0x00, 0x00, 0x02, 0x20, 0x01, 0x80, 0x40, 0xCA, 0x12, 0x20, 0x22, 0x11,
  0x80, 0x8C, 0x54, 0x00, 0x00, 0x20, 0x00, 0x00, 0x34, 0x10, 0x08, 0x04, 0x80, 0x00, 0x00, 0x08,
  0x00, 0x16, 0x20, 0x00, 0x00, 0x00, 0x00, 0x00, 0x08, 0x00, 0x52, 0x08, 0x00, 0xA0, 0x20, 0x06,
  0x00, 0x04, 0x80, 0x00, 0x60, 0xA0, 0x00, 0x06, 0x00, 0x84, 0x20, 0x40, 0x00, 0xA0, 0x00, 0x06,
  0x00, 0x00, 0x50, 0x01, 0x00, 0x00, 0x00, 0x00, 0x00, 0x00, 0x00, 0x20, 0x00, 0x00, 0x80, 0x00,
  0x00, 0x00, 0x11, 0x10, 0x00, 0x04, 0x04, 0x24, 0x00, 0x00, 0x32, 0x00, 0x00, 0x24, 0x01, 0x08,
  0x00, 0x08, 0x04, 0x20, 0x20, 0x90, 0x02, 0x08, 0x00, 0x00, 0x00, 0x41, 0x62, 0x24, 0x21, 0x00,
  0x00, 0x00, 0x24, 0x10, 0x00, 0x38, 0x84, 0x22, 0x00, 0x00, 0x00, 0x04, 0x40, 0x20, 0x00, 0x08,
  0x00, 0x00, 0x04, 0x40, 0x00, 0x28, 0x90, 0xA4, 0x00, 0x00, 0x04, 0x04, 0x41, 0x24, 0x08, 0x81,
  0x00, 0x00, 0x04, 0x00, 0x00, 0x00, 0x04, 0x04, 0x00, 0x01, 0x00, 0x16, 0x20, 0x01, 0x04, 0x04,
  0x00, 0x00, 0x40, 0x22, 0x20, 0x08, 0x0C, 0x20, 0x00, 0x01, 0x10, 0x00, 0x21, 0x00, 0x4C, 0x00,
  0x00, 0x00, 0x00, 0x20, 0xA0, 0x00, 0x00, 0x08, 0x00, 0x09, 0x20, 0x00, 0x60, 0x20, 0x04, 0x00,
  0x00, 0x00, 0x00, 0x00, 0x00, 0x08, 0x00, 0x00, 0x02, 0x00, 0x00, 0x00, 0x22, 0x40, 0x26, 0x49,
  0x09, 0x00, 0x00, 0x05, 0x46, 0xE2, 0x01, 0x0A, 0x00, 0x00, 0x08, 0x00, 0x10, 0x20, 0x00, 0x06,
  0x00, 0x00, 0x00, 0x09, 0x02, 0x00, 0x20, 0x04, 0x23, 0x20, 0x00, 0x04, 0x11, 0x20, 0x20, 0x08,
  0x01, 0x00, 0x00, 0x00, 0x40, 0x00, 0x20, 0x00, 0x00, 0x00, 0x08, 0x00, 0x02, 0x60, 0x00, 0x0C,
  0x20, 0x20, 0x00, 0x10, 0x40, 0x60, 0x00, 0x01, 0x02, 0x20, 0x00, 0x15, 0x22, 0x00, 0x48, 0x00,
  0xA0, 0x20, 0x01, 0x02, 0x09, 0x20, 0x24, 0x08, 0x82, 0x20, 0x00, 0x00, 0x06, 0x00, 0x00, 0x04,
  0x21, 0x20, 0x02, 0x01, 0x10, 0x60, 0x44, 0x00, 0x60, 0x20, 0x02, 0x00, 0x28, 0x60, 0x80, 0x20,
  0x00, 0x20, 0x00, 0x00, 0x00, 0x41, 0x40, 0x02, 0x00, 0x00, 0x00, 0x02, 0x12, 0x42, 0x11, 0x00,
  0x40, 0x00, 0x00, 0x00, 0x40, 0x23, 0x44, 0x02, 0x00, 0x00, 0x00, 0x00, 0x44, 0x01, 0x20, 0x00,
  0x00, 0x00, 0x00, 0x00, 0x00, 0x00, 0x00, 0x00, 0x20, 0x80, 0x00, 0x00, 0x20, 0x00, 0x08, 0x80,
  0x00, 0x40, 0x20, 0x01, 0x20, 0x00, 0x10, 0x00, 0x00, 0x00, 0x8A, 0x00, 0x20, 0x02, 0x20, 0x40,
  0x10, 0x00, 0x01, 0x00, 0x20, 0x00, 0x04, 0x00, 0x81, 0x08, 0x01, 0x00, 0x20, 0x08, 0x00, 0x00,
  0x11, 0x24, 0x08, 0x00, 0x20, 0x00, 0x00, 0x40, 0x51, 0x00, 0x00, 0x00, 0x20, 0x00, 0x08, 0x81,
  0x00, 0x08, 0x00, 0x28, 0x20, 0x00, 0x00, 0x18, 0x84, 0x00, 0x00, 0x02, 0x20, 0x00, 0x02, 0x40,
  0x80, 0x02, 0x0A, 0x60, 0x00, 0x02, 0x00, 0x00, 0x00, 0x40, 0x04, 0x20, 0x00, 0x00, 0x00, 0xC0,
  0x08, 0x00, 0x06, 0x00, 0x00, 0x00, 0x92, 0x00, 0x50, 0x04, 0x02, 0x20, 0x00, 0x00, 0x00, 0x10,
  0x44, 0x08, 0x81, 0x20, 0x00, 0x00, 0x10, 0x40, 0x40, 0x02, 0x04, 0x00, 0x00, 0x00, 0x00, 0x00,
  0x01, 0x00, 0x00, 0x03, 0x60, 0x00, 0x00, 0x90, 0x00, 0x11, 0x00, 0x02, 0x28, 0x28, 0x00, 0x00,
  0x00, 0x00, 0x21, 0x00, 0x20, 0x00, 0x08, 0x02, 0x80, 0x48, 0x00, 0x10, 0x00, 0xA8, 0x08, 0x80,
  0x00, 0x11, 0x01, 0x08, 0x22, 0x80, 0x00, 0x08, 0x81, 0x31, 0x01, 0x20, 0x01, 0x80, 0x00, 0x84,
  0x00, 0x40, 0x00, 0x00, 0x00, 0x00, 0x02, 0x20, 0x40, 0x09, 0x10, 0x89, 0x60, 0x88, 0x00, 0x00,
  0x10, 0x20, 0x28, 0x23, 0x00, 0x88, 0x00, 0x02, 0x10, 0x00, 0x01, 0x04, 0x90, 0x08, 0x01, 0x00,
  0x08, 0x10, 0x04, 0x05, 0x21, 0x88, 0x08, 0x22, 0x44, 0x02, 0x02, 0xA0, 0x21, 0x88, 0x00, 0x08,
  0x00, 0x41, 0x14, 0x08, 0x00, 0x08, 0x00, 0x02, 0x00, 0x80, 0x10, 0x00, 0x00, 0x08, 0x00, 0x00,
  0x02, 0x04, 0x00, 0x84, 0x30, 0x00, 0x08, 0x00, 0x80, 0x00, 0x00, 0x00, 0x10, 0x00, 0x00, 0x00,
  0xC2, 0x20, 0x88, 0x42, 0x00, 0x00, 0x00, 0x00, 0x80, 0x09, 0x00, 0x00, 0x20, 0x00, 0x00, 0x00,
  0x00, 0x00, 0x00, 0x00, 0x10, 0x00, 0x00, 0x00, 0x00, 0x04, 0x01, 0x00, 0x40, 0x00, 0x04, 0x04,
  0x00, 0x00, 0x00, 0x01, 0x30, 0x00, 0x10, 0x00, 0xD8, 0x41, 0x10, 0x00, 0x10, 0x10, 0x0B, 0x20,
  0x0A, 0x00, 0x00, 0x00, 0x51, 0x10, 0x02, 0x12, 0x08, 0x85, 0x00, 0x00, 0x50, 0x80, 0x01, 0x01,
  0x82, 0x05, 0x04, 0x00, 0x89, 0x00, 0x01, 0x00, 0x00, 0x04, 0x60, 0x00, 0x02, 0x10, 0x06, 0x01,
  0x00, 0x04, 0x04, 0x00, 0x40, 0x80, 0x01, 0x00, 0x40, 0x45, 0x01, 0x02, 0x00, 0x14, 0x08, 0x02,
  0x20, 0x80, 0x12, 0x44, 0x21, 0x04, 0x06, 0xA0, 0x28, 0x00, 0x80, 0x10, 0x10, 0x40, 0x12, 0x00,
  0x01, 0x02, 0x01, 0x80, 0x00, 0x20, 0x0A, 0xA1, 0x28, 0x82, 0x04, 0x00, 0x71, 0x68, 0x03, 0x20,
  0x02, 0x00, 0x00, 0x24, 0x50, 0x00, 0x04, 0x00, 0x02, 0x00, 0x00, 0x01, 0x11, 0x00, 0x00, 0x00,
  0x21, 0x00, 0x00, 0x21, 0x01, 0x00, 0x10, 0x01, 0x20, 0x40, 0x40, 0x40, 0x00, 0x51, 0x50, 0x04,
  0x10, 0x00, 0x42, 0x01, 0x00, 0x11, 0x20, 0x45, 0x11, 0x14, 0x40, 0x00, 0x00, 0x00, 0x02, 0x04,
  0x40, 0x10, 0x42, 0x01, 0x00, 0x90, 0x10, 0x05, 0x01, 0x00, 0x40, 0x02, 0x00, 0x00, 0x00, 0x00,
  0x20, 0x00, 0x40, 0x00, 0x00, 0x09, 0x00, 0x01, 0x24, 0x08, 0x40, 0x41, 0x00, 0x11, 0x50, 0x04,
  0x01, 0x40, 0x40, 0x01, 0x00, 0x44, 0x04, 0x80, 0x00, 0x00, 0x41, 0x10, 0x40, 0x40, 0x10, 0x80,
  0x04, 0x40, 0x40, 0x90, 0x40, 0x48, 0x11, 0x04, 0x00, 0x40, 0x01, 0x01, 0x20, 0x09, 0x82, 0x01,
  0x00, 0x40, 0x41, 0x01, 0x10, 0x11, 0x50, 0x01, 0x00, 0x80, 0x86, 0x08, 0x00, 0x00, 0x20, 0x04,
  0x01, 0x90, 0x40, 0x01, 0x02, 0x00, 0xC0, 0x02, 0x01, 0x00, 0x80, 0x28, 0x00, 0x30, 0x10, 0x04,
  0x40, 0x00, 0x80, 0x00, 0x00, 0x49, 0x10, 0x00, 0x00, 0x10, 0x00, 0x00, 0x00, 0x00, 0x00, 0x00,
  0x51, 0x00, 0x00, 0x00, 0x40, 0x0C, 0x02, 0x00, 0x00, 0x00, 0x00, 0x00, 0x40, 0x02, 0x00, 0x00,
  0x04, 0x00, 0x20, 0x00, 0x01, 0x00, 0x82, 0x04, 0xA0, 0x00, 0x06, 0x08, 0x02, 0x40, 0x00, 0x00,
  0xA0, 0x80, 0x02, 0x00, 0x88, 0x08, 0x09, 0x04, 0x00, 0x10, 0x02, 0x00, 0x40, 0xC4, 0x00, 0x00,
  0x40, 0x00, 0x45, 0x02, 0x04, 0xCC, 0x00, 0x00, 0x00, 0x00, 0x08, 0x81, 0x00, 0x84, 0xA1, 0x00,
  0x22, 0x20, 0x01, 0x04, 0x80, 0x86, 0x02, 0x00, 0x50, 0x20, 0x12, 0x04, 0x81, 0x00, 0x04, 0x00,
  0x84, 0x88, 0x80, 0x44, 0x08, 0x80, 0x12, 0x01, 0x20, 0x08, 0x02, 0x00, 0x88, 0x02, 0x00, 0x42,
  0x60, 0x00, 0x12, 0x02, 0x88, 0x00, 0x82, 0x05, 0x08, 0x00, 0x08, 0x00, 0x00, 0x01, 0x00, 0x01,
  0x40, 0x04, 0x02, 0x00, 0x89, 0x02, 0x00, 0x00, 0x00, 0x40, 0x00, 0x01, 0x00, 0x09, 0x00, 0x00,
  0x00, 0xA0, 0x00, 0x00, 0x02, 0x00, 0xC1, 0x00, 0x04, 0x00, 0x00, 0x94, 0x00, 0x00, 0x00, 0x01,
  0x04, 0xA0, 0x20, 0x00, 0x00, 0x00, 0x08, 0x20, 0x00, 0xA0, 0x00, 0x00, 0x00, 0x00, 0xCA, 0x00,
  0x00, 0x51, 0x10, 0x02, 0x03, 0x00, 0x4A, 0x23, 0x02, 0xE0, 0x00, 0x10, 0x00, 0x08, 0x80, 0x00,
  0x00, 0x80, 0x80, 0x10, 0x02, 0x02, 0x00, 0x00, 0x00, 0x21, 0x00, 0x0A, 0x00, 0x01, 0x0A, 0x00,
  0x04, 0xA0, 0x20, 0x08, 0x11, 0x08, 0x00, 0x00, 0x01, 0x02, 0x40, 0x08, 0x25, 0x00, 0x40, 0x00,
  0x01, 0x00, 0x10, 0x0C, 0x30, 0x00, 0x08, 0x05, 0x07, 0x00, 0x40, 0x88, 0x30, 0x00, 0x01, 0x01,
  0x02, 0x20, 0x00, 0x00, 0x00, 0x80, 0x45, 0x00, 0x04, 0x00, 0x10, 0x00, 0x21, 0x00, 0xC2, 0x00,
  0x00, 0x21, 0x00, 0x01, 0x08, 0x18, 0xC8, 0x00, 0x00, 0xD0, 0x30, 0x8C, 0x00, 0x00, 0x4A, 0x00,
  0x00, 0xA0, 0x20, 0x00, 0x00, 0x00, 0x00, 0x00, 0x00, 0x00, 0x00, 0x00, 0x22, 0x00, 0x00, 0x00,
  0x82, 0x10, 0x10, 0x00, 0x40, 0x00, 0x04, 0x01, 0x80, 0x00, 0x00, 0x00, 0x00, 0x20, 0x48, 0x00,
  0x02, 0x40, 0x20, 0x00, 0x00, 0x00, 0x20, 0x08, 0x44, 0x02, 0x00, 0x00, 0xA2, 0x20, 0x00, 0x01,
  0x20, 0x20, 0x40, 0x00, 0x44, 0x00, 0x02, 0x01, 0x02, 0x00, 0x21, 0x0A, 0x00, 0x00, 0x02, 0x08,
  0x04, 0x00, 0x00, 0x08, 0x00, 0x00, 0x44, 0x00, 0x04, 0x00, 0x40, 0x00, 0x85, 0x10, 0x00, 0x0C,
  0x84, 0x00, 0x10, 0x04, 0x21, 0x10, 0x42, 0x89, 0x04, 0x02, 0xA0, 0x09, 0x09, 0x48, 0x00, 0x08,
  0x01, 0x00, 0x00, 0x05, 0x60, 0x50, 0x08, 0x04, 0x80, 0x80, 0x01, 0x00, 0x20, 0x00, 0x24, 0x10,
  0x00, 0x40, 0xE0, 0x00, 0x81, 0x00, 0x40, 0x00, 0x00, 0x43, 0x40, 0x00, 0x01, 0x08, 0x04, 0x04,
  0x00, 0x00, 0xC0, 0x08, 0x41, 0x00, 0x00, 0x03, 0x00, 0x00, 0x02, 0x00, 0x04, 0x40, 0x20, 0x00,
  0x08, 0x02, 0x02, 0x10, 0x02, 0x81, 0x18, 0x00, 0x10, 0x04, 0x01, 0x40, 0x00, 0x22, 0x00, 0x00,
  0x00, 0x00, 0x00, 0x40, 0x00, 0x20, 0x00, 0x24, 0x05, 0x04, 0x21, 0x20, 0x00, 0x20, 0x00, 0x04,
  0x10, 0x18, 0x00, 0x50, 0x04, 0x00, 0x80, 0x21, 0x00, 0x00, 0x00, 0x00, 0x08, 0x01, 0x00, 0x40,
  0x09, 0x44, 0x00, 0x02, 0x05, 0x80, 0x00, 0x48, 0x12, 0x04, 0x82, 0x80, 0x00, 0x00, 0x20, 0x41,
  0x00, 0x00, 0x40, 0x00, 0x14, 0x41, 0x02, 0x20, 0x20, 0x0A, 0x00, 0x10, 0x00, 0x80, 0x00, 0x20,
  0x01, 0x0B, 0x40, 0x20, 0x00, 0x42, 0x10, 0x00, 0x01, 0x02, 0x40, 0x28, 0x02, 0x20, 0x20, 0x00,
  0x00, 0x00, 0x00, 0x01, 0x02, 0x00, 0x00, 0x00, 0x00, 0x02, 0x02, 0x00, 0x00, 0x80, 0x20, 0x00,
  0x08, 0x00, 0x20, 0x02, 0x09, 0x00, 0x00, 0x00, 0x00, 0x00, 0x12, 0x00, 0x08, 0x42, 0x10, 0x00,
  0x00, 0x00, 0x00, 0x00, 0x00, 0x00, 0x00, 0x00, 0x0A, 0x00, 0x00, 0x00, 0x01, 0x00, 0x01, 0x00,
  0x00, 0x00, 0x00, 0x00, 0x00, 0x02, 0x00, 0x00, 0x44, 0x20, 0x00, 0x00, 0x00, 0x02, 0x00, 0x00,
  0x12, 0x10, 0x10, 0x00, 0x00, 0x00, 0x80, 0x04, 0x00, 0x00, 0x00, 0x08, 0x80, 0xC4, 0x00, 0x00,
  0x80, 0x00, 0x00, 0x20, 0x18, 0x00, 0x24, 0x00, 0x00, 0x00, 0x00, 0x10, 0x00, 0x22, 0x40, 0x02,
  0x21, 0x90, 0x00, 0x00, 0x60, 0x01, 0x00, 0x00, 0x20, 0x00, 0x02, 0x21, 0x04, 0x42, 0x41, 0x01,
  0x00, 0x00, 0x84, 0x20, 0x84, 0x40, 0x81, 0x00, 0x40, 0x10, 0x54, 0x00, 0x00, 0x42, 0xA0, 0x08,
  0x05, 0x08, 0x00, 0x01, 0x01, 0x00, 0x00, 0x00, 0x00, 0x10, 0x00, 0x01, 0x80, 0x80, 0x01, 0x00,
  0x00, 0x12, 0x00, 0x80, 0x00, 0x00, 0x00, 0x04, 0x04, 0x40, 0x2A, 0x01, 0x80, 0x42, 0x00, 0x01,
  0x00, 0x00, 0x00, 0x00, 0x01, 0xA0, 0x00, 0x01, 0x00, 0x20, 0x00, 0x28, 0x00, 0x08, 0x00, 0x28,
  0x00, 0x00, 0x02, 0x00, 0x00, 0x00, 0xC0, 0x80, 0x00, 0x00, 0x10, 0x24, 0x19, 0x82, 0x50, 0x00,
  0x04, 0x01, 0x80, 0x89, 0x0A, 0x54, 0x00, 0x43, 0x00, 0x04, 0x40, 0x01, 0x20, 0xA0, 0x12, 0x00,
  0x00, 0x21, 0x90, 0x00, 0x00, 0x00, 0x40, 0x00, 0x00, 0x00, 0x00, 0x00, 0x00, 0x00, 0x40, 0x40,
  0x01, 0x20, 0x10, 0x01, 0x04, 0x64, 0x10, 0x41, 0x00, 0x63, 0x20, 0x00, 0x20, 0x01, 0x00, 0x00,
  0x00, 0x04, 0x10, 0x00, 0x40, 0x00, 0x80, 0x04, 0x14, 0x05, 0x40, 0x80, 0x54, 0x00, 0x90, 0x40,
  0x08, 0x00, 0x00, 0x40, 0x24, 0x05, 0x02, 0x40, 0x0C, 0x41, 0x00, 0x00, 0x20, 0x00, 0x00, 0x00,
  0x00, 0x00, 0x00, 0x04, 0x02, 0x00, 0x00, 0x01, 0x00, 0x10, 0x00, 0x00, 0x01, 0x40, 0x01, 0x00,
  0x00, 0x03, 0x00, 0x02, 0x00, 0x00, 0x00, 0x00, 0x00, 0x10, 0x00, 0x00, 0x00, 0x40, 0x00, 0x00,
  0x00, 0x00, 0x00, 0x00, 0x20, 0x00, 0x00, 0x00, 0x20, 0x00, 0x00, 0x10, 0x00, 0x08, 0x02, 0xA0,
  0x00, 0x40, 0x00, 0x80, 0x00, 0x00, 0x01, 0x00, 0x11, 0x00, 0x02, 0x00, 0x42, 0x04, 0xA0, 0x10,
  0x04, 0x40, 0x40, 0x00, 0x00, 0x08, 0x80, 0x00, 0x00, 0x00, 0x82, 0xA8, 0x10, 0x14, 0x00, 0x00,
  0x08, 0x00, 0x10, 0x00, 0x04, 0x04, 0x00, 0x00, 0x00, 0x00, 0x02, 0x80, 0x04, 0x02, 0x00, 0x10,
  0x00, 0x00, 0x01, 0x00, 0x01, 0x80, 0x00, 0x00, 0x04, 0x40, 0x45, 0x08, 0x02, 0x14, 0x00, 0x20,
  0x02, 0xC0, 0xC1, 0x10, 0x10, 0x05, 0x01, 0x10, 0x10, 0x80, 0x10, 0x94, 0x00, 0x14, 0x01, 0x00,
  0x00, 0x00, 0x01, 0x80, 0x00, 0x01, 0x41, 0x80, 0x08, 0x00, 0x40, 0x11, 0x02, 0x50, 0x00, 0x00,
  0x00, 0x00, 0x01, 0x84, 0x00, 0x81, 0x00, 0x00, 0x00, 0x00, 0x00, 0x80, 0x00, 0x80, 0x00, 0x74,
  0x00, 0x40, 0x00, 0x00, 0x00, 0x10, 0x00, 0x02, 0x20, 0x04, 0x00, 0x00, 0x40, 0x04, 0x01, 0x80,
  0x20, 0x58, 0x00, 0x00, 0x11, 0x40, 0x00, 0x48, 0x00, 0x40, 0x00, 0x00, 0x40, 0x00, 0x05, 0x10,
  0x00, 0x48, 0x01, 0x41, 0x40, 0xA0, 0x08, 0x06, 0x00, 0x80, 0x40, 0x40, 0x00, 0x00, 0x20, 0x80,
  0x40, 0x00, 0x00, 0x00, 0x00, 0x02, 0x05, 0x40, 0x00, 0x48, 0x00, 0x51, 0x88, 0x00, 0x00, 0xA0,
  0x00, 0x00, 0x40, 0x30, 0x10, 0x04, 0x24, 0x40, 0x40, 0x00, 0x00, 0x08, 0x00, 0x00, 0x41, 0x00,
  0x20, 0x41, 0x00, 0x40, 0x40, 0x02, 0x08, 0x00, 0x00, 0x05, 0x00, 0x02, 0x81, 0x20, 0x08, 0x28,
  0x20, 0x00, 0x00, 0x42, 0x01, 0x20, 0x61, 0x00, 0x00, 0x00, 0x00, 0x10, 0x20, 0x20, 0x00, 0x01,
  0x00, 0x40, 0x02, 0x20, 0x90, 0x00, 0x00, 0x40, 0x00, 0x00, 0x00, 0x02, 0x50, 0x00, 0x00, 0x04,
  0x00, 0x00, 0x00, 0x00, 0x40, 0x00, 0x00, 0x00, 0x00, 0x00, 0x00, 0x00, 0x00, 0x00, 0x00, 0x00,
  0x08, 0x00, 0x00, 0x00, 0x00, 0x00, 0x00, 0x20, 0x00, 0x00, 0x00, 0x80, 0x01, 0x00, 0x01, 0x00,
  0x00, 0x08, 0x14, 0x00, 0x80, 0x80, 0x20, 0x00, 0x02, 0x10, 0x00, 0x80, 0x41, 0x00, 0x82, 0x10,
  0x0E, 0x90, 0x04, 0x00, 0x01, 0x42, 0x00, 0x00, 0x01, 0x00, 0x00, 0x00, 0x00, 0x02, 0x00, 0x00,
  0x00, 0x84, 0x80, 0x60, 0x0A, 0x00, 0x20, 0x10, 0x00, 0x18, 0x00, 0x00, 0x00, 0x00, 0x00, 0x10,
  0x20, 0x08, 0x06, 0x00, 0xC5, 0x02, 0x10, 0x00, 0x22, 0x00, 0xA6, 0x82, 0x49, 0x02, 0xA0, 0x40,
  0x06, 0x10, 0x44, 0x00, 0x02, 0x40, 0x40, 0x00, 0x24, 0x00, 0x10, 0x00, 0x02, 0x40, 0x20, 0x00,
  0x00, 0x90, 0x25, 0x02, 0x82, 0x82, 0x02, 0x84, 0x01, 0x0A, 0x28, 0x20, 0x00, 0x00, 0x28, 0x50,
  0x34, 0x02, 0x00, 0x00, 0x00, 0x00, 0x01, 0x00, 0x01, 0x00, 0x02, 0x00, 0x00, 0x00, 0x00, 0x00,
  0x20, 0x00, 0x08, 0x40, 0x90, 0x00, 0x40, 0xC0, 0x04, 0x00, 0x09, 0x29, 0x00, 0x04, 0x40, 0x22,
  0x44, 0x00, 0x40, 0x40, 0x00, 0x00, 0x00, 0x00, 0x10, 0x00, 0x20, 0x07, 0x01, 0x14, 0x01, 0x20,
  0x00, 0x00, 0x01, 0xC0, 0x00, 0x18, 0x00, 0x01, 0x10, 0x80, 0x10, 0x00, 0x20, 0x00, 0x00, 0x01,
  0x80, 0x02, 0x00, 0x2A, 0x20, 0x44, 0x82, 0x00, 0x00, 0x21, 0x8A, 0x02, 0x00, 0x88, 0x00, 0x00,
  0x00, 0x02, 0x20, 0x20, 0x20, 0x04, 0x00, 0x20, 0x90, 0x14, 0x18, 0x21, 0x00, 0x00, 0x00, 0x20,
  0x02, 0x02, 0x90, 0xC0, 0x28, 0x00, 0x40, 0x20, 0x18, 0x10, 0x10, 0x81, 0x10, 0x01, 0x40, 0x26,
  0x84, 0x04, 0x18, 0x40, 0x00, 0x00, 0x00, 0x08, 0xD0, 0x00, 0x09, 0x88, 0x00, 0x00, 0x80, 0x02,
  0x40, 0x00, 0x22, 0x00, 0x00, 0x0C, 0x82, 0x02, 0x20, 0x00, 0x04, 0x00, 0x00, 0x00, 0x00, 0x00,
  0x00, 0x00, 0x00, 0x00, 0x00, 0x00, 0x00, 0x02, 0x00, 0x00, 0x00, 0x00, 0x50, 0x00, 0x04, 0x00,
  0x00, 0x00, 0x00, 0x00, 0x00, 0x01, 0x04, 0x00, 0x00, 0x00, 0x00, 0x20, 0x00, 0x08, 0x8A, 0x00,
  0x28, 0x00, 0x00, 0x20, 0x00, 0x28, 0x0A, 0x00, 0x00, 0x00, 0x1A, 0x00, 0x00, 0x88, 0x90, 0x00,
  0x88, 0x00, 0x11, 0x00, 0x20, 0x88, 0x88, 0x00, 0x08, 0x82, 0x04, 0x10, 0x21, 0x30, 0x02, 0x00,
  0x01, 0x40, 0x01, 0x00, 0x02, 0x00, 0x02, 0x00, 0x00, 0x00, 0x00, 0x08, 0x20, 0x18, 0x02, 0x00,
  0x80, 0x82, 0x00, 0x20, 0x20, 0x48, 0x20, 0x80, 0x80, 0x00, 0x02, 0x00, 0x10, 0x22, 0x12, 0x00,
  0x00, 0x00, 0x0B, 0x20, 0x91, 0x28, 0x04, 0x00, 0x80, 0x82, 0x02, 0x80, 0x10, 0x00, 0x10, 0x22,
  0x22, 0x01, 0x1A, 0x80, 0x10, 0x08, 0x20, 0x00, 0x00, 0x40, 0x00, 0x80, 0x81, 0x00, 0x00, 0x00,
  0x00, 0x40, 0x00, 0x10, 0x00, 0x10, 0x08, 0x00, 0x00, 0x80, 0x00, 0x00, 0x80, 0x20, 0x04, 0x00,
  0x02, 0x08, 0x80, 0x1D, 0x81, 0x01, 0x20, 0x20, 0x00, 0x00, 0x00, 0x02, 0x80, 0x01, 0x52, 0x00,
  0x00, 0x00, 0x00, 0x01, 0x88, 0x00, 0x00, 0x82, 0x00, 0x00, 0xC2, 0x02, 0x24, 0x09, 0x38, 0x22,
  0x00, 0x24, 0x00, 0x00, 0x88, 0x20, 0x00, 0x90, 0x00, 0x00, 0x00, 0x08, 0x40, 0x00, 0x40, 0x22,
  0x00, 0x02, 0x02, 0x02, 0x20, 0x22, 0x38, 0x0E, 0x00, 0x80, 0x02, 0x0B, 0x80, 0x20, 0x2A, 0x00,
  0x00, 0x80, 0x80, 0x00, 0x84, 0x81, 0x00, 0x08, 0x24, 0x88, 0x00, 0x02, 0x84, 0x00, 0x01, 0x10,
  0x08, 0x28, 0x00, 0x00, 0x00, 0x09, 0x21, 0x00, 0x08, 0x89, 0x00, 0x00, 0x80, 0x11, 0x02, 0x0C,
  0x00, 0x80, 0x00, 0x00, 0x00, 0x00, 0x18, 0x02, 0x00, 0x14, 0x02, 0x00, 0x80, 0x01, 0x24, 0x05,
  0x00, 0x04, 0x82, 0x10, 0x80, 0x01, 0x20, 0x02, 0x00, 0x04, 0x40, 0x13, 0x80, 0x21, 0x50, 0x00,
  0x00, 0x00, 0x00, 0x00, 0x00, 0x00, 0x00, 0x00, 0x20, 0x80, 0x04, 0x00, 0x80, 0x00, 0x00, 0x00,
  0x00, 0x00, 0x04, 0x00, 0x90, 0x00, 0x02, 0x00, 0x00, 0x00, 0x00, 0x00, 0x09, 0x01, 0x10, 0x80,
  0x44, 0x21, 0x02, 0x00, 0x00, 0x00, 0x00, 0xC8, 0x00, 0x01, 0x10, 0x00, 0x84, 0x00, 0x01, 0x10,
  0x00, 0x20, 0x00, 0x00, 0x40, 0x00, 0x00, 0x80, 0x30, 0x04, 0x02, 0x00, 0x40, 0x40, 0x02, 0x48,
  0x00, 0x80, 0x03, 0x00, 0x00, 0x00, 0x02, 0x00, 0x00, 0x10, 0x08, 0x00, 0x00, 0x00, 0x84, 0xC0,
  0x04, 0x14, 0x08, 0x02, 0x80, 0x00, 0x04, 0x00, 0x08, 0x10, 0x90, 0x80, 0x09, 0x00, 0x80, 0x20,
  0x08, 0x10, 0x00, 0x40, 0x80, 0x42, 0x04, 0x24, 0x20, 0x0C, 0x08, 0x21, 0x41, 0x01, 0x00, 0x40,
  0x30, 0x10, 0x91, 0x00, 0x00, 0x40, 0x01, 0x00, 0x02, 0x08, 0x80, 0x00, 0x90, 0x80, 0x01, 0x44,
  0x00, 0x80, 0x08, 0x04, 0x00, 0x00, 0x00, 0x00, 0x84, 0x00, 0x04, 0xC0, 0x40, 0x42, 0x00, 0x00,
  0x14, 0x10, 0x00, 0x22, 0x40, 0x14, 0x40, 0x01, 0x80, 0x80, 0x00, 0x00, 0x00, 0x10, 0x00, 0x01,
  0x00, 0x09, 0x14, 0x88, 0x22, 0x10, 0x80, 0x02, 0x44, 0x00, 0x80, 0x20, 0x00, 0x00, 0x01, 0x04,
  0x80, 0x60, 0x01, 0x00, 0x00, 0x00, 0x00, 0x00, 0x44, 0x10, 0x04, 0x11, 0x00, 0x12, 0x01, 0x01,
  0x10, 0x01, 0x00, 0x20, 0x00, 0x40, 0x43, 0x00, 0xC0, 0x30, 0x00, 0x40, 0x00, 0x80, 0x00, 0x00,
  0x40, 0x00, 0x14, 0x80, 0x00, 0x28, 0x00, 0x40, 0x44, 0x08, 0x44, 0x00, 0x80, 0xA0, 0x80, 0x90,
  0x48, 0x01, 0x14, 0x00, 0x00, 0xA8, 0x01, 0x00, 0x44, 0x10, 0x00, 0x84, 0x00, 0x80, 0x00, 0x00,
  0x00, 0x13, 0x20, 0x04, 0x00, 0x00, 0x00, 0x41, 0x00, 0x00, 0x88, 0x06, 0x00, 0x40, 0x00, 0x08,
  0x00, 0x00, 0x0C, 0x87, 0x20, 0x00, 0x00, 0x01, 0x24, 0x20, 0x80, 0x00, 0x00, 0x00, 0x00, 0x91,
  0x00, 0x00, 0x00, 0x00, 0x00, 0x00, 0x00, 0x00, 0x00, 0x00, 0x00, 0x00, 0x00, 0x00, 0x00, 0x00,
  0x00, 0x00, 0x00, 0x0F, 0xFF, 0xF8, 0xCB, 0xDA, 0xAF, 0xA1, 0x79, 0xF0, 0x2F, 0xF2, 0x0C, 0x0F,
  0xCF, 0xFF, 0xFF, 0x3F, 0xFF, 0xFF, 0xF3, 0xFF, 0xFF, 0x00, 0x00, 0x0F, 0xF3, 0xFF, 0xF7, 0xDF,
  0xFB, 0xEF, 0xFB, 0xE3, 0xFF, 0xFD, 0xDF, 0xFC, 0xCF, 0xFF, 0xDF, 0xFF, 0xF0, 0x00, 0x00, 0x00,
  0x00, 0x03, 0x3F, 0xF0, 0x0F, 0x10, 0x00, 0x0F, 0xFF, 0xFF, 0xFF, 0xF0, 0x0C, 0xCF, 0x0E, 0xA0,
  0xF0, 0xEF, 0xA3, 0x30, 0x00, 0x0D, 0x55, 0x0F, 0xFF, 0xFF, 0xFF, 0xFF, 0x3F, 0x9F, 0xFF, 0xF0,
  0x00, 0x00, 0x10, 0x00, 0x00, 0x00, 0x00, 0x0E, 0xFF, 0x00, 0x00, 0x0F, 0x00, 0xFF, 0xFF, 0x00,
  0x00, 0x0F, 0xFF, 0xF0, 0x0F, 0x03, 0x3F, 0xF0, 0x00, 0x0F, 0xFF, 0xFF, 0xFF, 0xB0, 0x0F, 0xFF,
  0xF0, 0x00, 0x03, 0x3F, 0xF0, 0x00, 0x0E, 0xCF, 0xD1, 0x0D, 0x0C, 0x50, 0x1F, 0x04, 0x0F, 0xCF,
  0x0C, 0xC0, 0x0D, 0xFF, 0xF0, 0x03, 0x03, 0x1F, 0xDF, 0xF0, 0x03, 0x3C, 0xCA, 0xA5, 0x5F, 0xFF,
  0x0F, 0xFC, 0x0A, 0x0E, 0x4F, 0x0E, 0x40, 0x3F, 0xCD, 0x2F, 0x0F, 0xF0, 0x0F, 0xF0, 0x0F, 0xFF,
  0xF0, 0x00, 0x0C, 0xC0, 0x00, 0x00, 0x4F, 0xDF, 0xFC, 0xF0, 0x0F, 0xFF, 0xFF, 0x0F, 0xF5, 0x4F,
  0xEC, 0x0C, 0xF0, 0x0F, 0xCD, 0x1D, 0xDF, 0xDF, 0xDF, 0xFF, 0xFF, 0xDF, 0xDF, 0xDF, 0xDF, 0x7F,
  0x70, 0x00, 0x0F, 0x7F, 0x7F, 0x7F, 0x7F, 0xDF, 0xDF, 0xDF, 0xDF, 0xDF, 0xDF, 0xDF, 0xD0, 0x00,
  0x0F, 0x7F, 0x7F, 0x7F, 0x7F, 0x7F, 0x70, 0x00, 0x0F, 0xFF, 0xFF, 0xFF, 0x0F, 0xFF, 0xFF, 0xF0,
  0x00, 0xF0, 0x0C, 0x3C, 0xCC, 0x3C, 0xCC, 0x3C, 0xCC, 0x3C, 0xC5, 0x6F, 0xDC, 0x3F, 0xF3, 0x30,
  0x0F, 0xFF, 0xF0, 0x0F, 0x0A, 0xAA, 0xA0, 0x00, 0x00, 0x00, 0x00, 0x00, 0x00, 0x00, 0x00, 0x00,
  0x80, 0x10, 0x00, 0x00, 0x00, 0x00, 0x00, 0x00, 0x00, 0x00, 0x00, 0x00, 0x00, 0x00, 0x00, 0x00,
  0xF0, 0xF8, 0xCB, 0xDA, 0xEB, 0xE2, 0xB6, 0xF0, 0x2F, 0xFC, 0x40, 0xC0, 0x0C, 0x0F, 0xFF, 0x3F,
  0xFB, 0xFF, 0xF3, 0xFF, 0xFF, 0x00, 0x02, 0x0F, 0xF3, 0xFF, 0xFB, 0xEF, 0xFB, 0xEF, 0xF7, 0xD3,
  0xFF, 0xFF, 0xFF, 0xFC, 0xCF, 0xFF, 0xFF, 0xF0, 0x0F, 0xF0, 0x00, 0x00, 0x00, 0x0F, 0xFF, 0xFF,
  0xFF, 0xF4, 0x44, 0x4F, 0xBF, 0xFF, 0xFF, 0xB0, 0x0C, 0xCF, 0x0A, 0xAF, 0xFA, 0xEF, 0xAF, 0x30,
  0x0E, 0x48, 0x05, 0x0B, 0xF3, 0xFF, 0x5F, 0xCF, 0x3F, 0xFF, 0xFF, 0xF0, 0x00, 0x00, 0x10, 0x00,
  0x00, 0x00, 0x20, 0x0F, 0xFF, 0x04, 0x00, 0x0F, 0x22, 0xF7, 0xFF, 0x00, 0x00, 0x00, 0xFF, 0xF5,
  0x3F, 0x03, 0x3F, 0xF0, 0x00, 0x0C, 0xCF, 0xFF, 0xFF, 0xB0, 0x0C, 0xFF, 0xF0, 0x00, 0x03, 0x3F,
  0xF0, 0x00, 0x0E, 0xCF, 0x80, 0x1D, 0xDC, 0x40, 0x00, 0x00, 0x0F, 0xCF, 0x0C, 0xC0, 0x0F, 0xFF,
  0xF5, 0x4E, 0x43, 0x3F, 0xFF, 0xF0, 0x00, 0x0F, 0xFA, 0xA5, 0x5F, 0xFF, 0x0F, 0xFC, 0x5F, 0x5E,
  0x4F, 0x0F, 0x50, 0x0F, 0xFF, 0x0F, 0x00, 0x0F, 0xFF, 0xF0, 0x0F, 0xFD, 0xF0, 0x00, 0x0C, 0xC0,
  0x00, 0xF0, 0xFF, 0xFF, 0xFF, 0xF0, 0x0F, 0xFD, 0xFF, 0xDF, 0xD5, 0x4F, 0xEF, 0x0F, 0xFF, 0xFF,
  0xCD, 0x1D, 0xDF, 0xFF, 0xFF, 0xFF, 0xFF, 0xFF, 0xFF, 0xFF, 0xFF, 0xFF, 0xFF, 0x7F, 0x7F, 0xFF,
  0xFF, 0xFF, 0xFF, 0xFF, 0xFF, 0xFF, 0xFF, 0xFF, 0xFF, 0xFF, 0xFF, 0x7F, 0x7F, 0xFF, 0xFF, 0xFF,
  0xFF, 0xFF, 0xF4, 0x0F, 0xFF, 0xFF, 0xFF, 0xFF, 0x0F, 0xFF, 0xFF, 0xF0, 0x0F, 0x0F, 0xFC, 0x3C,
  0xCC, 0x3C, 0xCC, 0x3C, 0xCC, 0x3C, 0xC5, 0x6F, 0xDC, 0x3F, 0xF3, 0x30, 0x0F, 0xFF, 0xF0, 0x0F,
  0x0A, 0xA2, 0xA0, 0x00, 0x00, 0x00, 0x00, 0x00, 0x00, 0x00, 0x00, 0x00, 0x00, 0x20, 0x00, 0x00,
  0x00, 0x00, 0x00, 0x00, 0x00, 0x02, 0x00, 0x10, 0x00, 0x00, 0x00, 0x10, 0x06, 0x32, 0x00, 0x90,
  0x02, 0x00, 0x10, 0x10, 0x04, 0x16, 0x08, 0x10, 0x01, 0x36, 0x20, 0x50, 0x00, 0x16, 0x08, 0x10,
  0x10, 0x36, 0x00, 0x10, 0x46, 0x72, 0x00, 0x90, 0x02, 0x00, 0x10, 0x10, 0x04, 0x16, 0x08, 0x10,
  0x00, 0x32, 0x00, 0x10, 0x40, 0x14, 0x08, 0x10, 0x00, 0x12, 0x20, 0x50, 0x40, 0x12, 0x00, 0x10,
  0x00, 0x00, 0x00, 0x10, 0x00, 0x10, 0x64, 0x10, 0x00, 0x00, 0x06, 0x80, 0x00, 0x10, 0x04, 0x10,
  0x00, 0x00, 0x04, 0x00, 0x10, 0x02, 0x00, 0x00, 0x00, 0x00, 0x00, 0x10, 0x00, 0x12, 0x00, 0x00,
  0x04, 0x00, 0x00, 0x10, 0x10, 0x00, 0x04, 0x00, 0x00, 0x00, 0x00, 0x10, 0x10, 0x02, 0x00, 0x00,
  0x00, 0x00, 0x00, 0x10, 0x00, 0x10, 0x02, 0x00, 0x00, 0x00, 0x00, 0x00, 0x10, 0x00, 0x02, 0x00,
  0x00, 0x04, 0x00, 0x00, 0x10, 0x10, 0x02, 0x00, 0x10, 0x00, 0x00, 0x00, 0x10, 0x10, 0x02, 0x00,
  0x10, 0x10, 0x32, 0x20, 0x10, 0x40, 0x12, 0x00, 0x10, 0x00, 0x30, 0x04, 0x00, 0x50, 0x02, 0x08,
  0x10, 0x10, 0x32, 0x20, 0x10, 0x40, 0x12, 0x00, 0x00, 0x00, 0x00, 0x00, 0x10, 0x00, 0x12, 0x00,
  0x10, 0x01, 0x76, 0x00, 0x10, 0x40, 0x12, 0x08, 0x10, 0x10, 0x36, 0x20, 0x10, 0x40, 0x10, 0x04,
  0x10, 0x00, 0x00, 0x04, 0x00, 0x10, 0x04, 0x0C, 0x02, 0x15, 0x32, 0x24, 0x40, 0x50, 0x44, 0x0C,
  0x02, 0x14, 0x32, 0x24, 0x40, 0x50, 0x40, 0x04, 0x00, 0x04, 0x00, 0x04, 0x00, 0x10, 0x02, 0x00,
  0x10, 0x00, 0x00, 0x00, 0x10, 0x00, 0x12, 0x08, 0x01, 0x13, 0x30, 0x70, 0x00, 0x64, 0x00, 0x18,
  0x81, 0x12, 0x30, 0x30, 0x00, 0x44, 0x02, 0x00, 0x10, 0x00, 0x30, 0x00, 0x10, 0x40, 0x10, 0x00,
  0x00, 0x00, 0x00, 0x00, 0x00, 0x00, 0x00, 0x00, 0x00, 0x20, 0x00, 0x00, 0x00, 0x00, 0x00, 0x00,
  0x00, 0x0C, 0x00, 0x20, 0x02, 0x6C, 0x40, 0xA0, 0x00, 0x24, 0x10, 0x20, 0x22, 0x6C, 0x00, 0x20,
  0xA0, 0x04, 0x00, 0x20, 0x02, 0x6C, 0x00, 0x20, 0x80, 0x2C, 0x10, 0x20, 0x20, 0x6C, 0x40, 0x20,
  0x80, 0x24, 0x00, 0x20, 0x00, 0x64, 0x40, 0x20, 0x00, 0x24, 0x00, 0x20, 0x00, 0x60, 0x00, 0x20,
  0x00, 0x2C, 0x10, 0x24, 0x20, 0x64, 0x40, 0xA0, 0x80, 0x2C, 0x10, 0x24, 0x20, 0x6C, 0x40, 0xA0,
  0x80, 0xA4, 0x00, 0x00, 0x08, 0x00, 0x05, 0x20, 0x00, 0x24, 0x00, 0x00, 0x00, 0x00, 0x08, 0x00,
  0x00, 0x20, 0x08, 0x20, 0x00, 0x00, 0x08, 0x00, 0x00, 0x24, 0x00, 0x00, 0x08, 0x00, 0x00, 0x20,
  0x00, 0x24, 0x00, 0x00, 0x00, 0x00, 0x08, 0x00, 0x00, 0x04, 0x00, 0x20, 0x00, 0x00, 0x08, 0x00,
  0x00, 0x20, 0x04, 0x00, 0x20, 0x00, 0x00, 0x00, 0x20, 0x00, 0x2C, 0x10, 0x00, 0x00, 0x24, 0x40,
  0xA0, 0x00, 0x24, 0x00, 0x20, 0x00, 0x00, 0x08, 0x00, 0x20, 0x00, 0x00, 0x20, 0x20, 0x24, 0x40,
  0x20, 0x80, 0x2C, 0x10, 0x00, 0x08, 0x24, 0x40, 0xA0, 0x00, 0x24, 0x00, 0x20, 0x00, 0x00, 0x00,
  0x20, 0x20, 0x04, 0x00, 0x00, 0x00, 0x00, 0x00, 0x20, 0x00, 0x04, 0x10, 0x20, 0x22, 0x6C, 0x40,
  0x20, 0x80, 0x24, 0x10, 0x20, 0x22, 0x64, 0x40, 0x20, 0x80, 0x20, 0x31, 0x02, 0x26, 0xE4, 0xE0,
  0x00, 0xC8, 0x00, 0x31, 0x02, 0x26, 0xE4, 0xE0, 0x00, 0xC8, 0x00, 0x31, 0x02, 0x26, 0xE4, 0xE0,
  0x00, 0xC8, 0x00, 0x31, 0x02, 0x26, 0x64, 0x60, 0x00, 0x88, 0x04, 0x00, 0x20, 0x00, 0x64, 0x00,
  0x20, 0x00, 0x24, 0x00, 0x20, 0x00, 0x00, 0x00, 0x20, 0x00, 0x24, 0x00, 0x20, 0x00, 0x00, 0x00,
  0x20, 0x00, 0x24, 0x00, 0x00, 0x00, 0x00, 0x00, 0x20, 0x00, 0x20, 0x00, 0x00, 0x00, 0x00, 0x00,
  0x00, 0x00, 0x00, 0x00, 0x00, 0x00, 0x00, 0x00, 0x00, 0x00, 0x00, 0x00, 0x00, 0x0F, 0x0F, 0xCF,
  0xF3, 0xFF, 0xFF, 0xAF, 0xFF, 0xF0, 0x0F, 0x0F, 0xCF, 0xCF, 0xFF, 0xFF, 0xFF, 0xF3, 0x30, 0x0F,
  0xFF, 0xFD, 0xFF, 0xFF, 0xFF, 0xB0, 0xAC, 0xEF, 0xFF, 0xFF, 0xDF, 0xFC, 0xCF, 0xFF, 0xFF, 0xFF,
  0xFF, 0xFC, 0xC3, 0x33, 0x33, 0x30, 0x0F, 0xFF, 0xFF, 0xF0, 0xAF, 0xF5, 0x85, 0x8F, 0xFF, 0xFF,
  0xFF, 0x5F, 0x0F, 0x00, 0x87, 0xFF, 0xFF, 0xF0, 0x08, 0x00, 0x40, 0x0C, 0x00, 0x0F, 0xFA, 0xB5,
  0x5F, 0x77, 0x37, 0x3F, 0x0E, 0xEB, 0x3B, 0xF0, 0x00, 0x00, 0x50, 0x3F, 0xF7, 0x7F, 0x4F, 0xAE,
  0xE4, 0x43, 0x0F, 0xFA, 0x0A, 0xF0, 0x00, 0x0F, 0x00, 0x02, 0x2A, 0xA7, 0xD7, 0xF0, 0x0C, 0x40,
  0x00, 0x0F, 0xCF, 0xC0, 0x00, 0x0F, 0xFF, 0xFC, 0xFF, 0xFF, 0xFB, 0xBD, 0xDD, 0xD0, 0x00, 0xF0,
  0xFF, 0xFB, 0xFF, 0xFF, 0xFF, 0x0F, 0xFF, 0xF3, 0x30, 0x00, 0x00, 0x00, 0x0F, 0xFF, 0xF0, 0xFF,
  0xF7, 0x77, 0x75, 0x5C, 0xC5, 0x5C, 0xC0, 0x00, 0x0F, 0xFF, 0xCF, 0x3F, 0xFF, 0xEF, 0xEC, 0x4F,
  0x7C, 0x5F, 0x5F, 0xAE, 0xED, 0xDD, 0xD5, 0xCF, 0xCC, 0x05, 0x54, 0xF7, 0xFC, 0x0A, 0x0F, 0xFF,
  0xF0, 0x00, 0x0C, 0x0C, 0xF0, 0x00, 0x0F, 0x5D, 0xDF, 0xFF, 0xFF, 0x4F, 0xEF, 0xFF, 0xF0, 0x01,
  0x0F, 0xFF, 0x70, 0x00, 0x00, 0x01, 0x0C, 0x3C, 0xCC, 0x3C, 0xCC, 0x3C, 0xCC, 0x3C, 0xCC, 0x3C,
  0xCC, 0x3C, 0xCC, 0x3C, 0xCC, 0x3C, 0xC6, 0x96, 0x66, 0x96, 0x66, 0x96, 0x66, 0x96, 0x66, 0x96,
  0x66, 0x96, 0x65, 0x6F, 0xDC, 0x3F, 0xF0, 0x5F, 0x5D, 0x1D, 0x1C, 0xCC, 0xC0, 0x0C, 0xCF, 0xF3,
  0xFA, 0xAF, 0xF2, 0x30, 0x00, 0x00, 0x0F, 0xFC, 0xFA, 0xF0, 0xFB, 0xB3, 0x3F, 0xFF, 0xF0, 0x0F,
  0xF0, 0x00, 0x00, 0x13, 0x3F, 0xFF, 0xF0, 0x00, 0x00, 0x00, 0x00, 0x00, 0x00, 0x00, 0x00, 0x00,
  0x00, 0x00, 0x00, 0x00, 0x00, 0x00, 0x00, 0x00, 0x00, 0x0F, 0x0F, 0xCF, 0xF3, 0xFF, 0xFF, 0xFF,
  0xFF, 0x50, 0x0F, 0x0F, 0xCF, 0xCD, 0xDF, 0xFF, 0x5F, 0x7F, 0xF0, 0x0F, 0xFF, 0xFF, 0xFF, 0xFF,
  0xDF, 0xF0, 0x80, 0xAF, 0xDF, 0xFF, 0xDF, 0xFC, 0xCF, 0xFD, 0xDF, 0xFF, 0x5F, 0xFC, 0xC3, 0x33,
  0x33, 0x3F, 0xFF, 0xFF, 0xFF, 0xF0, 0xAC, 0xEF, 0xF5, 0x8F, 0xFB, 0xBF, 0xFF, 0x5F, 0xFF, 0xF8,
  0x0F, 0x77, 0xFF, 0xF0, 0x00, 0x00, 0x04, 0x00, 0x00, 0x00, 0xFA, 0xB0, 0xFF, 0x75, 0x05, 0x0F,
  0x0A, 0xA8, 0x08, 0xC0, 0x00, 0x00, 0x50, 0xCF, 0x07, 0x0F, 0x0F, 0xAF, 0xE5, 0x43, 0x0F, 0x53,
  0x3A, 0x00, 0x80, 0x0F, 0x04, 0x00, 0x01, 0x0F, 0x5F, 0x50, 0x00, 0x00, 0x00, 0x0D, 0xCD, 0xC0,
  0x00, 0x0C, 0xCF, 0xFC, 0xFF, 0xFF, 0x5F, 0x5D, 0xDD, 0xD0, 0x00, 0xF4, 0xFF, 0xFB, 0xFF, 0xF0,
  0x0F, 0x0F, 0xFF, 0xF3, 0x30, 0x00, 0x0F, 0xBF, 0xFF, 0xF0, 0x00, 0xFF, 0xF7, 0x77, 0x7F, 0x0F,
  0x0F, 0x0F, 0x00, 0x00, 0x0F, 0xFF, 0xCF, 0x3F, 0xFF, 0xEF, 0xED, 0x5D, 0x50, 0x50, 0x5F, 0xFF,
  0xFD, 0x8D, 0xD5, 0x5F, 0x5C, 0x05, 0x54, 0xF4, 0xFC, 0x0E, 0x4F, 0xFF, 0xF0, 0x00, 0x0C, 0x0C,
  0xF0, 0x00, 0x0F, 0x5D, 0xD1, 0x1D, 0xDF, 0x4F, 0xEC, 0x0C, 0xF0, 0x00, 0x0F, 0xFF, 0xF0, 0x04,
  0x00, 0x00, 0x0C, 0x3C, 0xCC, 0x3C, 0xCC, 0x3C, 0xCC, 0x3C, 0xCC, 0x3C, 0xCC, 0x3C, 0xCC, 0x3C,
  0xCC, 0x3C, 0xC6, 0x96, 0x66, 0x96, 0x66, 0x96, 0x66, 0x96, 0x66, 0x96, 0x66, 0x96, 0x6A, 0x95,
  0x4C, 0x3F, 0xF0, 0x5F, 0x5D, 0x1D, 0x10, 0x0F, 0xF0, 0x0C, 0xCF, 0xF3, 0xFA, 0xFE, 0xAF, 0xFF,
  0xF3, 0x32, 0x0F, 0xFF, 0xFF, 0xF0, 0xFB, 0xB3, 0xBF, 0x0F, 0xF0, 0x00, 0xB0, 0x00, 0x03, 0x33,
  0x3F, 0xF7, 0xF0, 0x00, 0x00, 0x00, 0x00, 0x00, 0x00, 0x00, 0x00, 0x00, 0x04, 0x00, 0x00, 0x00,
  0x00, 0x00, 0x00, 0x00, 0x00, 0x02, 0x00, 0x00, 0x60, 0x40, 0x60, 0x42, 0x00, 0x20, 0x10, 0x80,
  0x86, 0x01, 0x44, 0x80, 0x04, 0x03, 0x04, 0x80, 0xA0, 0x40, 0x04, 0x00, 0x00, 0x40, 0x84, 0x64,
  0x00, 0x40, 0x04, 0x00, 0x02, 0x00, 0x83, 0x48, 0x03, 0x83, 0x08, 0x00, 0x88, 0x08, 0x46, 0x48,
  0x26, 0x40, 0x04, 0x04, 0x04, 0x80, 0x68, 0x80, 0x40, 0x00, 0x02, 0x00, 0x00, 0x00, 0x80, 0x04,
  0x90, 0x00, 0x32, 0x03, 0x80, 0x80, 0x4A, 0x42, 0x00, 0x24, 0x80, 0x60, 0x40, 0xA0, 0x90, 0x20,
  0x80, 0x00, 0x88, 0x80, 0x00, 0x90, 0x00, 0x30, 0x02, 0x01, 0xA4, 0x00, 0x08, 0x60, 0x06, 0x20,
  0x90, 0x00, 0x80, 0x50, 0x99, 0xB8, 0x12, 0x00, 0x88, 0x01, 0x02, 0x00, 0xA1, 0x45, 0x42, 0x80,
  0x00, 0x80, 0x03, 0x28, 0x80, 0x00, 0x00, 0x00, 0x00, 0x00, 0x00, 0x08, 0x00, 0x00, 0x00, 0x53,
  0x30, 0x83, 0x42, 0x00, 0xA4, 0x00, 0x88, 0x42, 0x80, 0x0A, 0x68, 0x0A, 0x00, 0x02, 0x07, 0x80,
  0x84, 0x02, 0x07, 0x08, 0x04, 0x00, 0x2A, 0x00, 0x00, 0x44, 0x88, 0x88, 0x88, 0x48, 0x84, 0x00,
  0x40, 0x80, 0x94, 0x00, 0x00, 0x08, 0x00, 0x13, 0x40, 0x80, 0x00, 0x03, 0x42, 0x04, 0x00, 0x00,
  0x20, 0x00, 0x10, 0x02, 0xA8, 0x00, 0xA4, 0x06, 0x20, 0x80, 0x68, 0x04, 0x88, 0x40, 0x40, 0x0A,
  0x40, 0x00, 0x46, 0x03, 0x42, 0x08, 0x51, 0x00, 0x20, 0x82, 0x84, 0x08, 0x03, 0x00, 0x80, 0x00,
  0x48, 0x01, 0x24, 0x00, 0x00, 0x00, 0x42, 0x50, 0x10, 0x10, 0x84, 0x40, 0x20, 0x40, 0x80, 0x02,
  0x80, 0x00, 0x00, 0x00, 0x62, 0x84, 0x40, 0x00, 0x00, 0x00, 0x08, 0x00, 0x01, 0x80, 0x08, 0x00,
  0x40, 0x00, 0x40, 0x10, 0x00, 0x80, 0x02, 0x00, 0xAA, 0x00, 0x20, 0x00, 0x40, 0x10, 0x00, 0x00,
  0x20, 0x00, 0x00, 0x00, 0x20, 0x00, 0x00, 0x00, 0x00, 0x10, 0x01, 0x20, 0x40, 0x20, 0x00, 0x00,
  0x00, 0x02, 0x00, 0x00, 0x00, 0x50, 0x05, 0x42, 0x01, 0x00, 0x00, 0x10, 0x51, 0x00, 0x56, 0x11,
  0x14, 0x40, 0x01, 0x02, 0x10, 0x00, 0x04, 0x00, 0x85, 0x24, 0x00, 0x06, 0x00, 0x40, 0xA0, 0x40,
  0x22, 0x00, 0x20, 0x11, 0x20, 0x00, 0x20, 0xC0, 0x00, 0xD0, 0x41, 0x11, 0x21, 0x61, 0x20, 0x20,
  0x26, 0x16, 0x24, 0x50, 0x40, 0xD5, 0x02, 0xC9, 0x20, 0xC0, 0x2E, 0x11, 0x0C, 0xC8, 0x08, 0x10,
  0x00, 0x40, 0x22, 0x01, 0x00, 0xA1, 0x48, 0x00, 0x60, 0x15, 0x04, 0x01, 0x46, 0x00, 0x01, 0x60,
  0x12, 0x01, 0x08, 0x04, 0x19, 0x00, 0x00, 0x05, 0x25, 0x09, 0x11, 0x81, 0x0D, 0x09, 0x18, 0x4D,
  0x00, 0x05, 0x00, 0x10, 0x00, 0x04, 0x21, 0x10, 0x18, 0x44, 0x09, 0x60, 0xC0, 0x66, 0x20, 0x86,
  0x09, 0x20, 0x00, 0x04, 0x02, 0x02, 0x02, 0x02, 0x00, 0x01, 0x68, 0x08, 0x00, 0x68, 0x09, 0x40,
  0x20, 0x88, 0x02, 0x62, 0x21, 0x02, 0x20, 0x12, 0x00, 0x02, 0x20, 0x01, 0x00, 0x0A, 0xD0, 0x10,
  0x16, 0x00, 0x02, 0x01, 0x10, 0x00, 0x16, 0x06, 0x20, 0x01, 0x20, 0x18, 0x46, 0x2A, 0x01, 0x50,
  0x00, 0x10, 0x10, 0x08, 0x0D, 0x02, 0x20, 0x80, 0x62, 0xD0, 0x00, 0x20, 0x10, 0x82, 0x06, 0x00,
  0x21, 0x20, 0x01, 0x01, 0x00, 0x58, 0x10, 0x00, 0x41, 0x6A, 0x04, 0x01, 0x41, 0x08, 0x42, 0x20,
  0x4A, 0x00, 0x44, 0x45, 0x90, 0x00, 0x46, 0x04, 0x10, 0x05, 0x50, 0x00, 0x00, 0x08, 0x91, 0xE0,
  0xC9, 0x18, 0x01, 0x40, 0x00, 0x01, 0x40, 0x40, 0x20, 0x42, 0x49, 0x00, 0x60, 0x00, 0x11, 0x00,
  0x02, 0x20, 0x60, 0x00, 0x00, 0x00, 0x06, 0x10, 0x04, 0x40, 0x00, 0x21, 0x60, 0x2D, 0x40, 0x00,
  0x40, 0x08, 0x40, 0x20, 0x00, 0x08, 0x00, 0x20, 0x40, 0xC0, 0x00, 0x00, 0x80, 0x00, 0x00, 0x00,
  0x80, 0x00, 0x00, 0x00, 0x21, 0x00, 0x00, 0x00, 0x00, 0x00, 0x00, 0x00, 0x00, 0x00, 0x00, 0x00,
  0x08, 0x00, 0x00, 0x00, 0x00, 0x00, 0x85, 0xA0, 0x84, 0x04, 0x88, 0x20, 0x81, 0x00, 0x10, 0x28,
  0x88, 0x20, 0x51, 0x20, 0x42, 0xA1, 0x20, 0x10, 0x02, 0x91, 0xC4, 0x10, 0x80, 0x00, 0xA2, 0xA0,
  0xA8, 0x40, 0x80, 0x00, 0x23, 0x00, 0x00, 0x20, 0x80, 0x80, 0xA8, 0x84, 0x20, 0xC0, 0x81, 0x00,
  0x00, 0x00, 0x20, 0x14, 0x00, 0x92, 0xA0, 0xA4, 0x23, 0x04, 0x05, 0x00, 0x21, 0x10, 0x28, 0x24,
  0x18, 0x00, 0x04, 0x90, 0x03, 0x04, 0xA3, 0x90, 0x14, 0x91, 0x22, 0x00, 0x00, 0x40, 0x05, 0x81,
  0x04, 0x28, 0x18, 0x08, 0x28, 0x12, 0x04, 0x02, 0xA2, 0x22, 0x48, 0x00, 0xC2, 0x04, 0x03, 0x80,
  0x22, 0xD0, 0x80, 0x80, 0x00, 0x18, 0x20, 0x01, 0x00, 0x00, 0x00, 0x00, 0x22, 0xA2, 0x00, 0x01,
  0x40, 0x00, 0x94, 0x02, 0x94, 0x40, 0x85, 0x24, 0x00, 0x04, 0x24, 0x01, 0x04, 0x33, 0xD8, 0x02,
  0x40, 0x00, 0x80, 0x40, 0x50, 0x00, 0x48, 0x28, 0x28, 0x04, 0x00, 0x08, 0x00, 0x21, 0x00, 0x48,
  0x00, 0x20, 0xA0, 0x22, 0xA0, 0x22, 0xA0, 0x05, 0x90, 0x22, 0x20, 0x00, 0x00, 0x02, 0x42, 0x22,
  0x22, 0x20, 0x80, 0x50, 0x80, 0x08, 0x00, 0x80, 0x00, 0x42, 0x08, 0x19, 0x08, 0xC8, 0x04, 0x08,
  0x04, 0x00, 0x80, 0x00, 0x10, 0x00, 0x21, 0x00, 0x04, 0x25, 0x18, 0x08, 0x04, 0x01, 0x00, 0x02,
  0x00, 0x21, 0x08, 0x19, 0x00, 0x00, 0x00, 0x08, 0x32, 0x90, 0x04, 0x08, 0x02, 0x80, 0x30, 0x89,
  0xC0, 0x08, 0x04, 0x01, 0x00, 0x08, 0x02, 0x13, 0x00, 0x00, 0x40, 0x10, 0x90, 0xC0, 0x80, 0x00,
  0x00, 0x00, 0x00, 0x08, 0x40, 0x00, 0x00, 0x80, 0x00, 0x04, 0x00, 0x80, 0x00, 0x20, 0x01, 0x80,
  0x09, 0x00, 0x00, 0x80, 0x00, 0x88, 0x00, 0x00, 0x00, 0x00, 0x00, 0x00, 0x00, 0x00, 0x00, 0x09,
  0xC0, 0xA0, 0x02, 0x20, 0x80, 0x20, 0x00, 0x00, 0x00, 0x09, 0x00, 0x00, 0x08, 0x20, 0x09, 0x00,
  0x02, 0x80, 0x0C, 0x00, 0x00, 0x0A, 0x00, 0x24, 0x01, 0x80, 0x45, 0x0C, 0x08, 0x00, 0xC1, 0x80,
  0x08, 0x09, 0x01, 0x11, 0x08, 0x02, 0x00, 0xC0, 0x09, 0x09, 0x08, 0x05, 0x88, 0x00, 0x01, 0x00,
  0x04, 0x21, 0x01, 0x23, 0x81, 0x04, 0x80, 0x00, 0x91, 0x00, 0x01, 0x29, 0x00, 0x29, 0x80, 0x24,
  0x10, 0x08, 0x01, 0x84, 0x10, 0x00, 0xC0, 0x20, 0x04, 0x29, 0x10, 0x08, 0x48, 0x23, 0x00, 0x00,
  0x2C, 0x28, 0x08, 0x84, 0x48, 0x04, 0x04, 0x40, 0x14, 0x22, 0x02, 0x80, 0x40, 0x8A, 0x10, 0x08,
  0x90, 0x12, 0x10, 0x0A, 0x00, 0x82, 0x10, 0x21, 0x04, 0x20, 0x18, 0x00, 0x00, 0x89, 0x00, 0x09,
  0x15, 0x40, 0x01, 0x12, 0x00, 0x10, 0x20, 0x01, 0x02, 0x80, 0x00, 0x00, 0x84, 0x04, 0x0C, 0x04,
  0x08, 0x84, 0x84, 0x10, 0xA0, 0x10, 0x00, 0x8B, 0x20, 0x44, 0x04, 0x18, 0x24, 0x01, 0x01, 0xC1,
  0xA0, 0x00, 0xA0, 0x0C, 0x00, 0x00, 0x11, 0x10, 0x21, 0x84, 0x81, 0x8C, 0x20, 0x01, 0x01, 0x00,
  0x01, 0x04, 0x01, 0x12, 0x09, 0x14, 0x15, 0x90, 0x09, 0x10, 0xA8, 0x90, 0x00, 0x04, 0x00, 0x40,
  0x00, 0x40, 0x09, 0x00, 0x90, 0x0C, 0x48, 0x48, 0x14, 0x88, 0x02, 0x00, 0x88, 0x11, 0x01, 0x01,
  0x23, 0x15, 0x00, 0x01, 0x0A, 0x82, 0x20, 0x18, 0x00, 0x05, 0x20, 0x88, 0x20, 0x00, 0x00, 0x40,
  0x20, 0x00, 0x20, 0x08, 0x10, 0x05, 0x14, 0x28, 0x02, 0x01, 0x10, 0x0C, 0x80, 0x4C, 0x00, 0x04,
  0xA0, 0x0C, 0x04, 0x48, 0x10, 0x00, 0x94, 0x40, 0x00, 0x01, 0x00, 0x00, 0x00, 0x00, 0x01, 0x48,
  0x80, 0x00, 0x01, 0x0D, 0x10, 0x10, 0x00, 0x00, 0x80, 0x01, 0x80, 0x00, 0x00, 0x01, 0x80, 0x00,
  0x00, 0x08, 0x00, 0x00, 0x00, 0x00, 0x00, 0x00, 0x00, 0x00, 0x00, 0x00, 0x84, 0x08, 0x00, 0x00,
  0x00, 0x00, 0x02, 0x00, 0x00, 0x08, 0x80, 0x0A, 0x00, 0x00, 0x00, 0x00, 0x00, 0x08, 0x00, 0x00,
  0x00, 0x00, 0x00, 0x40, 0x09, 0x00, 0x00, 0x05, 0x00, 0x08, 0x00, 0x01, 0x01, 0x00, 0x01, 0x00,
  0x00, 0x00, 0x83, 0x00, 0x00, 0x08, 0x00, 0x00, 0x80, 0x00, 0x00, 0x00, 0x00, 0x00, 0x00, 0x00,
  0x00, 0x01, 0x00, 0x00, 0x00, 0x00, 0x40, 0x00, 0x00, 0x04, 0x00, 0x00, 0x20, 0x00, 0x80, 0x28,
  0x00, 0x00, 0x00, 0x08, 0x04, 0x08, 0x00, 0x08, 0x80, 0x04, 0x00, 0x00, 0x00, 0x00, 0x80, 0x08,
  0x80, 0x00, 0x80, 0x00, 0x04, 0x04, 0x00, 0x08, 0x80, 0x08, 0x80, 0x00, 0x40, 0x00, 0x40, 0x08,
  0x80, 0x08, 0x00, 0x04, 0x00, 0xA0, 0x10, 0x00, 0x00, 0x0C, 0x00, 0x00, 0x10, 0x48, 0x00, 0x00,
  0x40, 0x00, 0x00, 0x00, 0xA0, 0x02, 0x00, 0x21, 0x08, 0x00, 0x04, 0x20, 0x00, 0x40, 0x00, 0x20,
  0x00, 0x20, 0x00, 0x81, 0x0C, 0x00, 0x08, 0x40, 0x00, 0x20, 0x02, 0x00, 0x08, 0x00, 0x00, 0x00,
  0x00, 0x20, 0x00, 0x20, 0x44, 0x20, 0x00, 0x00, 0x00, 0x40, 0x02, 0x00, 0x04, 0x00, 0x01, 0x00,
  0x05, 0x10, 0x80, 0x00, 0x00, 0x40, 0x04, 0x09, 0x04, 0x00, 0x00, 0x00, 0x00, 0x09, 0x00, 0x00,
  0x03, 0x00, 0x0D, 0x00, 0x01, 0x00, 0x01, 0x00, 0x01, 0x00, 0x00, 0x00, 0x00, 0x00, 0x00, 0x00,
  0x01, 0x00, 0x00, 0x00, 0x00, 0x22, 0x00, 0x00, 0x00, 0x00, 0x08, 0x80, 0x08, 0x00, 0x00, 0x00,
  0x00, 0x00, 0x00, 0x00, 0x00, 0x00, 0x01, 0x01, 0x00, 0x80, 0x05, 0x20, 0x00, 0x00, 0x00, 0x00,
  0x00, 0x80, 0x00, 0x00, 0x08, 0x80, 0x00, 0x00, 0x00, 0x00, 0x00, 0x20, 0x00, 0x00, 0x00, 0x00,
  0x09, 0x00, 0x00, 0x00, 0x00, 0x00, 0x00, 0x00, 0x00, 0x00, 0x00, 0x00, 0x00, 0x00, 0x00, 0x00,
  0x00, 0x00, 0x00, 0x00, 0x00, 0x00, 0x00, 0x00, 0x01, 0x08, 0x08, 0x00, 0x00, 0x08, 0x01, 0x00,
  0x04, 0x08, 0x00, 0x09, 0x00, 0x09, 0x00, 0x01, 0x00, 0x08, 0x00, 0x00, 0x00, 0x04, 0x42, 0x08,
  0x00, 0x04, 0x00, 0x00, 0x20, 0x08, 0x08, 0x00, 0x20, 0x00, 0x00, 0x88, 0x00, 0x00, 0x00, 0x00,
  0x00, 0x08, 0x00, 0x80, 0x00, 0x00, 0x90, 0x80, 0x00, 0x00, 0xC0, 0x00, 0x80, 0x00, 0x80, 0x00,
  0x20, 0x40, 0x10, 0x00, 0x00, 0x80, 0x00, 0x01, 0x04, 0x80, 0x40, 0x04, 0x81, 0x80, 0x00, 0x02,
  0x05, 0x02, 0x00, 0x08, 0x40, 0x09, 0x02, 0x04, 0x00, 0x08, 0x20, 0x04, 0x00, 0x04, 0x20, 0x00,
  0x20, 0x08, 0x00, 0x09, 0x20, 0x02, 0x00, 0x48, 0x00, 0x28, 0x00, 0x02, 0xA0, 0x48, 0x80, 0x40,
  0x80, 0x00, 0x00, 0x00, 0x90, 0x82, 0x00, 0x08, 0x00, 0x02, 0x00, 0x00, 0x10, 0x00, 0x44, 0x08,
  0x00, 0x08, 0x00, 0x00, 0x08, 0x20, 0x00, 0x00, 0x00, 0x10, 0x24, 0x00, 0x08, 0x00, 0x08, 0x00,
  0x08, 0x82, 0x02, 0x10, 0x00, 0x00, 0x41, 0x00, 0x02, 0x80, 0x04, 0x80, 0x08, 0x02, 0x00, 0x00,
  0x08, 0x02, 0x00, 0x00, 0x00, 0x50, 0x00, 0x00, 0x09, 0x00, 0x00, 0x00, 0x00, 0x20, 0x88, 0x00,
  0x01, 0x10, 0x49, 0xA0, 0x00, 0x00, 0x00, 0x20, 0x08, 0x20, 0x00, 0x00, 0x00, 0x00, 0x00, 0x00,
  0x00, 0x90, 0x00, 0x80, 0x00, 0x00, 0x00, 0x00, 0x00, 0x00, 0x00, 0x00, 0x00, 0x80, 0x00, 0x00,
  0x00, 0x00, 0x00, 0x00, 0x00, 0x00, 0x02, 0x00, 0x02, 0x48, 0x40, 0x00, 0x00, 0x00, 0x00, 0x00,
  0x00, 0x00, 0x00, 0x80, 0x00, 0x00, 0x01, 0x00, 0x00, 0x00, 0x00, 0x00, 0x01, 0x80, 0x00, 0x00,
  0x09, 0x00, 0x00, 0x00, 0x00, 0x00, 0x00, 0x00, 0x00, 0x00, 0x00, 0x00, 0x00, 0x90, 0x00, 0x00,
  0x00, 0x00, 0x00, 0x00, 0x00, 0x00, 0x00, 0x80, 0x00, 0x40, 0x00, 0x00, 0x00, 0x00, 0x00, 0x00,
  0x04, 0x00, 0x00, 0x00, 0x08, 0x10, 0x00, 0x00, 0x00, 0x00, 0x00, 0x00, 0x08, 0x00, 0x40, 0x00,
  0x00, 0x00, 0x00, 0x00, 0x00, 0x00, 0x00, 0x00, 0x00, 0x02, 0x80, 0x18, 0x00, 0x4D, 0x00, 0x41,
  0x00, 0x00, 0xC0, 0x00, 0x00, 0x00, 0x00, 0x20, 0x85, 0x00, 0x41, 0x00, 0x00, 0x00, 0x00, 0x20,
  0x40, 0x00, 0xC0, 0x20, 0x00, 0x00, 0x10, 0x00, 0x50, 0x00, 0x50, 0x00, 0x00, 0x00, 0x00, 0x00,
  0x00, 0x10, 0x00, 0x04, 0x40, 0x10, 0x00, 0x00, 0x04, 0x21, 0x02, 0x00, 0x40, 0x00, 0x00, 0x02,
  0x00, 0x00, 0x00, 0x08, 0x00, 0x08, 0x00, 0x00, 0x40, 0x08, 0x00, 0x81, 0x01, 0x02, 0x80, 0x04,
  0x00, 0x00, 0x00, 0x80, 0x20, 0x00, 0x00, 0x40, 0x20, 0x00, 0x45, 0x01, 0x42, 0x10, 0x20, 0x40,
  0x00, 0x20, 0x00, 0x00, 0xA0, 0xC0, 0xC0, 0xC0, 0x00, 0x00, 0x80, 0x00, 0x50, 0x80, 0x02, 0x10,
  0x00, 0x00, 0x02, 0x21, 0x00, 0x00, 0x00, 0x00, 0x00, 0x10, 0x08, 0x40, 0x00, 0x10, 0x02, 0x00,
  0x00, 0x20, 0x00, 0x00, 0x00, 0x20, 0x00, 0x20, 0x08, 0x00, 0x00, 0x90, 0x01, 0xD0, 0x00, 0x00,
  0x00, 0x00, 0x01, 0x00, 0x00, 0x00, 0x02, 0x00, 0x81, 0x00, 0x20, 0x80, 0x80, 0x82, 0x00, 0x20,
  0x01, 0x00, 0x00, 0x00, 0x00, 0x00, 0x00, 0x40, 0x00, 0x40, 0x42, 0x40, 0x00, 0x40, 0x00, 0x50,
  0x00, 0x81, 0x00, 0x00, 0x00, 0x00, 0x00, 0x40, 0x05, 0x40, 0x01, 0x00, 0x00, 0x01, 0x00, 0x80,
  0x00, 0x40, 0x00, 0x00, 0x00, 0x08, 0x00, 0x00, 0x05, 0x00, 0x00, 0x00, 0xC0, 0x00, 0xC0, 0x40,
  0x00, 0x00, 0x00, 0x10, 0x00, 0x40, 0x00, 0x00, 0x00, 0x00, 0x00, 0x40, 0x00, 0x00, 0x40, 0x00,
  0xC0, 0x00, 0x40, 0xD0, 0x40, 0x00, 0xC0, 0x02, 0x00, 0x00, 0x00, 0x00, 0x00, 0x00, 0x02, 0x00,
  0x00, 0x00, 0x02, 0xD0, 0x00, 0x00, 0x00, 0x00, 0x00, 0x00, 0x00, 0x00, 0x00, 0x00, 0x00, 0x04,
  0x24, 0x00, 0x04, 0x00, 0x00, 0x08, 0x00, 0x00, 0x00, 0x00, 0x00, 0x00, 0x00, 0x0A, 0x00, 0x02,
  0x00, 0x00, 0x00, 0x00, 0x00, 0x06, 0x04, 0x00, 0x00, 0x40, 0x00, 0x44, 0x40, 0x00, 0x08, 0x07,
  0x88, 0x00, 0x08, 0x08, 0x20, 0x00, 0x08, 0x00, 0x00, 0x00, 0x00, 0x00, 0x00, 0x00, 0x00, 0x00,
  0x00, 0x00, 0x80, 0x00, 0x40, 0x04, 0x40, 0x00, 0x80, 0x80, 0x00, 0x00, 0x00, 0x01, 0x00, 0x00,
  0x54, 0x00, 0x00, 0x10, 0x10, 0x02, 0x02, 0x00, 0x44, 0x00, 0xA0, 0x02, 0x00, 0x04, 0x08, 0x00,
  0x00, 0x00, 0x00, 0x00, 0x00, 0x00, 0x00, 0x22, 0x80, 0x04, 0x20, 0x00, 0x00, 0x00, 0x20, 0x04,
  0x60, 0x88, 0x10, 0x40, 0x00, 0x40, 0x50, 0x80, 0x92, 0x20, 0xA0, 0x40, 0x00, 0x01, 0x00, 0x08,
  0x20, 0x10, 0x00, 0x00, 0x00, 0x00, 0x04, 0x08, 0x00, 0x20, 0x02, 0x04, 0x00, 0x80, 0x00, 0x62,
  0x00, 0x60, 0x84, 0x10, 0x0B, 0x03, 0x00, 0x08, 0xA1, 0xA4, 0x62, 0x63, 0x60, 0x00, 0x80, 0x00,
  0xA3, 0x00, 0x04, 0x00, 0x00, 0xB8, 0x00, 0x20, 0x18, 0x08, 0x00, 0x00, 0x00, 0x80, 0x00, 0x00,
  0x08, 0x00, 0x0A, 0x00, 0x24, 0x90, 0x28, 0x20, 0x22, 0x22, 0x88, 0x80, 0x00, 0x00, 0x00, 0x80,
  0xA4, 0x40, 0x00, 0x40, 0x05, 0x40, 0x40, 0x40, 0x04, 0x40, 0x04, 0x80, 0x04, 0x22, 0x00, 0x00,
  0x00, 0x00, 0x00, 0x40, 0x08, 0x50, 0x02, 0x60, 0x00, 0x10, 0x00, 0x20, 0xA0, 0x80, 0xA0, 0x20,
  0xA0, 0x80, 0x80, 0x00, 0x00, 0x00, 0x00, 0x00, 0x00, 0x00, 0x04, 0x98, 0x00, 0x20, 0x04, 0x60,
  0x00, 0x80, 0x00, 0x00, 0x02, 0x30, 0x00, 0x80, 0x02, 0x20, 0x40, 0x00, 0x03, 0x00, 0x40, 0x00,
  0x40, 0x00, 0x00, 0x02, 0x00, 0x00, 0x00, 0x00, 0x00, 0x00, 0x02, 0x00, 0x00, 0x00, 0x02, 0x00,
  0x00, 0x80, 0x00, 0x00, 0x00, 0x00, 0x00, 0x00, 0x04, 0x00, 0x00, 0x00, 0x00, 0x08, 0x00, 0x00,
  0x00, 0x00, 0x18, 0x00, 0x00, 0x04, 0x08, 0x00, 0x00, 0x01, 0x10, 0x04, 0x15, 0x04, 0x01, 0x20,
  0x20, 0x00, 0x00, 0x20, 0x04, 0x01, 0x40, 0x08, 0x20, 0x00, 0x41, 0x80, 0x55, 0x04, 0x40, 0x03,
  0x20, 0x00, 0x00, 0x80, 0x54, 0x04, 0x82, 0x00, 0x20, 0x02, 0x48, 0x10, 0x10, 0x50, 0x00, 0x20,
  0x20, 0x00, 0x90, 0x00, 0x14, 0x05, 0x01, 0x0D, 0x20, 0x02, 0x10, 0xA1, 0x10, 0x98, 0x80, 0x10,
  0x20, 0x00, 0x10, 0xA6, 0x02, 0x9A, 0x20, 0x10, 0x00, 0x00, 0x11, 0x04, 0x03, 0x00, 0x80, 0x48,
  0x00, 0x00, 0x08, 0x84, 0x40, 0x04, 0x20, 0x08, 0x00, 0x00, 0x40, 0x62, 0x11, 0x20, 0x00, 0x04,
  0x00, 0x00, 0x00, 0x05, 0x52, 0x00, 0x84, 0x24, 0x20, 0x00, 0x10, 0x20, 0x13, 0x09, 0x80, 0x01,
  0x00, 0x00, 0x10, 0x04, 0xC2, 0x00, 0x02, 0x00, 0x04, 0x00, 0x00, 0x90, 0x04, 0x00, 0x00, 0x05,
  0x00, 0x20, 0x00, 0x00, 0x04, 0x5A, 0x10, 0x80, 0x00, 0x20, 0x00, 0x00, 0x00, 0x80, 0x00, 0xA6,
  0x00, 0x20, 0x00, 0x58, 0x00, 0x01, 0x0A, 0x40, 0x04, 0x20, 0x00, 0x00, 0x14, 0x00, 0x00, 0x21,
  0x90, 0x20, 0x00, 0x30, 0x41, 0x43, 0x00, 0x01, 0x00, 0x00, 0x00, 0x08, 0x40, 0x92, 0x04, 0x04,
  0x10, 0x00, 0x00, 0x42, 0x00, 0x05, 0x06, 0x01, 0x84, 0x00, 0x00, 0x03, 0x80, 0x01, 0x20, 0x04,
  0x0C, 0x00, 0x00, 0x04, 0x40, 0x42, 0x28, 0xA1, 0x90, 0x00, 0x00, 0x80, 0x00, 0x14, 0x68, 0x00,
  0x10, 0x00, 0x00, 0x80, 0x40, 0x51, 0x06, 0x70, 0x01, 0x00, 0x00, 0x00, 0x02, 0x00, 0x10, 0x00,
  0x0A, 0x00, 0x00, 0x00, 0x00, 0x80, 0x18, 0x11, 0xA1, 0x00, 0x00, 0x90, 0x60, 0xD0, 0x64, 0x01,
  0x00, 0x00, 0x00, 0x40, 0x00, 0x12, 0x10, 0x02, 0x00, 0x00, 0x00, 0x02, 0x00, 0x90, 0x00, 0x00,
  0x00, 0x00, 0x00, 0x00, 0x00, 0x00, 0x00, 0x00, 0x00, 0x00, 0x00, 0x00, 0x10, 0x00, 0x00, 0x00,
  0x02, 0x80, 0xA4, 0x00, 0x10, 0x00, 0x00, 0x11, 0x00, 0xA0, 0x10, 0x80, 0x90, 0x01, 0x02, 0x08,
  0x20, 0x10, 0x0A, 0x02, 0x90, 0x20, 0x20, 0x14, 0x00, 0x10, 0x28, 0x08, 0x90, 0x06, 0x20, 0x12,
  0x02, 0x10, 0x20, 0x40, 0x90, 0x00, 0x16, 0x0B, 0x84, 0x40, 0x54, 0x00, 0x90, 0x06, 0x06, 0x92,
  0x00, 0x01, 0x00, 0x00, 0x00, 0x00, 0x06, 0x04, 0x40, 0x04, 0x03, 0x10, 0x80, 0x00, 0x06, 0x00,
  0x00, 0x00, 0x80, 0x92, 0x10, 0x06, 0x40, 0x00, 0x80, 0x0D, 0x02, 0x00, 0x00, 0x00, 0x10, 0x02,
  0x04, 0x00, 0x0A, 0x02, 0x00, 0x21, 0x02, 0x00, 0x80, 0x20, 0x92, 0x20, 0x10, 0x02, 0x00, 0x00,
  0x01, 0x68, 0x42, 0x02, 0x90, 0x20, 0x86, 0x84, 0x00, 0x10, 0x00, 0x00, 0x20, 0x00, 0x06, 0x10,
  0x00, 0x00, 0x08, 0x81, 0x00, 0x00, 0x02, 0x00, 0x82, 0x02, 0x5C, 0x80, 0x10, 0x00, 0x00, 0x06,
  0x82, 0x12, 0x00, 0x08, 0x00, 0x00, 0x00, 0x26, 0xA1, 0x40, 0x00, 0x00, 0x00, 0x00, 0x00, 0x01,
  0x01, 0x40, 0x00, 0x20, 0x28, 0x00, 0x00, 0x25, 0x00, 0x14, 0x00, 0x00, 0x10, 0x00, 0x00, 0x86,
  0x00, 0x00, 0x00, 0x00, 0x01, 0x20, 0x02, 0x00, 0x01, 0x90, 0x04, 0x00, 0x00, 0x00, 0x00, 0x90,
  0x08, 0x00, 0x00, 0x80, 0x09, 0x20, 0x00, 0x00, 0x03, 0x40, 0x20, 0x00, 0xA0, 0x20, 0x00, 0x16,
  0x02, 0x31, 0x04, 0x08, 0x00, 0x20, 0x02, 0x02, 0x00, 0x00, 0x24, 0x06, 0x00, 0x20, 0x00, 0xC4,
  0x24, 0x08, 0x90, 0x16, 0x08, 0x20, 0x00, 0x02, 0x95, 0x80, 0x00, 0x0A, 0x00, 0x00, 0x00, 0x00,
  0x04, 0x10, 0x00, 0x05, 0x10, 0xB0, 0x02, 0x06, 0x04, 0x00, 0x20, 0xA0, 0x00, 0xB0, 0x20, 0x06,
  0x10, 0x82, 0x08, 0x08, 0x00, 0xB0, 0x00, 0x06, 0x80, 0x44, 0x60, 0x00, 0x00, 0x00, 0x00, 0x00,
  0x00, 0x00, 0x00, 0x00, 0x00, 0x04, 0x00, 0x00, 0x00, 0x00, 0x00, 0x00, 0x00, 0x1A, 0x00, 0x00,
  0x00, 0x00, 0x44, 0x01, 0x60, 0x08, 0x04, 0x40, 0x00, 0x00, 0x00, 0x03, 0x60, 0x00, 0x02, 0x02,
  0x00, 0x00, 0x02, 0x10, 0xA0, 0x28, 0x08, 0x80, 0x00, 0x08, 0x0B, 0x04, 0x22, 0x08, 0x08, 0x00,
  0x00, 0x00, 0x80, 0x80, 0x21, 0x00, 0x08, 0x24, 0x00, 0x08, 0x04, 0x24, 0x21, 0x40, 0x80, 0x40,
  0x00, 0x01, 0x04, 0x00, 0x21, 0x00, 0x44, 0x83, 0x00, 0x00, 0x04, 0x02, 0x41, 0x00, 0x0C, 0x88,
  0x00, 0x08, 0x24, 0x11, 0x02, 0x30, 0x06, 0x08, 0x00, 0x00, 0x00, 0x20, 0x00, 0x08, 0x08, 0x82,
  0x00, 0x00, 0x54, 0x06, 0x20, 0x20, 0x06, 0x21, 0x00, 0x01, 0x12, 0x00, 0x22, 0x88, 0x48, 0xA0,
  0x00, 0x02, 0x04, 0x01, 0x60, 0x20, 0x44, 0x00, 0x20, 0x00, 0x04, 0x08, 0x01, 0x18, 0x00, 0x8C,
  0x20, 0x00, 0x00, 0x04, 0x40, 0x00, 0x40, 0x00, 0x84, 0x00, 0x00, 0x00, 0x10, 0x00, 0x00, 0x00,
  0x00, 0x00, 0x00, 0x02, 0x84, 0x00, 0x08, 0x08, 0x40, 0x00, 0x00, 0x00, 0x00, 0x00, 0x20, 0x0C,
  0x00, 0x00, 0x00, 0x04, 0x41, 0x01, 0x40, 0x20, 0x02, 0x00, 0x00, 0x04, 0x14, 0x00, 0x32, 0x00,
  0x00, 0x20, 0x00, 0x11, 0x04, 0x20, 0x00, 0x88, 0x00, 0x20, 0x00, 0x00, 0x03, 0x40, 0x22, 0x00,
  0x00, 0x20, 0x00, 0x10, 0x14, 0x00, 0x80, 0x00, 0x01, 0x20, 0x00, 0x00, 0x14, 0x20, 0x10, 0x08,
  0x23, 0x20, 0x00, 0x00, 0x10, 0x21, 0x00, 0x89, 0x00, 0x20, 0x00, 0x15, 0x10, 0xA0, 0x20, 0x00,
  0x88, 0x20, 0x00, 0x14, 0x40, 0x01, 0x40, 0x01, 0x00, 0x20, 0x00, 0x14, 0x00, 0x00, 0x04, 0x80,
  0x02, 0x20, 0x00, 0x04, 0x00, 0x21, 0x08, 0x0A, 0x00, 0x20, 0x00, 0x00, 0x15, 0x20, 0x24, 0x00,
  0x40, 0x20, 0x00, 0x50, 0x44, 0x20, 0x00, 0x00, 0x00, 0x00, 0x00, 0x00, 0x00, 0x00, 0x00, 0x00,
  0x10, 0x00, 0x00, 0x00, 0x20, 0x00, 0x00, 0x00, 0x00, 0x40, 0x04, 0x00, 0x20, 0x00, 0x50, 0x10,
  0x08, 0x40, 0x00, 0x00, 0x20, 0x00, 0x18, 0x80, 0x10, 0x1A, 0x04, 0x01, 0x20, 0x0B, 0x22, 0x11,
  0x10, 0x24, 0x06, 0x01, 0x20, 0x00, 0x70, 0x49, 0x00, 0x51, 0x00, 0x60, 0x20, 0x01, 0x00, 0xA0,
  0x04, 0x00, 0x01, 0x00, 0x20, 0x00, 0x00, 0x40, 0x04, 0x00, 0xC1, 0x21, 0xA8, 0x00, 0x00, 0x01,
  0x00, 0x24, 0x00, 0x01, 0x28, 0x00, 0x00, 0x24, 0x04, 0x14, 0x22, 0x08, 0x20, 0x00, 0x22, 0xC4,
  0x40, 0x20, 0x10, 0x20, 0x00, 0x00, 0x00, 0x00, 0x90, 0x00, 0x05, 0x21, 0x00, 0x0A, 0x08, 0x14,
  0x09, 0x04, 0x00, 0x82, 0x20, 0x00, 0x00, 0x00, 0x80, 0x04, 0x00, 0x81, 0x20, 0x0A, 0x10, 0x01,
  0x10, 0x21, 0x00, 0x01, 0x88, 0x00, 0x00, 0x88, 0x90, 0x50, 0x04, 0x04, 0x20, 0x28, 0x00, 0x00,
  0x00, 0x00, 0x01, 0x08, 0x00, 0x80, 0x00, 0x00, 0x25, 0x00, 0x54, 0x04, 0x00, 0xA8, 0x00, 0x00,
  0x04, 0x00, 0x0A, 0x04, 0x00, 0xA8, 0x01, 0x01, 0x00, 0x00, 0x04, 0x04, 0x80, 0xA8, 0x00, 0x00,
  0xC0, 0x00, 0x00, 0x01, 0x00, 0xA8, 0x00, 0x00, 0x45, 0x04, 0x10, 0x80, 0x41, 0x88, 0x00, 0x21,
  0x08, 0x00, 0x00, 0x08, 0x80, 0x08, 0x00, 0x00, 0x00, 0x04, 0x00, 0x01, 0x21, 0x88, 0x00, 0x02,
  0x00, 0x00, 0x00, 0x0A, 0x42, 0x88, 0x00, 0x00, 0x00, 0x40, 0x42, 0x11, 0x01, 0x88, 0x00, 0x08,
  0x80, 0x10, 0x00, 0x11, 0x00, 0x88, 0x02, 0x00, 0x04, 0x81, 0x02, 0x00, 0x01, 0x88, 0x00, 0x08,
  0x10, 0x09, 0x20, 0x20, 0x00, 0x08, 0x00, 0x00, 0x00, 0x01, 0x10, 0x10, 0x01, 0x00, 0x00, 0x00,
  0x00, 0x40, 0x01, 0x00, 0x00, 0x00, 0x0B, 0x20, 0x91, 0x08, 0x20, 0x20, 0x00, 0x00, 0x02, 0x00,
  0x00, 0x44, 0x00, 0x00, 0x00, 0x00, 0x00, 0x00, 0x00, 0x00, 0x00, 0x00, 0x00, 0x00, 0x00, 0x00,
  0x80, 0x04, 0x01, 0x00, 0x00, 0x00, 0x02, 0x08, 0x02, 0x04, 0x50, 0x00, 0x40, 0x10, 0x09, 0x08,
  0x00, 0x40, 0x11, 0x00, 0x41, 0x00, 0x04, 0x00, 0x00, 0x40, 0x01, 0x00, 0x45, 0x10, 0x22, 0x04,
  0x00, 0x42, 0x01, 0x00, 0x51, 0x10, 0x00, 0x40, 0x00, 0x40, 0x00, 0x00, 0x40, 0x10, 0x06, 0x44,
  0x90, 0x01, 0x00, 0x01, 0x12, 0x10, 0x00, 0x22, 0xC0, 0x01, 0x01, 0x00, 0x00, 0x10, 0x11, 0x20,
  0x00, 0x00, 0x00, 0x80, 0x48, 0x62, 0x11, 0x24, 0x00, 0x85, 0x02, 0x04, 0x44, 0x68, 0x08, 0x21,
  0xC0, 0x40, 0x84, 0x00, 0x41, 0x00, 0x05, 0x24, 0x08, 0x40, 0x00, 0x00, 0x50, 0x00, 0x00, 0x01,
  0x80, 0x40, 0x20, 0x80, 0x40, 0x01, 0x8A, 0x01, 0x32, 0x01, 0x10, 0x00, 0x05, 0x44, 0x08, 0x08,
  0x4C, 0x44, 0x40, 0x00, 0x02, 0x10, 0x00, 0x00, 0x00, 0x41, 0x04, 0x00, 0x00, 0x10, 0x00, 0x01,
  0x22, 0x00, 0x41, 0x00, 0x02, 0x01, 0x50, 0x00, 0x00, 0x00, 0x40, 0x00, 0x00, 0x00, 0x80, 0x01,
  0x00, 0x40, 0x44, 0x00, 0x00, 0x00, 0x10, 0x05, 0x01, 0x00, 0x41, 0x01, 0x00, 0x41, 0x00, 0x00,
  0x01, 0x00, 0x84, 0x00, 0x02, 0x12, 0x50, 0x00, 0x08, 0x00, 0x40, 0x00, 0x00, 0x40, 0x10, 0x04,
  0x01, 0x90, 0x40, 0x00, 0x00, 0x00, 0x04, 0xA0, 0x22, 0x02, 0x01, 0x00, 0x00, 0x40, 0x68, 0x01,
  0x10, 0x49, 0x04, 0x00, 0x80, 0x00, 0x00, 0x04, 0x81, 0xA0, 0x41, 0x00, 0x00, 0x10, 0x04, 0x12,
  0xA8, 0x88, 0x44, 0x81, 0x00, 0x49, 0x10, 0x20, 0x01, 0x90, 0x40, 0x01, 0x00, 0x04, 0x00, 0x01,
  0x20, 0x01, 0x05, 0x00, 0x02, 0x00, 0x80, 0x13, 0x41, 0x42, 0x04, 0x01, 0x00, 0x44, 0x00, 0x00,
  0x00, 0x00, 0x40, 0x00, 0x00, 0x50, 0x00, 0x00, 0x00, 0x00, 0x44, 0x00, 0x00, 0x44, 0x10, 0x00,
  0x00, 0x00, 0x00, 0x00, 0x00, 0x00, 0x00, 0x00, 0x00, 0x00, 0x00, 0x00, 0x80, 0x00, 0x00, 0x00,
  0x00, 0x08, 0x02, 0x00, 0x00, 0x84, 0x40, 0x40, 0x40, 0x10, 0x8C, 0x09, 0x20, 0x00, 0x13, 0x80,
  0x80, 0x40, 0x12, 0x23, 0x08, 0x88, 0x80, 0x00, 0x00, 0x80, 0x02, 0x02, 0x00, 0x0A, 0x14, 0x04,
  0x00, 0x20, 0x00, 0x11, 0x08, 0x42, 0x09, 0x00, 0x40, 0x40, 0x08, 0x08, 0x00, 0xC9, 0x19, 0x04,
  0x80, 0x08, 0x40, 0x09, 0x84, 0x8A, 0x00, 0x04, 0x01, 0x28, 0x00, 0x00, 0x00, 0x00, 0x80, 0x14,
  0x00, 0x00, 0x80, 0x00, 0x80, 0x84, 0x01, 0x08, 0x88, 0x00, 0x0A, 0x08, 0x20, 0x80, 0x02, 0x40,
  0xA0, 0x90, 0x09, 0x28, 0x02, 0x00, 0x40, 0x44, 0x61, 0x00, 0x02, 0x00, 0x80, 0x40, 0x00, 0x40,
  0x40, 0x00, 0x02, 0x05, 0x00, 0x81, 0x10, 0x00, 0x20, 0x14, 0x00, 0x01, 0x88, 0x02, 0x08, 0x00,
  0x00, 0x80, 0x00, 0x20, 0x22, 0x02, 0x02, 0x02, 0x00, 0x00, 0x40, 0x00, 0x01, 0x88, 0xC2, 0x00,
  0x00, 0x20, 0x10, 0x00, 0x11, 0x00, 0x00, 0x00, 0x00, 0x00, 0x10, 0x08, 0x25, 0x00, 0x80, 0x00,
  0x02, 0x61, 0x40, 0x00, 0x02, 0x00, 0x00, 0x02, 0x00, 0xA0, 0x20, 0x00, 0x21, 0x80, 0x09, 0x00,
  0x00, 0x41, 0x00, 0x02, 0x01, 0x80, 0x00, 0x00, 0x00, 0x50, 0x00, 0x00, 0x00, 0x00, 0x80, 0x08,
  0x04, 0x20, 0x00, 0x80, 0x02, 0x80, 0x09, 0x02, 0x04, 0x00, 0x00, 0x8A, 0x00, 0x00, 0xC0, 0xA0,
  0x80, 0xA0, 0x00, 0x02, 0x20, 0x80, 0x00, 0x89, 0x80, 0xC9, 0x10, 0x0E, 0x21, 0x00, 0x8A, 0x13,
  0x04, 0xC0, 0x40, 0x05, 0x02, 0x02, 0x4A, 0x20, 0x00, 0x21, 0x40, 0x02, 0x00, 0x08, 0x42, 0x00,
  0x00, 0x10, 0x00, 0x88, 0x00, 0x88, 0x46, 0x00, 0x00, 0x81, 0x30, 0x88, 0x11, 0x01, 0x08, 0x00,
  0x00, 0x01, 0x10, 0x20, 0x03, 0x00, 0xC8, 0x00, 0x00, 0xE0, 0x80, 0x00, 0x00, 0x00, 0x00, 0x00,
  0x00, 0x00, 0x00, 0x00, 0x00, 0x00, 0x00, 0x00, 0x02, 0x04, 0x01, 0x00, 0x00, 0x08, 0x00, 0x02,
  0x02, 0x80, 0x00, 0x80, 0x00, 0x00, 0x00, 0x10, 0x20, 0x00, 0x80, 0x04, 0x4A, 0xA0, 0x2B, 0x04,
  0x08, 0x40, 0xA9, 0x08, 0x02, 0x20, 0x08, 0x81, 0x00, 0x40, 0x01, 0x00, 0x82, 0x00, 0x00, 0x00,
  0x00, 0x00, 0x00, 0x00, 0x02, 0x00, 0x24, 0x72, 0x1B, 0x22, 0x00, 0x00, 0x40, 0x00, 0x01, 0x10,
  0x00, 0x92, 0x02, 0x00, 0x00, 0x10, 0x20, 0x05, 0x01, 0x43, 0x06, 0x52, 0x40, 0x20, 0x04, 0x01,
  0x04, 0x40, 0x00, 0x04, 0x02, 0x14, 0x40, 0x88, 0x02, 0x02, 0x21, 0x08, 0x49, 0x00, 0x04, 0x01,
  0x02, 0x80, 0xAC, 0x80, 0x00, 0x20, 0x00, 0x00, 0x00, 0x02, 0x00, 0x00, 0x00, 0x20, 0x24, 0x10,
  0x0A, 0x40, 0x0E, 0x01, 0x82, 0x00, 0x00, 0x80, 0x00, 0x84, 0x02, 0x00, 0x01, 0x00, 0x00, 0x20,
  0x00, 0x02, 0x42, 0xE0, 0x08, 0x02, 0x00, 0x40, 0x00, 0x00, 0x00, 0x45, 0x00, 0x0A, 0x00, 0x00,
  0x00, 0x00, 0x40, 0x00, 0x00, 0x00, 0x00, 0x20, 0x04, 0x02, 0x08, 0x00, 0x00, 0x00, 0x20, 0x04,
  0x09, 0x00, 0x40, 0x21, 0x08, 0x0A, 0x20, 0x00, 0x00, 0xA0, 0x44, 0x00, 0x00, 0x00, 0x20, 0x00,
  0x00, 0x00, 0x80, 0x00, 0x00, 0x20, 0x20, 0x05, 0x01, 0x04, 0x40, 0x02, 0x01, 0x40, 0x20, 0x04,
  0x00, 0x88, 0x40, 0x60, 0x02, 0x16, 0x00, 0x02, 0x20, 0x02, 0x00, 0x10, 0x05, 0x8C, 0x90, 0x08,
  0x01, 0x02, 0x80, 0x20, 0x89, 0x00, 0x84, 0x20, 0x00, 0x02, 0x46, 0x40, 0x00, 0x00, 0x10, 0x02,
  0x68, 0x02, 0x12, 0x41, 0x00, 0x00, 0x00, 0x00, 0x00, 0x00, 0x00, 0x40, 0x08, 0x60, 0x10, 0x08,
  0x02, 0x80, 0x01, 0x21, 0x04, 0x80, 0x40, 0x00, 0x40, 0x04, 0x01, 0x40, 0x00, 0x04, 0x40, 0x20,
  0x14, 0x02, 0x20, 0x00, 0x08, 0x21, 0x20, 0x00, 0x00, 0x00, 0x00, 0x00, 0x00, 0x00, 0x00, 0x00,
  0x00, 0x00, 0x00, 0x00, 0x01, 0x00, 0x00, 0x00, 0x00, 0x00, 0x00, 0x00, 0x00, 0x01, 0x00, 0x00,
  0x00, 0x00, 0x01, 0x90, 0x84, 0x40, 0x00, 0x40, 0x00, 0x00, 0x00, 0x10, 0x10, 0x22, 0x40, 0x01,
  0x40, 0x00, 0x00, 0x18, 0x00, 0x10, 0x00, 0x01, 0x00, 0x10, 0x02, 0x00, 0x01, 0x01, 0x00, 0x00,
  0x00, 0x10, 0x00, 0x00, 0x00, 0x00, 0x22, 0x00, 0x23, 0x94, 0x04, 0x00, 0x0A, 0x00, 0x20, 0x00,
  0x80, 0x08, 0x0D, 0x80, 0xA0, 0x00, 0x40, 0x00, 0x05, 0x00, 0x51, 0x80, 0x80, 0x00, 0x40, 0x00,
  0x52, 0x00, 0x06, 0x01, 0x04, 0x40, 0xA0, 0x80, 0x10, 0x20, 0x21, 0x00, 0x70, 0x02, 0x41, 0x00,
  0xA4, 0x60, 0x02, 0x01, 0x00, 0x00, 0x00, 0x00, 0x00, 0x20, 0x10, 0x00, 0x80, 0x02, 0x00, 0x00,
  0x20, 0x28, 0x44, 0x2A, 0x40, 0x02, 0x40, 0x00, 0x20, 0x10, 0x00, 0x00, 0x00, 0x04, 0x04, 0x00,
  0x01, 0x04, 0x00, 0x08, 0x00, 0x80, 0x02, 0x00, 0x00, 0x50, 0x00, 0x00, 0x00, 0x00, 0x00, 0x00,
  0x00, 0x00, 0x00, 0x00, 0x10, 0x04, 0x40, 0x00, 0x00, 0x20, 0x00, 0x00, 0x10, 0x02, 0x80, 0x20,
  0x00, 0x60, 0x20, 0x30, 0x02, 0x04, 0x12, 0x00, 0x00, 0x22, 0x00, 0x01, 0x00, 0x40, 0x00, 0x00,
  0x00, 0x00, 0x00, 0x00, 0x20, 0x00, 0x00, 0x00, 0x00, 0xA0, 0x20, 0x08, 0x49, 0x13, 0x12, 0x00,
  0x00, 0x40, 0x11, 0x00, 0x08, 0x00, 0x05, 0x28, 0x00, 0x11, 0x80, 0x29, 0x14, 0x04, 0x81, 0x42,
  0x00, 0x14, 0x44, 0x80, 0x02, 0x30, 0x10, 0x00, 0x00, 0x29, 0x00, 0x00, 0x01, 0x00, 0x00, 0x00,
  0x00, 0x24, 0x00, 0x02, 0x00, 0x00, 0x85, 0x00, 0x00, 0x80, 0x00, 0x00, 0x1C, 0x08, 0x81, 0x42,
  0x00, 0x02, 0x00, 0x00, 0x10, 0x00, 0x50, 0x00, 0x00, 0x40, 0x40, 0x00, 0x00, 0x00, 0x04, 0x00,
  0x00, 0x04, 0x00, 0x00, 0x00, 0x00, 0x00, 0x00, 0x00, 0x00, 0x00, 0x00, 0x00, 0x00, 0x00, 0x00,
  0x00, 0x00, 0x00, 0x00, 0x00, 0x04, 0x00, 0x00, 0x20, 0x40, 0x01, 0x90, 0x10, 0x10, 0x44, 0x00,
  0x10, 0x02, 0x50, 0x80, 0x00, 0x09, 0x00, 0x20, 0x00, 0x00, 0x10, 0x88, 0x28, 0x04, 0x00, 0x00,
  0xA0, 0x00, 0x00, 0x10, 0x20, 0x10, 0x00, 0x00, 0x80, 0x01, 0x00, 0x40, 0x10, 0x00, 0x02, 0x10,
  0x00, 0x00, 0x08, 0x00, 0x00, 0x88, 0xA1, 0x00, 0x00, 0x01, 0x00, 0x40, 0x00, 0x05, 0x00, 0x10,
  0x20, 0x02, 0x05, 0x10, 0x00, 0x00, 0x06, 0xC1, 0x01, 0x00, 0x01, 0x81, 0x01, 0x28, 0x00, 0x00,
  0x20, 0xC0, 0x02, 0x49, 0x01, 0x00, 0x01, 0x09, 0x86, 0x00, 0x02, 0x00, 0x08, 0x20, 0x04, 0x00,
  0x00, 0x40, 0x01, 0x80, 0x00, 0x00, 0x46, 0x40, 0x00, 0x02, 0x42, 0x10, 0xA0, 0x00, 0x40, 0x00,
  0x91, 0x40, 0x44, 0x00, 0x24, 0x10, 0x00, 0x41, 0x00, 0x00, 0x00, 0x00, 0x30, 0x81, 0x04, 0x02,
  0x00, 0x80, 0x40, 0x00, 0x88, 0x04, 0x18, 0x00, 0x00, 0x00, 0x02, 0x00, 0x00, 0x00, 0x00, 0x80,
  0x20, 0x08, 0x00, 0x00, 0x10, 0x00, 0x20, 0x28, 0x00, 0x08, 0x00, 0x00, 0x80, 0x02, 0x00, 0x00,
  0x10, 0x00, 0x02, 0x02, 0x00, 0x02, 0x00, 0x00, 0x80, 0x60, 0x02, 0x00, 0x00, 0x20, 0x20, 0x02,
  0x00, 0x80, 0x00, 0x02, 0x20, 0x00, 0x04, 0x90, 0x00, 0x40, 0x01, 0x50, 0x50, 0x10, 0x00, 0xA1,
  0x80, 0x08, 0x40, 0x10, 0x00, 0x21, 0x00, 0x72, 0x80, 0x52, 0x02, 0x04, 0x82, 0x20, 0x28, 0x4C,
  0x40, 0xA7, 0x40, 0x10, 0x90, 0x00, 0x00, 0x04, 0x00, 0x00, 0x00, 0x01, 0x40, 0x04, 0x20, 0x00,
  0x00, 0x00, 0x00, 0x02, 0x00, 0x00, 0x00, 0xA8, 0x20, 0x00, 0x00, 0xD8, 0x00, 0x00, 0x09, 0x40,
  0x20, 0x81, 0x00, 0x00, 0x80, 0x00, 0x02, 0x30, 0x10, 0x10, 0x00, 0x01, 0x30, 0x00, 0x00, 0x00,
  0x00, 0x00, 0x00, 0x00, 0x00, 0x00, 0x00, 0x00, 0x00, 0x00, 0x00, 0x00, 0x00, 0x00, 0x00, 0x00,
  0x00, 0x04, 0x00, 0x00, 0x00, 0x00, 0x00, 0x00, 0x00, 0x08, 0x12, 0x00, 0x00, 0x00, 0x05, 0x00,
  0x26, 0x80, 0x42, 0x00, 0x40, 0x81, 0x08, 0x00, 0x00, 0x10, 0x40, 0x00, 0x20, 0x42, 0x10, 0x00,
  0x14, 0x00, 0x00, 0x00, 0x00, 0x00, 0x00, 0x00, 0x02, 0x09, 0x84, 0x00, 0x04, 0x00, 0x21, 0x10,
  0x22, 0x10, 0x08, 0x62, 0x80, 0x00, 0x48, 0x10, 0x14, 0x12, 0xC0, 0x02, 0x00, 0x40, 0x00, 0x80,
  0x2D, 0x00, 0x40, 0x20, 0x82, 0x00, 0x20, 0x20, 0x34, 0x20, 0x12, 0x02, 0x04, 0x00, 0x21, 0x08,
  0x00, 0x48, 0x09, 0x00, 0x00, 0x43, 0x00, 0x40, 0x80, 0x20, 0x00, 0x00, 0x80, 0x00, 0x00, 0x00,
  0x00, 0x50, 0x20, 0x00, 0x10, 0x81, 0x26, 0x00, 0x00, 0x90, 0x14, 0x00, 0x0B, 0x00, 0x10, 0x00,
  0x00, 0x00, 0x00, 0x00, 0x40, 0x04, 0x00, 0x60, 0x80, 0x00, 0x00, 0x00, 0x42, 0x00, 0x00, 0x21,
  0x40, 0x10, 0x00, 0x00, 0x00, 0x00, 0x00, 0x00, 0x00, 0x00, 0x14, 0x21, 0x00, 0x40, 0x40, 0x00,
  0x00, 0x00, 0x12, 0x86, 0x00, 0x84, 0x80, 0x20, 0x00, 0x01, 0x20, 0x04, 0x00, 0x08, 0x40, 0x01,
  0x10, 0x01, 0x00, 0x00, 0x00, 0x00, 0x00, 0x00, 0x00, 0x00, 0x18, 0x44, 0x00, 0x04, 0x40, 0x22,
  0x90, 0x20, 0x00, 0x03, 0x00, 0x40, 0x40, 0x00, 0x00, 0x12, 0x28, 0x00, 0x00, 0x41, 0x00, 0x08,
  0x10, 0x00, 0x90, 0x04, 0x20, 0x00, 0x00, 0x10, 0x30, 0x02, 0x14, 0x30, 0x20, 0x00, 0x00, 0x00,
  0x40, 0x02, 0x08, 0x02, 0x00, 0x80, 0x00, 0x40, 0x00, 0x02, 0x28, 0xB4, 0x00, 0x00, 0x00, 0x00,
  0x00, 0x00, 0x00, 0x00, 0x80, 0x8C, 0x02, 0x00, 0x10, 0x01, 0x01, 0x01, 0x00, 0x00, 0x00, 0x20,
  0x50, 0x01, 0x02, 0x00, 0x80, 0x80, 0x00, 0x00, 0x00, 0x02, 0x00, 0x00, 0x00, 0x00, 0x00, 0x00,
  0x00, 0x00, 0x00, 0x00, 0x00, 0x00, 0x00, 0x00, 0x00, 0x00, 0x00, 0x00, 0x00, 0x00, 0x04, 0x00,
  0x00, 0x00, 0x12, 0x80, 0x08, 0x04, 0x92, 0x00, 0x00, 0x01, 0x02, 0x00, 0x10, 0x50, 0x08, 0x80,
  0x89, 0x02, 0x00, 0x20, 0x01, 0x88, 0x20, 0x00, 0x00, 0x02, 0x02, 0x80, 0x08, 0x01, 0x00, 0x00,
  0x80, 0x40, 0x12, 0x80, 0x08, 0x28, 0x8A, 0x00, 0x02, 0x02, 0x00, 0x08, 0x20, 0x01, 0x00, 0x50,
  0x20, 0x40, 0x39, 0x08, 0x01, 0x40, 0x25, 0x00, 0x00, 0x02, 0x10, 0x44, 0x88, 0x44, 0x10, 0x10,
  0x40, 0x02, 0x04, 0x84, 0x00, 0x06, 0x04, 0x80, 0x00, 0x02, 0x00, 0x80, 0x04, 0x34, 0x8A, 0x02,
  0x40, 0x81, 0x11, 0x20, 0x01, 0x28, 0x00, 0x00, 0x40, 0x00, 0x00, 0x80, 0x20, 0x01, 0x09, 0x00,
  0x08, 0x80, 0x40, 0x14, 0x05, 0x20, 0x01, 0x00, 0x40, 0x00, 0x01, 0x80, 0x10, 0x00, 0x00, 0x02,
  0x00, 0x00, 0xC0, 0x03, 0x04, 0x00, 0x28, 0x04, 0x80, 0x24, 0x00, 0x44, 0x20, 0x21, 0x21, 0x00,
  0x00, 0x00, 0x01, 0x00, 0x00, 0x00, 0x00, 0x00, 0x00, 0x89, 0x00, 0x01, 0x20, 0x00, 0x08, 0x02,
  0x00, 0x80, 0x80, 0x02, 0x80, 0x00, 0x20, 0x40, 0x00, 0x40, 0x00, 0x10, 0x80, 0x04, 0x30, 0x04,
  0x00, 0x00, 0x42, 0x09, 0x80, 0x20, 0x04, 0x12, 0x00, 0x80, 0x80, 0x08, 0x00, 0x08, 0x08, 0x85,
  0x00, 0x89, 0x02, 0x04, 0x80, 0x20, 0x28, 0x04, 0x00, 0x00, 0x00, 0x01, 0x18, 0x10, 0x28, 0x00,
  0x00, 0x80, 0xC0, 0x81, 0x24, 0x20, 0x00, 0x00, 0x00, 0x00, 0x02, 0x05, 0x24, 0x90, 0x14, 0x00,
  0x40, 0x10, 0x00, 0x20, 0x10, 0x00, 0x28, 0x10, 0x00, 0x09, 0x40, 0x11, 0x80, 0x20, 0x08, 0x00,
  0x00, 0x11, 0x40, 0x09, 0x40, 0x04, 0x40, 0x00, 0x00, 0x88, 0x00, 0x02, 0x10, 0x00, 0x30, 0x00,
  0x00, 0x80, 0x40, 0x12, 0x08, 0x00, 0x90, 0x00, 0x00, 0x00, 0x00, 0x00, 0x00, 0x00, 0x00, 0x00,
  0x00, 0x80, 0x00, 0x00, 0x90, 0x00, 0x00, 0x00, 0x00, 0x00, 0x04, 0x00, 0x80, 0x40, 0x01, 0x20,
  0x00, 0x21, 0x00, 0x00, 0x98, 0x00, 0x80, 0x4C, 0x10, 0x01, 0x81, 0x00, 0x88, 0x42, 0x10, 0x40,
  0x05, 0x12, 0x82, 0x40, 0x08, 0x40, 0x50, 0xC0, 0x00, 0x28, 0x00, 0x00, 0x00, 0x40, 0x20, 0x00,
  0x00, 0x00, 0x11, 0x00, 0x90, 0x02, 0x98, 0x00, 0x09, 0x84, 0x44, 0x00, 0x00, 0x40, 0x20, 0x08,
  0x00, 0x10, 0x06, 0x84, 0x80, 0x80, 0x04, 0x20, 0x00, 0x0C, 0x84, 0x00, 0x00, 0x02, 0x01, 0x04,
  0x02, 0x40, 0x80, 0xA1, 0x80, 0x42, 0x01, 0x20, 0x20, 0x02, 0x90, 0x21, 0x40, 0x40, 0x12, 0x84,
  0x65, 0x08, 0x04, 0x00, 0x00, 0x80, 0x02, 0x00, 0x20, 0x0A, 0x10, 0x20, 0x09, 0x00, 0x00, 0xC0,
  0x00, 0x02, 0x02, 0x00, 0x00, 0x01, 0x02, 0xC4, 0x08, 0x80, 0x04, 0x00, 0x20, 0x48, 0x41, 0x02,
  0x20, 0x00, 0x00, 0x04, 0x21, 0x00, 0x02, 0x01, 0x00, 0x20, 0x20, 0x00, 0x00, 0x00, 0x00, 0x00,
  0x88, 0x00, 0x1A, 0x40, 0x00, 0x80, 0x40, 0x02, 0xC0, 0x00, 0x08, 0x04, 0x00, 0x40, 0x41, 0x10,
  0x44, 0x08, 0x14, 0x81, 0x00, 0xC0, 0x80, 0x22, 0xC0, 0x28, 0x20, 0x22, 0x00, 0x01, 0x00, 0x00,
  0x80, 0x00, 0x04, 0x84, 0x00, 0x00, 0x40, 0x00, 0x40, 0x11, 0x04, 0x10, 0x20, 0x09, 0x01, 0x00,
  0x40, 0x01, 0x12, 0x44, 0x00, 0x00, 0x00, 0x01, 0x80, 0x00, 0x09, 0x05, 0x00, 0x08, 0x40, 0x02,
  0x00, 0x11, 0x44, 0x02, 0x40, 0x20, 0x43, 0x11, 0x00, 0x31, 0x54, 0x84, 0x00, 0x48, 0x00, 0x01,
  0x44, 0x04, 0x04, 0x00, 0x00, 0x00, 0x80, 0x02, 0xC4, 0x20, 0x0C, 0x00, 0x00, 0x40, 0x40, 0x80,
  0xC0, 0x29, 0x00, 0x00, 0x00, 0x00, 0x00, 0x00, 0x00, 0x00, 0x18, 0x80, 0x00, 0x0A, 0x01, 0x12,
  0x80, 0x11, 0x10, 0x00, 0x00, 0x00, 0x00, 0x00, 0x00, 0x00, 0x00, 0x00, 0x00, 0x00, 0x00, 0x00,
  0x00, 0x00, 0x00, 0x00, 0x00, 0x00, 0x00, 0x00, 0x00, 0x03, 0xFF, 0xFF, 0xFF, 0xFA, 0xAA, 0xAA,
  0xBF, 0xBF, 0xFF, 0x0F, 0xFF, 0xD0, 0x0F, 0xB5, 0x4F, 0xFC, 0xCF, 0xDF, 0x4F, 0xC8, 0x0C, 0x8F,
  0xFF, 0xFF, 0x00, 0x00, 0xFF, 0xFF, 0xFF, 0xFF, 0xFF, 0xFF, 0xCF, 0xCC, 0xC0, 0x0C, 0xE0, 0xAA,
  0xAA, 0xFF, 0x0F, 0xFC, 0xCD, 0xF0, 0x04, 0x0F, 0x0F, 0xF0, 0xCC, 0xC0, 0x0C, 0xCD, 0xDD, 0x00,
  0x00, 0x0F, 0xFF, 0xF4, 0x4E, 0x4C, 0x3F, 0x00, 0x00, 0x00, 0xFF, 0xF5, 0xEF, 0x00, 0x00, 0x00,
  0x0F, 0xAE, 0xEF, 0x01, 0x45, 0xF5, 0xF5, 0xCF, 0xDF, 0x2C, 0xCF, 0xF5, 0xF5, 0xF0, 0x00, 0x00,
  0x00, 0x00, 0x00, 0x00, 0x00, 0x0F, 0x0F, 0xF0, 0x05, 0x54, 0x04, 0x0F, 0xBF, 0x00, 0x00, 0x0C,
  0xCC, 0xC4, 0xCC, 0x4F, 0xF0, 0x00, 0x0F, 0xFC, 0xC2, 0x08, 0x80, 0xF0, 0xFD, 0xCD, 0xC5, 0x55,
  0x50, 0x00, 0x03, 0xFF, 0xFF, 0xFF, 0x60, 0x00, 0x0F, 0xFF, 0xFF, 0xFF, 0xFF, 0xFF, 0xFF, 0xFF,
  0x0F, 0x3F, 0xFF, 0xFD, 0xDF, 0xFF, 0xFF, 0xF5, 0x5F, 0xF7, 0x7F, 0xFF, 0xFF, 0x3F, 0xF5, 0x5F,
  0xF0, 0xCF, 0xC0, 0xFF, 0xFA, 0x0F, 0x0F, 0xFF, 0xF0, 0x00, 0x00, 0x00, 0x00, 0x00, 0x0F, 0xDD,
  0xD0, 0x00, 0x0F, 0xFF, 0xBF, 0xFF, 0xF0, 0x00, 0x03, 0x11, 0x3A, 0x88, 0x0D, 0xCD, 0xFC, 0x00,
  0x00, 0x13, 0x10, 0x03, 0x00, 0x80, 0xD0, 0x04, 0x40, 0x04, 0x50, 0x00, 0x0F, 0xFB, 0x9D, 0x1D,
  0xD5, 0x5E, 0xCF, 0xFF, 0xDF, 0x7F, 0xB0, 0x05, 0x50, 0x0C, 0xC0, 0x0C, 0xCC, 0xCF, 0x0F, 0xFF,
  0x0F, 0xFF, 0xFF, 0xFF, 0xFF, 0xFF, 0xFF, 0xDF, 0xF0, 0x05, 0x5E, 0xCF, 0xCD, 0xFD, 0xDF, 0xFF,
  0xFF, 0xFF, 0xFC, 0xCC, 0x83, 0x22, 0x2C, 0xCC, 0x8F, 0xF3, 0x30, 0x03, 0x0F, 0xFC, 0x60, 0x00,
  0x00, 0x00, 0x00, 0x00, 0x00, 0x00, 0x00, 0x00, 0x00, 0x00, 0x00, 0x00, 0x00, 0x00, 0x00, 0x00,
  0x00, 0x00, 0x00, 0x00, 0x00, 0x0F, 0xFF, 0xFF, 0xFF, 0xFA, 0xAE, 0xAA, 0xFF, 0xFF, 0xFF, 0xFF,
  0xFF, 0xD0, 0x0F, 0xAF, 0xCF, 0xFF, 0xDF, 0xDF, 0x0F, 0x0C, 0xCC, 0xCF, 0xFD, 0xDF, 0x00, 0x00,
  0xFF, 0xFF, 0xFF, 0xFF, 0xFF, 0xFF, 0xCF, 0xCC, 0xC0, 0x00, 0xAC, 0xE0, 0x00, 0xFF, 0x2F, 0xEE,
  0xCF, 0xF4, 0x04, 0x4F, 0xFF, 0xF0, 0x0C, 0xCC, 0xCC, 0xCF, 0xDD, 0x00, 0x00, 0x0F, 0x0F, 0xF1,
  0x9F, 0xDC, 0x2F, 0x00, 0x00, 0x00, 0xF0, 0x85, 0xCF, 0x03, 0x3F, 0xF0, 0x0F, 0xA0, 0xF0, 0x01,
  0x40, 0xA0, 0x00, 0x0F, 0xFF, 0xD5, 0xF5, 0x55, 0xF5, 0xD0, 0x00, 0x00, 0x00, 0x00, 0x00, 0x00,
  0x00, 0x0F, 0x0F, 0xF4, 0x05, 0x5C, 0xCC, 0xCF, 0xFF, 0x00, 0x05, 0x5C, 0xCF, 0xCC, 0xCC, 0x4F,
  0xF0, 0x00, 0x0F, 0xFC, 0xCF, 0xFF, 0xF7, 0xF0, 0xFD, 0xDD, 0xCF, 0xFF, 0xF0, 0x00, 0x0F, 0xFF,
  0xFF, 0xFF, 0xF0, 0x00, 0x0F, 0xFF, 0xFF, 0xFF, 0xFF, 0xFF, 0xFF, 0xFF, 0xFF, 0x3F, 0xFF, 0xFD,
  0xD5, 0x5F, 0xFF, 0xC5, 0x4F, 0xFD, 0xDF, 0x6F, 0xCF, 0x3F, 0xF5, 0x5F, 0xF0, 0xCF, 0xC0, 0xFF,
  0xF8, 0x0C, 0x0F, 0xFF, 0xF0, 0x00, 0x00, 0x00, 0x00, 0x00, 0x0F, 0xFF, 0xF0, 0x00, 0x0F, 0xFF,
  0xBF, 0xFF, 0xF0, 0x00, 0x40, 0x00, 0x0A, 0x28, 0x0F, 0xFF, 0xFF, 0x30, 0x00, 0x13, 0x10, 0x33,
  0x30, 0x80, 0xD0, 0x04, 0x00, 0x04, 0x52, 0x0A, 0x0B, 0xAF, 0xD5, 0xD5, 0xDF, 0xFF, 0xDF, 0xAF,
  0xFF, 0xFF, 0xFF, 0xF5, 0x53, 0x3F, 0xFF, 0xFC, 0xCC, 0xCF, 0x0F, 0x3F, 0x0F, 0xFF, 0xFF, 0xFF,
  0x7F, 0xFF, 0xFF, 0xFF, 0xF0, 0x05, 0x4E, 0xEF, 0xFF, 0xFF, 0xFF, 0xF0, 0x0F, 0xFF, 0xFC, 0x8C,
  0x82, 0x22, 0x2C, 0xCC, 0x83, 0x33, 0x30, 0x03, 0x0F, 0xFF, 0xF0, 0x00, 0x00, 0x00, 0x00, 0x00,
  0x00, 0x00, 0x00, 0x00, 0x00, 0x20, 0x00, 0x00, 0x00, 0x00, 0x00, 0x00, 0x00, 0x02, 0x08, 0x00,
  0x00, 0x00, 0x00, 0x10, 0x00, 0x12, 0x00, 0x10, 0x11, 0x36, 0x20, 0x10, 0x40, 0x12, 0x08, 0x10,
  0x12, 0x36, 0x20, 0x10, 0x40, 0x16, 0x08, 0x10, 0x02, 0x32, 0x20, 0x50, 0x00, 0x16, 0x08, 0x12,
  0x12, 0x12, 0x20, 0x50, 0x40, 0x12, 0x08, 0x10, 0x00, 0x30, 0x00, 0x10, 0x00, 0x16, 0x08, 0x10,
  0x10, 0x30, 0x20, 0x10, 0x40, 0x14, 0x0C, 0x02, 0x10, 0x12, 0x20, 0x50, 0x50, 0x40, 0x0C, 0x00,
  0x00, 0x00, 0x04, 0x00, 0x10, 0x42, 0x00, 0x10, 0x00, 0x00, 0x00, 0x10, 0x10, 0x02, 0x00, 0x00,
  0x04, 0x00, 0x00, 0x90, 0x00, 0x10, 0x08, 0x00, 0x00, 0x00, 0x00, 0x10, 0x00, 0x46, 0x08, 0x10,
  0x00, 0x12, 0x24, 0x40, 0x50, 0x46, 0x00, 0x12, 0x10, 0x12, 0x24, 0x40, 0x40, 0x10, 0x02, 0x08,
  0x10, 0x00, 0x00, 0x00, 0x10, 0x10, 0x06, 0x00, 0x02, 0x10, 0x12, 0x20, 0x50, 0x40, 0x14, 0x08,
  0x12, 0x12, 0x12, 0x20, 0x50, 0x40, 0x12, 0x08, 0x10, 0x12, 0x52, 0x20, 0x10, 0x40, 0x12, 0x08,
  0x10, 0x10, 0x12, 0x20, 0x10, 0x40, 0x16, 0x08, 0x10, 0x00, 0x32, 0x00, 0x10, 0x00, 0x16, 0x08,
  0x00, 0x00, 0x12, 0x20, 0x50, 0x40, 0x12, 0x08, 0x00, 0x00, 0x00, 0x00, 0x10, 0x00, 0x12, 0x08,
  0x10, 0x10, 0x32, 0x24, 0x00, 0x40, 0x12, 0x08, 0x10, 0x10, 0x12, 0x20, 0x10, 0x40, 0x12, 0x00,
  0x10, 0x01, 0x70, 0x00, 0x10, 0x50, 0x02, 0x00, 0x30, 0xA0, 0x30, 0x24, 0x00, 0x50, 0x02, 0x08,
  0x10, 0x00, 0x32, 0x00, 0x10, 0x00, 0x52, 0x00, 0x10, 0x00, 0x00, 0x00, 0x10, 0x00, 0x12, 0x00,
  0x10, 0x10, 0x12, 0x20, 0x10, 0x40, 0x16, 0x08, 0x10, 0x02, 0x30, 0x00, 0x10, 0x00, 0x12, 0x08,
  0x10, 0x02, 0x30, 0x20, 0x10, 0x40, 0x10, 0x00, 0x00, 0x00, 0x00, 0x00, 0x00, 0x00, 0x00, 0x00,
  0x00, 0x00, 0x00, 0x00, 0x00, 0x00, 0x00, 0x00, 0x00, 0x00, 0x04, 0x10, 0x20, 0x6C, 0x48, 0x00,
  0x80, 0x20, 0x04, 0x10, 0x00, 0xA4, 0x40, 0x20, 0xC8, 0x00, 0x20, 0x82, 0x20, 0xA4, 0xE0, 0x00,
  0xC8, 0x00, 0x28, 0x82, 0x20, 0xA4, 0xE0, 0x00, 0xC8, 0x00, 0x28, 0x82, 0x20, 0x24, 0xE0, 0x00,
  0x08, 0x0C, 0x00, 0x14, 0x20, 0x24, 0x40, 0x20, 0x80, 0x2C, 0x08, 0x04, 0x28, 0x24, 0x48, 0x00,
  0x80, 0x28, 0x0C, 0x04, 0x28, 0x24, 0x48, 0x80, 0x80, 0xAC, 0x00, 0x04, 0x28, 0x6C, 0x40, 0xA0,
  0x80, 0x20, 0x04, 0x00, 0x08, 0x00, 0x08, 0x00, 0x00, 0x20, 0x04, 0x00, 0x08, 0x00, 0x04, 0x20,
  0x20, 0x08, 0x04, 0x14, 0x20, 0x24, 0x40, 0xA0, 0x80, 0x2C, 0x08, 0x14, 0x20, 0x24, 0x40, 0xA0,
  0x80, 0xA4, 0x08, 0x10, 0x00, 0x6C, 0x08, 0x00, 0x80, 0x20, 0x08, 0x00, 0x00, 0x00, 0x60, 0x00,
  0x20, 0x80, 0x24, 0x08, 0x00, 0x08, 0x00, 0x00, 0x20, 0x00, 0xA4, 0x08, 0x02, 0x22, 0xE0, 0xE0,
  0x00, 0xC8, 0x80, 0x28, 0x82, 0x20, 0x60, 0x60, 0x00, 0x88, 0x04, 0x08, 0x10, 0x20, 0x24, 0x40,
  0x20, 0x80, 0x24, 0x08, 0x10, 0x20, 0x64, 0x40, 0x20, 0x80, 0x24, 0x08, 0x10, 0x22, 0x6C, 0x40,
  0x20, 0x80, 0xA4, 0x00, 0x10, 0x22, 0x6C, 0x40, 0x20, 0x80, 0x24, 0x08, 0x10, 0x22, 0x64, 0x40,
  0x20, 0x80, 0x28, 0x0C, 0x14, 0x20, 0x64, 0x48, 0x80, 0x80, 0x20, 0x04, 0x31, 0x42, 0xE0, 0x00,
  0x22, 0x05, 0x24, 0x00, 0x31, 0x40, 0x60, 0x08, 0x02, 0x05, 0x2C, 0x00, 0x10, 0x00, 0x24, 0x40,
  0xA0, 0x80, 0x24, 0x00, 0x10, 0x00, 0x64, 0x00, 0x20, 0x80, 0x24, 0x08, 0x10, 0x20, 0x60, 0x40,
  0x20, 0x48, 0x00, 0x28, 0x82, 0x22, 0xE0, 0xA0, 0x00, 0x48, 0x00, 0x20, 0x82, 0x00, 0x60, 0x60,
  0x00, 0x08, 0x00, 0x00, 0x00, 0x00, 0x00, 0x00, 0x00, 0x00, 0x00, 0x00, 0x00, 0x00, 0x00, 0x00,
  0x00, 0x00, 0x00, 0x00, 0x00, 0x0F, 0xDF, 0xFC, 0xCF, 0xFF, 0xDF, 0xFC, 0xCF, 0xFF, 0xAE, 0x4F,
  0xFF, 0xFF, 0xF0, 0xC5, 0xA5, 0x5D, 0x7C, 0xCD, 0x7C, 0xCE, 0xBC, 0xCE, 0xBC, 0xCE, 0xBC, 0xCE,
  0xBC, 0xCE, 0xBC, 0xCE, 0xBC, 0xCE, 0xBC, 0xCE, 0xBC, 0xCE, 0xBC, 0xCF, 0xFF, 0xFC, 0xCF, 0xFC,
  0x0D, 0x4F, 0xCF, 0xC3, 0x01, 0x0F, 0xFF, 0x00, 0xFB, 0xFB, 0xBF, 0xB4, 0x44, 0x4F, 0x0F, 0xF4,
  0xE4, 0xE1, 0x4F, 0x00, 0x00, 0x00, 0xC0, 0x8F, 0x1F, 0x1C, 0xFF, 0xF0, 0x00, 0x40, 0xA0, 0xF7,
  0xFF, 0xA3, 0x0A, 0x0F, 0xFF, 0xFA, 0xFA, 0xFF, 0x7F, 0x7D, 0xFF, 0xFF, 0xFF, 0x0F, 0xFF, 0x0F,
  0xCF, 0xFB, 0xFF, 0xFC, 0xCF, 0xFF, 0xFF, 0xFF, 0xFF, 0xFF, 0x7F, 0x7D, 0xDF, 0xFF, 0x5F, 0x50,
  0x0D, 0x5F, 0xFF, 0xFC, 0xCC, 0x80, 0x00, 0x00, 0x00, 0x00, 0x0F, 0xFF, 0xF0, 0x00, 0x00, 0x00,
  0x4A, 0x80, 0xFF, 0xF2, 0xE0, 0x00, 0x0F, 0xF0, 0x0F, 0x0F, 0xFC, 0x3C, 0xCC, 0x3C, 0xCC, 0x3C,
  0xCC, 0x3C, 0xC5, 0x6F, 0xDC, 0x3F, 0xFF, 0x3F, 0xFF, 0xF7, 0x77, 0x7F, 0xFF, 0xFF, 0xFC, 0xAC,
  0xAF, 0xFF, 0xFF, 0xFD, 0x53, 0x0F, 0x0F, 0xFF, 0xFF, 0x0F, 0xFD, 0xCF, 0xEC, 0xCF, 0xF5, 0xCF,
  0xFD, 0x1F, 0xFE, 0xCF, 0xD5, 0x5F, 0xFD, 0xDF, 0x5F, 0xFF, 0xFD, 0xDF, 0xFE, 0xEF, 0xF1, 0x55,
  0x00, 0x00, 0x01, 0x33, 0x0F, 0xCF, 0xCF, 0x0F, 0xFE, 0xCE, 0xCF, 0xEF, 0xFB, 0x0F, 0xE7, 0x3F,
  0xF5, 0xB7, 0xBF, 0x0D, 0xCE, 0xEF, 0xFF, 0xFF, 0x0F, 0xFE, 0xFF, 0xF3, 0xFF, 0xFF, 0xFF, 0xFF,
  0xF0, 0x00, 0x07, 0xFF, 0xFF, 0xF0, 0xF3, 0x33, 0x3F, 0xFF, 0xF0, 0x0F, 0xF5, 0xA5, 0x5C, 0x3C,
  0xCC, 0x3C, 0xCC, 0x3C, 0xCC, 0x3C, 0xCC, 0x3C, 0xCC, 0x3C, 0xC5, 0x6F, 0xDC, 0x3F, 0xF0, 0x00,
  0x00, 0x00, 0x00, 0x00, 0x00, 0x00, 0x00, 0x00, 0x00, 0x00, 0x00, 0x00, 0x00, 0x00, 0x00, 0x00,
  0x00, 0x0F, 0xDF, 0xCC, 0xCF, 0xFF, 0xDF, 0xCC, 0xCF, 0xF5, 0x0E, 0x4F, 0xBF, 0xFF, 0xF0, 0xCD,
  0xE5, 0x58, 0x2C, 0xC8, 0x2C, 0xCC, 0x3C, 0xCC, 0x3C, 0xCC, 0x3C, 0xCC, 0x3C, 0xCC, 0x3C, 0xCC,
  0x3C, 0xCC, 0x3C, 0xCC, 0x3C, 0xCC, 0x3C, 0xCF, 0xFF, 0xF8, 0x0A, 0x0C, 0x0C, 0x0C, 0xCC, 0xC3,
  0x03, 0x2F, 0xFF, 0x00, 0xFF, 0xFB, 0xFF, 0xB0, 0x04, 0x4F, 0x09, 0xF4, 0xEE, 0xE0, 0x0F, 0x0A,
  0xA0, 0x00, 0x00, 0x0F, 0x0F, 0x0C, 0xFF, 0xF0, 0x40, 0x00, 0xAC, 0xF5, 0xFF, 0xA0, 0x0A, 0x0F,
  0x7F, 0xFA, 0xFE, 0xFF, 0xFF, 0xFC, 0xFF, 0xF1, 0xFF, 0x0F, 0xEF, 0x0F, 0xCF, 0xFF, 0xDF, 0xDC,
  0xCF, 0xFF, 0xDF, 0xF5, 0xFF, 0xFF, 0x3F, 0x70, 0xD0, 0xFF, 0x5F, 0x50, 0x0D, 0x55, 0x04, 0x00,
  0x00, 0x00, 0x00, 0x00, 0x00, 0x00, 0x0D, 0x5F, 0x7F, 0xFF, 0xF0, 0x00, 0x4A, 0x8F, 0xFF, 0xFF,
  0xF0, 0x0C, 0x0F, 0xF0, 0x00, 0xF0, 0x0C, 0x3C, 0xCC, 0x3C, 0xCC, 0x3C, 0xCC, 0x3C, 0xC5, 0x6F,
  0xDC, 0x3F, 0xFF, 0x3F, 0xFF, 0xF7, 0x77, 0x7F, 0xFF, 0xEF, 0xFC, 0xAC, 0xAF, 0xCF, 0xFF, 0xF5,
  0x53, 0x0F, 0x0D, 0x8D, 0x8F, 0xCF, 0xCD, 0xCF, 0xEF, 0x0F, 0xF5, 0xCF, 0xFD, 0x1F, 0xFE, 0xCF,
  0xDF, 0x5F, 0x5D, 0xDF, 0x5C, 0x0F, 0x31, 0x1F, 0xFC, 0xCD, 0xD0, 0x00, 0x00, 0x00, 0x03, 0x33,
  0x0C, 0xCF, 0xFF, 0x0D, 0xC7, 0x5F, 0xD5, 0x41, 0x1A, 0x0F, 0xE3, 0x3F, 0xF5, 0xB5, 0xBF, 0x0C,
  0xCD, 0x88, 0x8F, 0xFF, 0xFF, 0xFE, 0xFF, 0xFF, 0xFF, 0xBF, 0xBF, 0xFF, 0x70, 0x00, 0x0F, 0xFF,
  0xFF, 0xF0, 0xF3, 0x32, 0x2F, 0xFF, 0xDE, 0xFF, 0xF5, 0xA5, 0x5C, 0x3C, 0xCC, 0x3C, 0xCC, 0x3C,
  0xCC, 0x3C, 0xCC, 0x3C, 0xCC, 0x3C, 0xC5, 0x6F, 0xDC, 0x3F, 0xF0, 0x00, 0x00, 0x00, 0x00, 0x00,
  0x00, 0x00, 0x00, 0x00, 0x04, 0xC0, 0x00, 0x00, 0x00, 0x00, 0x00, 0x00, 0x00, 0x03, 0x00, 0x63,
  0x80, 0x04, 0x84, 0x10, 0xA0, 0x00, 0x00, 0x18, 0x83, 0x08, 0x4A, 0x63, 0x80, 0x00, 0x38, 0x04,
  0x04, 0x28, 0x20, 0x01, 0x02, 0x00, 0x00, 0x20, 0x00, 0x60, 0x20, 0x40, 0x20, 0x42, 0x08, 0x02,
  0x08, 0x81, 0x04, 0x08, 0x88, 0x20, 0x00, 0x90, 0x40, 0x80, 0x06, 0x48, 0x04, 0x40, 0x81, 0x40,
  0x86, 0x44, 0x42, 0x02, 0x20, 0x02, 0x8B, 0x44, 0x02, 0x52, 0x00, 0x42, 0x88, 0xA0, 0x02, 0x40,
  0x18, 0x20, 0xA0, 0x40, 0x83, 0x44, 0x04, 0x14, 0x04, 0x08, 0x44, 0x00, 0x86, 0x20, 0x30, 0x80,
  0x6A, 0x48, 0x20, 0x10, 0x84, 0x04, 0x44, 0x20, 0x16, 0x42, 0x42, 0xA6, 0x04, 0x00, 0x06, 0x00,
  0x12, 0x17, 0xA4, 0x80, 0x80, 0x20, 0x13, 0x60, 0x15, 0x30, 0x83, 0x80, 0x08, 0xA0, 0x00, 0x04,
  0x60, 0x64, 0x04, 0x03, 0x00, 0x65, 0x82, 0x83, 0x87, 0x80, 0x20, 0x10, 0x52, 0x90, 0x20, 0x44,
  0x20, 0xB0, 0x00, 0x80, 0x40, 0x00, 0x08, 0x00, 0x00, 0x42, 0x22, 0x48, 0x20, 0x03, 0xA0, 0x02,
  0x84, 0x02, 0x22, 0x04, 0x00, 0x89, 0x4A, 0x07, 0x02, 0x06, 0x82, 0xA3, 0x32, 0x88, 0x80, 0x88,
  0x20, 0x08, 0x10, 0x54, 0x80, 0x84, 0x00, 0x00, 0x80, 0x08, 0x20, 0x00, 0x34, 0x00, 0xA0, 0x08,
  0x40, 0x14, 0x20, 0x10, 0x58, 0x40, 0x25, 0x08, 0x43, 0x08, 0x22, 0x0A, 0x23, 0x08, 0x04, 0x84,
  0x80, 0x80, 0x42, 0x80, 0x00, 0x04, 0x8A, 0x12, 0x40, 0x04, 0x42, 0x88, 0x40, 0x8A, 0x43, 0x80,
  0x80, 0x00, 0x28, 0x00, 0x00, 0x00, 0x00, 0x10, 0x00, 0x00, 0x13, 0x10, 0x00, 0x00, 0x00, 0x82,
  0x80, 0x42, 0x02, 0x00, 0x10, 0x00, 0x40, 0x00, 0x02, 0x00, 0x84, 0x02, 0x03, 0x02, 0x40, 0x00,
  0x01, 0x00, 0x03, 0x10, 0x8B, 0x10, 0x00, 0x00, 0x00, 0x00, 0x00, 0x00, 0x00, 0x00, 0x00, 0x40,
  0x00, 0x90, 0x09, 0x00, 0x00, 0x00, 0x00, 0x00, 0x00, 0x00, 0x04, 0x00, 0x40, 0x00, 0x00, 0x08,
  0x21, 0xE1, 0x00, 0x40, 0x20, 0x02, 0x42, 0x20, 0x10, 0x02, 0x00, 0x01, 0x04, 0x10, 0x06, 0x24,
  0x22, 0xC0, 0x05, 0x11, 0xE6, 0x00, 0x00, 0x40, 0x02, 0x42, 0x06, 0xC2, 0x00, 0x00, 0x01, 0x00,
  0x15, 0x08, 0x10, 0x00, 0x60, 0x01, 0x20, 0x40, 0xE1, 0x58, 0x00, 0x01, 0x00, 0x00, 0x00, 0x02,
  0x26, 0xC9, 0x10, 0x60, 0x21, 0x40, 0x88, 0x42, 0x00, 0x01, 0x20, 0x66, 0xC5, 0x86, 0x05, 0x48,
  0x00, 0x41, 0x50, 0x06, 0x51, 0x86, 0x45, 0x92, 0x42, 0x80, 0x00, 0x10, 0x01, 0x40, 0x00, 0x00,
  0x65, 0x15, 0x41, 0xA0, 0x00, 0x62, 0x6A, 0x22, 0x00, 0x08, 0x01, 0xC9, 0x09, 0x00, 0x20, 0x41,
  0x06, 0x90, 0x00, 0x01, 0xC4, 0x0A, 0x28, 0x5C, 0xD1, 0x00, 0x00, 0x24, 0x00, 0x16, 0x00, 0x08,
  0x00, 0x10, 0x1A, 0x10, 0x00, 0x19, 0x05, 0x41, 0x49, 0x01, 0x80, 0x00, 0x02, 0x06, 0x62, 0x18,
  0x05, 0x85, 0x05, 0x24, 0x42, 0x52, 0x81, 0x41, 0x00, 0xD8, 0x20, 0x41, 0x20, 0x01, 0x02, 0x42,
  0x20, 0x00, 0x12, 0x10, 0xC2, 0x01, 0x52, 0x10, 0x82, 0x00, 0x50, 0x20, 0x09, 0x01, 0x48, 0x40,
  0x48, 0x40, 0x06, 0x15, 0x5A, 0x92, 0xA1, 0x11, 0x00, 0x1E, 0x06, 0x05, 0x50, 0x00, 0x90, 0x40,
  0x44, 0x45, 0x84, 0x00, 0x40, 0x20, 0x01, 0x22, 0x80, 0xD5, 0x41, 0x00, 0x09, 0x00, 0x02, 0x40,
  0x01, 0x02, 0x10, 0x01, 0x44, 0x21, 0x42, 0x61, 0x49, 0x41, 0x50, 0x00, 0x10, 0x22, 0x11, 0x09,
  0x00, 0x00, 0x10, 0x02, 0xC0, 0x20, 0xC0, 0x02, 0x19, 0x08, 0xD0, 0x41, 0x60, 0x41, 0x22, 0x40,
  0x00, 0x05, 0x46, 0x01, 0x22, 0x05, 0x00, 0x00, 0x00, 0x00, 0x60, 0x00, 0x64, 0x00, 0x00, 0x00,
  0x10, 0x00, 0x00, 0x00, 0x00, 0x00, 0x00, 0x00, 0x00, 0x00, 0x00, 0x40, 0x23, 0x80, 0x08, 0x04,
  0x00, 0x00, 0x00, 0x04, 0x00, 0x00, 0x01, 0x00, 0x00, 0x04, 0x28, 0xC1, 0x08, 0x00, 0x08, 0x04,
  0x20, 0x04, 0x18, 0x00, 0x24, 0x40, 0x01, 0x34, 0x05, 0x04, 0x04, 0x00, 0xC0, 0x00, 0x32, 0x00,
  0x80, 0x00, 0x04, 0x10, 0x14, 0x00, 0x00, 0x10, 0x12, 0x30, 0x00, 0x20, 0x20, 0x10, 0x04, 0x24,
  0x80, 0xB0, 0x81, 0x02, 0x00, 0x84, 0x30, 0x20, 0xB1, 0x24, 0x21, 0x02, 0x88, 0x14, 0x28, 0x04,
  0xA4, 0x01, 0x53, 0x10, 0x21, 0x90, 0x89, 0x00, 0x04, 0x00, 0x08, 0x15, 0x38, 0x04, 0x00, 0xA4,
  0x00, 0x54, 0x02, 0x40, 0x04, 0x10, 0x82, 0x20, 0x18, 0x08, 0x08, 0x40, 0x00, 0x20, 0x10, 0x81,
  0x01, 0x80, 0x84, 0x80, 0x15, 0x90, 0x10, 0x00, 0x88, 0x80, 0x85, 0x04, 0x32, 0x81, 0x02, 0x08,
  0x04, 0x80, 0x22, 0x01, 0x08, 0x1A, 0x00, 0x01, 0x91, 0x00, 0x04, 0x30, 0x50, 0x04, 0x20, 0x42,
  0xB4, 0x22, 0x90, 0x08, 0x08, 0x48, 0x10, 0x35, 0x90, 0x82, 0x00, 0x22, 0x20, 0x50, 0x00, 0xC9,
  0x10, 0x00, 0x00, 0x10, 0x91, 0x08, 0x80, 0x00, 0xA0, 0x48, 0x10, 0x18, 0x81, 0x20, 0x28, 0x88,
  0x08, 0x14, 0x80, 0x00, 0x80, 0x28, 0x00, 0x48, 0x02, 0x18, 0x04, 0x84, 0x04, 0x09, 0x50, 0x82,
  0x02, 0xC0, 0x80, 0x80, 0x84, 0x80, 0x04, 0x02, 0x08, 0x01, 0x08, 0x00, 0x83, 0x00, 0x14, 0x20,
  0x18, 0x81, 0x94, 0x00, 0x00, 0x00, 0x04, 0x20, 0xD0, 0x20, 0x30, 0x00, 0x40, 0x10, 0xC9, 0x08,
  0x01, 0x04, 0x14, 0x82, 0x90, 0x08, 0x04, 0x23, 0xC1, 0x00, 0x80, 0x12, 0x10, 0x10, 0xC0, 0x80,
  0x14, 0x00, 0x00, 0x88, 0xC2, 0x01, 0x00, 0x00, 0x81, 0x02, 0xC0, 0x10, 0x80, 0x20, 0x00, 0x20,
  0x80, 0x00, 0x50, 0x01, 0x40, 0x01, 0x80, 0x02, 0x00, 0x00, 0x00, 0x80, 0xA0, 0x80, 0x10, 0x00,
  0x00, 0x00, 0x00, 0x00, 0x00, 0x00, 0x00, 0x00, 0xC0, 0x80, 0x02, 0x08, 0x00, 0x00, 0x00, 0x08,
  0x00, 0x00, 0x00, 0x00, 0x00, 0x00, 0x00, 0x85, 0x2A, 0x22, 0x08, 0xC0, 0x20, 0x04, 0x20, 0x20,
  0x18, 0x84, 0xA5, 0xA2, 0x00, 0xC0, 0x88, 0x20, 0x80, 0x00, 0x98, 0xA2, 0x00, 0x00, 0x88, 0x20,
  0xCC, 0x00, 0x01, 0x20, 0x20, 0x12, 0x05, 0x81, 0x11, 0xA1, 0x18, 0x18, 0x00, 0x04, 0x01, 0x00,
  0x25, 0x00, 0x4D, 0x04, 0x01, 0x00, 0x00, 0x08, 0x88, 0x10, 0x40, 0x40, 0x88, 0x20, 0x42, 0x20,
  0x05, 0x04, 0x08, 0x20, 0x40, 0x09, 0x08, 0x22, 0x48, 0x02, 0x91, 0x80, 0x95, 0x40, 0x00, 0x24,
  0x00, 0x10, 0x88, 0x20, 0x10, 0x00, 0x88, 0xA0, 0x21, 0x91, 0x15, 0x04, 0x21, 0x09, 0x00, 0x01,
  0x14, 0x01, 0x11, 0x03, 0x00, 0x01, 0x04, 0x0A, 0x48, 0x04, 0x18, 0x0C, 0x10, 0x85, 0x10, 0x21,
  0x44, 0x12, 0x00, 0x11, 0x04, 0x41, 0x00, 0x91, 0xC0, 0x12, 0x21, 0x18, 0x00, 0x12, 0x80, 0x9A,
  0x20, 0x1A, 0x10, 0x44, 0x84, 0x08, 0xA4, 0x40, 0x00, 0x40, 0x01, 0x88, 0x94, 0x40, 0x00, 0x15,
  0x84, 0x40, 0x00, 0x89, 0x01, 0x88, 0x99, 0xC4, 0x02, 0x03, 0x20, 0x00, 0x08, 0x10, 0x00, 0x10,
  0x00, 0x00, 0x20, 0x20, 0x84, 0x42, 0xA0, 0x00, 0x00, 0x02, 0xA0, 0x08, 0x14, 0x05, 0x04, 0x04,
  0x80, 0x01, 0x08, 0x00, 0x28, 0x25, 0x28, 0xA0, 0x00, 0x09, 0x20, 0x81, 0x48, 0x05, 0x88, 0x21,
  0x00, 0x41, 0x82, 0x01, 0x05, 0x00, 0x29, 0x00, 0x84, 0x45, 0x00, 0x28, 0x00, 0x14, 0x28, 0x04,
  0x05, 0x00, 0x28, 0x0A, 0x04, 0x14, 0x85, 0x42, 0x20, 0x40, 0x80, 0x04, 0x48, 0x10, 0x40, 0x0C,
  0x82, 0x03, 0x19, 0x00, 0x04, 0x08, 0x89, 0x90, 0x00, 0x80, 0x09, 0x8D, 0x00, 0x00, 0x11, 0x00,
  0x80, 0x00, 0x00, 0x08, 0x90, 0x00, 0x00, 0x00, 0x01, 0x00, 0x10, 0x00, 0x00, 0x00, 0x00, 0x00,
  0x00, 0x00, 0x00, 0x00, 0x00, 0x08, 0x40, 0x08, 0x00, 0x08, 0x00, 0x00, 0x00, 0x00, 0x00, 0x02,
  0x02, 0x00, 0x00, 0x00, 0x00, 0x01, 0x00, 0x08, 0x08, 0x00, 0x00, 0x08, 0x00, 0x00, 0x00, 0x00,
  0x00, 0x00, 0x0C, 0x00, 0x00, 0x00, 0x80, 0x0A, 0x40, 0x00, 0x04, 0x08, 0x00, 0x0C, 0x40, 0x02,
  0x05, 0x00, 0x00, 0x00, 0x00, 0x00, 0x00, 0x44, 0x20, 0x01, 0x01, 0x25, 0x00, 0x00, 0x40, 0x00,
  0x80, 0x40, 0x01, 0x04, 0x00, 0x20, 0x80, 0x08, 0x00, 0x00, 0x40, 0x40, 0x00, 0x08, 0x00, 0x00,
  0x00, 0x00, 0x00, 0x00, 0x00, 0x00, 0x20, 0x08, 0x20, 0x00, 0x90, 0x18, 0x00, 0x0C, 0x00, 0x01,
  0xC0, 0x0C, 0x00, 0x00, 0x00, 0x01, 0x00, 0x04, 0x00, 0x0B, 0x00, 0x09, 0x00, 0x00, 0x00, 0x00,
  0x00, 0x00, 0x00, 0x05, 0x20, 0x0C, 0x00, 0x00, 0x00, 0x00, 0x00, 0x08, 0x00, 0x02, 0x00, 0x00,
  0x01, 0x00, 0x00, 0x80, 0x00, 0x00, 0x00, 0x20, 0x02, 0x24, 0x00, 0x20, 0x00, 0x80, 0x40, 0x22,
  0x00, 0x80, 0x8A, 0x00, 0x0A, 0x02, 0x00, 0x40, 0x04, 0x02, 0x00, 0x04, 0x00, 0x09, 0x08, 0x00,
  0x00, 0x80, 0x01, 0x00, 0x00, 0x80, 0x00, 0x00, 0x01, 0x00, 0x01, 0x00, 0x00, 0x00, 0x00, 0x00,
  0x01, 0x40, 0x00, 0x10, 0x02, 0x04, 0x00, 0x80, 0x02, 0x90, 0x00, 0x20, 0x00, 0x40, 0x00, 0x40,
  0x00, 0x00, 0x01, 0x02, 0x00, 0x00, 0x04, 0x00, 0x00, 0xA0, 0x00, 0x80, 0x00, 0x00, 0x00, 0x20,
  0x00, 0x00, 0x08, 0x80, 0x01, 0x00, 0x00, 0x10, 0x01, 0x00, 0x00, 0x20, 0x01, 0x20, 0x08, 0x40,
  0x00, 0x00, 0x00, 0x00, 0x08, 0x00, 0x00, 0xC0, 0x01, 0x00, 0x00, 0x00, 0x00, 0x00, 0x00, 0x00,
  0x09, 0x80, 0x00, 0x00, 0x00, 0x80, 0x00, 0x00, 0x00, 0x00, 0x00, 0x00, 0x00, 0x00, 0x00, 0x10,
  0x09, 0x00, 0x00, 0x00, 0x00, 0x00, 0x00, 0x00, 0x00, 0x00, 0x00, 0x00, 0x00, 0x00, 0x00, 0x00,
  0x00, 0x04, 0x10, 0x04, 0x00, 0x04, 0x00, 0x00, 0x00, 0x00, 0x00, 0x01, 0x00, 0x00, 0x00, 0x84,
  0x00, 0x00, 0x00, 0x08, 0x08, 0x00, 0x80, 0x04, 0x00, 0x02, 0x00, 0x00, 0x00, 0x00, 0x09, 0x02,
  0x00, 0x02, 0xA2, 0x02, 0x00, 0x09, 0x04, 0x04, 0x00, 0x09, 0x08, 0x90, 0xA0, 0x08, 0x00, 0x04,
  0x00, 0x01, 0x00, 0x04, 0x10, 0x00, 0x00, 0x00, 0x80, 0x00, 0x18, 0x00, 0x20, 0x00, 0x00, 0x00,
  0x00, 0x00, 0x40, 0x02, 0x00, 0x00, 0x11, 0x01, 0x00, 0x03, 0xC0, 0x00, 0x00, 0x00, 0xA0, 0x02,
  0x00, 0x08, 0x00, 0x08, 0x20, 0x00, 0x50, 0x08, 0x00, 0x04, 0x00, 0x00, 0x50, 0x08, 0x00, 0x08,
  0x00, 0x00, 0x80, 0x21, 0x80, 0x00, 0x80, 0x80, 0xA0, 0x00, 0x00, 0x20, 0x94, 0x84, 0x02, 0x01,
  0x42, 0x99, 0x00, 0x02, 0x44, 0x00, 0x00, 0x02, 0x00, 0x08, 0x00, 0x00, 0x80, 0x00, 0x20, 0x00,
  0x20, 0x00, 0x00, 0x00, 0x00, 0x00, 0x02, 0x00, 0x42, 0xC8, 0x44, 0x50, 0x40, 0x41, 0x02, 0x20,
  0x02, 0x03, 0x00, 0x10, 0x00, 0x80, 0x00, 0x01, 0x08, 0x00, 0x02, 0xB0, 0x00, 0x00, 0x00, 0x20,
  0x08, 0xC0, 0x00, 0x20, 0x40, 0x00, 0x00, 0x00, 0x02, 0x00, 0x00, 0x90, 0x00, 0x10, 0x00, 0x00,
  0x01, 0x81, 0x08, 0x80, 0x00, 0x40, 0x00, 0x00, 0x04, 0x10, 0x00, 0x00, 0x00, 0x00, 0x20, 0x80,
  0x00, 0x00, 0x01, 0x90, 0x00, 0x40, 0x00, 0xD0, 0x00, 0x00, 0x00, 0x00, 0x00, 0x90, 0x08, 0x40,
  0x00, 0xA0, 0x00, 0x20, 0x01, 0x20, 0x00, 0x20, 0x00, 0x00, 0x42, 0x50, 0x20, 0x20, 0x00, 0x00,
  0x28, 0x20, 0x00, 0x50, 0x00, 0x00, 0x04, 0x88, 0x02, 0x80, 0x00, 0x00, 0x00, 0x90, 0x00, 0x00,
  0x04, 0x90, 0x00, 0x00, 0x00, 0x00, 0x00, 0x00, 0x02, 0x80, 0x00, 0x20, 0x00, 0x00, 0x00, 0x00,
  0x00, 0x00, 0x00, 0x00, 0x00, 0x00, 0x00, 0x00, 0x00, 0x00, 0x01, 0x00, 0x00, 0x00, 0x00, 0x00,
  0x00, 0x00, 0x00, 0x00, 0x00, 0x01, 0x00, 0x00, 0x02, 0x00, 0x00, 0x19, 0x00, 0x09, 0x41, 0x00,
  0x40, 0x00, 0x10, 0x00, 0x00, 0x40, 0x00, 0x42, 0xC0, 0x05, 0xC0, 0x00, 0x00, 0x00, 0x20, 0xC0,
  0x00, 0x04, 0xC1, 0x00, 0xC0, 0x00, 0x00, 0x01, 0x12, 0x00, 0xC0, 0x08, 0x00, 0x00, 0xC0, 0x11,
  0x40, 0x40, 0x40, 0x21, 0x10, 0x00, 0x40, 0x00, 0x00, 0x10, 0x00, 0x00, 0xC0, 0x04, 0x00, 0x05,
  0x00, 0x00, 0x00, 0x14, 0x00, 0x04, 0x90, 0x00, 0x00, 0x05, 0x05, 0x05, 0x00, 0x00, 0x90, 0x00,
  0x10, 0x00, 0x01, 0x10, 0x00, 0x00, 0x40, 0x80, 0x00, 0x02, 0x40, 0x00, 0x00, 0xC0, 0x92, 0x00,
  0x62, 0xC1, 0x52, 0x22, 0x22, 0xC0, 0x00, 0x02, 0x00, 0x10, 0x05, 0x08, 0x10, 0x40, 0x00, 0x00,
  0x01, 0x00, 0x00, 0x00, 0x00, 0x80, 0x00, 0x80, 0x08, 0x00, 0x02, 0x00, 0x02, 0x80, 0x00, 0x20,
  0x01, 0x12, 0x08, 0xC0, 0x09, 0x10, 0x00, 0x02, 0x00, 0x00, 0x42, 0x00, 0x02, 0x00, 0x00, 0x00,
  0x01, 0x11, 0x00, 0x00, 0x00, 0xC0, 0x80, 0x00, 0x01, 0x40, 0x05, 0x02, 0x06, 0x20, 0x01, 0x00,
  0x00, 0xC0, 0x08, 0x00, 0x80, 0xC0, 0x81, 0x00, 0x08, 0x00, 0x00, 0x10, 0x00, 0x40, 0x48, 0x10,
  0xC0, 0x10, 0xC0, 0xD0, 0x0D, 0xC0, 0xC0, 0x20, 0x00, 0x40, 0x00, 0x01, 0x00, 0x00, 0x00, 0x00,
  0x00, 0x20, 0x00, 0x00, 0x00, 0x40, 0x00, 0xE0, 0x00, 0xC0, 0x40, 0x00, 0xC8, 0x20, 0xC0, 0x10,
  0x80, 0x00, 0x00, 0x10, 0x01, 0x10, 0x05, 0x00, 0x80, 0x00, 0x00, 0x00, 0x00, 0x00, 0x00, 0x00,
  0x08, 0x00, 0x00, 0xD0, 0x06, 0xD0, 0x00, 0x00, 0x00, 0x40, 0x00, 0x00, 0x00, 0x40, 0x00, 0x00,
  0x00, 0x00, 0x00, 0x00, 0x00, 0x10, 0x01, 0x20, 0x00, 0x00, 0x00, 0x00, 0x00, 0x00, 0x40, 0x80,
  0x00, 0x00, 0x00, 0x00, 0x00, 0x00, 0x00, 0x00, 0x20, 0x00, 0x00, 0x00, 0x00, 0x00, 0x00, 0x00,
  0x00, 0x02, 0x00, 0x00, 0x00, 0x00, 0x00, 0x02, 0x00, 0x02, 0x82, 0x03, 0x80, 0x00, 0x00, 0x00,
  0x00, 0x48, 0x00, 0x42, 0x00, 0x00, 0x00, 0x08, 0x00, 0x08, 0x08, 0x01, 0x70, 0x08, 0x04, 0x00,
  0x00, 0x00, 0x78, 0x00, 0x48, 0x04, 0x00, 0x00, 0x00, 0x02, 0x00, 0x04, 0x40, 0x47, 0x44, 0x04,
  0x00, 0x00, 0x48, 0x03, 0x00, 0x00, 0x04, 0x01, 0x00, 0x11, 0x00, 0x00, 0x00, 0x03, 0x02, 0x00,
  0x60, 0x00, 0x00, 0x00, 0x00, 0x00, 0x90, 0x08, 0x00, 0x08, 0x20, 0x00, 0x40, 0x00, 0x02, 0x00,
  0xA0, 0x01, 0x40, 0x24, 0x00, 0x00, 0x40, 0x08, 0x00, 0x04, 0x22, 0x80, 0x42, 0x00, 0x42, 0x02,
  0x82, 0x00, 0xA0, 0x82, 0xA4, 0x04, 0x04, 0x00, 0x84, 0x40, 0xA0, 0x08, 0x86, 0x00, 0x60, 0x60,
  0x00, 0x20, 0x00, 0x20, 0x10, 0x60, 0x82, 0x20, 0x82, 0x20, 0x00, 0x00, 0xA0, 0x00, 0x00, 0x10,
  0x82, 0x08, 0x94, 0x80, 0x80, 0x02, 0x00, 0x80, 0x00, 0xA4, 0x03, 0xA0, 0xA0, 0xA0, 0x63, 0x00,
  0x0B, 0x00, 0x20, 0x40, 0x02, 0x00, 0x08, 0x42, 0x04, 0x00, 0x02, 0x80, 0x8B, 0x00, 0x00, 0x00,
  0x28, 0x00, 0x22, 0x00, 0x00, 0x00, 0x60, 0x00, 0x00, 0x50, 0x80, 0x20, 0x01, 0x00, 0x00, 0x00,
  0x00, 0x00, 0x00, 0xA0, 0x00, 0x40, 0x48, 0x10, 0x00, 0x00, 0x00, 0x60, 0x00, 0x00, 0x03, 0x00,
  0x00, 0x80, 0x00, 0x00, 0x00, 0x00, 0x40, 0x00, 0x00, 0x40, 0x00, 0x80, 0x26, 0x40, 0x00, 0x80,
  0x06, 0x00, 0x80, 0x80, 0x00, 0x80, 0x00, 0x00, 0x40, 0x40, 0x00, 0x00, 0x00, 0x00, 0x04, 0x04,
  0x08, 0x00, 0x00, 0x00, 0x00, 0x00, 0x00, 0x00, 0x04, 0x00, 0x00, 0x00, 0x00, 0x00, 0x00, 0x00,
  0x0B, 0x00, 0x02, 0x80, 0x00, 0x00, 0x00, 0x00, 0x00, 0x60, 0x80, 0x20, 0x00, 0x00, 0x00, 0x00,
  0x00, 0x00, 0x00, 0x80, 0x00, 0x00, 0x00, 0x00, 0x68, 0x00, 0x00, 0x00, 0x20, 0x05, 0x05, 0x80,
  0x20, 0x00, 0x00, 0x80, 0x02, 0x02, 0x00, 0x02, 0x20, 0x00, 0x00, 0x00, 0x20, 0x04, 0x01, 0x00,
  0x20, 0x02, 0x40, 0x90, 0x14, 0x40, 0x41, 0x8A, 0x20, 0x00, 0x40, 0xA0, 0x15, 0x24, 0x00, 0x40,
  0x20, 0x00, 0x50, 0x11, 0x01, 0x00, 0x48, 0x19, 0x20, 0x00, 0x50, 0x00, 0x01, 0x10, 0x21, 0x80,
  0x20, 0x00, 0x10, 0x56, 0x42, 0x00, 0x42, 0x81, 0x20, 0x00, 0x50, 0x20, 0x11, 0x04, 0x02, 0x94,
  0x20, 0x00, 0x10, 0x40, 0x10, 0x50, 0x00, 0x50, 0x00, 0x00, 0x10, 0x81, 0x13, 0x55, 0x12, 0x20,
  0xA0, 0x00, 0x10, 0x00, 0x44, 0x10, 0x22, 0xA0, 0x20, 0x00, 0x10, 0x50, 0x18, 0x00, 0x06, 0x00,
  0x20, 0x02, 0x90, 0x08, 0x90, 0x50, 0x05, 0x28, 0x20, 0x02, 0x00, 0x00, 0x40, 0x40, 0x04, 0x00,
  0x11, 0x20, 0x00, 0x10, 0x00, 0x00, 0x00, 0x2D, 0x05, 0x00, 0x00, 0x80, 0x81, 0x10, 0x48, 0x24,
  0x08, 0x00, 0x00, 0x01, 0x00, 0x11, 0x00, 0x00, 0x83, 0x20, 0x00, 0x10, 0x34, 0x02, 0x00, 0x00,
  0xA0, 0x20, 0x00, 0x11, 0x04, 0x00, 0x41, 0x04, 0x1A, 0x00, 0x00, 0x18, 0x00, 0x00, 0x14, 0x00,
  0x00, 0x00, 0x00, 0x51, 0x40, 0x00, 0x44, 0x02, 0x10, 0x00, 0x00, 0x51, 0xAC, 0x00, 0x00, 0x00,
  0x18, 0x00, 0x00, 0x10, 0x00, 0x40, 0x04, 0x21, 0x18, 0x00, 0x02, 0x09, 0x80, 0x91, 0x80, 0x84,
  0x28, 0x00, 0x01, 0x02, 0x00, 0x90, 0x04, 0x00, 0x42, 0x00, 0x00, 0x40, 0x0C, 0x10, 0x24, 0x20,
  0x18, 0x00, 0x00, 0x10, 0x06, 0x11, 0x44, 0x89, 0x08, 0x00, 0x00, 0x01, 0x40, 0x01, 0x01, 0x00,
  0x50, 0x00, 0x00, 0x10, 0x00, 0x82, 0x00, 0x00, 0x00, 0x00, 0x00, 0x84, 0x0A, 0x14, 0x00, 0xB0,
  0x20, 0x00, 0x00, 0x00, 0x06, 0x44, 0x10, 0x40, 0x00, 0x00, 0x00, 0x00, 0x00, 0x04, 0x00, 0x00,
  0x00, 0x00, 0x00, 0x00, 0x00, 0x00, 0x00, 0x00, 0x01, 0x00, 0x00, 0x01, 0x80, 0x00, 0x06, 0x00,
  0x00, 0x10, 0x82, 0x08, 0x90, 0x00, 0x00, 0x82, 0x00, 0x00, 0xB0, 0x29, 0x90, 0x00, 0x01, 0x02,
  0x10, 0x20, 0x08, 0x20, 0x90, 0x20, 0x22, 0x08, 0x10, 0x11, 0x88, 0x30, 0x90, 0x00, 0x0E, 0x44,
  0x00, 0x00, 0x34, 0x00, 0x90, 0x00, 0x06, 0x0A, 0x10, 0x01, 0x00, 0x06, 0x90, 0x00, 0x06, 0x20,
  0x02, 0x80, 0x05, 0x08, 0x90, 0x02, 0x86, 0xD4, 0x00, 0x10, 0x20, 0x92, 0x90, 0x00, 0xC6, 0x2A,
  0x00, 0x08, 0x08, 0x10, 0x10, 0x00, 0x00, 0x09, 0x50, 0x00, 0x00, 0x12, 0x10, 0x00, 0x00, 0x08,
  0x01, 0x40, 0x89, 0x10, 0x80, 0x04, 0x06, 0x08, 0x01, 0x08, 0x01, 0x12, 0x90, 0x00, 0x06, 0x04,
  0x16, 0x08, 0x80, 0x80, 0x00, 0x00, 0x02, 0x00, 0x06, 0x60, 0x02, 0x01, 0x00, 0x00, 0x00, 0x00,
  0x00, 0x14, 0x20, 0x00, 0x0C, 0x20, 0x00, 0x16, 0x05, 0x81, 0x16, 0x02, 0x00, 0x00, 0x04, 0x00,
  0x94, 0x04, 0x62, 0x8A, 0x8C, 0x10, 0x04, 0x06, 0x80, 0x00, 0x62, 0x82, 0x88, 0x00, 0x00, 0x00,
  0x02, 0x0A, 0x00, 0x82, 0x00, 0x20, 0x00, 0x06, 0x81, 0x06, 0x00, 0xA4, 0x08, 0x20, 0x00, 0x00,
  0x0B, 0x89, 0x20, 0x04, 0x08, 0x20, 0x00, 0x80, 0x00, 0x00, 0x00, 0x18, 0x02, 0x20, 0x20, 0x00,
  0xB1, 0x0A, 0x21, 0x88, 0x80, 0x20, 0x00, 0x10, 0x48, 0x04, 0x21, 0x01, 0x02, 0x20, 0x04, 0x00,
  0x15, 0x90, 0x10, 0x84, 0x00, 0x00, 0x01, 0x00, 0x00, 0x80, 0x20, 0x08, 0x00, 0x20, 0x04, 0x00,
  0x10, 0x04, 0x10, 0x00, 0x20, 0x20, 0x00, 0x00, 0x1A, 0x64, 0x20, 0x00, 0x08, 0x10, 0x00, 0x00,
  0x04, 0x00, 0x08, 0x04, 0x00, 0xB0, 0x02, 0x16, 0x00, 0x00, 0x00, 0x01, 0x00, 0xA0, 0x00, 0x02,
  0x00, 0x00, 0x02, 0x00, 0x00, 0x00, 0x00, 0x00, 0x00, 0x00, 0x00, 0x00, 0x00, 0x00, 0x00, 0x00,
  0x00, 0x00, 0x00, 0x00, 0x00, 0x40, 0x00, 0x00, 0x00, 0x00, 0x00, 0x22, 0x40, 0x00, 0x02, 0x00,
  0x00, 0x00, 0x00, 0x44, 0x01, 0x88, 0x0C, 0x88, 0x00, 0x01, 0x00, 0x14, 0x61, 0x08, 0x88, 0x00,
  0x00, 0x00, 0x02, 0x01, 0x60, 0x21, 0x40, 0x44, 0x00, 0x00, 0x00, 0x00, 0x40, 0x30, 0x00, 0x08,
  0x00, 0x00, 0x04, 0x20, 0x40, 0x20, 0x20, 0x00, 0x00, 0x00, 0x04, 0x12, 0x00, 0x96, 0x00, 0x04,
  0x00, 0x00, 0x04, 0x00, 0xE0, 0x28, 0x08, 0x00, 0x00, 0x00, 0x04, 0x00, 0x61, 0x08, 0x02, 0x03,
  0x00, 0x00, 0x84, 0x40, 0x20, 0x00, 0x86, 0x08, 0x00, 0x00, 0x05, 0x21, 0x20, 0x20, 0x20, 0x02,
  0x20, 0x08, 0x04, 0x83, 0x40, 0x11, 0x88, 0x08, 0x00, 0x00, 0x04, 0x10, 0x60, 0x01, 0x00, 0x88,
  0x00, 0x00, 0x80, 0x10, 0x00, 0x08, 0x08, 0x06, 0x24, 0x00, 0x00, 0x25, 0x00, 0x01, 0x20, 0x00,
  0x80, 0x00, 0x00, 0x02, 0x20, 0x20, 0x00, 0x48, 0x88, 0x00, 0x08, 0x00, 0x40, 0xE0, 0x20, 0x40,
  0x00, 0x20, 0x08, 0x04, 0x02, 0xE0, 0x04, 0x88, 0x04, 0x00, 0x00, 0x04, 0x42, 0x40, 0x10, 0x00,
  0x81, 0x00, 0x02, 0x00, 0x44, 0xC0, 0x4A, 0x08, 0x08, 0x20, 0x00, 0x04, 0x00, 0x00, 0x08, 0x00,
  0x08, 0x20, 0x00, 0x04, 0x01, 0x01, 0x40, 0x02, 0x02, 0x20, 0x00, 0x05, 0x40, 0x00, 0x01, 0x60,
  0x49, 0x20, 0x00, 0x40, 0x20, 0x62, 0x00, 0x88, 0x08, 0x20, 0x08, 0x11, 0x10, 0x20, 0x0A, 0x01,
  0x21, 0x20, 0x00, 0x14, 0x01, 0x21, 0x01, 0x09, 0x00, 0x00, 0x08, 0x4B, 0x40, 0x62, 0x01, 0x84,
  0x80, 0x00, 0x00, 0x00, 0x00, 0x22, 0x00, 0x04, 0x05, 0x20, 0x00, 0x04, 0x00, 0x00, 0x08, 0x88,
  0x64, 0x20, 0x00, 0x00, 0x86, 0x61, 0x41, 0x00, 0x00, 0x00, 0x00, 0x00, 0x40, 0x00, 0x00, 0x00,
  0x00, 0x00, 0x00, 0x00, 0x00, 0x00, 0x00, 0x00, 0x00, 0x80, 0x00, 0x00, 0x20, 0x00, 0x00, 0x00,
  0x02, 0x00, 0x08, 0x01, 0x00, 0x00, 0x00, 0x00, 0x08, 0x2C, 0x00, 0x00, 0x20, 0x02, 0x20, 0x00,
  0x02, 0x04, 0x00, 0x81, 0x20, 0x01, 0x01, 0x41, 0x00, 0x1C, 0x05, 0x00, 0x20, 0x0B, 0x24, 0x44,
  0x40, 0x00, 0x02, 0x00, 0x20, 0x01, 0x00, 0x00, 0x49, 0x11, 0x02, 0xC1, 0x20, 0x01, 0x00, 0x80,
  0x81, 0x10, 0x80, 0x00, 0x20, 0x00, 0x00, 0x00, 0x08, 0x08, 0x08, 0x21, 0x20, 0x00, 0x20, 0x01,
  0x00, 0x10, 0x00, 0x04, 0x20, 0x02, 0x20, 0x0C, 0x89, 0x12, 0xA2, 0x02, 0x20, 0x02, 0x00, 0x00,
  0x00, 0x11, 0x84, 0x88, 0x20, 0x00, 0x02, 0x82, 0x28, 0x01, 0x20, 0x00, 0x08, 0x00, 0x00, 0x10,
  0x11, 0x62, 0x84, 0x64, 0x20, 0x00, 0x00, 0xC0, 0x80, 0x14, 0x08, 0x00, 0x80, 0x00, 0x08, 0x80,
  0x44, 0x00, 0x00, 0x8A, 0x02, 0xA8, 0x00, 0x12, 0x00, 0x00, 0x80, 0x04, 0x00, 0xA8, 0x02, 0x00,
  0x24, 0x00, 0x10, 0x80, 0x00, 0x00, 0x02, 0x72, 0x40, 0x44, 0x00, 0x00, 0x20, 0x80, 0x00, 0x00,
  0x10, 0x24, 0x08, 0x00, 0x00, 0xA8, 0x00, 0x02, 0xC4, 0x01, 0x1C, 0x04, 0x84, 0xA8, 0x02, 0x00,
  0x00, 0x04, 0x20, 0x20, 0x00, 0x88, 0x00, 0x48, 0x08, 0x01, 0x80, 0x04, 0xC0, 0x88, 0x00, 0x01,
  0x40, 0x00, 0x00, 0x03, 0x01, 0x88, 0x08, 0x02, 0x00, 0x01, 0x60, 0x00, 0x08, 0x88, 0x00, 0x04,
  0x04, 0x40, 0x80, 0x0A, 0x44, 0x88, 0x00, 0x22, 0xC0, 0x01, 0x20, 0x12, 0x21, 0x08, 0x02, 0x20,
  0x41, 0x00, 0x40, 0x07, 0x10, 0x80, 0x02, 0x00, 0xC0, 0x40, 0x11, 0x04, 0x90, 0x80, 0x00, 0x02,
  0x19, 0x00, 0xCA, 0xA2, 0x42, 0x00, 0x00, 0x00, 0x00, 0x04, 0x00, 0x0A, 0x00, 0x00, 0x00, 0x00,
  0xC0, 0x04, 0x0C, 0x00, 0x00, 0x00, 0x00, 0x08, 0x80, 0x84, 0x10, 0x00, 0x00, 0x00, 0x00, 0x00,
  0x00, 0x04, 0x00, 0x00, 0x00, 0x00, 0x00, 0x00, 0x00, 0x04, 0x00, 0x00, 0x40, 0x08, 0x00, 0x00,
  0x02, 0x01, 0x00, 0x00, 0x08, 0x00, 0x08, 0x80, 0x00, 0x00, 0x40, 0x40, 0x01, 0x10, 0x05, 0x08,
  0x08, 0x43, 0x01, 0x00, 0x44, 0x20, 0x00, 0x08, 0x48, 0x40, 0x01, 0x00, 0x80, 0x40, 0x01, 0x22,
  0x08, 0x80, 0x02, 0x00, 0x00, 0x00, 0x00, 0x01, 0x88, 0x04, 0x04, 0x00, 0x80, 0x80, 0x22, 0x08,
  0x40, 0x40, 0x00, 0x00, 0x42, 0x10, 0x04, 0xC4, 0x21, 0x00, 0x04, 0x00, 0x44, 0x80, 0x00, 0x20,
  0x00, 0x43, 0x10, 0x10, 0x02, 0x14, 0x05, 0x20, 0x09, 0x04, 0x50, 0x00, 0x04, 0x64, 0x84, 0x21,
  0x01, 0x00, 0x81, 0x00, 0x40, 0x10, 0x04, 0x01, 0x08, 0x44, 0x01, 0x00, 0x00, 0x00, 0x00, 0x14,
  0x24, 0x45, 0x10, 0x00, 0x10, 0x00, 0x00, 0x01, 0x00, 0x00, 0x01, 0x00, 0x60, 0x10, 0x00, 0x09,
  0x28, 0x00, 0x40, 0x01, 0x00, 0x00, 0x80, 0x06, 0x20, 0x22, 0x04, 0x00, 0x00, 0x49, 0x00, 0x23,
  0x00, 0xA0, 0x42, 0x92, 0x00, 0xB1, 0x50, 0x00, 0x00, 0x00, 0x40, 0x00, 0x00, 0x20, 0x00, 0x40,
  0x08, 0x08, 0x40, 0x01, 0x01, 0x00, 0x20, 0x46, 0x10, 0x4A, 0x01, 0x02, 0x00, 0x90, 0x00, 0x01,
  0x01, 0xC0, 0x06, 0x00, 0x02, 0x20, 0x00, 0x08, 0x08, 0x00, 0x05, 0x01, 0x00, 0x41, 0x00, 0x07,
  0x00, 0x40, 0x80, 0x12, 0x00, 0x05, 0x82, 0x91, 0x00, 0x04, 0x01, 0x20, 0x04, 0x29, 0x02, 0x83,
  0x61, 0x00, 0x04, 0x40, 0x00, 0x60, 0x00, 0x05, 0x00, 0x00, 0x45, 0x00, 0x00, 0x20, 0x00, 0x20,
  0x00, 0x80, 0x40, 0x08, 0x00, 0x00, 0x40, 0x10, 0x01, 0x10, 0x81, 0x01, 0x01, 0x11, 0x10, 0x09,
  0x04, 0x00, 0x41, 0x01, 0x00, 0x00, 0x80, 0x44, 0x00, 0x04, 0x04, 0x28, 0x02, 0x12, 0x10, 0x00,
  0x00, 0x00, 0x40, 0x00, 0x02, 0x10, 0x00, 0x00, 0x00, 0x00, 0x00, 0x00, 0x00, 0x00, 0x00, 0x02,
  0x00, 0x00, 0x00, 0x00, 0x0A, 0x08, 0x00, 0x00, 0x40, 0x08, 0x08, 0x02, 0x00, 0xC2, 0x00, 0x00,
  0x00, 0x20, 0x04, 0x08, 0x0A, 0x00, 0x02, 0x00, 0x80, 0x10, 0x20, 0x02, 0x02, 0x40, 0x41, 0x00,
  0x80, 0x20, 0x08, 0x02, 0x01, 0x0A, 0x12, 0x00, 0xC0, 0x00, 0x02, 0x02, 0x00, 0x42, 0x01, 0x02,
  0x83, 0x00, 0x40, 0x02, 0x84, 0x0A, 0x02, 0x04, 0x10, 0x00, 0x04, 0x24, 0x10, 0x40, 0x09, 0x00,
  0x80, 0x00, 0x04, 0x02, 0x00, 0x80, 0x00, 0x00, 0x08, 0x20, 0x40, 0x00, 0x02, 0x48, 0x80, 0x05,
  0x00, 0x00, 0x06, 0x00, 0x02, 0x00, 0x12, 0x04, 0xA0, 0x10, 0x06, 0x00, 0x40, 0x88, 0x01, 0x00,
  0x08, 0x00, 0x04, 0x40, 0x10, 0x41, 0x31, 0x02, 0x04, 0x20, 0x02, 0x00, 0x80, 0x41, 0x10, 0x04,
  0x81, 0x40, 0x02, 0x01, 0x80, 0x08, 0x20, 0x00, 0x10, 0x00, 0x00, 0x04, 0x01, 0x80, 0x02, 0x20,
  0x00, 0x92, 0x20, 0x02, 0x00, 0x00, 0x84, 0x80, 0x00, 0x80, 0x84, 0x05, 0x20, 0x89, 0x00, 0x52,
  0x01, 0x60, 0x00, 0x00, 0x00, 0x00, 0xC2, 0x20, 0x00, 0x20, 0x00, 0x00, 0x44, 0x80, 0x4A, 0x02,
  0x00, 0x80, 0x10, 0x01, 0x10, 0x88, 0x00, 0x50, 0x00, 0x40, 0x00, 0x00, 0xA2, 0x80, 0x04, 0xA2,
  0x04, 0x06, 0x20, 0x12, 0x28, 0x18, 0x00, 0x04, 0x40, 0x90, 0x20, 0x06, 0x12, 0x40, 0xC0, 0x00,
  0x00, 0xC8, 0x20, 0x08, 0x22, 0x00, 0x00, 0x00, 0x00, 0xA0, 0x90, 0x00, 0x00, 0x02, 0x0C, 0x40,
  0x00, 0x20, 0x00, 0x06, 0x00, 0x02, 0x00, 0x00, 0x01, 0x20, 0x00, 0x95, 0x20, 0x80, 0x82, 0x02,
  0x02, 0x90, 0x00, 0x22, 0x28, 0x08, 0x8A, 0x00, 0x00, 0x81, 0x40, 0x00, 0x00, 0x00, 0x00, 0x00,
  0x00, 0x10, 0x00, 0x00, 0x82, 0x80, 0x0C, 0x00, 0x00, 0x80, 0x30, 0x88, 0x00, 0x00, 0x0A, 0x00,
  0x00, 0x01, 0x40, 0x00, 0x00, 0x00, 0x00, 0x00, 0x00, 0x00, 0x00, 0x20, 0x00, 0x00, 0x00, 0x00,
  0x00, 0x04, 0x00, 0x00, 0x00, 0x00, 0x20, 0x10, 0x00, 0x02, 0x00, 0x00, 0x00, 0x00, 0x40, 0x30,
  0x20, 0x00, 0x20, 0x14, 0x0A, 0x00, 0x24, 0x01, 0x04, 0x00, 0x60, 0x00, 0x00, 0x00, 0x54, 0x91,
  0x02, 0x41, 0x01, 0x04, 0x10, 0x50, 0x00, 0x10, 0x20, 0x00, 0x00, 0x00, 0x44, 0xA0, 0x04, 0x01,
  0x40, 0x5A, 0x01, 0x02, 0x08, 0x10, 0x00, 0x01, 0x08, 0x00, 0x08, 0x00, 0x00, 0x00, 0x00, 0x09,
  0x00, 0x80, 0x10, 0x04, 0x40, 0x10, 0x04, 0x00, 0x00, 0x00, 0x00, 0x00, 0x00, 0x20, 0x22, 0x08,
  0x04, 0x44, 0x00, 0x01, 0x40, 0x00, 0x02, 0x49, 0x84, 0x90, 0x08, 0x04, 0x00, 0x10, 0x00, 0x49,
  0x40, 0x06, 0x00, 0x08, 0x90, 0x20, 0x40, 0x11, 0x04, 0x06, 0x0D, 0x01, 0x40, 0x00, 0x00, 0x00,
  0x80, 0x00, 0x40, 0x00, 0x80, 0x10, 0x00, 0x00, 0x00, 0x00, 0x40, 0x02, 0x00, 0x22, 0x10, 0x04,
  0x50, 0x02, 0x81, 0x00, 0x04, 0xA2, 0x08, 0x40, 0x04, 0x00, 0x40, 0x00, 0x08, 0x00, 0x10, 0x00,
  0x00, 0x02, 0x00, 0x40, 0x00, 0x00, 0x00, 0x22, 0x12, 0x80, 0x02, 0x22, 0x08, 0x40, 0x00, 0x04,
  0x02, 0x80, 0x40, 0x08, 0x02, 0x00, 0x10, 0x00, 0x00, 0x00, 0x00, 0x50, 0x00, 0x06, 0x20, 0x20,
  0x00, 0x00, 0x00, 0x60, 0x80, 0x88, 0x40, 0x00, 0x01, 0x84, 0x00, 0x82, 0x05, 0x00, 0x10, 0x28,
  0x00, 0x41, 0x00, 0x10, 0x40, 0x02, 0x80, 0x00, 0x01, 0x02, 0x12, 0x00, 0x04, 0x00, 0x20, 0x02,
  0x00, 0x04, 0x04, 0x00, 0x08, 0x00, 0x00, 0x02, 0x00, 0x02, 0x02, 0x02, 0x08, 0x81, 0x00, 0x4A,
  0x01, 0x00, 0x10, 0x0A, 0x08, 0x40, 0x20, 0x00, 0x01, 0x00, 0x40, 0x41, 0x00, 0x20, 0x10, 0x22,
  0x4C, 0x83, 0x00, 0x21, 0x04, 0x40, 0x00, 0x00, 0x00, 0x00, 0x12, 0x00, 0x00, 0x80, 0x00, 0x00,
  0x00, 0x00, 0x00, 0x00, 0x00, 0x00, 0x00, 0x14, 0x02, 0x00, 0x00, 0x00, 0xA0, 0x10, 0x00, 0x00,
  0x00, 0x00, 0x00, 0x00, 0x02, 0x00, 0x40, 0x00, 0x03, 0x00, 0x08, 0x00, 0x04, 0x00, 0x20, 0x00,
  0x00, 0x80, 0x02, 0xA8, 0x10, 0x00, 0x02, 0x04, 0x43, 0x10, 0x01, 0xA0, 0x00, 0x21, 0x40, 0x00,
  0x05, 0x00, 0x02, 0x01, 0x00, 0x02, 0x00, 0x04, 0x00, 0x45, 0x01, 0x88, 0x00, 0x00, 0x10, 0x00,
  0x65, 0x80, 0x00, 0x80, 0x82, 0x82, 0x90, 0x04, 0x60, 0x10, 0x01, 0x10, 0x06, 0x00, 0x05, 0x01,
  0x23, 0x00, 0x00, 0x40, 0x02, 0x10, 0x00, 0x10, 0x20, 0x00, 0x48, 0x02, 0x10, 0x00, 0x00, 0x00,
  0x23, 0x00, 0x00, 0x02, 0x14, 0x00, 0x30, 0x00, 0xD1, 0x80, 0x02, 0x12, 0x80, 0x00, 0x44, 0x02,
  0x15, 0x20, 0x0A, 0x00, 0x84, 0x00, 0x00, 0x00, 0x04, 0x00, 0x02, 0x00, 0x00, 0x10, 0x19, 0x00,
  0x01, 0x80, 0x00, 0x00, 0x00, 0x80, 0x01, 0x40, 0x04, 0x04, 0x00, 0x00, 0x04, 0x04, 0x01, 0x20,
  0x00, 0x08, 0x30, 0x08, 0x25, 0x04, 0x00, 0x01, 0x00, 0x01, 0x00, 0x00, 0x00, 0x00, 0x01, 0x00,
  0x00, 0x00, 0x00, 0x00, 0x00, 0x10, 0x20, 0x00, 0x00, 0x00, 0x00, 0x20, 0x68, 0x01, 0x02, 0x21,
  0x04, 0x05, 0xA0, 0x02, 0x11, 0x08, 0x00, 0x00, 0x00, 0xC0, 0x20, 0x06, 0x01, 0x95, 0x04, 0x01,
  0x04, 0x21, 0x10, 0x00, 0x18, 0x04, 0x02, 0x98, 0x00, 0x11, 0x00, 0x00, 0x10, 0x0A, 0x42, 0x42,
  0x04, 0x00, 0x00, 0x00, 0x00, 0x00, 0x00, 0x20, 0x01, 0x40, 0x20, 0x00, 0x10, 0x00, 0x40, 0x40,
  0x00, 0x00, 0x00, 0x00, 0x02, 0x00, 0x40, 0x10, 0x00, 0x20, 0x00, 0x00, 0x00, 0x40, 0x41, 0x30,
  0x00, 0x28, 0x00, 0x04, 0x10, 0x60, 0x00, 0x00, 0x00, 0x00, 0x00, 0x04, 0x11, 0x00, 0x52, 0x08,
  0x00, 0x25, 0x00, 0x00, 0x00, 0x00, 0x40, 0x00, 0x06, 0x04, 0x00, 0x00, 0x00, 0x00, 0x00, 0x00,
  0x00, 0x00, 0x00, 0x00, 0x00, 0x00, 0x00, 0x00, 0x00, 0x00, 0x00, 0x10, 0x00, 0x00, 0x68, 0x00,
  0x02, 0x80, 0x01, 0x00, 0x00, 0x00, 0x80, 0x20, 0x00, 0x00, 0x04, 0x90, 0x00, 0x29, 0x90, 0x20,
  0x8A, 0x00, 0x00, 0x00, 0x24, 0x81, 0x41, 0x20, 0x04, 0x00, 0x40, 0x40, 0x20, 0x14, 0x70, 0x20,
  0x00, 0x42, 0x00, 0x30, 0x01, 0x00, 0x68, 0x00, 0x00, 0x00, 0x40, 0x80, 0x00, 0x08, 0x02, 0x00,
  0x06, 0x80, 0x40, 0x80, 0x01, 0x85, 0xA8, 0x10, 0x60, 0x80, 0x40, 0x80, 0x2C, 0x00, 0x02, 0x00,
  0x00, 0x40, 0x10, 0x88, 0x00, 0x00, 0x50, 0x00, 0x08, 0x80, 0x01, 0x10, 0xC0, 0x28, 0x44, 0x04,
  0x84, 0x00, 0x44, 0xA8, 0x20, 0x18, 0x46, 0x00, 0x80, 0x01, 0x01, 0x90, 0x04, 0x00, 0x04, 0x00,
  0x08, 0x00, 0x40, 0x28, 0x02, 0x88, 0x04, 0x00, 0x02, 0x42, 0x00, 0x40, 0x00, 0x00, 0x00, 0x00,
  0x00, 0x00, 0x00, 0x00, 0x10, 0x00, 0x01, 0x06, 0x00, 0x18, 0x00, 0x20, 0x00, 0x01, 0xB0, 0x41,
  0x01, 0x04, 0x00, 0x40, 0x88, 0x40, 0x00, 0xA0, 0x00, 0x00, 0x40, 0x00, 0x50, 0x00, 0x09, 0x00,
  0x00, 0x00, 0x02, 0x00, 0x40, 0x01, 0x1A, 0x30, 0x20, 0x02, 0xC0, 0x50, 0x90, 0x20, 0x02, 0x00,
  0x00, 0x02, 0x01, 0x20, 0x00, 0x02, 0x0A, 0x25, 0x80, 0x00, 0x00, 0x40, 0x00, 0x04, 0x00, 0xA0,
  0x10, 0x80, 0x00, 0x22, 0x00, 0x00, 0x00, 0x00, 0x20, 0x17, 0x00, 0x42, 0x80, 0x00, 0x01, 0x09,
  0x00, 0x82, 0xC0, 0x00, 0x00, 0x10, 0x00, 0x40, 0x00, 0x00, 0x00, 0x04, 0x08, 0x00, 0x00, 0x44,
  0x00, 0x00, 0x01, 0x01, 0x10, 0x20, 0x10, 0x82, 0x00, 0x81, 0x02, 0x81, 0x50, 0x20, 0x00, 0x40,
  0x00, 0x00, 0x42, 0x00, 0x80, 0x24, 0x00, 0x40, 0x00, 0x04, 0x40, 0x40, 0x10, 0x04, 0x82, 0x84,
  0x00, 0x00, 0x40, 0x00, 0x40, 0x24, 0x00, 0x00, 0x00, 0x00, 0x00, 0x00, 0x00, 0x00, 0x00, 0x04,
  0x00, 0x00, 0x10, 0x00, 0x00, 0x00, 0x00, 0x40, 0x00, 0x00, 0x00, 0x20, 0x08, 0x00, 0x00, 0x40,
  0x00, 0x00, 0x02, 0x80, 0x0A, 0x00, 0x11, 0x00, 0x16, 0x10, 0x00, 0x00, 0x01, 0x00, 0x10, 0xA0,
  0x02, 0x21, 0x40, 0x00, 0x44, 0x41, 0x10, 0x10, 0x02, 0x40, 0x00, 0x80, 0x00, 0x00, 0x08, 0x00,
  0x04, 0x00, 0x0A, 0x00, 0x02, 0x80, 0x02, 0x20, 0x28, 0x00, 0x94, 0x60, 0x00, 0x00, 0x06, 0x00,
  0x00, 0x80, 0x04, 0x80, 0x08, 0x02, 0x00, 0x00, 0x00, 0xA0, 0x20, 0x00, 0x04, 0x00, 0x0A, 0x00,
  0x00, 0x22, 0x00, 0x30, 0x13, 0x40, 0xE8, 0x80, 0x14, 0x24, 0x50, 0x08, 0x40, 0x00, 0x00, 0x00,
  0x00, 0x01, 0x10, 0x00, 0x0A, 0x80, 0xC0, 0x00, 0x00, 0x20, 0x20, 0x40, 0x22, 0x01, 0x20, 0xA0,
  0x08, 0x05, 0x80, 0x62, 0x98, 0x00, 0x40, 0x10, 0x00, 0x20, 0x08, 0x0A, 0x00, 0x00, 0x00, 0x05,
  0x00, 0x04, 0x02, 0x80, 0x60, 0x00, 0x00, 0x90, 0x30, 0x20, 0x00, 0x54, 0x00, 0x00, 0x42, 0x20,
  0x20, 0x16, 0x50, 0x00, 0x00, 0x04, 0x00, 0x00, 0x00, 0x00, 0x02, 0x20, 0x00, 0x8A, 0x40, 0x81,
  0x00, 0x00, 0x00, 0x00, 0x42, 0x18, 0x00, 0x81, 0x40, 0x0C, 0x08, 0x40, 0x00, 0x08, 0x00, 0x05,
  0x10, 0x20, 0x10, 0x00, 0x00, 0x00, 0x03, 0x21, 0x90, 0x32, 0x00, 0x08, 0x00, 0x40, 0x00, 0x20,
  0x10, 0x08, 0x00, 0x20, 0x90, 0x00, 0x00, 0x10, 0x00, 0x04, 0x80, 0xA0, 0x00, 0x00, 0x00, 0x20,
  0x00, 0x00, 0x18, 0x02, 0x00, 0x02, 0x00, 0x16, 0x00, 0x00, 0x10, 0x00, 0x00, 0x0A, 0x40, 0x00,
  0x40, 0x04, 0x00, 0x14, 0x00, 0x0B, 0x40, 0x20, 0x20, 0x00, 0x58, 0x42, 0x00, 0x82, 0x00, 0x00,
  0x00, 0x00, 0x09, 0x22, 0x20, 0x92, 0x00, 0x00, 0x80, 0x02, 0x08, 0x41, 0x00, 0x00, 0x00, 0x02,
  0x10, 0x00, 0x00, 0x00, 0x00, 0x00, 0x00, 0x01, 0x00, 0x00, 0x00, 0x00, 0x00, 0x00, 0x04, 0x00,
  0x20, 0x00, 0x00, 0x00, 0x00, 0x00, 0x00, 0x00, 0x00, 0x40, 0x12, 0x80, 0x01, 0x00, 0x8A, 0x00,
  0x01, 0x00, 0x00, 0x80, 0x00, 0x40, 0x82, 0x00, 0x80, 0xC2, 0x02, 0x40, 0x20, 0x00, 0x0A, 0x00,
  0x80, 0x80, 0x42, 0x10, 0x20, 0x4A, 0x00, 0x00, 0x80, 0x02, 0x10, 0x00, 0x20, 0x04, 0x01, 0x01,
  0x81, 0x02, 0x20, 0x80, 0x10, 0x13, 0x00, 0x80, 0x80, 0x00, 0x00, 0x00, 0x00, 0x12, 0x00, 0x00,
  0x08, 0x42, 0x09, 0x00, 0x00, 0x02, 0x22, 0x00, 0x01, 0x00, 0x08, 0x20, 0x00, 0x04, 0x84, 0x02,
  0x00, 0x00, 0x00, 0x24, 0x01, 0x20, 0x08, 0x40, 0x29, 0x40, 0x10, 0x00, 0x20, 0x01, 0x02, 0x20,
  0x10, 0x02, 0x00, 0x88, 0x22, 0x00, 0x08, 0x00, 0x00, 0xC0, 0x02, 0x00, 0x41, 0x00, 0x00, 0x80,
  0x20, 0x02, 0x21, 0x28, 0x20, 0x00, 0x04, 0x89, 0x00, 0x80, 0x41, 0x00, 0x40, 0x02, 0x10, 0x01,
  0x00, 0x08, 0x80, 0x04, 0x00, 0x0A, 0x04, 0x12, 0x00, 0x09, 0x01, 0x03, 0x80, 0x00, 0x40, 0x00,
  0x00, 0x00, 0x80, 0x01, 0x10, 0x00, 0x10, 0x10, 0x01, 0x80, 0x82, 0x00, 0x20, 0x20, 0x20, 0x04,
  0x10, 0x40, 0x02, 0x04, 0x40, 0x21, 0x40, 0x0C, 0x00, 0x00, 0x80, 0x00, 0x88, 0x02, 0x00, 0x08,
  0x00, 0x80, 0x00, 0x4C, 0x80, 0x20, 0x08, 0x08, 0x00, 0x00, 0x02, 0x00, 0x00, 0x09, 0x30, 0x08,
  0x04, 0x00, 0x40, 0x01, 0x80, 0x03, 0x32, 0x02, 0x00, 0x80, 0x00, 0x04, 0x80, 0x08, 0x08, 0xA0,
  0x40, 0x01, 0x00, 0x00, 0x00, 0x00, 0x02, 0x00, 0x00, 0x81, 0x00, 0x40, 0x00, 0x11, 0x28, 0x00,
  0x80, 0x20, 0x00, 0x02, 0x80, 0x11, 0x2A, 0x0D, 0x00, 0x81, 0x02, 0x00, 0x80, 0x20, 0x08, 0x14,
  0x80, 0x80, 0x02, 0x09, 0x88, 0x06, 0x10, 0x08, 0x00, 0x00, 0x00, 0x00, 0x18, 0x21, 0x20, 0x00,
  0x00, 0x00, 0x00, 0x00, 0x00, 0x00, 0x00, 0x00, 0x00, 0x00, 0x00, 0x00, 0x80, 0x00, 0x00, 0x00,
  0x00, 0x02, 0x00, 0x80, 0x22, 0x00, 0x04, 0x84, 0x00, 0x42, 0x00, 0x00, 0x40, 0x00, 0x98, 0x10,
  0x00, 0x04, 0x03, 0x00, 0x40, 0x02, 0x50, 0x04, 0x08, 0x18, 0x01, 0x00, 0x80, 0x42, 0x00, 0x40,
  0x11, 0x00, 0x00, 0x00, 0x80, 0x40, 0x00, 0xA0, 0x30, 0x4A, 0x04, 0x04, 0xCA, 0x02, 0x01, 0x04,
  0x01, 0x10, 0x00, 0x00, 0xC0, 0x01, 0x00, 0x4C, 0x11, 0x00, 0x22, 0x40, 0x20, 0x41, 0x00, 0x08,
  0x10, 0x00, 0x80, 0x00, 0x01, 0x00, 0x00, 0x20, 0x11, 0x18, 0x12, 0xC0, 0x00, 0x00, 0x02, 0x40,
  0x80, 0x01, 0x02, 0x00, 0x00, 0x42, 0xA0, 0x10, 0x11, 0x20, 0x00, 0x10, 0x45, 0x00, 0x02, 0x00,
  0x20, 0x12, 0x90, 0x20, 0x02, 0x00, 0x00, 0x00, 0x40, 0x00, 0x12, 0x01, 0x05, 0x00, 0x01, 0x00,
  0x20, 0x10, 0x02, 0x84, 0x00, 0x80, 0x42, 0x00, 0xC0, 0x00, 0x18, 0x10, 0x00, 0x00, 0x00, 0x00,
  0x00, 0x01, 0x09, 0x01, 0x21, 0xB0, 0x40, 0x41, 0x00, 0x40, 0x04, 0x40, 0x00, 0x01, 0x00, 0x01,
  0x40, 0x00, 0x20, 0x80, 0x01, 0x20, 0x40, 0x18, 0x24, 0x20, 0x14, 0xA0, 0x00, 0x80, 0x42, 0x04,
  0x00, 0x00, 0x04, 0x88, 0x00, 0x40, 0x00, 0xA0, 0x80, 0x02, 0x11, 0x84, 0x00, 0x80, 0x00, 0x00,
  0x40, 0x00, 0x4A, 0x20, 0x80, 0x18, 0x02, 0x80, 0x40, 0x21, 0x24, 0x80, 0x00, 0x02, 0x01, 0x01,
  0x44, 0x00, 0x08, 0x00, 0x00, 0x00, 0x80, 0x00, 0x94, 0x05, 0x12, 0x00, 0x00, 0x00, 0x00, 0x00,
  0x40, 0x00, 0x10, 0x04, 0x00, 0xC0, 0x40, 0x01, 0x00, 0x10, 0x2C, 0x00, 0x00, 0x40, 0x00, 0x01,
  0x00, 0x09, 0x00, 0x20, 0x00, 0x00, 0x40, 0x00, 0x44, 0x10, 0x00, 0x21, 0x00, 0x04, 0x42, 0x80,
  0x00, 0x20, 0x81, 0x04, 0x20, 0x00, 0x80, 0x01, 0x00, 0x10, 0x00, 0x00, 0x00, 0x00, 0x01, 0x11,
  0x00, 0x00, 0x00, 0x04, 0x00, 0x00, 0x00, 0x00, 0x00, 0x00, 0x00, 0x00, 0x00, 0x0F, 0x0F, 0xFC,
  0xCF, 0xF5, 0x7F, 0xFD, 0xFD, 0xD5, 0x0E, 0x4F, 0xFF, 0xF5, 0x51, 0x5C, 0xCF, 0xDD, 0x1F, 0x0D,
  0x1F, 0x0D, 0xDF, 0x5F, 0x5D, 0xDC, 0xCF, 0xD5, 0xCF, 0xFF, 0x8F, 0xD5, 0xDF, 0xDF, 0xFF, 0xF0,
  0x0F, 0x0F, 0x00, 0x00, 0x0C, 0xC0, 0x20, 0x30, 0xDD, 0xDA, 0xAF, 0xF0, 0x0F, 0x04, 0x45, 0x5B,
  0xF0, 0x00, 0x0D, 0xD3, 0x33, 0x3F, 0xDF, 0xFF, 0xFF, 0x42, 0x22, 0x2F, 0x00, 0x0F, 0x0C, 0xF0,
  0x00, 0x05, 0xDF, 0xF0, 0x00, 0x0D, 0xCD, 0xDF, 0xFF, 0x5E, 0x44, 0xE3, 0x00, 0xFC, 0x4F, 0xFF,
  0x53, 0xFF, 0xDF, 0x0F, 0xF0, 0x09, 0x99, 0x9D, 0x5F, 0x5F, 0xFF, 0xFF, 0x0F, 0xFB, 0x5F, 0xFC,
  0xCF, 0xFD, 0xFD, 0xDF, 0xFB, 0xFF, 0xF0, 0x0D, 0xDD, 0xDA, 0xA5, 0x5F, 0xF0, 0x00, 0x0A, 0xA2,
  0xA0, 0x00, 0x0F, 0xFF, 0xF0, 0x0F, 0x0C, 0xCC, 0xC0, 0x00, 0x00, 0x00, 0x00, 0x00, 0x00, 0x00,
  0x03, 0xF6, 0xF2, 0x10, 0x0E, 0xE7, 0xE0, 0xFF, 0xF0, 0x00, 0x0E, 0xE0, 0x0F, 0xFF, 0xFF, 0xF3,
  0xFF, 0xFF, 0xBA, 0xAF, 0xF1, 0x11, 0x10, 0x0F, 0xFF, 0xF5, 0x5E, 0x4E, 0x40, 0x0F, 0xF0, 0x08,
  0x00, 0x00, 0x0F, 0xF5, 0x50, 0xFF, 0xFE, 0xCF, 0xDF, 0x0F, 0xFC, 0x0C, 0xF7, 0x4F, 0xF7, 0xC7,
  0xF0, 0x50, 0xFF, 0x0F, 0xF3, 0x0F, 0xFF, 0x0A, 0x8F, 0x0F, 0xDF, 0x0A, 0x82, 0x0A, 0x82, 0xAA,
  0x2F, 0xFF, 0xF3, 0x33, 0x00, 0x00, 0x03, 0xFF, 0xFF, 0xFF, 0xF0, 0x00, 0x00, 0x00, 0x0E, 0xBC,
  0xCE, 0xBC, 0xCE, 0xBC, 0xCE, 0xBC, 0xCE, 0xBC, 0xCE, 0xBC, 0xCA, 0xBF, 0xCE, 0xBF, 0xF0, 0x00,
  0x0F, 0xFF, 0xFF, 0xFF, 0xFF, 0xFF, 0xFF, 0xFF, 0xFB, 0xBA, 0xAD, 0xDF, 0xFA, 0xAA, 0xAF, 0xFF,
  0xBF, 0xFF, 0xFF, 0xF0, 0x05, 0x75, 0x50, 0x00, 0x00, 0x00, 0x00, 0x00, 0x00, 0x00, 0x00, 0x00,
  0x00, 0x00, 0x00, 0x00, 0x00, 0x00, 0x00, 0x00, 0x00, 0x0F, 0x0F, 0xFC, 0xCF, 0xFF, 0xFF, 0xFF,
  0xFF, 0xFF, 0xAE, 0x4F, 0xF3, 0xB5, 0x55, 0x5C, 0xEF, 0xFF, 0xFF, 0xFF, 0xFF, 0xFF, 0x5F, 0x5D,
  0xDD, 0xDC, 0xEF, 0xF5, 0x5F, 0xFF, 0x0F, 0xF5, 0x5F, 0xFF, 0xFB, 0xF0, 0x0F, 0x0F, 0x00, 0x00,
  0x0C, 0x00, 0x20, 0x30, 0xFF, 0xFA, 0xAF, 0xF0, 0x0F, 0x04, 0x45, 0x53, 0xF0, 0x00, 0x0D, 0xDF,
  0xFF, 0xF2, 0x72, 0x71, 0xF1, 0xF2, 0x22, 0x2F, 0x0F, 0xFF, 0x0A, 0xA0, 0x00, 0x0D, 0xDF, 0xF0,
  0x00, 0x0F, 0xCF, 0xFF, 0xCF, 0x5E, 0x4E, 0xE7, 0x40, 0xFF, 0x5F, 0xFF, 0x5F, 0xFF, 0xFF, 0xFF,
  0xF0, 0x0F, 0xF7, 0x7F, 0xFF, 0xFF, 0xF5, 0x5F, 0x0F, 0xFB, 0x5F, 0xF4, 0xC5, 0xFC, 0xEC, 0xDF,
  0xFB, 0xBF, 0xF0, 0x0F, 0xFF, 0xF0, 0x0F, 0xF0, 0x0F, 0xF0, 0x0F, 0xF3, 0xF0, 0x00, 0x00, 0x0F,
  0xF0, 0x0F, 0x08, 0x8C, 0xCF, 0x30, 0x30, 0x04, 0x00, 0x0C, 0x00, 0x10, 0x0F, 0xFF, 0xF0, 0x00,
  0x0F, 0xFF, 0xF0, 0xFF, 0xF0, 0x00, 0x00, 0x00, 0x0F, 0xFF, 0xFF, 0xF3, 0xFF, 0xFF, 0xFA, 0xAF,
  0xF1, 0x11, 0x14, 0x0F, 0xF7, 0xF5, 0x5E, 0x4F, 0xF5, 0x4F, 0xE0, 0x00, 0x0C, 0xDC, 0xC5, 0x5F,
  0xF0, 0xFF, 0xFE, 0xCF, 0xDF, 0x5F, 0x5F, 0xFF, 0xF7, 0x4F, 0xF0, 0x00, 0x0F, 0xC0, 0x0C, 0xCF,
  0xFF, 0xCF, 0xFF, 0x0F, 0xFF, 0x0B, 0xBF, 0x0F, 0xF3, 0x1B, 0x97, 0xFF, 0x7F, 0xFF, 0xF1, 0x33,
  0x00, 0x00, 0x0F, 0x3F, 0xFF, 0xFF, 0xF0, 0x0C, 0x80, 0x00, 0x0E, 0xBC, 0xCE, 0xBC, 0xCE, 0xBC,
  0xCE, 0xBC, 0xCE, 0xBC, 0xCE, 0xBC, 0xCF, 0xEF, 0xFE, 0xBF, 0xF0, 0x00, 0xAF, 0xFF, 0xFF, 0xFA,
  0xAF, 0xFF, 0xFF, 0xFE, 0xFA, 0xAA, 0xAD, 0xDF, 0xF0, 0xA2, 0xAF, 0xFF, 0xBF, 0xFF, 0xFF, 0xF0,
  0x05, 0x55, 0x50, 0x00, 0x00, 0x00, 0x00, 0x00, 0x00, 0x00, 0x00, 0x00, 0x00, 0x20, 0x00, 0x00,
  0x00, 0x00, 0x00, 0x00, 0x00, 0x02, 0x08, 0x10, 0x11, 0x36, 0x20, 0x10, 0x40, 0x10, 0x04, 0x10,
  0x11, 0x76, 0x00, 0x10, 0x40, 0x12, 0x08, 0x10, 0x11, 0x76, 0x20, 0x10, 0x40, 0x12, 0x08, 0x10,
  0x10, 0x36, 0x20, 0x10, 0x40, 0x16, 0x08, 0x12, 0x10, 0x12, 0x20, 0x10, 0x40, 0x16, 0x08, 0x10,
  0x00, 0x36, 0x20, 0x50, 0x40, 0x16, 0x08, 0x12, 0x11, 0x36, 0x20, 0x50, 0x40, 0x16, 0x08, 0x10,
  0x01, 0x36, 0x20, 0x50, 0x40, 0x54, 0x0C, 0x02, 0x10, 0x36, 0x20, 0x50, 0x40, 0x42, 0x00, 0x00,
  0x04, 0x00, 0x04, 0x00, 0x10, 0x02, 0x00, 0x00, 0x04, 0x30, 0x04, 0x00, 0x40, 0x16, 0x08, 0x02,
  0x14, 0x12, 0x20, 0x50, 0x40, 0x56, 0x08, 0x12, 0x10, 0x12, 0x20, 0x50, 0x40, 0x52, 0x08, 0x10,
  0x10, 0x30, 0x20, 0x10, 0x40, 0x10, 0x02, 0x00, 0x00, 0x00, 0x12, 0x20, 0x10, 0x40, 0x16, 0x08,
  0x12, 0x10, 0x12, 0x20, 0x50, 0x40, 0x12, 0x00, 0x10, 0x00, 0x00, 0x00, 0x10, 0x00, 0x16, 0x08,
  0x02, 0x10, 0x12, 0x20, 0x50, 0x40, 0x52, 0x00, 0x10, 0x00, 0x32, 0x20, 0x10, 0x40, 0x12, 0x08,
  0x10, 0x11, 0x36, 0x20, 0x10, 0x40, 0x12, 0x00, 0x10, 0x01, 0x36, 0x20, 0x10, 0x40, 0x12, 0x08,
  0x10, 0x11, 0x36, 0x20, 0x10, 0x40, 0x12, 0x00, 0x10, 0x01, 0x32, 0x20, 0x10, 0x40, 0x14, 0x0C,
  0x02, 0x15, 0x32, 0x24, 0x40, 0x40, 0x56, 0x08, 0x12, 0x10, 0x32, 0x24, 0x40, 0x40, 0x42, 0x00,
  0x10, 0x00, 0x00, 0x00, 0x10, 0x00, 0x00, 0x18, 0x81, 0x13, 0x72, 0x70, 0x00, 0x64, 0x00, 0x18,
  0x81, 0x12, 0x32, 0x30, 0x00, 0x44, 0x02, 0x00, 0x10, 0x00, 0x00, 0x00, 0x10, 0x00, 0x12, 0x00,
  0x10, 0x00, 0x30, 0x00, 0x10, 0x40, 0x12, 0x00, 0x10, 0x00, 0x30, 0x20, 0x10, 0x40, 0x10, 0x00,
  0x00, 0x00, 0x00, 0x00, 0x00, 0x00, 0x00, 0x00, 0x00, 0x20, 0x00, 0x00, 0x00, 0x00, 0x00, 0x00,
  0x00, 0x04, 0x00, 0x20, 0x00, 0x00, 0x08, 0x00, 0x00, 0x24, 0x00, 0x20, 0x00, 0xA4, 0x40, 0x20,
  0xC8, 0x00, 0x31, 0x02, 0x24, 0xA4, 0xE0, 0x00, 0xC8, 0x00, 0x31, 0x02, 0x24, 0xA4, 0xE0, 0x00,
  0xC8, 0x00, 0x31, 0x02, 0x24, 0x24, 0xE0, 0x00, 0x08, 0x04, 0x00, 0x00, 0x28, 0x60, 0x48, 0x00,
  0x80, 0x24, 0x10, 0x20, 0x20, 0x24, 0x40, 0x20, 0x80, 0x2C, 0x10, 0x24, 0x20, 0x24, 0x40, 0x20,
  0x80, 0x28, 0x10, 0x04, 0x20, 0x24, 0x40, 0xA0, 0x80, 0x2C, 0x10, 0x04, 0x20, 0x6C, 0x40, 0xA0,
  0xA0, 0x8C, 0x10, 0x24, 0x20, 0x24, 0x40, 0xA0, 0x80, 0xA4, 0x10, 0x20, 0x20, 0x6C, 0x40, 0x20,
  0x80, 0x2C, 0x10, 0x24, 0x20, 0x6C, 0x40, 0xA6, 0x85, 0x84, 0x00, 0x00, 0x08, 0x00, 0x00, 0x20,
  0x00, 0x20, 0x0C, 0x10, 0x24, 0x20, 0x24, 0x40, 0xA0, 0x80, 0x2C, 0x10, 0x00, 0x00, 0x64, 0x40,
  0xA0, 0x00, 0x24, 0x00, 0x00, 0x08, 0x00, 0x08, 0x00, 0x20, 0x08, 0x10, 0x04, 0x20, 0x24, 0x40,
  0xA0, 0x80, 0x2C, 0x10, 0x04, 0x28, 0x24, 0x40, 0x20, 0x80, 0x2C, 0x10, 0x04, 0x28, 0x24, 0x40,
  0xA0, 0x80, 0xA4, 0x00, 0x20, 0x00, 0x64, 0x40, 0x20, 0x80, 0x20, 0x08, 0x20, 0x20, 0x6C, 0x00,
  0x20, 0x00, 0x24, 0x10, 0x20, 0x20, 0x24, 0x40, 0x20, 0x80, 0x28, 0x10, 0x04, 0x22, 0x64, 0x40,
  0xA0, 0x80, 0x2C, 0x10, 0x24, 0x20, 0x64, 0x40, 0xA0, 0x80, 0xAC, 0x10, 0x04, 0x20, 0x60, 0x40,
  0xA0, 0x8C, 0xE4, 0x01, 0x20, 0x04, 0x00, 0x20, 0x20, 0x08, 0x24, 0x00, 0x20, 0x00, 0x00, 0x00,
  0x20, 0x00, 0x2C, 0x10, 0x24, 0x20, 0x24, 0x40, 0xA0, 0x80, 0x24, 0x10, 0x20, 0x20, 0x60, 0x40,
  0x20, 0x80, 0x24, 0x00, 0x00, 0x00, 0x00, 0x00, 0x20, 0x00, 0x20, 0x00, 0x00, 0x00, 0x00, 0x00,
  0x00, 0x00, 0x00, 0x00, 0x00, 0x00, 0x00, 0x00, 0x00, 0x00, 0x00, 0x00, 0x00, 0x0F, 0xFF, 0xFF,
  0xFF, 0xFF, 0xAE, 0x4F, 0xFF, 0xFF, 0xFF, 0xF0, 0x00, 0x00, 0xFF, 0xF5, 0xA5, 0x5D, 0x7C, 0xCD,
  0x7C, 0xCE, 0xBC, 0xCE, 0xBC, 0xCE, 0xBC, 0xCE, 0xBC, 0xCE, 0xBC, 0xCE, 0xBC, 0xCE, 0xBC, 0xCE,
  0xBC, 0xCE, 0xBC, 0xCF, 0xFF, 0xFD, 0xCD, 0xCB, 0xFF, 0xEC, 0x4D, 0xF3, 0xB3, 0x30, 0x0C, 0x04,
  0x44, 0x00, 0xCC, 0xCE, 0xEE, 0x00, 0xF0, 0x20, 0x0C, 0xC1, 0x05, 0x07, 0x5F, 0x50, 0x00, 0x00,
  0x00, 0x00, 0x00, 0x0E, 0x0F, 0xFC, 0xFF, 0xF0, 0x00, 0x04, 0x7F, 0xFE, 0xEE, 0xEF, 0xFF, 0xF0,
  0x0D, 0x0F, 0xFD, 0xD0, 0x0D, 0x04, 0x04, 0x00, 0x35, 0x74, 0x0F, 0xF0, 0x0F, 0xFC, 0xFC, 0xFF,
  0xFF, 0x55, 0x5F, 0xF0, 0x00, 0x0F, 0xFF, 0xFF, 0xC5, 0xFF, 0x5F, 0xF0, 0x0F, 0x30, 0x0F, 0xFF,
  0x04, 0x0F, 0xFF, 0x3F, 0x28, 0xAC, 0xF0, 0x04, 0x40, 0x00, 0x0F, 0xFF, 0xFF, 0xFF, 0xEF, 0xCF,
  0xFF, 0xFD, 0xC1, 0xB0, 0x5F, 0xFF, 0xF0, 0x00, 0x00, 0x00, 0x0B, 0xFF, 0x9C, 0x0C, 0x0A, 0xAF,
  0xFE, 0xEF, 0x0E, 0xEF, 0xEC, 0xCF, 0xFF, 0xBF, 0xF9, 0xFF, 0xF5, 0x95, 0x9F, 0xFA, 0xA0, 0x00,
  0x0F, 0x0F, 0xFF, 0x0F, 0xF0, 0xCF, 0xCB, 0x3B, 0x3F, 0xFF, 0xBF, 0xF0, 0xFF, 0xFF, 0xFF, 0xFF,
  0xF5, 0x5F, 0x5F, 0xFF, 0xF0, 0x8A, 0x80, 0x00, 0x00, 0x00, 0x0C, 0x50, 0xFF, 0x1F, 0xDF, 0xFF,
  0xF0, 0x03, 0x3F, 0xFF, 0xFF, 0xFF, 0xF0, 0x0F, 0xF0, 0x00, 0x0C, 0x3C, 0x3F, 0xF7, 0xBF, 0xFE,
  0x7F, 0xFE, 0x7F, 0xFD, 0x7E, 0x7F, 0xF0, 0x00, 0x07, 0xFF, 0xFF, 0x0F, 0x0D, 0xF5, 0x5A, 0x00,
  0x00, 0x00, 0x07, 0x7F, 0xF5, 0x5F, 0xFF, 0x0F, 0x0F, 0xFF, 0xF0, 0x0F, 0xFF, 0xFF, 0xFD, 0xFF,
  0xF0, 0x00, 0x0F, 0xFF, 0xFF, 0xFF, 0xF0, 0x00, 0x00, 0x00, 0x00, 0x00, 0x00, 0x00, 0x00, 0x00,
  0x00, 0x00, 0x00, 0x00, 0x00, 0x00, 0x00, 0x00, 0x00, 0x0F, 0xFF, 0xFF, 0xFF, 0xF5, 0x0E, 0x4F,
  0xFF, 0xFF, 0xFF, 0xF0, 0x00, 0x00, 0xFF, 0xFD, 0xE5, 0x58, 0x2C, 0xC8, 0x2C, 0xCC, 0x3C, 0xCC,
  0x3C, 0xCC, 0x3C, 0xCC, 0x3C, 0xCC, 0x3C, 0xCC, 0x3C, 0xCC, 0x3C, 0xCC, 0x3C, 0xCC, 0x3C, 0xCF,
  0xFF, 0xFC, 0xCD, 0xC0, 0x00, 0x00, 0x00, 0x0F, 0xFF, 0xFC, 0x0C, 0x04, 0x44, 0x00, 0x00, 0x0E,
  0xEE, 0xE0, 0xF0, 0xF0, 0x0D, 0xD1, 0x05, 0x07, 0x7F, 0xF0, 0x00, 0x00, 0x00, 0x08, 0x00, 0x0E,
  0xEF, 0xFF, 0xFF, 0xF0, 0x00, 0x04, 0x7F, 0xFE, 0x00, 0xEE, 0xAE, 0x00, 0x00, 0x0F, 0xFD, 0xD0,
  0x00, 0x0F, 0xF4, 0x00, 0x30, 0x30, 0x0F, 0xF0, 0x04, 0x0F, 0xFF, 0xFF, 0xFF, 0x54, 0x4F, 0xF0,
  0x00, 0x0C, 0xD7, 0xFF, 0xF5, 0xFF, 0x5F, 0xF0, 0x0F, 0xF0, 0x0F, 0xFF, 0x00, 0x0F, 0xFF, 0xFF,
  0xF0, 0x0C, 0xF0, 0x90, 0x00, 0x00, 0x03, 0x33, 0x3F, 0xFF, 0xFF, 0xFF, 0xFC, 0xFF, 0xFB, 0xBA,
  0xFE, 0xFD, 0x80, 0x00, 0x00, 0x00, 0x0F, 0xFF, 0x7C, 0x0C, 0x0E, 0xEA, 0xAE, 0xFF, 0x0C, 0xCF,
  0xCC, 0xCF, 0xFF, 0xFF, 0xF9, 0xFF, 0xB5, 0x9A, 0xEF, 0xFA, 0xAC, 0x4F, 0x5F, 0xFF, 0xFF, 0x00,
  0x00, 0xCF, 0xCF, 0xFF, 0xF0, 0x04, 0x0F, 0xF0, 0xF5, 0xFF, 0xF5, 0xF7, 0xF7, 0x5F, 0x53, 0x33,
  0x30, 0x8A, 0x80, 0x00, 0x00, 0x00, 0x0C, 0x50, 0x0F, 0x1F, 0xDB, 0xBF, 0xF0, 0x03, 0x3A, 0xAF,
  0xFC, 0xFF, 0xF0, 0x00, 0x00, 0x00, 0x0C, 0x3C, 0x3F, 0xFB, 0x7F, 0xFA, 0xFF, 0xFA, 0xFF, 0xFE,
  0xBE, 0x7F, 0xF8, 0x00, 0x0F, 0xFF, 0xF7, 0x43, 0x0F, 0xF5, 0x5A, 0x00, 0x01, 0x11, 0x07, 0x7F,
  0xFF, 0x5F, 0x5F, 0x2F, 0x00, 0x20, 0x00, 0x2F, 0xF0, 0x20, 0x0D, 0xFF, 0xF0, 0x00, 0x0F, 0xDF,
  0xFF, 0xFF, 0xF0, 0x00, 0x00, 0x00, 0x00, 0x00, 0x00, 0x00, 0x00, 0x00, 0x00, 0x04, 0x01, 0x00,
  0xA1, 0x00, 0x00, 0x00, 0x00, 0x00, 0x10, 0x78, 0x80, 0x08, 0x80, 0x20, 0x18, 0x02, 0x00, 0x20,
  0x00, 0x08, 0x00, 0x06, 0x00, 0x60, 0x00, 0x44, 0x82, 0x02, 0x82, 0x24, 0x02, 0x88, 0x83, 0x04,
  0x08, 0x42, 0x08, 0x45, 0x84, 0x42, 0x14, 0x00, 0x74, 0x11, 0x02, 0x80, 0x02, 0x82, 0x90, 0x82,
  0x82, 0x06, 0x80, 0x40, 0x50, 0x88, 0x80, 0x08, 0x40, 0x01, 0x86, 0x00, 0x8A, 0x03, 0x10, 0x43,
  0x00, 0x01, 0x4A, 0x20, 0x14, 0x80, 0x01, 0x00, 0x0A, 0x20, 0x88, 0x19, 0x05, 0x81, 0x8A, 0x80,
  0x01, 0xB2, 0xA2, 0x20, 0x88, 0x80, 0x27, 0x80, 0x00, 0x00, 0x86, 0x00, 0x88, 0x00, 0x03, 0x00,
  0x00, 0x90, 0x08, 0x42, 0x00, 0x22, 0x47, 0x88, 0x80, 0x00, 0x44, 0x42, 0xA9, 0x10, 0x83, 0x03,
  0x00, 0x82, 0x08, 0x03, 0x0A, 0x80, 0x04, 0x03, 0x28, 0x00, 0x84, 0x06, 0x00, 0x08, 0x02, 0x32,
  0x20, 0x43, 0x82, 0x02, 0x90, 0x00, 0x0B, 0x00, 0x56, 0x02, 0x30, 0x42, 0x03, 0x02, 0x00, 0x90,
  0x47, 0x21, 0x64, 0x80, 0x00, 0x00, 0x80, 0xA4, 0x00, 0x00, 0x6A, 0x00, 0x00, 0x48, 0x80, 0x20,
  0x40, 0x80, 0x20, 0x24, 0x42, 0x04, 0x90, 0x10, 0x40, 0x10, 0x40, 0x84, 0x20, 0x00, 0xA0, 0x03,
  0x90, 0x80, 0x02, 0x40, 0x80, 0x03, 0x02, 0x00, 0x80, 0x00, 0x20, 0x10, 0x00, 0x80, 0x80, 0x02,
  0x80, 0x12, 0x80, 0x08, 0x42, 0x04, 0x80, 0x18, 0x60, 0x50, 0x00, 0x80, 0x41, 0x00, 0x00, 0x80,
  0x03, 0x80, 0x23, 0x5A, 0x63, 0x03, 0x12, 0x00, 0x61, 0x90, 0x03, 0x0A, 0x07, 0x00, 0x00, 0x10,
  0x86, 0x00, 0x40, 0x00, 0x00, 0x12, 0x80, 0x40, 0x12, 0x03, 0x20, 0x0B, 0x00, 0x03, 0x84, 0x04,
  0x04, 0x80, 0x8A, 0x00, 0x40, 0x94, 0x00, 0x00, 0x00, 0x10, 0x80, 0x10, 0xA0, 0x00, 0x00, 0x00,
  0x00, 0x00, 0x00, 0x00, 0x00, 0x00, 0x00, 0x00, 0x00, 0x00, 0x00, 0x00, 0x00, 0x00, 0x10, 0x00,
  0x11, 0x10, 0x04, 0x00, 0x00, 0x00, 0x18, 0x00, 0x45, 0x10, 0x00, 0x26, 0x06, 0xC0, 0x02, 0x22,
  0x00, 0x10, 0x00, 0x41, 0x01, 0x11, 0x12, 0x00, 0x19, 0x50, 0x10, 0xC1, 0x00, 0x5A, 0xE0, 0x44,
  0x00, 0x40, 0x00, 0x11, 0x00, 0x40, 0xD2, 0x11, 0x22, 0x12, 0x02, 0x42, 0x08, 0x22, 0x00, 0x40,
  0x41, 0x12, 0x00, 0xE1, 0x52, 0xC8, 0x02, 0xC0, 0x02, 0x10, 0x05, 0x58, 0x05, 0x00, 0x41, 0x80,
  0x85, 0x25, 0xDC, 0x21, 0x01, 0x85, 0x10, 0x40, 0x00, 0x18, 0x01, 0x22, 0xC8, 0x09, 0x08, 0x08,
  0x06, 0x06, 0x90, 0x00, 0x21, 0x89, 0x42, 0x01, 0x01, 0xA0, 0x18, 0x81, 0x29, 0x00, 0x96, 0x48,
  0x11, 0x00, 0x60, 0x40, 0x08, 0x90, 0x45, 0x10, 0x04, 0xC0, 0x00, 0x08, 0x00, 0x41, 0x05, 0xC8,
  0x12, 0x00, 0x01, 0x00, 0x90, 0x11, 0x51, 0x00, 0xC1, 0x22, 0x50, 0x00, 0x08, 0x00, 0x41, 0x00,
  0x04, 0xD6, 0x20, 0x08, 0x40, 0x01, 0x09, 0x69, 0xC0, 0x10, 0xC0, 0x06, 0x40, 0x08, 0x16, 0x22,
  0x1D, 0x1C, 0x08, 0x06, 0x41, 0x08, 0x21, 0x21, 0x20, 0x22, 0x61, 0x20, 0x10, 0x0C, 0x01, 0x00,
  0x01, 0x06, 0x05, 0x04, 0x01, 0x00, 0x01, 0x02, 0x01, 0x2C, 0x02, 0x00, 0x00, 0x00, 0x10, 0x04,
  0x11, 0x00, 0x20, 0x4D, 0x01, 0x00, 0x21, 0x08, 0x00, 0x40, 0x00, 0x01, 0x00, 0x01, 0x00, 0x16,
  0x40, 0x80, 0x11, 0xC1, 0x11, 0x40, 0xE0, 0x50, 0x24, 0x01, 0x01, 0x49, 0xC0, 0x59, 0x90, 0x01,
  0x00, 0x60, 0x08, 0x04, 0x04, 0x00, 0xD8, 0x01, 0xD0, 0x10, 0x00, 0x00, 0x02, 0x20, 0x40, 0x00,
  0x10, 0x41, 0x50, 0x61, 0x01, 0x98, 0x10, 0x80, 0x20, 0x00, 0x50, 0x00, 0x11, 0x50, 0x11, 0x01,
  0x00, 0x40, 0x00, 0x00, 0x10, 0x01, 0x10, 0x00, 0x10, 0x00, 0xC0, 0x00, 0x00, 0x00, 0x00, 0x00,
  0x00, 0x00, 0x00, 0x00, 0x00, 0x04, 0x00, 0x00, 0x08, 0x00, 0x04, 0x00, 0x08, 0x00, 0x09, 0x02,
  0x20, 0x02, 0x21, 0x90, 0x88, 0x01, 0x95, 0x00, 0x10, 0x14, 0x14, 0x84, 0x05, 0x00, 0x04, 0x04,
  0x32, 0x88, 0xA8, 0x14, 0xC0, 0x01, 0xA8, 0x00, 0x10, 0x82, 0x81, 0x08, 0x39, 0x05, 0x05, 0x24,
  0x08, 0x80, 0x00, 0x40, 0x22, 0xC0, 0xA2, 0x94, 0x39, 0x80, 0x24, 0x14, 0x02, 0xA0, 0x21, 0x80,
  0x02, 0x10, 0x30, 0x00, 0x28, 0x80, 0xA2, 0x00, 0x38, 0x04, 0x18, 0x00, 0xC0, 0x40, 0x84, 0x40,
  0x22, 0x04, 0x41, 0x02, 0x10, 0xC0, 0x38, 0x24, 0x04, 0x08, 0x03, 0x14, 0x38, 0x20, 0x00, 0x20,
  0x00, 0x34, 0x18, 0xB0, 0x48, 0x20, 0x04, 0x38, 0x88, 0xA0, 0xC2, 0x91, 0x82, 0x91, 0x88, 0x08,
  0x24, 0xA0, 0x00, 0xA1, 0x12, 0x00, 0x24, 0x54, 0x10, 0x10, 0x02, 0x14, 0x02, 0x32, 0x04, 0x02,
  0x80, 0x02, 0x04, 0x01, 0x00, 0x02, 0x81, 0x03, 0x05, 0x32, 0x10, 0x31, 0x21, 0x02, 0x00, 0x01,
  0x05, 0x00, 0x84, 0x00, 0x10, 0x29, 0x18, 0xC0, 0x08, 0x10, 0x08, 0xA0, 0x44, 0x09, 0x40, 0x00,
  0x00, 0x05, 0x08, 0x88, 0x00, 0xA8, 0x80, 0x85, 0x20, 0x21, 0x00, 0x10, 0x30, 0x30, 0x40, 0x83,
  0x24, 0x00, 0x30, 0x24, 0x90, 0x01, 0x04, 0x08, 0x21, 0x40, 0x25, 0x21, 0xA0, 0x02, 0x25, 0x94,
  0x30, 0x08, 0x00, 0x80, 0x10, 0x00, 0x40, 0x00, 0x38, 0x00, 0xB0, 0x08, 0x95, 0xD0, 0x20, 0x80,
  0x84, 0x80, 0x00, 0x00, 0x20, 0x08, 0x30, 0x02, 0x00, 0x02, 0x84, 0xA8, 0x94, 0x00, 0x41, 0x13,
  0x14, 0xA3, 0x88, 0x52, 0x88, 0x00, 0x00, 0x80, 0x40, 0x81, 0x94, 0x00, 0x00, 0x80, 0x00, 0x82,
  0x80, 0x40, 0x00, 0x52, 0x81, 0x00, 0x08, 0x00, 0xC8, 0x03, 0x40, 0x02, 0x20, 0x84, 0x00, 0x00,
  0x80, 0x80, 0xA0, 0x80, 0x80, 0x10, 0x00, 0x00, 0x00, 0x00, 0x00, 0x10, 0x01, 0x00, 0x00, 0x00,
  0x00, 0x00, 0x02, 0x00, 0x0C, 0x00, 0x18, 0x00, 0x1A, 0x40, 0x28, 0x40, 0x00, 0x00, 0x13, 0x80,
  0x80, 0x20, 0x0C, 0xA0, 0x40, 0x20, 0x2C, 0x00, 0x0C, 0x20, 0x08, 0x04, 0x18, 0x08, 0x08, 0x90,
  0x81, 0x13, 0x08, 0x05, 0x21, 0x00, 0x05, 0x00, 0x44, 0x08, 0x24, 0xAC, 0x20, 0x82, 0x40, 0x24,
  0x98, 0x00, 0x0C, 0x08, 0x40, 0x01, 0x08, 0x28, 0x2C, 0x05, 0x04, 0x05, 0x4C, 0x23, 0x41, 0x00,
  0x00, 0x00, 0x88, 0x21, 0xC8, 0x0A, 0x40, 0x00, 0x01, 0x29, 0x00, 0xA2, 0x80, 0x08, 0x45, 0xA2,
  0x43, 0x05, 0x40, 0x1C, 0x02, 0x10, 0x00, 0xA0, 0x10, 0x09, 0x11, 0x00, 0x24, 0x14, 0x10, 0x8D,
  0x04, 0x29, 0x10, 0x2C, 0x02, 0x00, 0x00, 0x01, 0x0C, 0x80, 0x00, 0x00, 0x00, 0x00, 0x01, 0x00,
  0x10, 0x20, 0x08, 0xA0, 0x19, 0x10, 0x00, 0x20, 0x10, 0x24, 0x02, 0x08, 0x01, 0x4A, 0x22, 0x01,
  0x04, 0x24, 0x80, 0x98, 0x84, 0x28, 0x20, 0xA0, 0x20, 0x48, 0x11, 0x05, 0x20, 0x00, 0x84, 0x11,
  0x19, 0x98, 0x18, 0x00, 0x00, 0xA3, 0x10, 0x04, 0xA0, 0x40, 0x01, 0x01, 0x84, 0x02, 0x20, 0x0C,
  0x29, 0x04, 0x04, 0x8C, 0x20, 0x01, 0x82, 0xA1, 0x19, 0xC1, 0x10, 0x08, 0x0A, 0x20, 0x24, 0x04,
  0x84, 0x11, 0x0C, 0x08, 0x44, 0x00, 0xA8, 0x00, 0x02, 0x08, 0x98, 0x80, 0x44, 0x08, 0xA4, 0x01,
  0x20, 0x00, 0x09, 0x00, 0x28, 0x20, 0x00, 0x40, 0x08, 0x01, 0x24, 0x05, 0x0C, 0x00, 0x20, 0x10,
  0x20, 0x0A, 0x94, 0x04, 0x09, 0x42, 0x08, 0x00, 0x08, 0x90, 0x91, 0x18, 0x28, 0x0C, 0x00, 0x90,
  0x00, 0x19, 0x00, 0x00, 0x01, 0x0B, 0x08, 0x00, 0x10, 0x89, 0x10, 0x0A, 0x00, 0x11, 0x90, 0x10,
  0x02, 0x00, 0x20, 0x01, 0x84, 0x4A, 0x11, 0x0C, 0x00, 0x00, 0x00, 0x00, 0x00, 0x04, 0x00, 0x00,
  0x00, 0x40, 0x00, 0x00, 0x00, 0x00, 0x00, 0x40, 0x04, 0x00, 0x00, 0x00, 0x00, 0x08, 0x00, 0x04,
  0x00, 0x04, 0x00, 0x00, 0x00, 0x02, 0x00, 0x00, 0x00, 0x00, 0x20, 0x00, 0x00, 0x00, 0x00, 0x00,
  0x00, 0x00, 0x00, 0x00, 0x00, 0x20, 0x00, 0x01, 0x00, 0x00, 0x20, 0x00, 0x00, 0x00, 0x00, 0x04,
  0x08, 0x00, 0x00, 0x01, 0x00, 0x08, 0x80, 0x02, 0x20, 0x00, 0x02, 0x00, 0x40, 0x00, 0x00, 0x00,
  0x02, 0x00, 0x08, 0x00, 0x00, 0x40, 0x00, 0x00, 0x02, 0x44, 0x00, 0x25, 0x04, 0x00, 0x20, 0x00,
  0x00, 0x05, 0x00, 0x00, 0x40, 0x01, 0x00, 0x01, 0x80, 0x01, 0x20, 0x00, 0x80, 0x04, 0x91, 0x00,
  0xA0, 0x02, 0x00, 0x08, 0x40, 0x00, 0x80, 0x00, 0x81, 0x04, 0x41, 0x04, 0x41, 0x00, 0x00, 0x05,
  0x00, 0x08, 0x00, 0x00, 0x20, 0x00, 0x00, 0x0D, 0x10, 0x04, 0x0B, 0x05, 0xA0, 0x21, 0x00, 0x00,
  0x00, 0x09, 0x00, 0x04, 0x20, 0x22, 0x02, 0x00, 0x29, 0x00, 0x40, 0x00, 0x03, 0x00, 0x40, 0x00,
  0x00, 0x00, 0x0A, 0x80, 0x00, 0x00, 0x20, 0x00, 0x01, 0x00, 0x01, 0x00, 0x00, 0x00, 0x00, 0x80,
  0x88, 0x80, 0x80, 0x00, 0x00, 0x40, 0x00, 0x00, 0x00, 0x82, 0x00, 0x02, 0xC0, 0x80, 0x81, 0x00,
  0x00, 0x40, 0x89, 0x80, 0x80, 0x10, 0x00, 0x20, 0x00, 0x04, 0x08, 0x80, 0x00, 0x00, 0x40, 0x81,
  0x00, 0x02, 0x02, 0x01, 0x00, 0x80, 0x80, 0x20, 0x00, 0x02, 0x00, 0x42, 0x00, 0x00, 0x00, 0x00,
  0x02, 0x20, 0x00, 0x00, 0x00, 0x00, 0x00, 0x00, 0x00, 0x00, 0x01, 0x10, 0x00, 0x40, 0x00, 0x00,
  0x00, 0x20, 0x00, 0x20, 0x00, 0x00, 0x00, 0xC0, 0x42, 0x40, 0x0A, 0x90, 0x00, 0x00, 0x00, 0x00,
  0x09, 0x80, 0x88, 0x10, 0x09, 0x00, 0x00, 0x00, 0x00, 0x10, 0x10, 0x10, 0x01, 0x80, 0x00, 0x00,
  0x08, 0x00, 0x00, 0x40, 0x00, 0x00, 0x00, 0x00, 0x00, 0x00, 0x01, 0x00, 0x00, 0x00, 0x00, 0x00,
  0x00, 0x00, 0x00, 0x00, 0x00, 0x00, 0x00, 0x00, 0x00, 0x04, 0x00, 0x00, 0x00, 0x00, 0x00, 0x00,
  0x00, 0x01, 0xB0, 0x00, 0x00, 0x00, 0x00, 0x09, 0x00, 0x00, 0x80, 0x00, 0x80, 0x08, 0x00, 0x04,
  0x00, 0x00, 0x00, 0x00, 0x00, 0x00, 0x00, 0x00, 0x00, 0x04, 0x00, 0x00, 0x04, 0x00, 0x80, 0x00,
  0x80, 0x02, 0x40, 0x00, 0x20, 0x20, 0x20, 0x00, 0x30, 0x00, 0x00, 0x00, 0x00, 0x00, 0x85, 0x04,
  0x84, 0x00, 0x00, 0x08, 0x00, 0x00, 0x80, 0x11, 0x00, 0x04, 0x04, 0x02, 0x01, 0x00, 0x00, 0x05,
  0x10, 0x00, 0x40, 0x00, 0x00, 0x00, 0x00, 0x01, 0x80, 0x91, 0x00, 0x00, 0x00, 0x40, 0x40, 0x02,
  0x02, 0x80, 0x00, 0x02, 0x20, 0x00, 0x30, 0x01, 0x10, 0x00, 0x00, 0x01, 0x80, 0x02, 0x00, 0x80,
  0x00, 0x00, 0x04, 0x01, 0x10, 0x00, 0x00, 0xA1, 0x24, 0x00, 0x20, 0x04, 0xA4, 0x20, 0x20, 0x89,
  0x00, 0x48, 0x00, 0xB0, 0x01, 0x40, 0x08, 0x20, 0x41, 0x42, 0x41, 0x40, 0x00, 0x20, 0x49, 0x20,
  0x00, 0x80, 0x00, 0x00, 0x00, 0x00, 0x41, 0x90, 0x00, 0x80, 0x80, 0xD0, 0x22, 0x40, 0x20, 0x90,
  0x00, 0x00, 0x01, 0x20, 0x00, 0x00, 0x20, 0x20, 0x00, 0xA0, 0x20, 0x40, 0x20, 0x30, 0x00, 0x44,
  0x00, 0x00, 0x20, 0x00, 0x20, 0x01, 0x02, 0x40, 0x20, 0x21, 0x20, 0x00, 0x00, 0x40, 0x42, 0x00,
  0x00, 0x20, 0x21, 0x00, 0x80, 0x90, 0x00, 0x00, 0x00, 0x00, 0x00, 0x00, 0x00, 0x20, 0x00, 0x00,
  0x02, 0x90, 0x00, 0x20, 0x00, 0x00, 0x00, 0x10, 0x02, 0x00, 0x00, 0x00, 0x24, 0x00, 0x08, 0x00,
  0x00, 0x20, 0x00, 0x50, 0x00, 0x10, 0x08, 0x40, 0x04, 0x00, 0x00, 0x00, 0x00, 0x80, 0x02, 0x40,
  0x00, 0x90, 0x00, 0x00, 0x00, 0x00, 0x00, 0x30, 0x00, 0x00, 0x00, 0x00, 0x04, 0x00, 0x00, 0x10,
  0x08, 0x00, 0x00, 0x00, 0x00, 0x00, 0x00, 0x00, 0x00, 0x00, 0x00, 0x00, 0x00, 0x00, 0x00, 0x00,
  0x00, 0x00, 0x00, 0x00, 0x00, 0x00, 0x00, 0x01, 0x00, 0x00, 0x00, 0x00, 0x00, 0x00, 0x00, 0x00,
  0x06, 0x00, 0x26, 0x00, 0x00, 0x00, 0x50, 0x00, 0x20, 0x00, 0xC0, 0x00, 0xC0, 0x10, 0xC0, 0x00,
  0x00, 0x02, 0x60, 0x00, 0x40, 0x40, 0xC0, 0x00, 0xC0, 0x00, 0x60, 0x00, 0xD0, 0x00, 0x00, 0x01,
  0x20, 0x00, 0x01, 0x00, 0x00, 0x00, 0x00, 0x01, 0x00, 0x00, 0x14, 0x05, 0x28, 0x10, 0x40, 0x06,
  0x02, 0x12, 0xD0, 0x08, 0x02, 0x00, 0x20, 0x05, 0x04, 0x01, 0x00, 0x04, 0x00, 0x00, 0x00, 0x00,
  0x40, 0x01, 0x10, 0x04, 0x00, 0x00, 0x60, 0x00, 0x00, 0x01, 0x00, 0x01, 0x00, 0x10, 0x00, 0x08,
  0x04, 0x00, 0x00, 0x00, 0x00, 0x06, 0x40, 0x00, 0x15, 0x00, 0x00, 0x02, 0xD0, 0x06, 0x00, 0x00,
  0x00, 0x02, 0x02, 0x00, 0x28, 0x00, 0x02, 0x08, 0x28, 0x00, 0x00, 0x28, 0x20, 0x20, 0x00, 0x00,
  0x14, 0x00, 0x28, 0x80, 0x00, 0x08, 0x20, 0x00, 0x00, 0x00, 0x00, 0x00, 0x02, 0x10, 0x90, 0x00,
  0x00, 0x40, 0x00, 0x00, 0x00, 0x20, 0x80, 0x00, 0x00, 0x00, 0x00, 0x00, 0x05, 0x20, 0x00, 0x00,
  0x00, 0x42, 0x00, 0x02, 0x60, 0x00, 0x08, 0x00, 0x00, 0x00, 0x41, 0x08, 0x40, 0x10, 0x00, 0x00,
  0x00, 0x00, 0x00, 0x00, 0x00, 0x04, 0x20, 0x48, 0x05, 0x01, 0x00, 0x00, 0x06, 0x00, 0x00, 0x10,
  0x00, 0x01, 0x00, 0x21, 0x00, 0x00, 0x00, 0x00, 0x00, 0x00, 0x00, 0x00, 0x00, 0x00, 0x00, 0x02,
  0xC0, 0x00, 0x01, 0xC0, 0x08, 0x00, 0xC0, 0x00, 0x08, 0x10, 0x06, 0xE0, 0x01, 0x00, 0x00, 0x00,
  0x11, 0x00, 0x00, 0x10, 0x08, 0x00, 0x00, 0x00, 0x02, 0x60, 0x40, 0x90, 0x00, 0x40, 0x00, 0x00,
  0x00, 0x10, 0x11, 0x00, 0x08, 0x00, 0x00, 0x00, 0x00, 0x00, 0x00, 0x00, 0x00, 0x00, 0x00, 0x40,
  0x00, 0x40, 0x08, 0x40, 0x00, 0x40, 0x00, 0x00, 0x00, 0x00, 0x00, 0x00, 0x00, 0x00, 0x00, 0x00,
  0x00, 0x00, 0x00, 0x00, 0x00, 0x01, 0x00, 0x00, 0x00, 0x00, 0x80, 0x00, 0x00, 0x00, 0x00, 0x0A,
  0x00, 0x00, 0x40, 0x00, 0x00, 0x08, 0x00, 0x04, 0x00, 0x00, 0x00, 0x04, 0x00, 0x02, 0x80, 0x00,
  0x80, 0x44, 0x00, 0x01, 0x00, 0x00, 0x40, 0x08, 0x00, 0x00, 0x00, 0x00, 0x40, 0x40, 0x80, 0x00,
  0x80, 0x00, 0x00, 0x02, 0x01, 0x03, 0x00, 0x08, 0x00, 0x00, 0x80, 0x08, 0x00, 0x00, 0x00, 0x00,
  0x00, 0x08, 0x08, 0x08, 0x00, 0x04, 0x00, 0x04, 0x00, 0x04, 0x80, 0x07, 0x00, 0x06, 0x00, 0x00,
  0x30, 0x00, 0x08, 0x00, 0x30, 0x80, 0x80, 0x02, 0x18, 0x00, 0x20, 0x03, 0x05, 0x01, 0x48, 0x00,
  0x07, 0x00, 0x40, 0x04, 0x00, 0x03, 0x00, 0x12, 0x00, 0x00, 0xA8, 0xA0, 0x00, 0x00, 0x00, 0x54,
  0x00, 0x74, 0x82, 0x00, 0x40, 0x80, 0x80, 0x00, 0xA0, 0x40, 0x01, 0x80, 0x00, 0x80, 0x00, 0x00,
  0x84, 0x80, 0x42, 0x80, 0x03, 0x80, 0x80, 0x00, 0x02, 0xA3, 0x20, 0xA0, 0xA8, 0x40, 0x8A, 0xA0,
  0x00, 0x00, 0x30, 0x00, 0x00, 0x03, 0x00, 0x00, 0x60, 0xA0, 0xA2, 0x40, 0x00, 0x00, 0x80, 0x80,
  0x00, 0x10, 0x00, 0x80, 0x40, 0x40, 0x02, 0x00, 0x00, 0x00, 0x80, 0x10, 0x80, 0x00, 0x00, 0x00,
  0x80, 0x40, 0x40, 0x03, 0x00, 0x80, 0x49, 0x08, 0x00, 0x03, 0x02, 0x00, 0x10, 0x00, 0x00, 0x00,
  0x00, 0x00, 0x00, 0x00, 0x01, 0x90, 0x00, 0x00, 0x08, 0x00, 0x00, 0x42, 0x00, 0x00, 0x06, 0x00,
  0x00, 0x10, 0x00, 0x00, 0x40, 0x00, 0x08, 0x00, 0x02, 0x80, 0x00, 0x00, 0x00, 0x00, 0x01, 0x00,
  0x00, 0x00, 0x00, 0x00, 0x02, 0x00, 0x00, 0x00, 0x00, 0x80, 0x03, 0x00, 0x00, 0x00, 0x02, 0x80,
  0x00, 0x20, 0x00, 0x00, 0x00, 0x00, 0x00, 0x03, 0x04, 0x00, 0x00, 0x80, 0x00, 0x80, 0x00, 0x80,
  0x00, 0x40, 0x00, 0x00, 0x00, 0x00, 0x00, 0x00, 0x00, 0x00, 0x00, 0x00, 0x00, 0x00, 0x00, 0x00,
  0x00, 0x00, 0x00, 0x00, 0x00, 0x04, 0x02, 0x80, 0x00, 0x00, 0x00, 0x00, 0x00, 0x00, 0x80, 0x40,
  0x20, 0x00, 0x20, 0x30, 0x11, 0x04, 0x05, 0xD0, 0x20, 0x00, 0x10, 0x80, 0x01, 0x04, 0x92, 0x10,
  0x20, 0x00, 0x10, 0x04, 0x18, 0x02, 0x04, 0x02, 0x20, 0x00, 0x30, 0x00, 0x01, 0x00, 0xA4, 0x10,
  0x20, 0x00, 0x10, 0x88, 0x04, 0x04, 0x12, 0x84, 0x20, 0x00, 0x30, 0x80, 0x81, 0x04, 0x01, 0x04,
  0x20, 0x00, 0x31, 0x48, 0x59, 0x00, 0x72, 0x10, 0x20, 0x00, 0x10, 0x01, 0x14, 0x24, 0x00, 0x20,
  0x20, 0x00, 0x22, 0x06, 0x12, 0x84, 0x00, 0x28, 0x20, 0x00, 0x50, 0xA0, 0x02, 0x00, 0x02, 0x00,
  0x20, 0x00, 0x90, 0x20, 0x80, 0x44, 0x42, 0xA0, 0x20, 0x00, 0x30, 0x60, 0x12, 0x80, 0xA0, 0x10,
  0x20, 0x02, 0x10, 0x88, 0x14, 0x80, 0x04, 0x41, 0x10, 0x20, 0x00, 0x24, 0x41, 0x12, 0x08, 0x36,
  0x80, 0x10, 0x00, 0x10, 0x05, 0x41, 0x50, 0x00, 0x12, 0x20, 0x00, 0x10, 0x08, 0x10, 0x00, 0xA2,
  0x0D, 0x10, 0x02, 0x10, 0x80, 0x50, 0x08, 0x40, 0x22, 0x10, 0x00, 0x88, 0x00, 0x92, 0x08, 0x00,
  0x00, 0x00, 0x01, 0x10, 0x40, 0x10, 0x04, 0x80, 0x2A, 0x00, 0x00, 0x00, 0x80, 0x42, 0x00, 0x80,
  0x00, 0x00, 0x00, 0x00, 0x00, 0x98, 0x00, 0x20, 0x10, 0x00, 0x00, 0x00, 0x10, 0x04, 0x04, 0x20,
  0x00, 0x00, 0x00, 0x08, 0x00, 0x42, 0x00, 0x00, 0x64, 0x00, 0x00, 0x10, 0x01, 0x00, 0x28, 0x00,
  0x80, 0x00, 0x00, 0x01, 0x81, 0x11, 0x00, 0x01, 0xC0, 0x00, 0x02, 0x00, 0x06, 0x10, 0x10, 0x04,
  0x80, 0x00, 0x01, 0x50, 0x74, 0x51, 0x00, 0x01, 0x08, 0x00, 0x00, 0x10, 0x04, 0x00, 0x04, 0x21,
  0x08, 0x00, 0x02, 0x10, 0x14, 0x10, 0x04, 0x42, 0x18, 0x00, 0x01, 0x10, 0x06, 0x10, 0x40, 0x00,
  0x00, 0x00, 0x00, 0x00, 0x00, 0x00, 0x00, 0x00, 0x00, 0x00, 0x00, 0x00, 0x00, 0x00, 0x00, 0x00,
  0x00, 0x00, 0x00, 0x80, 0x00, 0x00, 0x40, 0x00, 0x20, 0x10, 0x00, 0x10, 0x90, 0x06, 0x26, 0x04,
  0x80, 0x50, 0xA0, 0x05, 0x90, 0x04, 0x00, 0x02, 0xA0, 0x10, 0x00, 0x00, 0x90, 0x04, 0x06, 0x00,
  0x01, 0x10, 0x10, 0x08, 0x90, 0x00, 0x06, 0x00, 0x24, 0x00, 0x02, 0x11, 0x10, 0x00, 0x00, 0x00,
  0x22, 0x50, 0x00, 0x20, 0x10, 0x00, 0x02, 0x08, 0x44, 0x20, 0x48, 0x05, 0x00, 0x00, 0x00, 0x04,
  0x04, 0x20, 0x14, 0x02, 0x90, 0x02, 0x06, 0x29, 0x80, 0x22, 0xA8, 0x48, 0x80, 0x02, 0x26, 0x00,
  0x00, 0x80, 0xC0, 0x80, 0x90, 0x01, 0x06, 0x10, 0x50, 0x90, 0xA8, 0x82, 0x90, 0x02, 0x06, 0x55,
  0x42, 0x80, 0x40, 0x02, 0x80, 0x03, 0x06, 0x03, 0x41, 0xA1, 0x02, 0x02, 0x80, 0x00, 0x06, 0x09,
  0x81, 0x00, 0x00, 0x00, 0x08, 0x00, 0x22, 0xA6, 0x24, 0x90, 0x14, 0x80, 0x30, 0x20, 0x22, 0x06,
  0x00, 0x20, 0x40, 0x0A, 0x80, 0x00, 0x00, 0x06, 0x0B, 0x00, 0x08, 0x01, 0x00, 0xA0, 0x04, 0x06,
  0x18, 0x00, 0x84, 0x01, 0x01, 0x00, 0x02, 0x00, 0x00, 0x00, 0x85, 0x06, 0xA2, 0x00, 0x00, 0x00,
  0x04, 0x00, 0x00, 0x04, 0x42, 0x00, 0x20, 0x40, 0x00, 0x02, 0x00, 0x00, 0x00, 0x20, 0x04, 0x02,
  0x18, 0x02, 0xA0, 0x01, 0x00, 0x00, 0x00, 0x00, 0x00, 0x90, 0x20, 0x02, 0x01, 0x20, 0x00, 0x02,
  0x04, 0x02, 0x81, 0xA0, 0x01, 0x30, 0x00, 0x06, 0x00, 0x0A, 0x24, 0x20, 0x08, 0x20, 0x00, 0x00,
  0x04, 0x8C, 0x02, 0x84, 0x00, 0x20, 0x00, 0x05, 0x00, 0x0A, 0x08, 0xD0, 0x42, 0x20, 0x20, 0x06,
  0x00, 0x00, 0x02, 0x08, 0x02, 0xB0, 0x04, 0x06, 0x00, 0x84, 0x90, 0x01, 0x00, 0xA0, 0x00, 0x06,
  0x00, 0x86, 0x60, 0x00, 0x00, 0xB0, 0x00, 0x06, 0x00, 0x06, 0x20, 0x00, 0x00, 0x00, 0x00, 0x00,
  0x00, 0x00, 0x00, 0x00, 0x00, 0x00, 0x00, 0x00, 0x00, 0x00, 0x00, 0x00, 0x00, 0x08, 0x00, 0x28,
  0x00, 0x00, 0x20, 0x00, 0x60, 0x01, 0x44, 0x08, 0x00, 0x08, 0x04, 0x00, 0xA0, 0x28, 0x48, 0x24,
  0x00, 0x08, 0x05, 0x24, 0x20, 0x28, 0x81, 0x24, 0x00, 0x08, 0x24, 0x02, 0xC0, 0x80, 0x00, 0x00,
  0x00, 0x00, 0x04, 0x04, 0xE0, 0x24, 0x0A, 0x08, 0x00, 0x00, 0x05, 0x04, 0xA0, 0x41, 0x80, 0x21,
  0x20, 0x00, 0x04, 0x40, 0x22, 0x21, 0x08, 0x20, 0x00, 0x00, 0x04, 0x00, 0x82, 0x20, 0x00, 0xA4,
  0x00, 0x00, 0x04, 0x40, 0x20, 0x08, 0x08, 0x44, 0x00, 0x00, 0x80, 0x80, 0x61, 0x18, 0x0D, 0x05,
  0x00, 0x00, 0x84, 0x06, 0x81, 0x28, 0x08, 0x24, 0x00, 0x00, 0x04, 0x00, 0x20, 0x18, 0x0C, 0x24,
  0x00, 0x00, 0x04, 0x04, 0x20, 0x00, 0x14, 0xA4, 0x00, 0x01, 0x04, 0x11, 0x20, 0x18, 0x08, 0x02,
  0x04, 0x00, 0x00, 0x00, 0x22, 0x20, 0x00, 0x00, 0x02, 0x20, 0x00, 0x84, 0x00, 0x20, 0x01, 0x89,
  0x21, 0x00, 0x01, 0x04, 0x80, 0x63, 0x58, 0x20, 0x80, 0x20, 0x08, 0x84, 0x10, 0xA1, 0x50, 0x94,
  0x20, 0x20, 0x00, 0x10, 0x06, 0x61, 0x50, 0x00, 0xA4, 0x00, 0x02, 0x04, 0x12, 0xE0, 0x08, 0x00,
  0x00, 0x00, 0x00, 0x00, 0x40, 0x02, 0x42, 0x01, 0x00, 0x00, 0x08, 0x00, 0x42, 0x40, 0x80, 0x4C,
  0x28, 0x00, 0x00, 0x09, 0x10, 0x00, 0x01, 0x20, 0xA8, 0x20, 0x00, 0x10, 0x00, 0x80, 0x50, 0x20,
  0x20, 0x20, 0x00, 0x04, 0x04, 0x00, 0x00, 0x08, 0x04, 0x00, 0x00, 0x40, 0x40, 0x20, 0x80, 0x00,
  0x00, 0x00, 0x01, 0x00, 0x00, 0x60, 0x8A, 0x08, 0x20, 0x20, 0x02, 0x04, 0x01, 0x22, 0x30, 0x40,
  0x48, 0x20, 0x08, 0x04, 0x00, 0x83, 0x01, 0x24, 0x80, 0x20, 0x01, 0x04, 0x0B, 0x22, 0x41, 0x00,
  0x00, 0x20, 0x00, 0x84, 0x00, 0x22, 0x00, 0x00, 0x00, 0x00, 0x00, 0x00, 0x00, 0x00, 0x00, 0x00,
  0x00, 0x00, 0x00, 0x00, 0x00, 0x00, 0x00, 0x00, 0x00, 0x00, 0x00, 0x20, 0x00, 0x00, 0x00, 0x01,
  0x00, 0x19, 0x00, 0x20, 0x20, 0x00, 0xA0, 0xC0, 0x40, 0x01, 0x00, 0x00, 0x20, 0x00, 0x58, 0x00,
  0x45, 0x21, 0x01, 0x00, 0x20, 0x00, 0x10, 0x00, 0x09, 0x28, 0x00, 0x00, 0x20, 0x00, 0x80, 0x00,
  0x48, 0x09, 0x05, 0x01, 0xA0, 0x00, 0x04, 0x48, 0x08, 0x00, 0x00, 0x82, 0x80, 0x01, 0x01, 0x00,
  0xA0, 0x14, 0xA1, 0x60, 0xA8, 0x01, 0x04, 0x48, 0x40, 0x82, 0x00, 0x88, 0x20, 0x00, 0x20, 0x84,
  0x10, 0x00, 0x06, 0x00, 0x00, 0x00, 0x80, 0x94, 0x88, 0x04, 0x0A, 0x01, 0x20, 0x02, 0x00, 0x10,
  0x00, 0x0C, 0x10, 0x64, 0x20, 0x00, 0x00, 0x80, 0x31, 0x01, 0x09, 0x02, 0x28, 0x00, 0x20, 0x14,
  0x08, 0x00, 0x08, 0x84, 0x28, 0x00, 0x00, 0x20, 0x04, 0x80, 0x04, 0x00, 0x80, 0xA8, 0x08, 0x20,
  0x04, 0x00, 0x14, 0x05, 0x00, 0x80, 0x08, 0x00, 0x01, 0x00, 0x09, 0x90, 0x08, 0xA8, 0x02, 0x00,
  0xC0, 0x01, 0x22, 0x00, 0x22, 0x00, 0x00, 0x00, 0x40, 0x40, 0x02, 0x22, 0x42, 0x00, 0x00, 0x00,
  0x00, 0x04, 0x00, 0x88, 0x08, 0x28, 0x00, 0x00, 0x00, 0x11, 0x04, 0x0A, 0x41, 0x00, 0x09, 0x00,
  0x46, 0x00, 0x00, 0x02, 0x00, 0x80, 0x00, 0x08, 0xC0, 0x00, 0x02, 0x80, 0x00, 0x00, 0x00, 0x00,
  0xC1, 0x00, 0x14, 0x80, 0x01, 0x88, 0x00, 0x08, 0x01, 0x04, 0x00, 0x00, 0x02, 0x80, 0x00, 0x00,
  0x00, 0x01, 0x44, 0x82, 0x00, 0x80, 0x02, 0x02, 0x25, 0x00, 0x00, 0x10, 0x20, 0x80, 0x00, 0x00,
  0x00, 0x41, 0x10, 0x02, 0x31, 0x88, 0x09, 0x00, 0x40, 0x41, 0x80, 0x80, 0x04, 0x00, 0x00, 0x00,
  0x02, 0x00, 0x42, 0xA0, 0x30, 0x08, 0x00, 0x00, 0x00, 0x00, 0x01, 0x01, 0x50, 0x00, 0x00, 0x00,
  0x00, 0x00, 0x80, 0x00, 0x00, 0x00, 0x00, 0x00, 0x00, 0x00, 0x00, 0x00, 0x00, 0x00, 0x00, 0x00,
  0x00, 0x00, 0x00, 0x00, 0x00, 0x0C, 0x80, 0x80, 0x00, 0x40, 0x80, 0x44, 0x00, 0x00, 0x08, 0x81,
  0x08, 0x44, 0x04, 0x00, 0x04, 0x00, 0x07, 0x68, 0x20, 0x47, 0x14, 0x00, 0x00, 0x00, 0x44, 0x10,
  0x00, 0x46, 0x00, 0x02, 0x20, 0x00, 0x01, 0x00, 0x40, 0x04, 0x00, 0x00, 0x13, 0x00, 0x01, 0x21,
  0x08, 0x04, 0x00, 0x01, 0x20, 0x10, 0x00, 0x10, 0x00, 0x86, 0x00, 0x01, 0x00, 0x00, 0x00, 0x02,
  0x00, 0x45, 0x20, 0x02, 0x20, 0x08, 0x02, 0x00, 0x00, 0x04, 0x50, 0x14, 0x80, 0x00, 0x01, 0x48,
  0x48, 0x81, 0x11, 0x40, 0x81, 0x48, 0x81, 0x00, 0x02, 0x06, 0x90, 0x12, 0x00, 0x00, 0x06, 0x01,
  0x80, 0x05, 0x14, 0x00, 0x80, 0x00, 0x0A, 0x20, 0x00, 0x05, 0x10, 0x44, 0x80, 0x08, 0x10, 0x28,
  0x10, 0x42, 0x10, 0x21, 0x00, 0x00, 0x00, 0x02, 0x80, 0x00, 0x00, 0x20, 0x00, 0x48, 0x80, 0x03,
  0x01, 0x12, 0x05, 0x00, 0x00, 0x45, 0x82, 0x81, 0x22, 0x10, 0x81, 0x02, 0x94, 0x24, 0x00, 0x04,
  0x11, 0x30, 0x42, 0x01, 0x00, 0x40, 0x10, 0x10, 0x02, 0xA0, 0x04, 0x00, 0x00, 0x49, 0x20, 0x01,
  0x00, 0x00, 0x00, 0x00, 0x00, 0x51, 0x10, 0x03, 0x01, 0xD2, 0x03, 0x00, 0x00, 0xB0, 0x14, 0x80,
  0x00, 0x00, 0x01, 0x00, 0x00, 0x00, 0x00, 0x04, 0x20, 0x08, 0x40, 0x80, 0x00, 0x88, 0x20, 0x01,
  0x01, 0x80, 0x04, 0x41, 0x00, 0x40, 0x80, 0x00, 0x80, 0x00, 0x40, 0x42, 0x00, 0x80, 0x00, 0x08,
  0x00, 0x00, 0x82, 0x00, 0x00, 0x40, 0x14, 0x88, 0x01, 0x00, 0x41, 0x08, 0x00, 0xA1, 0x0C, 0x02,
  0x11, 0x40, 0x46, 0x81, 0x42, 0x31, 0x00, 0x00, 0x01, 0x00, 0x40, 0x00, 0x00, 0x60, 0x40, 0x00,
  0x01, 0x02, 0x04, 0x24, 0x00, 0x40, 0x20, 0x00, 0x10, 0x00, 0x04, 0x00, 0x00, 0x12, 0x20, 0x00,
  0x00, 0x00, 0x00, 0x00, 0x00, 0x00, 0x00, 0x00, 0x00, 0x00, 0x00, 0x00, 0x00, 0x00, 0x00, 0x00,
  0x00, 0x08, 0x00, 0x00, 0x01, 0x02, 0x00, 0x00, 0x80, 0x00, 0x08, 0x03, 0x00, 0xC2, 0x03, 0x03,
  0x05, 0x30, 0xA0, 0x05, 0x80, 0x00, 0x40, 0x02, 0x40, 0x30, 0x04, 0x00, 0x18, 0x8E, 0x02, 0x00,
  0x87, 0x40, 0x00, 0x02, 0x01, 0x08, 0x00, 0x00, 0x80, 0x00, 0x10, 0x02, 0x01, 0x04, 0x02, 0x00,
  0xA0, 0x20, 0x08, 0x80, 0x08, 0x86, 0x02, 0x00, 0x80, 0x00, 0x08, 0x08, 0x08, 0x88, 0x00, 0x00,
  0xA0, 0x80, 0x02, 0x01, 0x81, 0x08, 0x00, 0x24, 0x40, 0x10, 0xA0, 0x01, 0x81, 0x08, 0x85, 0x00,
  0x44, 0x08, 0x20, 0x80, 0x00, 0x08, 0x00, 0x04, 0x20, 0x50, 0x26, 0x08, 0x10, 0x88, 0x84, 0x00,
  0x10, 0x20, 0x22, 0x00, 0x00, 0x80, 0x00, 0x81, 0x48, 0x58, 0x00, 0x00, 0x00, 0x8A, 0x28, 0x01,
  0x48, 0x10, 0x00, 0x02, 0x00, 0x00, 0x00, 0x00, 0x14, 0x00, 0x00, 0x88, 0x80, 0x00, 0x8D, 0x02,
  0x04, 0x88, 0x20, 0x02, 0x22, 0x00, 0x00, 0x04, 0x80, 0x84, 0x80, 0x04, 0x80, 0x00, 0x00, 0x42,
  0x10, 0x44, 0x08, 0x00, 0x43, 0x82, 0x06, 0x10, 0x00, 0x50, 0x50, 0x0A, 0x02, 0x08, 0x00, 0x00,
  0x00, 0x81, 0x00, 0x10, 0x02, 0x00, 0x40, 0x4B, 0x04, 0x05, 0x00, 0x00, 0x00, 0x02, 0x08, 0x00,
  0x04, 0x80, 0x00, 0x82, 0x22, 0x08, 0x01, 0x00, 0x00, 0x01, 0x00, 0x0A, 0x02, 0x82, 0x04, 0x02,
  0x00, 0x80, 0x20, 0x00, 0x00, 0x00, 0x48, 0x40, 0x00, 0x02, 0x40, 0x04, 0x00, 0x41, 0x0A, 0x00,
  0x00, 0x48, 0x00, 0x82, 0x00, 0x21, 0x08, 0x40, 0x00, 0x21, 0x30, 0xCC, 0x61, 0x81, 0x48, 0x91,
  0x14, 0x85, 0x90, 0x00, 0x01, 0x00, 0x82, 0x04, 0x00, 0x10, 0x00, 0x00, 0x29, 0x80, 0xC0, 0x00,
  0x00, 0xE0, 0x40, 0x00, 0x00, 0x08, 0x88, 0x00, 0x00, 0x81, 0x30, 0x00, 0x00, 0x00, 0x00, 0x00,
  0x00, 0x00, 0x00, 0x00, 0x00, 0x00, 0x00, 0x00, 0x00, 0x00, 0x00, 0x00, 0x00, 0x00, 0x00, 0x00,
  0x02, 0x00, 0x00, 0x08, 0x00, 0x00, 0x28, 0x10, 0x42, 0x06, 0x20, 0x08, 0x40, 0x40, 0x00, 0x08,
  0x02, 0x00, 0x11, 0x04, 0x11, 0x80, 0x01, 0x00, 0x10, 0x10, 0xC0, 0x08, 0x84, 0xA0, 0x00, 0x08,
  0x00, 0x00, 0x00, 0x08, 0x00, 0x50, 0x20, 0x01, 0x42, 0x02, 0x20, 0x00, 0x41, 0x20, 0x40, 0x10,
  0x00, 0x40, 0x10, 0x08, 0x41, 0x00, 0x40, 0x01, 0x00, 0x52, 0x20, 0x08, 0x0A, 0xA0, 0x01, 0x04,
  0x03, 0x18, 0x05, 0x82, 0x00, 0x80, 0x18, 0x10, 0x02, 0x50, 0x10, 0x18, 0x08, 0xA2, 0x38, 0x00,
  0x02, 0xA0, 0x00, 0x12, 0x0E, 0x40, 0x40, 0x89, 0x02, 0x04, 0x10, 0x00, 0x52, 0xA0, 0x04, 0x00,
  0x03, 0x88, 0x00, 0x08, 0x2A, 0x80, 0x42, 0x01, 0x02, 0x50, 0x02, 0x08, 0x00, 0x40, 0x00, 0x40,
  0x04, 0x02, 0x01, 0x40, 0x02, 0x80, 0x10, 0x00, 0x00, 0xC2, 0x00, 0x00, 0x00, 0x40, 0x10, 0x00,
  0x01, 0x22, 0x40, 0x21, 0x01, 0x01, 0xA4, 0x02, 0x00, 0x00, 0x00, 0x22, 0x00, 0x00, 0x00, 0x0A,
  0x10, 0x0B, 0x00, 0x05, 0x04, 0x21, 0x00, 0x22, 0x10, 0x01, 0x40, 0x00, 0x08, 0x40, 0x00, 0x20,
  0x29, 0x02, 0x00, 0x10, 0x00, 0x00, 0x20, 0x00, 0x00, 0x04, 0x20, 0x40, 0x00, 0x00, 0x00, 0x02,
  0x00, 0x40, 0x40, 0x20, 0x04, 0x00, 0x00, 0x42, 0x12, 0x44, 0x00, 0x01, 0x00, 0x80, 0x10, 0x20,
  0x08, 0x1A, 0x12, 0x20, 0x04, 0x05, 0x00, 0x00, 0x00, 0x02, 0x40, 0x00, 0x00, 0x00, 0x20, 0x06,
  0x60, 0x82, 0x60, 0x40, 0x00, 0x08, 0x80, 0x00, 0x40, 0x8C, 0x08, 0x00, 0x00, 0x00, 0x00, 0x00,
  0x08, 0x04, 0x40, 0x00, 0x00, 0x82, 0x90, 0x00, 0x00, 0x82, 0x00, 0x01, 0x08, 0x02, 0x00, 0x00,
  0x10, 0x00, 0x04, 0x00, 0x08, 0x04, 0x00, 0x00, 0x00, 0x00, 0x00, 0x00, 0x00, 0x00, 0x00, 0x00,
  0x00, 0x00, 0x00, 0x00, 0x00, 0x00, 0x00, 0x00, 0x00, 0x00, 0x00, 0x20, 0x00, 0x41, 0x40, 0x00,
  0x00, 0x00, 0x00, 0x10, 0x60, 0x00, 0x00, 0x00, 0x12, 0x00, 0x04, 0x00, 0x84, 0xC4, 0x04, 0x01,
  0x2C, 0x00, 0x20, 0x28, 0x84, 0x40, 0x10, 0x00, 0x00, 0x00, 0x00, 0x10, 0x0A, 0x14, 0x00, 0x00,
  0x21, 0x80, 0x00, 0x08, 0x00, 0x00, 0x80, 0x04, 0x00, 0x00, 0x02, 0x00, 0x00, 0x00, 0x00, 0x00,
  0x00, 0x80, 0x00, 0x08, 0x00, 0x04, 0x22, 0x00, 0x44, 0x01, 0x00, 0x10, 0x80, 0x42, 0x80, 0x00,
  0x00, 0x00, 0x01, 0x12, 0x80, 0x01, 0x00, 0x00, 0xA1, 0x00, 0x01, 0x10, 0x00, 0x84, 0x80, 0x00,
  0x60, 0x00, 0x00, 0x20, 0x00, 0x11, 0x01, 0x00, 0x24, 0x00, 0x20, 0x40, 0x00, 0x00, 0x00, 0x80,
  0x04, 0x00, 0x0C, 0xC0, 0x40, 0x00, 0x00, 0x08, 0x20, 0x00, 0x00, 0x08, 0x21, 0x01, 0x02, 0x00,
  0x80, 0x04, 0x00, 0x00, 0x1B, 0x04, 0x52, 0x50, 0x00, 0x11, 0x00, 0x02, 0x00, 0x88, 0x82, 0xC0,
  0x04, 0x44, 0x08, 0x00, 0x09, 0x88, 0x40, 0x00, 0x40, 0x20, 0x18, 0x28, 0x00, 0x00, 0x42, 0x02,
  0x00, 0x80, 0x00, 0x00, 0x20, 0x01, 0x00, 0x00, 0x00, 0x00, 0x50, 0x00, 0x80, 0x09, 0x00, 0x40,
  0x02, 0x42, 0x40, 0x00, 0x00, 0x00, 0x00, 0x00, 0x00, 0x00, 0x00, 0x14, 0x40, 0x01, 0x02, 0x42,
  0x02, 0x44, 0x50, 0x00, 0x20, 0x08, 0x00, 0x50, 0x04, 0x01, 0x00, 0x0A, 0x94, 0xA1, 0x00, 0x45,
  0x00, 0xC0, 0x00, 0x00, 0x00, 0x80, 0x10, 0x00, 0x00, 0x20, 0x00, 0x10, 0x01, 0x00, 0x02, 0x01,
  0x06, 0x40, 0x01, 0x40, 0x10, 0x00, 0x20, 0x28, 0x50, 0x40, 0x20, 0x00, 0x02, 0x00, 0x01, 0x10,
  0x00, 0x00, 0x00, 0x00, 0x00, 0x00, 0x05, 0x00, 0x00, 0x10, 0x10, 0x00, 0x00, 0x00, 0x10, 0x00,
  0x00, 0x20, 0x00, 0x00, 0x00, 0x00, 0x00, 0x00, 0x00, 0x00, 0x00, 0x00, 0x00, 0x00, 0x00, 0x00,
  0x00, 0x00, 0x00, 0x00, 0x00, 0x00, 0x60, 0x00, 0x00, 0x40, 0x10, 0x00, 0x00, 0x02, 0x52, 0x00,
  0x00, 0x00, 0x00, 0x50, 0x04, 0x41, 0x04, 0x10, 0x04, 0x02, 0x04, 0x40, 0x14, 0x02, 0x00, 0x00,
  0x08, 0x40, 0x00, 0x10, 0x21, 0x00, 0x00, 0x00, 0x00, 0x00, 0x00, 0x80, 0x00, 0x00, 0x84, 0x10,
  0x08, 0x40, 0x20, 0x00, 0x02, 0x04, 0x04, 0x00, 0x00, 0x00, 0x00, 0x10, 0x0C, 0x0A, 0x00, 0x00,
  0x80, 0x00, 0x04, 0x50, 0x12, 0x00, 0x40, 0x01, 0x60, 0xC0, 0x04, 0x28, 0x22, 0x01, 0x20, 0x04,
  0x40, 0x00, 0x40, 0x40, 0x00, 0x80, 0x02, 0x10, 0x01, 0x00, 0x00, 0x08, 0x05, 0x08, 0x02, 0x50,
  0x40, 0x40, 0x04, 0x80, 0x22, 0x00, 0x00, 0x20, 0x00, 0x00, 0x02, 0x00, 0x84, 0x12, 0x4C, 0x90,
  0x00, 0x02, 0x00, 0xB0, 0x00, 0x70, 0x04, 0xA8, 0x00, 0x02, 0x01, 0x00, 0x90, 0x14, 0x04, 0x84,
  0x20, 0x00, 0x00, 0x00, 0x30, 0x20, 0x00, 0x04, 0x14, 0xA0, 0x00, 0x21, 0x10, 0x24, 0x42, 0x00,
  0x00, 0x04, 0x02, 0x40, 0x80, 0x50, 0x20, 0x00, 0x40, 0xA0, 0x40, 0x40, 0x90, 0x04, 0x02, 0x90,
  0x20, 0x88, 0x02, 0x00, 0x08, 0x08, 0x04, 0x00, 0x10, 0x10, 0x00, 0x00, 0x00, 0x02, 0x10, 0x00,
  0x00, 0x00, 0x00, 0x00, 0x10, 0x04, 0x04, 0x28, 0x00, 0x00, 0x00, 0x10, 0x08, 0x04, 0x00, 0x80,
  0x20, 0x20, 0x80, 0x84, 0x80, 0x00, 0x00, 0x00, 0x00, 0x08, 0x00, 0x02, 0x00, 0x00, 0x08, 0x00,
  0x80, 0x80, 0x02, 0x00, 0x90, 0x20, 0x00, 0x80, 0x10, 0x02, 0x82, 0x00, 0x00, 0x20, 0x00, 0x84,
  0xAA, 0x82, 0x02, 0x02, 0x40, 0x20, 0x04, 0x04, 0x00, 0x00, 0x40, 0x00, 0x90, 0x20, 0x08, 0x02,
  0x00, 0x00, 0x00, 0x00, 0x48, 0x00, 0x10, 0x80, 0x00, 0x00, 0x00, 0x10, 0x08, 0x00, 0x00, 0x00,
  0x00, 0x00, 0x00, 0x00, 0x00, 0x00, 0x00, 0x00, 0x00, 0x00, 0x00, 0x00, 0x00, 0x00, 0x00, 0x00,
  0x00, 0x00, 0x00, 0x00, 0x05, 0x00, 0x02, 0x20, 0x00, 0x00, 0x00, 0x31, 0x09, 0x00, 0x46, 0x08,
  0x32, 0x00, 0x21, 0x00, 0x00, 0x00, 0x10, 0x00, 0x01, 0x88, 0xC0, 0x00, 0x81, 0x00, 0x21, 0x00,
  0x00, 0x00, 0xC0, 0x00, 0x08, 0x00, 0x00, 0x10, 0x00, 0x00, 0x41, 0x00, 0xA1, 0x02, 0x02, 0x10,
  0x00, 0x12, 0x90, 0x00, 0x04, 0x00, 0x00, 0x40, 0x20, 0x00, 0x80, 0x00, 0x05, 0x40, 0x22, 0x40,
  0x00, 0x1C, 0x00, 0x00, 0x04, 0x00, 0x11, 0x40, 0x10, 0x10, 0x98, 0x20, 0x21, 0x82, 0x26, 0x50,
  0x8C, 0x50, 0xC4, 0x00, 0x03, 0x00, 0x0A, 0x00, 0x00, 0x10, 0x00, 0x00, 0x24, 0x01, 0x20, 0x20,
  0x02, 0x82, 0x84, 0x80, 0x03, 0x40, 0x20, 0x14, 0x02, 0x48, 0x43, 0x00, 0x80, 0x00, 0x10, 0x00,
  0x08, 0x00, 0x01, 0x00, 0x20, 0x00, 0x00, 0x00, 0x00, 0x02, 0x10, 0x50, 0x00, 0x80, 0x42, 0x41,
  0x00, 0x02, 0xA0, 0x20, 0x88, 0x20, 0x02, 0x00, 0x00, 0x01, 0x08, 0x08, 0x00, 0x81, 0x40, 0x02,
  0x00, 0x00, 0x18, 0x00, 0x00, 0x00, 0x00, 0x02, 0x00, 0x22, 0x18, 0x00, 0x00, 0x20, 0x00, 0x00,
  0x08, 0x02, 0x20, 0x41, 0x00, 0x00, 0x02, 0x20, 0x90, 0x00, 0x00, 0xA0, 0x00, 0x00, 0x00, 0x10,
  0x00, 0x00, 0x06, 0x00, 0x20, 0x22, 0x40, 0x00, 0x80, 0x00, 0x00, 0x00, 0x82, 0x0A, 0x02, 0x10,
  0x20, 0x02, 0x11, 0x80, 0xA0, 0x04, 0x00, 0x01, 0x10, 0x00, 0x00, 0x08, 0x00, 0x00, 0x40, 0x01,
  0x40, 0x00, 0x10, 0x01, 0x00, 0x41, 0x00, 0x00, 0x10, 0x00, 0x28, 0x40, 0x01, 0x00, 0x00, 0x21,
  0x01, 0x82, 0x01, 0x80, 0x00, 0x00, 0x00, 0x01, 0x40, 0x00, 0x00, 0x08, 0x00, 0x88, 0x80, 0x01,
  0x00, 0x00, 0x01, 0x00, 0x00, 0x0C, 0x00, 0x00, 0x00, 0x00, 0x10, 0x00, 0x00, 0x00, 0x00, 0x00,
  0x00, 0x00, 0x00, 0x00, 0x00, 0x00, 0x00, 0x00, 0x00, 0x00, 0x00, 0x00, 0x00, 0x02, 0x08, 0x00,
  0x02, 0x00, 0x02, 0x10, 0x00, 0x02, 0x81, 0x04, 0x40, 0x41, 0x00, 0x40, 0xA0, 0x10, 0x10, 0x00,
  0x08, 0x82, 0x09, 0x10, 0x04, 0x90, 0x04, 0x00, 0x80, 0x02, 0x02, 0x88, 0x00, 0x30, 0x08, 0x00,
  0x00, 0x00, 0x01, 0x08, 0x00, 0x00, 0x08, 0x22, 0x20, 0x02, 0x00, 0x88, 0x00, 0x04, 0x00, 0x00,
  0x00, 0x80, 0x00, 0x00, 0x01, 0x20, 0x01, 0x00, 0x40, 0x80, 0x00, 0x10, 0x05, 0x20, 0xA4, 0x10,
  0x00, 0x02, 0x00, 0x00, 0x08, 0x00, 0x22, 0x20, 0x2A, 0x00, 0x02, 0x10, 0x21, 0x08, 0x01, 0x00,
  0x00, 0x40, 0x18, 0x80, 0x04, 0x08, 0x02, 0x00, 0x00, 0x02, 0x00, 0x40, 0x20, 0x94, 0x89, 0x00,
  0x00, 0x80, 0x00, 0x00, 0x20, 0x22, 0x00, 0x00, 0x18, 0x41, 0x05, 0x00, 0x05, 0x00, 0x08, 0x04,
  0x00, 0x00, 0x80, 0x12, 0x00, 0x20, 0x4A, 0x20, 0x00, 0x10, 0x01, 0x00, 0x00, 0x20, 0x08, 0x08,
  0x00, 0x08, 0x81, 0x3A, 0x00, 0x10, 0x00, 0x01, 0x01, 0x80, 0x02, 0x00, 0x10, 0x08, 0x08, 0x44,
  0x00, 0x00, 0x02, 0x00, 0x80, 0x10, 0x20, 0x80, 0x00, 0x10, 0x00, 0x01, 0x40, 0x80, 0x08, 0x20,
  0x22, 0x88, 0x02, 0x02, 0x80, 0x00, 0x02, 0x20, 0x00, 0x08, 0x80, 0x02, 0x00, 0x00, 0x00, 0x04,
  0x00, 0x00, 0x80, 0x02, 0x80, 0x01, 0x40, 0x88, 0x00, 0x00, 0x00, 0x00, 0x00, 0x00, 0x28, 0x04,
  0x00, 0x80, 0x82, 0x10, 0x08, 0x21, 0x28, 0x00, 0x00, 0x80, 0x00, 0x80, 0x20, 0x48, 0x04, 0x04,
  0x80, 0x40, 0x42, 0x33, 0x80, 0x20, 0x04, 0x08, 0x00, 0x20, 0xC1, 0x00, 0x80, 0x10, 0x51, 0x02,
  0x00, 0x80, 0x00, 0x00, 0x10, 0x21, 0x21, 0x02, 0x00, 0x80, 0x00, 0x00, 0x80, 0x01, 0x20, 0x00,
  0x00, 0x00, 0x80, 0x02, 0x08, 0x01, 0x20, 0x00, 0x00, 0x00, 0x00, 0x00, 0x00, 0x00, 0x00, 0x00,
  0x00, 0x00, 0x00, 0x00, 0x00, 0x00, 0x00, 0x00, 0x00, 0x00, 0x00, 0x00, 0x00, 0x00, 0x01, 0x84,
  0x09, 0x08, 0x00, 0x82, 0xC0, 0x03, 0x00, 0x10, 0x00, 0x2C, 0x84, 0x00, 0x40, 0x00, 0x50, 0x44,
  0x04, 0x04, 0x45, 0x20, 0x40, 0x03, 0x18, 0x80, 0x13, 0x14, 0x00, 0x00, 0x40, 0x00, 0x91, 0x08,
  0x09, 0x01, 0x04, 0x00, 0x00, 0x01, 0x01, 0x80, 0x10, 0x10, 0x00, 0x00, 0x48, 0x00, 0x00, 0x00,
  0x08, 0x01, 0x02, 0x00, 0x48, 0x00, 0x01, 0x00, 0x10, 0x12, 0x20, 0x00, 0x01, 0x02, 0x01, 0x80,
  0x00, 0x1C, 0x02, 0x80, 0x08, 0x01, 0x20, 0x00, 0x60, 0x09, 0x51, 0x00, 0x00, 0x00, 0x00, 0x90,
  0x28, 0x50, 0x00, 0x00, 0x1C, 0x82, 0x10, 0x04, 0x04, 0x08, 0x12, 0x00, 0x00, 0x00, 0x00, 0x40,
  0x24, 0x00, 0x10, 0x00, 0x04, 0x40, 0x01, 0x40, 0x21, 0x00, 0x00, 0x21, 0x00, 0x00, 0x00, 0x20,
  0x48, 0x08, 0x80, 0x01, 0x00, 0x00, 0x81, 0x01, 0x90, 0x00, 0x49, 0x88, 0x00, 0x08, 0x00, 0x00,
  0x40, 0x08, 0x00, 0x12, 0x01, 0x40, 0x00, 0x81, 0x00, 0x40, 0x04, 0x80, 0x20, 0x00, 0x83, 0x01,
  0x10, 0x10, 0x11, 0x01, 0x00, 0x00, 0x00, 0x21, 0x90, 0x25, 0x54, 0x80, 0x00, 0x8C, 0x01, 0x10,
  0x40, 0x10, 0x10, 0x00, 0x00, 0x00, 0x00, 0x00, 0x40, 0x10, 0x00, 0xA1, 0x00, 0x08, 0x41, 0x10,
  0x20, 0x10, 0x02, 0x00, 0x08, 0xC0, 0x01, 0x10, 0x0C, 0x11, 0x88, 0x20, 0x00, 0xC0, 0x02, 0x91,
  0x00, 0x31, 0x00, 0x06, 0x00, 0x00, 0x40, 0x04, 0x00, 0x40, 0x1C, 0x06, 0x00, 0x88, 0x00, 0x14,
  0xC0, 0x00, 0x12, 0x07, 0x01, 0x48, 0x80, 0x91, 0x44, 0x09, 0x10, 0x06, 0x00, 0x80, 0x40, 0x01,
  0x00, 0x00, 0x04, 0x88, 0x00, 0x40, 0x40, 0x01, 0x40, 0x00, 0x20, 0x00, 0x00, 0x40, 0x00, 0x00,
  0x00, 0x00, 0x10, 0x00, 0x00, 0x00, 0x00, 0x00, 0x00, 0x00, 0x00, 0x00, 0x00, 0x00, 0x00, 0x00,
  0x00, 0x00, 0x00, 0x00, 0x00, 0x05, 0x0E, 0x40, 0x00, 0x05, 0x0E, 0x4F, 0xFF, 0xF0, 0x04, 0x4D,
  0xDF, 0xFC, 0xCF, 0xFF, 0x5F, 0x5D, 0xCD, 0xD5, 0x5F, 0xDF, 0x0F, 0x2D, 0xDF, 0xCA, 0xAE, 0xAF,
  0xFF, 0xF3, 0xF3, 0xFF, 0xFD, 0xDF, 0x57, 0x5F, 0xFC, 0xF0, 0x0C, 0xC0, 0x0F, 0x0F, 0xF7, 0xFF,
  0xFF, 0xFF, 0xFC, 0xC5, 0xF0, 0x0D, 0x7C, 0xCD, 0x7C, 0xCD, 0x7C, 0xCD, 0x7C, 0xCD, 0x7C, 0xCD,
  0x7C, 0xC5, 0x7F, 0xCD, 0x7F, 0xFF, 0x08, 0x4F, 0xFF, 0xF5, 0x05, 0x5F, 0xFF, 0xF0, 0x77, 0x00,
  0xAC, 0xFF, 0xFF, 0xF0, 0xD0, 0x0F, 0xDF, 0xD0, 0x00, 0x00, 0xAF, 0xE0, 0x00, 0x0A, 0xAA, 0xAE,
  0xEF, 0xF0, 0x0C, 0x40, 0x00, 0x0F, 0xB7, 0x7F, 0xFF, 0xF0, 0x00, 0x0F, 0xFF, 0xFC, 0x5F, 0xC0,
  0x00, 0x00, 0x00, 0x0E, 0xEE, 0xE0, 0x0F, 0xFF, 0xFF, 0xFF, 0xF0, 0x00, 0x0F, 0xFF, 0xFF, 0xFF,
  0xF5, 0x55, 0x53, 0x3F, 0xF0, 0x0F, 0xFF, 0xFF, 0xF7, 0xFF, 0x70, 0x00, 0x0F, 0xCF, 0xFF, 0xFF,
  0xF2, 0x0F, 0x0F, 0xFF, 0xF0, 0x00, 0x0F, 0xF7, 0x7F, 0xFA, 0xF3, 0x30, 0x0F, 0xFB, 0xF0, 0x0A,
  0x30, 0x0C, 0xC3, 0x30, 0x01, 0x00, 0x00, 0x4F, 0xF5, 0x06, 0x7C, 0xCC, 0xCA, 0x0A, 0x0F, 0x4F,
  0xE0, 0x00, 0x05, 0x45, 0x40, 0x00, 0x0D, 0xDF, 0xD8, 0x8F, 0x51, 0x13, 0x3A, 0x00, 0xD8, 0x8A,
  0xAF, 0x5E, 0xE2, 0x82, 0xAF, 0xFE, 0xE0, 0x0F, 0xFD, 0x8F, 0x00, 0x0F, 0xFF, 0x0D, 0x00, 0x00,
  0x00, 0x00, 0x0F, 0xF3, 0x3F, 0xFF, 0xFF, 0xFF, 0xFF, 0xFF, 0xFC, 0xCC, 0xCF, 0xFF, 0xFC, 0x80,
  0xC0, 0x0F, 0xE3, 0x25, 0x05, 0x55, 0x4F, 0xF0, 0x05, 0xA5, 0x5C, 0x3C, 0xCC, 0x3C, 0xCC, 0x3C,
  0xCC, 0x3C, 0xCC, 0x3C, 0xCC, 0x3C, 0xCC, 0x3C, 0xCC, 0x3C, 0xC5, 0x6F, 0xDC, 0x3F, 0xF0, 0x00,
  0x00, 0x00, 0x00, 0x00, 0x00, 0x00, 0x00, 0x00, 0x00, 0x00, 0x00, 0x00, 0x00, 0x00, 0x00, 0x00,
  0x00, 0x0F, 0xAE, 0x40, 0x00, 0x0F, 0xAE, 0x4F, 0xFF, 0xF0, 0x00, 0x4F, 0x5F, 0x5C, 0xCF, 0xFD,
  0xDD, 0xDD, 0xFD, 0xD5, 0x7F, 0xFF, 0xDF, 0xFF, 0xCF, 0xCE, 0xAE, 0xAA, 0x8F, 0xC3, 0xFF, 0xFF,
  0xFD, 0x0F, 0x55, 0x5F, 0xFF, 0xF0, 0x0C, 0xC0, 0x0F, 0x0F, 0xF7, 0x73, 0xBF, 0xCF, 0xFC, 0xCF,
  0x5F, 0xFD, 0x7C, 0xCD, 0x7C, 0xCD, 0x7C, 0xCD, 0x7C, 0xCD, 0x7C, 0xCD, 0x7C, 0xCF, 0xDF, 0xFD,
  0x7F, 0xFF, 0x00, 0x7F, 0xFF, 0xF7, 0x25, 0x5F, 0xFF, 0xF7, 0x77, 0x70, 0xA0, 0xFC, 0xDF, 0xFD,
  0xDD, 0xDF, 0xDF, 0xF0, 0x00, 0x00, 0xAF, 0xAC, 0x4F, 0x50, 0x00, 0x0A, 0xAF, 0xF0, 0x0C, 0xCF,
  0xDF, 0xFF, 0xBF, 0x7F, 0xFF, 0xF3, 0x1F, 0x5F, 0xBF, 0xBF, 0xFF, 0xF0, 0x00, 0x04, 0x04, 0x4F,
  0xFF, 0xF0, 0x07, 0x77, 0x2F, 0xFF, 0xF0, 0x20, 0x0B, 0xFB, 0xF3, 0xFF, 0xF5, 0x5F, 0x5F, 0xFF,
  0xFD, 0x0F, 0xF5, 0x7F, 0x57, 0x7F, 0x7D, 0xFF, 0xEF, 0xFF, 0xFF, 0xFF, 0xFF, 0xFF, 0xFF, 0xFF,
  0xF0, 0x00, 0x0F, 0xF7, 0x7F, 0xFF, 0xF3, 0x30, 0x0F, 0xFF, 0xF0, 0x1B, 0xE0, 0x0C, 0xC3, 0x30,
  0x00, 0x15, 0x08, 0xCF, 0xF4, 0x04, 0x4C, 0xCD, 0xCF, 0x0A, 0x0F, 0x4F, 0xE0, 0x00, 0x0F, 0xCF,
  0xC0, 0x00, 0x0F, 0xFF, 0xFD, 0xDF, 0x53, 0x23, 0x2A, 0xA0, 0xDA, 0x2A, 0x2F, 0xFF, 0xFA, 0x8A,
  0xAF, 0xFF, 0xF0, 0x0D, 0xDF, 0x0F, 0x00, 0x1F, 0xDF, 0x0F, 0x20, 0x00, 0x00, 0x00, 0x0F, 0xF3,
  0x3F, 0xFF, 0xFF, 0xF3, 0x33, 0x33, 0x3F, 0xDF, 0xDF, 0xFF, 0x5C, 0xCC, 0xC0, 0x1F, 0xE3, 0x75,
  0x05, 0x55, 0x5F, 0xF0, 0x05, 0xA5, 0x5C, 0x3C, 0xCC, 0x3C, 0xCC, 0x3C, 0xCC, 0x3C, 0xCC, 0x3C,
  0xCC, 0x3C, 0xCC, 0x3C, 0xCC, 0x3C, 0xC5, 0x6F, 0xDC, 0x3F, 0xF0, 0x00, 0x00, 0x00, 0x00, 0x00,
  0x00, 0x00, 0x00, 0x00, 0x00, 0x00, 0x00, 0x00, 0x00, 0x00, 0x00, 0x00, 0x00, 0x00, 0x04, 0x00,
  0x00, 0x00, 0x04, 0x00, 0x00, 0x16, 0x08, 0x00, 0x15, 0x36, 0x20, 0x10, 0x50, 0x02, 0x08, 0x10,
  0x11, 0x36, 0x20, 0x10, 0x40, 0x12, 0x08, 0x10, 0x10, 0x36, 0x20, 0x10, 0x40, 0x12, 0x00, 0x10,
  0x00, 0x30, 0x20, 0x10, 0x40, 0x12, 0x00, 0x00, 0x05, 0x70, 0x20, 0x10, 0x64, 0x00, 0x18, 0x81,
  0x13, 0x70, 0x70, 0x00, 0x64, 0x00, 0x18, 0x81, 0x12, 0x30, 0x30, 0x00, 0x44, 0x04, 0x0C, 0x12,
  0x10, 0x36, 0x20, 0x50, 0x40, 0x54, 0x0C, 0x02, 0x14, 0x36, 0x20, 0x50, 0x40, 0x54, 0x0C, 0x02,
  0x10, 0x36, 0x24, 0x40, 0x40, 0x56, 0x08, 0x12, 0x10, 0x36, 0x20, 0x50, 0x40, 0x54, 0x0C, 0x12,
  0x10, 0x12, 0x20, 0x50, 0x50, 0x44, 0x0C, 0x12, 0x10, 0x36, 0x20, 0x50, 0x40, 0x50, 0x06, 0x08,
  0x12, 0x10, 0x12, 0x20, 0x50, 0x40, 0x52, 0x00, 0x10, 0x10, 0x36, 0x00, 0x10, 0x40, 0x14, 0x0C,
  0x02, 0x14, 0x12, 0x24, 0x40, 0x40, 0x52, 0x00, 0x10, 0x10, 0x12, 0x00, 0x10, 0x00, 0x02, 0x00,
  0x10, 0x00, 0x00, 0x00, 0x10, 0x00, 0x12, 0x00, 0x10, 0x00, 0x00, 0x00, 0x10, 0x10, 0x02, 0x00,
  0x00, 0x04, 0x00, 0x00, 0x10, 0x00, 0x16, 0x08, 0x00, 0x00, 0x32, 0x24, 0x40, 0x40, 0x42, 0x00,
  0x10, 0x00, 0x00, 0x00, 0x10, 0x00, 0x16, 0x08, 0x10, 0x01, 0x32, 0x00, 0x10, 0x00, 0x12, 0x08,
  0x10, 0x10, 0x32, 0x20, 0x10, 0x40, 0x14, 0x08, 0x12, 0x10, 0x30, 0x20, 0x50, 0x40, 0x52, 0x00,
  0x10, 0x00, 0x32, 0x24, 0x00, 0x40, 0x10, 0x04, 0x20, 0xA4, 0x30, 0x04, 0x01, 0x02, 0x92, 0x08,
  0x01, 0x13, 0x30, 0x70, 0x00, 0x64, 0x00, 0x18, 0x81, 0x13, 0x30, 0x70, 0x00, 0x64, 0x00, 0x18,
  0x81, 0x12, 0x30, 0x30, 0x00, 0x44, 0x00, 0x00, 0x00, 0x00, 0x00, 0x00, 0x00, 0x00, 0x00, 0x00,
  0x00, 0x00, 0x00, 0x00, 0x00, 0x00, 0x00, 0x00, 0x00, 0x00, 0x00, 0x00, 0x00, 0x00, 0x08, 0x00,
  0x00, 0x24, 0x10, 0x00, 0x28, 0x6C, 0x40, 0x20, 0x80, 0x2C, 0x10, 0x24, 0x20, 0x6C, 0x40, 0xA0,
  0x80, 0xA4, 0x00, 0x20, 0x00, 0x6C, 0x40, 0x20, 0x80, 0x20, 0x00, 0x20, 0x00, 0x60, 0x40, 0x20,
  0x80, 0x2C, 0x10, 0x20, 0x20, 0x64, 0x40, 0x20, 0x80, 0x2C, 0x10, 0x24, 0x20, 0x68, 0x40, 0xA0,
  0x80, 0xAC, 0x10, 0x20, 0x00, 0x6C, 0x40, 0xA0, 0x80, 0xA8, 0x18, 0x04, 0x28, 0x6C, 0x48, 0x80,
  0x80, 0xA4, 0x00, 0x20, 0x00, 0x00, 0x00, 0x20, 0x20, 0x0C, 0x10, 0x04, 0x20, 0x6C, 0x48, 0x80,
  0x80, 0xAC, 0x10, 0x24, 0x20, 0x6C, 0x40, 0xA0, 0x80, 0xA8, 0x18, 0x00, 0x00, 0x6C, 0x40, 0xA0,
  0x80, 0xAC, 0x10, 0x24, 0x20, 0x24, 0x48, 0x80, 0x80, 0xA0, 0x00, 0x08, 0x20, 0x00, 0x24, 0x40,
  0x20, 0x80, 0x24, 0x00, 0x20, 0x00, 0x60, 0x00, 0x20, 0x00, 0x28, 0x18, 0x24, 0x20, 0x24, 0x40,
  0xA0, 0x80, 0x28, 0x18, 0x00, 0x08, 0x24, 0x48, 0x80, 0x20, 0x0C, 0x10, 0x20, 0x00, 0x64, 0x48,
  0x80, 0x80, 0xAC, 0x10, 0x20, 0x00, 0x24, 0x40, 0xA0, 0x80, 0xA4, 0x00, 0x20, 0x00, 0x00, 0x00,
  0x20, 0x00, 0x24, 0x00, 0x00, 0x00, 0x00, 0x00, 0x00, 0x00, 0x04, 0x00, 0x00, 0x00, 0x00, 0x00,
  0x20, 0x00, 0x24, 0x00, 0x00, 0x08, 0x60, 0x40, 0x20, 0x80, 0x2C, 0x10, 0x24, 0x20, 0x24, 0x40,
  0xA0, 0x00, 0x04, 0x00, 0x20, 0x00, 0x00, 0x00, 0x20, 0x20, 0x04, 0x00, 0x20, 0x00, 0x00, 0x00,
  0x20, 0x00, 0x20, 0x08, 0x00, 0x28, 0x60, 0x08, 0x02, 0x25, 0x0C, 0x10, 0x20, 0x00, 0x24, 0x40,
  0xA0, 0x00, 0x24, 0x10, 0x20, 0x00, 0x64, 0x00, 0x20, 0x00, 0x24, 0x00, 0x20, 0x00, 0x60, 0x00,
  0x20, 0x80, 0x20, 0x00, 0x00, 0x00, 0x00, 0x00, 0x00, 0x00, 0x00, 0x00, 0x00, 0x00, 0x00, 0x00,
  0x00, 0x00, 0x00, 0x00, 0x00, 0x00, 0x00, 0x00, 0x00, 0x0F, 0xAE, 0x40, 0x00, 0x0D, 0xDF, 0xFF,
  0x5F, 0xDF, 0xDF, 0xDF, 0xCF, 0xF4, 0x09, 0x45, 0x0F, 0xAF, 0xF3, 0xFF, 0xFB, 0xF5, 0x4F, 0xCF,
  0x3F, 0x3F, 0xFF, 0xAB, 0x3F, 0x30, 0x00, 0x0F, 0xFF, 0xF0, 0x0F, 0x00, 0x0F, 0x0C, 0xFC, 0xFF,
  0xFF, 0xF5, 0xFF, 0xFF, 0xCF, 0xFD, 0xDD, 0xDF, 0xFF, 0xFC, 0xCC, 0xCF, 0xFF, 0xF9, 0x96, 0x60,
  0x0C, 0xC9, 0x66, 0x93, 0xCC, 0x3F, 0xFF, 0xFF, 0xDF, 0xD3, 0xAF, 0x00, 0x0C, 0xCC, 0xCC, 0xCF,
  0xCF, 0xEF, 0x7F, 0x7F, 0x7F, 0xDC, 0xCF, 0xF0, 0x00, 0x00, 0x0F, 0x0F, 0xFC, 0xFE, 0xE7, 0x70,
  0x0C, 0xCA, 0xA5, 0x54, 0xCC, 0xCF, 0xFF, 0xF0, 0x00, 0x04, 0x44, 0x45, 0x5F, 0xFF, 0xFF, 0xF4,
  0x0F, 0x0C, 0xF8, 0x00, 0x00, 0x20, 0x04, 0x0F, 0x00, 0x0F, 0xF0, 0x0F, 0xFC, 0xC0, 0x00, 0x40,
  0x0C, 0xCC, 0xC0, 0xD0, 0x0C, 0xCF, 0xCA, 0xEF, 0xFC, 0xCF, 0xEF, 0xFF, 0xFF, 0x0F, 0xFF, 0xFF,
  0xFF, 0xF5, 0xDC, 0xFC, 0xEC, 0xCF, 0xAF, 0xFF, 0xF9, 0x7F, 0xFC, 0xFF, 0x0A, 0xA2, 0xAC, 0xC5,
  0x5F, 0xFF, 0xF0, 0xF0, 0xCF, 0xFC, 0xCC, 0xCF, 0xFA, 0xFA, 0x7F, 0xF0, 0x0F, 0xFC, 0xF0, 0x00,
  0x00, 0x00, 0x00, 0x00, 0x00, 0x00, 0x0F, 0xFF, 0xF0, 0x00, 0x0F, 0xFF, 0xFF, 0xF5, 0x5C, 0xCC,
  0xCF, 0x05, 0x5F, 0xF0, 0x03, 0x3C, 0xC8, 0xF6, 0xF4, 0x34, 0x3F, 0xFF, 0xF0, 0x00, 0x0F, 0xFE,
  0xFF, 0xCF, 0xC5, 0x1F, 0xFF, 0xFF, 0xD0, 0x0C, 0xC4, 0x44, 0x40, 0x00, 0x0F, 0xDF, 0xFF, 0xBF,
  0xBF, 0xCF, 0xFC, 0xF4, 0x4F, 0xEF, 0xEF, 0xDF, 0xFC, 0xCF, 0xFF, 0xF0, 0x00, 0x00, 0x00, 0x0F,
  0xCF, 0xDF, 0xFF, 0xFE, 0xFF, 0xFF, 0xFF, 0xFF, 0xFF, 0xFF, 0xFF, 0xFF, 0xF3, 0x0F, 0x00, 0x00,
  0x00, 0x00, 0x00, 0x00, 0x00, 0x00, 0x00, 0x00, 0x00, 0x00, 0x00, 0x00, 0x00, 0x00, 0x00, 0x00,
  0x00, 0x00, 0x00, 0x00, 0x00, 0x05, 0x0E, 0x40, 0x00, 0x0D, 0xDF, 0xFF, 0x50, 0x05, 0x5F, 0xD5,
  0x4F, 0xF0, 0x04, 0x05, 0x05, 0x0F, 0xFF, 0xFF, 0xFB, 0xF5, 0x4F, 0xC0, 0x00, 0x0F, 0xFC, 0x8B,
  0x3F, 0x30, 0x00, 0x0F, 0xFF, 0xF0, 0x0F, 0x00, 0x0F, 0x0C, 0xFC, 0xFC, 0xCF, 0xFF, 0xFF, 0xFF,
  0xCF, 0xFF, 0xCD, 0xDF, 0xFF, 0xF0, 0x00, 0x0F, 0xFF, 0xF9, 0x96, 0x60, 0x0C, 0xC6, 0x99, 0x6C,
  0x33, 0xCF, 0x0F, 0xEF, 0xDD, 0xD0, 0x8F, 0x00, 0x0C, 0xCC, 0xCC, 0x40, 0x00, 0x05, 0x5F, 0x77,
  0x7F, 0xDC, 0x4F, 0x50, 0x00, 0x08, 0x0F, 0x05, 0x5C, 0xFF, 0xF7, 0x70, 0x0C, 0x45, 0x5A, 0xAC,
  0xCC, 0xCF, 0x8F, 0x00, 0x00, 0x04, 0x44, 0x45, 0x4F, 0xCF, 0xFD, 0xFC, 0xCF, 0xFC, 0xF0, 0x00,
  0x00, 0x00, 0x00, 0x0F, 0x0F, 0xFF, 0xF0, 0x00, 0x0C, 0xC0, 0x00, 0x00, 0x00, 0xCC, 0xC0, 0xC0,
  0x0C, 0xCF, 0xCA, 0xEF, 0x7F, 0xFF, 0xFC, 0xFC, 0xFF, 0x0F, 0xFF, 0xDF, 0xDF, 0xB5, 0xDF, 0xFC,
  0xEC, 0xFF, 0xAF, 0xEF, 0xC7, 0x77, 0xFD, 0xFF, 0x0A, 0xA2, 0xAC, 0xCC, 0xC3, 0x33, 0x30, 0xF0,
  0xCF, 0xFC, 0xCC, 0xC0, 0x0F, 0xFF, 0xF3, 0x33, 0x3F, 0xFC, 0xF0, 0x00, 0x00, 0x00, 0x00, 0x00,
  0x00, 0x00, 0x0F, 0xF3, 0xF0, 0x00, 0x0F, 0xFE, 0xEF, 0xF5, 0x5F, 0xFF, 0xFC, 0xCF, 0x0F, 0xF0,
  0x03, 0x3C, 0xCF, 0xFA, 0xF9, 0xF9, 0xFC, 0xFC, 0xF0, 0x00, 0x0F, 0xFE, 0xFF, 0x0F, 0x0A, 0xAF,
  0xF0, 0xFF, 0xD0, 0x0C, 0x44, 0x04, 0x41, 0x03, 0x3F, 0xFF, 0xFF, 0xFF, 0xFB, 0x83, 0x2C, 0xF7,
  0x4F, 0xE3, 0x2F, 0xDF, 0xFC, 0xCF, 0xFF, 0xD0, 0x0F, 0x00, 0x00, 0x0F, 0xCF, 0xDF, 0xFF, 0xFF,
  0xFF, 0xCF, 0xFF, 0xFF, 0xFF, 0xFF, 0xFF, 0xFF, 0xF3, 0x0F, 0x00, 0x00, 0x00, 0x00, 0x00, 0x00,
  0x00, 0x00, 0x00, 0x00, 0x04, 0x80, 0x00, 0x00, 0x83, 0x14, 0x00, 0x60, 0x01, 0x00, 0x04, 0x03,
  0x80, 0x14, 0x00, 0x04, 0x80, 0x02, 0x81, 0x03, 0x02, 0x67, 0x00, 0x40, 0x00, 0x40, 0x00, 0x22,
  0x80, 0x42, 0x08, 0x62, 0x01, 0x40, 0x80, 0x03, 0x04, 0x02, 0x0A, 0x80, 0x00, 0x04, 0x00, 0x80,
  0x96, 0x80, 0x80, 0x00, 0x00, 0x00, 0x88, 0x06, 0x08, 0xA4, 0x02, 0x13, 0x04, 0x80, 0x80, 0x00,
  0x0A, 0x60, 0x4A, 0x44, 0x8B, 0x00, 0x04, 0x88, 0x00, 0x00, 0x03, 0x08, 0x00, 0x40, 0x82, 0x02,
  0x07, 0x10, 0x86, 0x06, 0xA1, 0x00, 0x08, 0x00, 0x06, 0x00, 0x22, 0x40, 0x04, 0x80, 0x1A, 0x50,
  0xA4, 0x28, 0x06, 0xA0, 0x8A, 0x04, 0x00, 0x40, 0x08, 0x04, 0x08, 0x64, 0x18, 0x02, 0x43, 0x80,
  0x07, 0x00, 0x04, 0x00, 0x88, 0x00, 0x02, 0x90, 0x80, 0x46, 0x54, 0x44, 0x47, 0x10, 0x00, 0x03,
  0x90, 0x01, 0x00, 0x08, 0x20, 0x08, 0x40, 0x02, 0x20, 0x00, 0x54, 0x80, 0x00, 0x08, 0x00, 0x83,
  0x04, 0x02, 0x08, 0x09, 0x06, 0x44, 0x02, 0x01, 0x20, 0x03, 0x81, 0x08, 0x04, 0x04, 0x12, 0x80,
  0x80, 0x00, 0x80, 0x22, 0x10, 0x08, 0x00, 0x88, 0x90, 0x04, 0x04, 0x58, 0x90, 0x04, 0x00, 0x00,
  0x02, 0x06, 0x00, 0x80, 0x00, 0x07, 0x40, 0x5A, 0x00, 0x40, 0x62, 0x88, 0x02, 0x0A, 0x10, 0x08,
  0x40, 0x00, 0x4A, 0x04, 0x00, 0x64, 0x40, 0x0A, 0x82, 0x04, 0x02, 0x07, 0x04, 0x14, 0x00, 0x00,
  0x80, 0x00, 0x00, 0x80, 0x25, 0x00, 0x72, 0x00, 0x04, 0x10, 0x00, 0x03, 0x33, 0x08, 0x00, 0x00,
  0x80, 0x86, 0x80, 0x4A, 0x02, 0x44, 0x40, 0x04, 0x40, 0x0A, 0x00, 0x40, 0x80, 0x02, 0x00, 0x02,
  0x68, 0x01, 0x84, 0x42, 0x20, 0x50, 0x08, 0x40, 0x97, 0x08, 0x40, 0x48, 0x04, 0x02, 0x01, 0x00,
  0x00, 0x00, 0x02, 0x00, 0x00, 0x00, 0xA0, 0x00, 0x20, 0x00, 0x20, 0x00, 0x20, 0x00, 0x00, 0x00,
  0x00, 0x14, 0x00, 0x00, 0x00, 0x00, 0x00, 0x00, 0x00, 0x00, 0x02, 0xE0, 0x02, 0x00, 0x09, 0xD0,
  0x14, 0xC2, 0x08, 0x90, 0x02, 0x10, 0x01, 0x00, 0x02, 0x01, 0x20, 0x22, 0x12, 0x22, 0x00, 0x02,
  0x14, 0x40, 0x01, 0xE0, 0x20, 0x02, 0x02, 0x00, 0x02, 0xD0, 0x0E, 0x40, 0x02, 0x01, 0x42, 0x00,
  0x2E, 0x48, 0x41, 0x02, 0x00, 0x20, 0x0A, 0x00, 0x00, 0x00, 0x5E, 0x10, 0x61, 0x00, 0x11, 0x40,
  0x50, 0xDA, 0x01, 0x20, 0x01, 0xC0, 0x00, 0x96, 0x0E, 0x4D, 0x68, 0x12, 0x00, 0x00, 0x01, 0x00,
  0x08, 0x06, 0x26, 0x00, 0x42, 0x11, 0x89, 0x24, 0x01, 0x01, 0x82, 0x00, 0x01, 0x85, 0xA0, 0x00,
  0x02, 0x00, 0x08, 0x40, 0x00, 0x00, 0x02, 0x10, 0x06, 0x00, 0x48, 0x42, 0x00, 0xA9, 0x04, 0xE0,
  0x41, 0x26, 0xC2, 0x02, 0x41, 0x00, 0x40, 0x45, 0x00, 0x00, 0x06, 0x00, 0x01, 0x80, 0x21, 0x80,
  0x8D, 0x05, 0x11, 0x80, 0x80, 0x10, 0x42, 0x00, 0x88, 0x94, 0x00, 0x08, 0x01, 0x02, 0x00, 0x00,
  0x02, 0x60, 0x08, 0xC0, 0x80, 0xC0, 0x10, 0x00, 0x40, 0xC2, 0x00, 0x46, 0x00, 0x01, 0x01, 0x08,
  0xC0, 0x21, 0x50, 0x06, 0x00, 0x41, 0x20, 0x40, 0x00, 0xC2, 0xE0, 0x05, 0xC2, 0x01, 0x10, 0x60,
  0x18, 0x00, 0x60, 0x42, 0x42, 0x40, 0x00, 0x00, 0x48, 0x02, 0x02, 0x10, 0x40, 0x05, 0x42, 0x84,
  0x61, 0x00, 0x51, 0x02, 0x41, 0x10, 0xD1, 0x20, 0x40, 0xC5, 0x00, 0x20, 0x40, 0x00, 0x00, 0x00,
  0x04, 0x04, 0x02, 0x88, 0x40, 0x00, 0x04, 0x40, 0x88, 0x01, 0x00, 0x00, 0x00, 0x02, 0x01, 0x02,
  0x08, 0x44, 0x41, 0x10, 0x20, 0xC2, 0x40, 0x40, 0x00, 0xC2, 0x62, 0x02, 0x01, 0xA0, 0x01, 0x40,
  0x00, 0x44, 0x00, 0x46, 0x00, 0x06, 0x00, 0x10, 0x21, 0x12, 0x04, 0x08, 0x40, 0x00, 0x22, 0x01,
  0x00, 0x00, 0x00, 0x00, 0x80, 0x00, 0x80, 0x00, 0x80, 0x00, 0x00, 0x00, 0x21, 0x21, 0x00, 0x00,
  0x20, 0x02, 0x20, 0x00, 0x28, 0x00, 0x28, 0x00, 0x20, 0x00, 0x28, 0x00, 0x41, 0x00, 0x24, 0xC0,
  0x10, 0x04, 0x40, 0x20, 0x18, 0x20, 0xA1, 0x00, 0xA0, 0x20, 0x19, 0x90, 0x82, 0x00, 0xB8, 0x00,
  0x84, 0xB0, 0x20, 0xB0, 0x30, 0x04, 0x04, 0x90, 0xA8, 0xB0, 0x14, 0x50, 0xA0, 0x10, 0x00, 0x54,
  0x00, 0x04, 0x14, 0xA0, 0x15, 0x34, 0x04, 0xC2, 0x82, 0x04, 0x28, 0x90, 0x80, 0x04, 0x40, 0x29,
  0x12, 0x00, 0x20, 0x40, 0x08, 0x14, 0x05, 0xA0, 0x04, 0x84, 0xD4, 0x05, 0x00, 0x30, 0x00, 0xD4,
  0x04, 0x24, 0x12, 0x25, 0x10, 0xD0, 0xC0, 0x21, 0x10, 0x10, 0xA1, 0x01, 0x22, 0x18, 0x25, 0x90,
  0x00, 0x09, 0x02, 0x89, 0x00, 0x11, 0x08, 0x00, 0x00, 0x24, 0x25, 0x01, 0x00, 0x20, 0x00, 0xA0,
  0x00, 0x25, 0x00, 0x10, 0x24, 0x42, 0x00, 0x00, 0x40, 0xD0, 0x02, 0x42, 0x94, 0x10, 0x20, 0x39,
  0x10, 0x00, 0x04, 0x21, 0xD9, 0x41, 0x40, 0x24, 0xB8, 0x08, 0x18, 0x22, 0xB4, 0x81, 0x45, 0x02,
  0x90, 0x00, 0x40, 0x32, 0x14, 0x94, 0x21, 0x02, 0xD5, 0x10, 0xB8, 0x01, 0x00, 0x20, 0x01, 0x30,
  0x23, 0x00, 0x81, 0x00, 0xA0, 0x00, 0x00, 0x00, 0x00, 0x00, 0xA0, 0x82, 0x04, 0x00, 0x00, 0x82,
  0x10, 0x10, 0x11, 0x28, 0x05, 0x08, 0x08, 0x00, 0x00, 0x10, 0x00, 0x49, 0x00, 0x10, 0x80, 0x20,
  0x10, 0x80, 0x00, 0x80, 0x08, 0x80, 0x00, 0x01, 0x10, 0x21, 0x00, 0x21, 0x08, 0x15, 0x00, 0x40,
  0x19, 0x08, 0x25, 0x00, 0x80, 0x08, 0x20, 0x01, 0x50, 0x40, 0x30, 0x22, 0x03, 0x19, 0x90, 0x00,
  0x21, 0x12, 0x14, 0x00, 0x20, 0x04, 0x00, 0x02, 0x08, 0x40, 0x20, 0x01, 0x00, 0x01, 0x08, 0x00,
  0x20, 0x02, 0x30, 0x23, 0x80, 0x00, 0x10, 0x08, 0x00, 0x00, 0x80, 0x00, 0x00, 0x00, 0x00, 0x00,
  0x00, 0x00, 0x00, 0x00, 0x00, 0x10, 0x00, 0x00, 0xD0, 0xA0, 0x00, 0x09, 0x00, 0x10, 0x80, 0x00,
  0x8A, 0x00, 0x84, 0x20, 0x04, 0x11, 0x82, 0x21, 0x10, 0x00, 0x02, 0x00, 0x10, 0x40, 0x84, 0x00,
  0x2C, 0x0D, 0x8B, 0xA0, 0x04, 0x20, 0x44, 0x09, 0x08, 0x00, 0x0A, 0x20, 0x00, 0x80, 0x81, 0x09,
  0x94, 0x20, 0x00, 0x00, 0x00, 0x04, 0x2C, 0xA0, 0x81, 0x91, 0x05, 0xA0, 0x01, 0x20, 0x40, 0x80,
  0x44, 0x28, 0x40, 0x88, 0x80, 0x08, 0x40, 0x01, 0x01, 0x24, 0x85, 0x22, 0x2C, 0x00, 0x80, 0x21,
  0x00, 0x40, 0x10, 0x89, 0x00, 0x08, 0x00, 0x00, 0x03, 0x90, 0x11, 0x88, 0x80, 0xCC, 0x40, 0x28,
  0x43, 0x0D, 0x01, 0x44, 0x45, 0x21, 0x01, 0x0D, 0x00, 0x20, 0x82, 0x00, 0x01, 0x04, 0x04, 0x04,
  0x21, 0x20, 0x00, 0x0D, 0x01, 0x14, 0x80, 0x2D, 0x05, 0xA0, 0x00, 0x04, 0x02, 0x00, 0x41, 0x11,
  0x00, 0xA4, 0x09, 0x00, 0x24, 0x02, 0x2C, 0x00, 0x00, 0x11, 0x24, 0x48, 0x10, 0x40, 0x14, 0x04,
  0x04, 0x41, 0x80, 0x00, 0x84, 0x08, 0x10, 0x82, 0x80, 0x03, 0x80, 0x0A, 0x00, 0x00, 0x12, 0xC0,
  0xA0, 0x04, 0xA0, 0x08, 0x0A, 0x42, 0x0C, 0x81, 0x10, 0x95, 0x92, 0x41, 0x1C, 0x85, 0x05, 0x41,
  0x00, 0x05, 0x20, 0x00, 0x00, 0x01, 0x80, 0x08, 0x20, 0x01, 0x10, 0x00, 0xC4, 0x19, 0x10, 0x00,
  0x80, 0x00, 0x2C, 0x41, 0x00, 0x40, 0x01, 0x00, 0xA4, 0x11, 0x0D, 0x81, 0x20, 0x01, 0x20, 0x01,
  0x80, 0x01, 0x00, 0x12, 0x20, 0x82, 0x00, 0x04, 0x80, 0x48, 0x29, 0x01, 0xA4, 0x28, 0x88, 0x80,
  0x01, 0x04, 0x80, 0x0D, 0x10, 0x01, 0x22, 0x00, 0x00, 0x10, 0x04, 0x41, 0x14, 0x40, 0xA8, 0x00,
  0x00, 0x08, 0xA4, 0x08, 0x02, 0x22, 0x05, 0x00, 0x80, 0x20, 0x00, 0x00, 0x11, 0x00, 0x10, 0x42,
  0x05, 0x40, 0x10, 0x00, 0x80, 0x00, 0x00, 0x0D, 0x00, 0x00, 0x00, 0x00, 0x00, 0x00, 0x00, 0x00,
  0x00, 0x40, 0x00, 0x00, 0x85, 0x82, 0x04, 0x0A, 0x00, 0x00, 0x00, 0x00, 0x00, 0x00, 0x00, 0x00,
  0x00, 0x00, 0x44, 0x00, 0x00, 0x08, 0x00, 0x00, 0x02, 0x40, 0x08, 0x00, 0x00, 0x0C, 0x00, 0x00,
  0x00, 0x80, 0x00, 0x00, 0x00, 0x08, 0x00, 0x08, 0x02, 0x00, 0x10, 0x08, 0x00, 0x00, 0x20, 0x0C,
  0x00, 0x05, 0x82, 0x81, 0x80, 0x01, 0x01, 0x05, 0x00, 0x04, 0x00, 0x00, 0x05, 0x09, 0x00, 0x01,
  0x10, 0x05, 0x00, 0x03, 0x08, 0x02, 0x20, 0x02, 0x20, 0x00, 0x00, 0x00, 0x00, 0x01, 0x20, 0x20,
  0x00, 0x05, 0x00, 0x20, 0x20, 0x01, 0x20, 0x00, 0x14, 0x01, 0x80, 0x44, 0x80, 0x00, 0x00, 0x00,
  0x00, 0x08, 0xA0, 0x00, 0x00, 0x00, 0x80, 0x00, 0x00, 0x04, 0x00, 0x00, 0x20, 0x00, 0x00, 0x02,
  0x00, 0x00, 0x00, 0x00, 0x00, 0x00, 0x20, 0x0C, 0x80, 0x01, 0x00, 0x00, 0x00, 0x02, 0x00, 0x80,
  0x00, 0x00, 0x04, 0x04, 0x80, 0x00, 0x04, 0x80, 0x02, 0x00, 0x0C, 0x04, 0x00, 0x00, 0x00, 0x00,
  0x00, 0x00, 0x00, 0x80, 0x01, 0x01, 0x00, 0x00, 0x09, 0x00, 0x00, 0x00, 0x00, 0x08, 0xA1, 0x01,
  0x01, 0x00, 0x00, 0x01, 0x01, 0x41, 0x08, 0x80, 0x05, 0xC0, 0x00, 0x40, 0x08, 0x08, 0x00, 0x00,
  0x00, 0x00, 0x00, 0x00, 0x00, 0x20, 0x24, 0x10, 0x81, 0x00, 0x00, 0x01, 0x00, 0x00, 0x08, 0x00,
  0x00, 0x12, 0x04, 0x00, 0x09, 0x20, 0x21, 0x24, 0x09, 0xC0, 0x00, 0x10, 0x01, 0x19, 0x00, 0x00,
  0x00, 0x00, 0x01, 0x10, 0x01, 0x80, 0x00, 0x03, 0x00, 0x10, 0x01, 0x00, 0x00, 0x00, 0x40, 0x00,
  0x12, 0x02, 0x00, 0x80, 0x08, 0x10, 0x00, 0x10, 0x00, 0x80, 0x00, 0x00, 0x04, 0x00, 0x00, 0x00,
  0x0A, 0x90, 0x08, 0x00, 0x00, 0x00, 0x00, 0x00, 0x00, 0x00, 0x00, 0x00, 0x00, 0x80, 0x00, 0x00,
  0x00, 0x80, 0x00, 0x00, 0x00, 0x00, 0x00, 0x00, 0x00, 0x00, 0x00, 0x00, 0x00, 0x00, 0x00, 0x00,
  0x01, 0x40, 0x00, 0x04, 0x00, 0x00, 0x00, 0x00, 0x00, 0x00, 0x04, 0x00, 0x00, 0x08, 0x11, 0x00,
  0x00, 0x04, 0x00, 0x09, 0x04, 0x00, 0x08, 0x24, 0x80, 0x04, 0xA0, 0x00, 0x24, 0x00, 0x28, 0x08,
  0x44, 0x98, 0x80, 0x08, 0x08, 0x04, 0x20, 0x02, 0x44, 0x00, 0x00, 0x09, 0x00, 0x01, 0x40, 0x20,
  0x20, 0x00, 0x90, 0x00, 0x90, 0x00, 0x91, 0x00, 0x90, 0x00, 0x04, 0x00, 0x00, 0x00, 0x00, 0x21,
  0x88, 0x00, 0x00, 0x00, 0x00, 0x00, 0x00, 0x04, 0x80, 0x00, 0x20, 0x00, 0x00, 0x01, 0x00, 0x00,
  0x00, 0x00, 0x40, 0x00, 0x51, 0x40, 0x00, 0x05, 0x00, 0x80, 0x20, 0x00, 0x00, 0x03, 0x20, 0x00,
  0x20, 0x00, 0x20, 0x00, 0x81, 0x00, 0x00, 0x94, 0x00, 0x02, 0x20, 0x00, 0x22, 0x40, 0x80, 0x00,
  0x80, 0x02, 0x20, 0x03, 0x20, 0x00, 0x24, 0x01, 0x20, 0x08, 0x00, 0x00, 0x00, 0x03, 0x03, 0xB1,
  0x84, 0x02, 0x81, 0x01, 0x21, 0x20, 0x42, 0x21, 0x02, 0x08, 0x01, 0xA0, 0x20, 0x00, 0x00, 0x40,
  0x00, 0x20, 0x00, 0x00, 0x00, 0x04, 0x04, 0x20, 0x00, 0x48, 0x30, 0x40, 0x40, 0x00, 0x02, 0x00,
  0x00, 0x30, 0x48, 0x00, 0x00, 0x10, 0x00, 0x10, 0x02, 0x24, 0x00, 0x00, 0x00, 0x20, 0x00, 0x00,
  0x84, 0x00, 0x00, 0x30, 0x20, 0x00, 0x00, 0x00, 0x00, 0x00, 0x02, 0x00, 0x00, 0x40, 0x01, 0x80,
  0x00, 0x00, 0x10, 0x10, 0x00, 0x10, 0x00, 0x10, 0x00, 0x10, 0x00, 0x00, 0x04, 0x00, 0x00, 0x00,
  0x00, 0xA0, 0x01, 0x00, 0x00, 0x50, 0x00, 0x80, 0x00, 0x80, 0x00, 0x00, 0x10, 0x90, 0x00, 0x00,
  0x02, 0x30, 0x01, 0x20, 0x00, 0x00, 0x00, 0xA0, 0x00, 0x40, 0x00, 0x00, 0x94, 0x20, 0x08, 0x20,
  0x00, 0xA0, 0xB0, 0x80, 0x08, 0x20, 0x04, 0xA0, 0x00, 0x20, 0x00, 0x00, 0x01, 0x20, 0x00, 0x00,
  0x00, 0x00, 0x00, 0x00, 0x00, 0x00, 0x00, 0x00, 0x00, 0x00, 0x00, 0x00, 0x09, 0x91, 0x02, 0x02,
  0x01, 0x05, 0x02, 0x00, 0x00, 0x01, 0x00, 0x05, 0x40, 0x08, 0x00, 0x00, 0x40, 0x00, 0x00, 0x04,
  0x00, 0x50, 0x00, 0x00, 0x10, 0x42, 0x20, 0xC0, 0x08, 0x40, 0x08, 0x00, 0x00, 0x00, 0x60, 0x00,
  0x81, 0x00, 0x00, 0x00, 0x00, 0x00, 0x00, 0x00, 0x00, 0x00, 0x01, 0x00, 0x00, 0x0A, 0x48, 0x08,
  0x40, 0x01, 0x04, 0x00, 0x4A, 0x00, 0x40, 0x00, 0x20, 0x02, 0x00, 0x80, 0x10, 0x00, 0x20, 0x01,
  0x60, 0x00, 0x40, 0x08, 0x20, 0x01, 0x11, 0x40, 0x01, 0x00, 0x40, 0x10, 0x50, 0x05, 0x10, 0x05,
  0x00, 0x81, 0x41, 0x28, 0x40, 0x14, 0x80, 0x00, 0x00, 0x04, 0x00, 0x00, 0x00, 0x00, 0x00, 0x00,
  0x20, 0x01, 0x00, 0x08, 0x25, 0x48, 0x00, 0x01, 0x00, 0x06, 0x04, 0x00, 0x20, 0x00, 0x80, 0x00,
  0x00, 0x00, 0x88, 0x00, 0x00, 0x00, 0x00, 0x00, 0x00, 0x04, 0x00, 0x00, 0x58, 0x08, 0x10, 0x40,
  0x80, 0x00, 0x02, 0x00, 0x08, 0x00, 0x04, 0x20, 0x00, 0x80, 0x00, 0x00, 0x46, 0x00, 0x00, 0x00,
  0x40, 0x00, 0x00, 0x00, 0x00, 0x80, 0x00, 0x00, 0x08, 0x00, 0x00, 0x00, 0x00, 0x00, 0x82, 0x00,
  0x02, 0x00, 0x00, 0x00, 0x01, 0x00, 0x02, 0x00, 0x00, 0x00, 0x01, 0x00, 0x10, 0x40, 0x21, 0x00,
  0x0A, 0x00, 0x00, 0x00, 0x00, 0x00, 0x40, 0x00, 0x00, 0x22, 0x00, 0xD0, 0x00, 0x10, 0x02, 0x81,
  0x00, 0x40, 0x00, 0xC0, 0x00, 0x40, 0x00, 0x00, 0x08, 0x00, 0x08, 0x10, 0x08, 0x10, 0xC0, 0x40,
  0x00, 0x00, 0x05, 0x05, 0x00, 0x00, 0xC0, 0x02, 0x01, 0x01, 0x00, 0x40, 0x05, 0x00, 0x00, 0x00,
  0x00, 0x00, 0x00, 0x20, 0x01, 0x00, 0x00, 0x00, 0x00, 0x20, 0x00, 0x00, 0x00, 0x20, 0x00, 0x52,
  0x00, 0x00, 0x00, 0x10, 0x00, 0x02, 0x02, 0x00, 0x00, 0x00, 0x02, 0x00, 0x00, 0x00, 0x00, 0x00,
  0x00, 0x00, 0x00, 0x00, 0x00, 0x00, 0x00, 0x00, 0x26, 0xA0, 0x00, 0x00, 0x02, 0x00, 0x02, 0x00,
  0x00, 0x02, 0x04, 0x00, 0x80, 0x00, 0x00, 0x00, 0x40, 0x00, 0x00, 0x08, 0x09, 0x40, 0x00, 0x84,
  0x00, 0x40, 0x80, 0x00, 0x40, 0x03, 0x40, 0x07, 0x88, 0x00, 0x40, 0x00, 0x24, 0x04, 0x90, 0x00,
  0x88, 0x03, 0x10, 0x00, 0x00, 0x04, 0x00, 0x04, 0x00, 0x02, 0x80, 0x01, 0x80, 0xA0, 0x00, 0x00,
  0x40, 0x00, 0x48, 0x08, 0x00, 0x08, 0x00, 0x08, 0x00, 0x01, 0x00, 0x00, 0x40, 0x00, 0x40, 0x00,
  0x00, 0x06, 0x42, 0x90, 0x02, 0x08, 0x40, 0x03, 0x40, 0x04, 0x80, 0x00, 0x80, 0x06, 0x02, 0x00,
  0x00, 0x01, 0x00, 0x03, 0x00, 0x00, 0x10, 0x00, 0x83, 0x03, 0x00, 0xA0, 0x02, 0x00, 0x00, 0x00,
  0x00, 0x40, 0x80, 0xA0, 0x88, 0x40, 0x11, 0x00, 0x00, 0x08, 0x10, 0x00, 0x00, 0x04, 0x00, 0x02,
  0x80, 0x00, 0x00, 0x20, 0x03, 0x08, 0x08, 0x40, 0x03, 0x00, 0x00, 0x02, 0x00, 0x80, 0x80, 0x80,
  0x00, 0x08, 0x00, 0x40, 0x80, 0x20, 0x03, 0x00, 0x44, 0x88, 0x00, 0x60, 0x40, 0x08, 0x04, 0x80,
  0x00, 0x00, 0x08, 0x88, 0x80, 0x60, 0x08, 0x08, 0x08, 0x88, 0x02, 0x20, 0x08, 0x20, 0x00, 0x00,
  0x02, 0x80, 0x02, 0x00, 0x00, 0x80, 0x02, 0x00, 0x04, 0x90, 0x00, 0x80, 0x02, 0x00, 0x00, 0x04,
  0x00, 0x00, 0x40, 0x00, 0x00, 0x80, 0x00, 0x00, 0x00, 0x00, 0x06, 0x20, 0x00, 0x00, 0x00, 0x00,
  0x0B, 0x40, 0x00, 0x00, 0x00, 0x00, 0x03, 0x00, 0x00, 0x00, 0x02, 0x49, 0x03, 0x80, 0x08, 0x10,
  0x00, 0x10, 0x10, 0x02, 0x00, 0x00, 0x00, 0x00, 0x00, 0x40, 0x02, 0x90, 0x03, 0x20, 0x03, 0x80,
  0x00, 0x80, 0x00, 0x00, 0x01, 0x00, 0x00, 0x80, 0x00, 0x80, 0x40, 0x42, 0x04, 0x40, 0x04, 0x40,
  0x00, 0x02, 0x02, 0x00, 0x02, 0x00, 0x02, 0x00, 0x00, 0x00, 0x00, 0x00, 0x00, 0x00, 0x00, 0x00,
  0x00, 0x00, 0x00, 0x00, 0x00, 0xC0, 0x02, 0x00, 0x24, 0x80, 0x04, 0x04, 0xC2, 0x08, 0x01, 0x90,
  0x20, 0x02, 0x80, 0x08, 0x20, 0x04, 0x00, 0x01, 0x20, 0x00, 0xA0, 0x4C, 0x11, 0x04, 0x42, 0x11,
  0x20, 0x02, 0x40, 0x01, 0x10, 0x18, 0x04, 0x20, 0x80, 0x00, 0x42, 0x0C, 0x93, 0x00, 0x31, 0x5A,
  0x80, 0x00, 0x10, 0x28, 0x80, 0x00, 0x00, 0x10, 0x20, 0x00, 0x30, 0x00, 0x03, 0x00, 0x20, 0x12,
  0x00, 0x00, 0x10, 0x01, 0x1A, 0x04, 0x04, 0x08, 0x00, 0x00, 0x10, 0x90, 0x01, 0x00, 0x44, 0xC0,
  0x20, 0x00, 0x10, 0x00, 0x10, 0x00, 0x02, 0x04, 0x20, 0x00, 0x10, 0x40, 0x01, 0x02, 0x04, 0x22,
  0x20, 0x00, 0x10, 0x0C, 0x00, 0x00, 0x01, 0xC1, 0x20, 0x00, 0x10, 0x00, 0x00, 0x80, 0x81, 0x42,
  0x20, 0x00, 0x10, 0x60, 0x85, 0x00, 0x00, 0x40, 0x20, 0x00, 0x05, 0x76, 0x02, 0x00, 0x06, 0x00,
  0x00, 0x80, 0x00, 0x00, 0x00, 0x01, 0x00, 0x00, 0x4C, 0x90, 0x00, 0x10, 0x01, 0x00, 0x00, 0x01,
  0x00, 0x90, 0x00, 0x10, 0x70, 0xC2, 0x41, 0x02, 0x95, 0x90, 0x00, 0x10, 0x10, 0xC0, 0x00, 0x08,
  0x40, 0x80, 0x00, 0x11, 0xA0, 0x12, 0x00, 0x02, 0x98, 0x20, 0x00, 0x00, 0x00, 0x43, 0x00, 0x00,
  0x08, 0x00, 0x00, 0x12, 0x40, 0x10, 0x14, 0x21, 0x98, 0x00, 0x00, 0x22, 0x84, 0x11, 0x04, 0x80,
  0x00, 0x00, 0x00, 0x18, 0x40, 0x10, 0x00, 0x00, 0x50, 0x00, 0x02, 0x10, 0x15, 0x11, 0x20, 0x84,
  0x01, 0x00, 0x01, 0x00, 0x08, 0x90, 0x0A, 0x00, 0x0A, 0x00, 0x01, 0x02, 0x11, 0x04, 0x1A, 0x40,
  0x04, 0x00, 0x00, 0x10, 0x00, 0x00, 0x48, 0x44, 0x00, 0x00, 0x00, 0x51, 0x45, 0x41, 0x10, 0x80,
  0x00, 0x00, 0x02, 0x50, 0x00, 0x11, 0x0A, 0x41, 0xC0, 0x00, 0x00, 0x50, 0x01, 0x01, 0x01, 0x20,
  0x00, 0x00, 0x00, 0x10, 0x00, 0x94, 0x00, 0x00, 0x00, 0x00, 0x00, 0x00, 0x00, 0x00, 0x00, 0x00,
  0x01, 0x00, 0x00, 0x0A, 0x90, 0x20, 0x40, 0x00, 0x00, 0x00, 0xC4, 0x00, 0x90, 0x00, 0x06, 0x89,
  0x88, 0x80, 0x88, 0x08, 0x90, 0x03, 0x21, 0x02, 0x00, 0x20, 0x28, 0x08, 0x90, 0x00, 0x26, 0x24,
  0x06, 0x40, 0x02, 0x08, 0x30, 0x02, 0x06, 0x00, 0x80, 0x00, 0x00, 0x00, 0x30, 0x00, 0x06, 0x81,
  0x81, 0x00, 0x43, 0x04, 0x90, 0x01, 0x06, 0x13, 0x20, 0x40, 0x01, 0x0E, 0xB0, 0x00, 0x06, 0x04,
  0x01, 0x20, 0xC2, 0x20, 0xB0, 0x20, 0x06, 0x04, 0x20, 0x10, 0x00, 0x10, 0x00, 0x00, 0x06, 0x52,
  0x00, 0x02, 0x14, 0x68, 0x90, 0x01, 0x06, 0x1A, 0x20, 0x0A, 0x80, 0x48, 0x90, 0x00, 0x06, 0x02,
  0x00, 0x00, 0x80, 0x34, 0x10, 0x00, 0x06, 0x08, 0x10, 0x68, 0x18, 0x01, 0x00, 0x24, 0x06, 0x10,
  0x00, 0x00, 0x82, 0x06, 0x00, 0x02, 0x10, 0x40, 0x00, 0x20, 0x02, 0x80, 0x00, 0x20, 0x00, 0x06,
  0x58, 0x2C, 0x00, 0x00, 0x20, 0x20, 0x00, 0x06, 0x00, 0x00, 0x00, 0x04, 0x00, 0x20, 0x00, 0x06,
  0x28, 0x02, 0x90, 0x00, 0x00, 0x20, 0x00, 0x06, 0x44, 0x00, 0x00, 0xB8, 0x00, 0x20, 0x00, 0x00,
  0x05, 0x40, 0x10, 0x41, 0x06, 0x00, 0x20, 0x46, 0x00, 0x00, 0x08, 0x08, 0x05, 0x20, 0x02, 0x02,
  0x00, 0x4D, 0x00, 0x80, 0x00, 0x00, 0x02, 0x00, 0x01, 0x80, 0x80, 0x08, 0x00, 0x20, 0x04, 0x86,
  0x10, 0x48, 0x15, 0x80, 0x12, 0x20, 0x00, 0x06, 0xC1, 0x00, 0x00, 0x02, 0xA0, 0x20, 0x00, 0x06,
  0x08, 0x05, 0x10, 0x84, 0xA0, 0x20, 0x00, 0x16, 0x44, 0x90, 0x00, 0x02, 0x10, 0x10, 0x00, 0x01,
  0x02, 0x2C, 0x20, 0x12, 0x20, 0x30, 0x00, 0x00, 0x00, 0x00, 0x08, 0x45, 0x00, 0x10, 0x00, 0x01,
  0x8A, 0x40, 0x20, 0x14, 0x00, 0xB0, 0x00, 0x06, 0x04, 0x20, 0x18, 0x02, 0x00, 0x10, 0x00, 0x00,
  0x08, 0x02, 0x00, 0x00, 0x00, 0x00, 0x00, 0x00, 0x00, 0x00, 0x00, 0x00, 0x20, 0x00, 0x02, 0x02,
  0x02, 0x00, 0x11, 0x10, 0x00, 0x04, 0x08, 0x00, 0x00, 0x00, 0x00, 0x81, 0x00, 0x14, 0x01, 0x08,
  0x00, 0x00, 0x02, 0x20, 0x20, 0x2A, 0x09, 0x04, 0x00, 0x01, 0x02, 0x80, 0x62, 0x24, 0x02, 0x02,
  0x00, 0x00, 0x10, 0x42, 0x20, 0x20, 0x04, 0x81, 0x00, 0x00, 0x04, 0x04, 0x02, 0x30, 0x08, 0x25,
  0x00, 0x00, 0x04, 0x4C, 0x60, 0x30, 0x21, 0x00, 0x20, 0x00, 0x04, 0x02, 0x40, 0x81, 0x48, 0x89,
  0x20, 0x00, 0x04, 0x20, 0xE0, 0x2A, 0x88, 0x09, 0x00, 0x00, 0x04, 0x84, 0x60, 0x10, 0x01, 0x01,
  0x00, 0x00, 0x04, 0x18, 0x60, 0x20, 0x01, 0x01, 0x00, 0x00, 0x04, 0x20, 0x40, 0x00, 0x04, 0x04,
  0x00, 0x00, 0x04, 0x83, 0x41, 0x08, 0x02, 0x20, 0x00, 0x08, 0x24, 0x06, 0x40, 0x28, 0xD4, 0xA4,
  0x00, 0x02, 0x00, 0x02, 0x41, 0x28, 0x00, 0x06, 0x24, 0x00, 0x00, 0x00, 0x83, 0x60, 0x80, 0x00,
  0x00, 0x20, 0x00, 0x04, 0x04, 0x01, 0x80, 0x88, 0x60, 0x20, 0x00, 0x04, 0x00, 0x00, 0x00, 0x00,
  0x20, 0x20, 0x00, 0x04, 0x10, 0x00, 0x0A, 0x00, 0x00, 0x00, 0x00, 0x04, 0x00, 0xA1, 0x88, 0x08,
  0x02, 0x00, 0x00, 0x00, 0x40, 0x00, 0x38, 0x01, 0x08, 0x00, 0x00, 0x00, 0x20, 0x20, 0x26, 0x0C,
  0x08, 0x20, 0x00, 0x19, 0x41, 0x20, 0x38, 0x42, 0x01, 0x20, 0x09, 0x00, 0x05, 0x20, 0x00, 0x00,
  0x04, 0x20, 0x00, 0x44, 0x40, 0x60, 0x10, 0x88, 0x80, 0x00, 0x02, 0x00, 0x00, 0x60, 0x40, 0x01,
  0x01, 0x20, 0x00, 0x40, 0x20, 0x01, 0x42, 0x02, 0x00, 0x20, 0x00, 0x04, 0x14, 0x61, 0x04, 0x02,
  0x23, 0x20, 0x00, 0x04, 0x10, 0x00, 0x28, 0x08, 0x28, 0x20, 0x00, 0x44, 0x82, 0x20, 0x20, 0x00,
  0x23, 0x20, 0x00, 0x04, 0x82, 0x60, 0x20, 0x0C, 0x24, 0x20, 0x00, 0x4D, 0x40, 0x62, 0x90, 0x00,
  0x00, 0x00, 0x00, 0x00, 0x00, 0x00, 0x00, 0x00, 0x10, 0x80, 0x00, 0x01, 0x21, 0x08, 0x44, 0x80,
  0x50, 0x04, 0x04, 0x80, 0x20, 0x00, 0x00, 0x40, 0x03, 0x02, 0x06, 0xA1, 0x20, 0x00, 0x04, 0x40,
  0x11, 0x20, 0x05, 0x01, 0x20, 0x01, 0x00, 0x84, 0x80, 0x00, 0x05, 0x00, 0x20, 0x01, 0x20, 0xA0,
  0x08, 0x00, 0x10, 0x02, 0x20, 0x00, 0x00, 0x40, 0x01, 0x80, 0x00, 0x40, 0x20, 0x00, 0x00, 0x80,
  0x08, 0x00, 0x02, 0x00, 0x00, 0x00, 0x00, 0x24, 0x08, 0x81, 0x01, 0x08, 0x00, 0x09, 0x10, 0x20,
  0x51, 0x28, 0x06, 0x22, 0xA8, 0x02, 0x20, 0x80, 0x80, 0x20, 0x80, 0x02, 0x20, 0x00, 0x10, 0x00,
  0x40, 0x00, 0x06, 0x01, 0x20, 0x00, 0x00, 0xA0, 0x40, 0x01, 0x08, 0x00, 0xA0, 0x00, 0x00, 0xA4,
  0x01, 0x02, 0x00, 0x24, 0xA8, 0x08, 0x10, 0x40, 0x08, 0x0C, 0x00, 0x20, 0xA8, 0x00, 0x04, 0x00,
  0x08, 0x80, 0x00, 0x06, 0x00, 0x00, 0x00, 0x00, 0x80, 0x00, 0x00, 0x00, 0x00, 0x00, 0x00, 0x00,
  0x00, 0x00, 0x00, 0x20, 0x10, 0x00, 0x00, 0x00, 0x00, 0x48, 0x08, 0x01, 0x01, 0x00, 0x00, 0x00,
  0x80, 0x40, 0x08, 0x00, 0x20, 0x28, 0x02, 0x21, 0x00, 0x10, 0x18, 0x00, 0x00, 0xA8, 0x09, 0x00,
  0xC4, 0x84, 0x20, 0x12, 0xA0, 0xA8, 0x00, 0x28, 0x00, 0x40, 0x10, 0x10, 0x80, 0x08, 0x00, 0xA0,
  0x00, 0x05, 0x04, 0x02, 0x01, 0x88, 0x02, 0x10, 0x49, 0x01, 0x18, 0x02, 0x42, 0x88, 0x00, 0x00,
  0x00, 0x00, 0x41, 0x04, 0x01, 0x80, 0x00, 0x00, 0x41, 0x04, 0x24, 0x22, 0x01, 0x88, 0x00, 0x00,
  0x81, 0x00, 0x20, 0x00, 0x00, 0x00, 0x00, 0x01, 0x80, 0x40, 0x14, 0x00, 0x81, 0x80, 0x01, 0x08,
  0x45, 0x11, 0x14, 0x04, 0x20, 0x00, 0x01, 0x01, 0x44, 0x00, 0x11, 0x00, 0x21, 0x00, 0x01, 0x00,
  0x80, 0x11, 0x24, 0xA0, 0x40, 0x00, 0x02, 0x00, 0x80, 0x80, 0x20, 0x00, 0x00, 0x00, 0x00, 0x00,
  0x00, 0x00, 0x00, 0x00, 0x24, 0x00, 0x00, 0x00, 0x00, 0x44, 0x01, 0x20, 0x40, 0x04, 0x09, 0x20,
  0x08, 0x00, 0x10, 0x40, 0x00, 0x10, 0x03, 0x08, 0x00, 0x41, 0x11, 0x00, 0x01, 0x00, 0x08, 0x08,
  0x48, 0x40, 0x81, 0x00, 0x00, 0x00, 0x02, 0x04, 0x00, 0x01, 0x11, 0x00, 0x10, 0x00, 0x00, 0x01,
  0x80, 0x04, 0x28, 0x00, 0x00, 0x00, 0x00, 0x00, 0x4A, 0x04, 0x50, 0x00, 0x11, 0x00, 0x00, 0x00,
  0x00, 0x42, 0x08, 0x02, 0x00, 0x80, 0x00, 0x82, 0x00, 0x84, 0x00, 0x00, 0x10, 0x00, 0x04, 0x01,
  0x20, 0x84, 0x84, 0x01, 0x11, 0x40, 0x00, 0x00, 0x00, 0x44, 0x10, 0x00, 0x01, 0x00, 0x09, 0x02,
  0x10, 0x00, 0xA0, 0x00, 0x85, 0x00, 0x10, 0x00, 0x81, 0x04, 0x12, 0x00, 0x01, 0x00, 0x20, 0x20,
  0x00, 0x40, 0x00, 0x00, 0x00, 0x40, 0x04, 0x00, 0x80, 0x86, 0x00, 0x02, 0x00, 0x00, 0x00, 0x0A,
  0x00, 0x02, 0x01, 0x11, 0x00, 0x80, 0x00, 0x40, 0x08, 0x00, 0x04, 0xA8, 0x02, 0x02, 0x80, 0x48,
  0x21, 0x01, 0x00, 0x00, 0x02, 0x12, 0x00, 0x05, 0x08, 0x00, 0x00, 0x28, 0x00, 0x49, 0x80, 0x04,
  0x00, 0x00, 0x44, 0x40, 0x02, 0x10, 0x80, 0x41, 0x20, 0x00, 0x00, 0x50, 0x00, 0x05, 0x02, 0x00,
  0x00, 0x48, 0x45, 0x10, 0x00, 0x10, 0x00, 0x06, 0x41, 0x00, 0x01, 0x10, 0x00, 0x50, 0x88, 0x04,
  0x01, 0x00, 0x44, 0x00, 0x00, 0x60, 0x10, 0x00, 0x00, 0x84, 0x00, 0x28, 0x02, 0x00, 0x10, 0x00,
  0x00, 0x00, 0x42, 0x00, 0x00, 0x20, 0x00, 0x20, 0x80, 0x00, 0x44, 0x00, 0x00, 0x40, 0x20, 0x20,
  0x20, 0x00, 0x41, 0x11, 0x00, 0x50, 0x40, 0x04, 0x82, 0x48, 0x80, 0x50, 0x00, 0x50, 0x40, 0x44,
  0x20, 0x04, 0x40, 0x91, 0x00, 0x48, 0x40, 0x04, 0x02, 0x08, 0x40, 0x02, 0x00, 0x51, 0x00, 0x40,
  0x00, 0x04, 0x45, 0x01, 0x00, 0x50, 0x10, 0x00, 0x00, 0x00, 0x00, 0x00, 0x00, 0x00, 0x00, 0x00,
  0x81, 0x10, 0x00, 0x00, 0x8A, 0x08, 0x02, 0x00, 0x00, 0x00, 0x04, 0x00, 0x00, 0x80, 0x02, 0x00,
  0x80, 0x90, 0x82, 0x00, 0x00, 0x8A, 0x02, 0x02, 0x00, 0x20, 0x08, 0x82, 0x00, 0x08, 0x00, 0x02,
  0x40, 0x90, 0x09, 0x00, 0x01, 0x01, 0x00, 0x06, 0x40, 0x80, 0x0A, 0x20, 0x80, 0x0C, 0x20, 0x00,
  0x80, 0x00, 0x20, 0x08, 0x02, 0x48, 0x00, 0x00, 0x01, 0x00, 0x00, 0x00, 0x40, 0x42, 0x20, 0x00,
  0x04, 0x00, 0x89, 0x01, 0x00, 0xC9, 0x32, 0x04, 0x00, 0x00, 0x06, 0x00, 0x08, 0x88, 0x04, 0x01,
  0x20, 0x00, 0x00, 0x08, 0x02, 0x08, 0x10, 0x04, 0x81, 0x80, 0x08, 0x00, 0x01, 0x08, 0x08, 0x00,
  0x00, 0x20, 0x86, 0x00, 0x80, 0x80, 0x91, 0x06, 0x50, 0x40, 0x21, 0x08, 0x00, 0x00, 0x04, 0x03,
  0x60, 0x00, 0x00, 0x50, 0x80, 0x8C, 0x00, 0x00, 0x20, 0x00, 0x00, 0x00, 0x00, 0x81, 0x42, 0x00,
  0x00, 0x21, 0x00, 0x40, 0x40, 0x14, 0x08, 0x00, 0x04, 0x02, 0x00, 0x00, 0x43, 0x19, 0x02, 0x00,
  0x04, 0x40, 0x40, 0x00, 0x01, 0x14, 0x00, 0x20, 0x00, 0x08, 0x20, 0x20, 0x08, 0x00, 0x44, 0x00,
  0x00, 0x01, 0x40, 0x00, 0x08, 0x00, 0x80, 0x00, 0x00, 0x80, 0x20, 0x88, 0x04, 0x00, 0x88, 0x10,
  0x04, 0x00, 0x20, 0x00, 0x22, 0x48, 0x02, 0x10, 0x00, 0x61, 0x48, 0x00, 0x00, 0x01, 0x02, 0x09,
  0x00, 0x04, 0x00, 0x40, 0x40, 0x84, 0x00, 0x20, 0x00, 0x80, 0x10, 0x09, 0x02, 0x08, 0x88, 0x02,
  0x01, 0x43, 0x30, 0x8A, 0x00, 0x00, 0x00, 0x00, 0x00, 0x22, 0x20, 0x20, 0x11, 0x00, 0xC2, 0x00,
  0x00, 0x80, 0x00, 0x08, 0x82, 0x00, 0x4A, 0x0A, 0x04, 0x00, 0x00, 0x82, 0x09, 0x00, 0x42, 0x01,
  0x00, 0x00, 0x10, 0x0A, 0x08, 0x02, 0x42, 0x21, 0x00, 0x00, 0x20, 0x02, 0x23, 0x00, 0x06, 0x10,
  0x00, 0xC0, 0x20, 0x00, 0x00, 0x00, 0x00, 0x00, 0x00, 0x00, 0x00, 0x00, 0x02, 0x20, 0x00, 0x00,
  0x80, 0x88, 0x02, 0x00, 0x00, 0x00, 0x00, 0x08, 0x02, 0x00, 0x90, 0x18, 0x01, 0x00, 0x18, 0x2A,
  0x20, 0x42, 0x01, 0x04, 0x50, 0x50, 0x06, 0x01, 0x00, 0x40, 0x0A, 0x04, 0x15, 0x40, 0x20, 0x01,
  0x03, 0x02, 0x02, 0x00, 0x01, 0x50, 0x22, 0x00, 0x00, 0x20, 0x21, 0x04, 0x09, 0x00, 0x20, 0x88,
  0x02, 0x04, 0x10, 0x00, 0x00, 0x00, 0x00, 0x05, 0x80, 0x00, 0x02, 0x00, 0x80, 0x20, 0x02, 0x00,
  0x1A, 0x0A, 0x06, 0x00, 0x00, 0x90, 0x20, 0x11, 0x00, 0x20, 0x21, 0x08, 0x42, 0x90, 0x00, 0xA0,
  0x00, 0x44, 0x88, 0x00, 0x08, 0x00, 0x24, 0x20, 0x02, 0x22, 0x01, 0x04, 0x02, 0x00, 0x00, 0x10,
  0x02, 0x48, 0x88, 0x02, 0x32, 0x00, 0x4B, 0x10, 0x42, 0x40, 0x20, 0x20, 0x10, 0x40, 0x04, 0x82,
  0x00, 0x10, 0x80, 0x00, 0x80, 0x00, 0x00, 0x00, 0x00, 0x02, 0x00, 0x02, 0x00, 0x20, 0x00, 0x24,
  0x02, 0x00, 0x60, 0x01, 0x00, 0x46, 0x10, 0x21, 0x08, 0x10, 0x42, 0x10, 0x00, 0x06, 0x90, 0x00,
  0x20, 0x00, 0x40, 0x02, 0x00, 0x40, 0x10, 0x44, 0x08, 0x02, 0x00, 0x20, 0x04, 0x40, 0x10, 0x00,
  0x10, 0x04, 0x00, 0x00, 0x08, 0x01, 0x00, 0x01, 0x10, 0x04, 0x68, 0x08, 0x02, 0x02, 0x00, 0x04,
  0x00, 0x81, 0x02, 0x0E, 0x00, 0x04, 0x10, 0x08, 0x02, 0x02, 0x40, 0x00, 0x00, 0x80, 0x10, 0x08,
  0x00, 0x02, 0x40, 0x02, 0x08, 0x40, 0x00, 0x02, 0x08, 0x40, 0x11, 0x00, 0x05, 0x04, 0x80, 0x08,
  0x00, 0x02, 0x46, 0x00, 0x00, 0xA6, 0x00, 0x20, 0x00, 0x04, 0x02, 0x00, 0x00, 0x02, 0x50, 0x48,
  0x09, 0x02, 0x20, 0x01, 0x00, 0x04, 0x10, 0x00, 0x54, 0x42, 0x00, 0x20, 0x04, 0x00, 0x80, 0x48,
  0x51, 0x42, 0x00, 0x40, 0x08, 0x81, 0x20, 0x22, 0x44, 0x22, 0x42, 0x02, 0x08, 0x01, 0x10, 0x00,
  0x00, 0x00, 0x00, 0x00, 0x00, 0x00, 0x00, 0x00, 0x2A, 0x80, 0x00, 0x00, 0x00, 0x20, 0x10, 0x15,
  0x40, 0x00, 0x80, 0x02, 0x10, 0x00, 0x00, 0x00, 0x00, 0x00, 0x10, 0x02, 0x0A, 0x10, 0x10, 0x01,
  0x01, 0x00, 0x20, 0x08, 0x00, 0x11, 0xD0, 0x01, 0x00, 0x00, 0x00, 0x00, 0x00, 0x40, 0x00, 0x01,
  0x04, 0x00, 0x00, 0x05, 0x00, 0x02, 0x42, 0x00, 0x04, 0x80, 0x00, 0x20, 0x00, 0x20, 0x04, 0x00,
  0x00, 0x40, 0x00, 0x00, 0x00, 0x00, 0x40, 0x00, 0x10, 0x00, 0x00, 0x10, 0x00, 0x20, 0x20, 0x00,
  0x84, 0x00, 0x0A, 0x02, 0x04, 0x44, 0x20, 0x00, 0x20, 0x00, 0x00, 0x08, 0x02, 0x10, 0x00, 0x00,
  0x00, 0x00, 0x00, 0x01, 0x80, 0x00, 0x40, 0x01, 0x40, 0x00, 0x12, 0x02, 0x14, 0x02, 0x00, 0x00,
  0x00, 0x00, 0x00, 0x00, 0x05, 0x00, 0x00, 0x14, 0x25, 0x10, 0x02, 0x10, 0x02, 0x40, 0xC0, 0x00,
  0x20, 0x00, 0x00, 0x04, 0x80, 0x80, 0x02, 0x00, 0x00, 0x40, 0x40, 0x02, 0x00, 0x80, 0x06, 0x40,
  0x01, 0x10, 0x80, 0x05, 0x00, 0x84, 0x00, 0x02, 0x01, 0x20, 0x00, 0x04, 0x00, 0x80, 0x01, 0x40,
  0x00, 0x11, 0x00, 0x00, 0x00, 0x15, 0x00, 0x22, 0x01, 0x04, 0x00, 0x20, 0x00, 0x00, 0x00, 0x00,
  0x00, 0x00, 0x00, 0x80, 0x20, 0x00, 0x00, 0x00, 0x00, 0x02, 0x00, 0x00, 0x01, 0x01, 0x40, 0x00,
  0x00, 0x20, 0x00, 0x00, 0x00, 0x00, 0x05, 0x00, 0x00, 0x00, 0x00, 0x02, 0x00, 0x00, 0x02, 0x40,
  0x00, 0x00, 0x00, 0x20, 0x00, 0x04, 0x40, 0xD0, 0x00, 0x08, 0x00, 0x01, 0x10, 0x00, 0x80, 0x80,
  0x00, 0x00, 0x10, 0x04, 0x40, 0x00, 0x00, 0x01, 0x04, 0x44, 0x00, 0x02, 0x10, 0x01, 0x02, 0x10,
  0x00, 0xC1, 0x20, 0x06, 0x00, 0x04, 0x02, 0x04, 0x00, 0xC3, 0x00, 0x02, 0x10, 0x00, 0x02, 0x00,
  0x02, 0x00, 0x20, 0x00, 0x10, 0x04, 0x00, 0x48, 0x00, 0x04, 0x00, 0x00, 0x00, 0x00, 0x00, 0x00,
  0x00, 0x00, 0x00, 0x00, 0x00, 0x00, 0x00, 0x00, 0x00, 0x10, 0x00, 0x10, 0x00, 0x00, 0x90, 0x10,
  0x04, 0x00, 0x00, 0x00, 0x02, 0x12, 0x82, 0xA0, 0x40, 0x00, 0x20, 0x80, 0x24, 0x02, 0x52, 0xC0,
  0x90, 0x02, 0x40, 0x40, 0x14, 0x02, 0x00, 0x00, 0x08, 0x00, 0x20, 0x80, 0x10, 0x00, 0x10, 0x50,
  0x80, 0x02, 0x28, 0x00, 0x40, 0x00, 0x80, 0x10, 0x00, 0x00, 0x00, 0x00, 0x00, 0x08, 0x04, 0x00,
  0x00, 0x00, 0x00, 0x00, 0x00, 0x10, 0x00, 0x80, 0x00, 0x00, 0x00, 0x20, 0x14, 0x80, 0x21, 0x10,
  0x04, 0x00, 0x90, 0x88, 0x0D, 0x10, 0x00, 0x00, 0x04, 0x00, 0x41, 0x10, 0x04, 0x00, 0x00, 0x00,
  0x60, 0x02, 0x00, 0x90, 0x20, 0x00, 0x80, 0x00, 0x04, 0x00, 0xC8, 0x00, 0x04, 0x00, 0x02, 0x20,
  0x08, 0x00, 0x00, 0x80, 0x00, 0x00, 0x40, 0x00, 0x01, 0x00, 0x08, 0x08, 0x24, 0x00, 0x00, 0x00,
  0x20, 0x00, 0x02, 0x00, 0x10, 0x00, 0x18, 0x02, 0x10, 0x80, 0x02, 0x04, 0x40, 0x20, 0x84, 0x00,
  0x00, 0x84, 0x00, 0x00, 0x00, 0x20, 0x04, 0x84, 0x00, 0x00, 0x00, 0x10, 0x00, 0x21, 0x00, 0x00,
  0x22, 0x08, 0x00, 0x40, 0x10, 0x14, 0x00, 0x30, 0x00, 0x04, 0x00, 0x38, 0x00, 0x02, 0x00, 0x10,
  0x40, 0x00, 0x00, 0x00, 0x50, 0x00, 0x48, 0x40, 0x00, 0x00, 0x00, 0x00, 0xB0, 0x00, 0x05, 0x01,
  0x00, 0x40, 0x00, 0x01, 0x08, 0x00, 0x15, 0x29, 0x00, 0x00, 0x00, 0x18, 0x50, 0x10, 0x00, 0x08,
  0x00, 0x00, 0x00, 0x18, 0x40, 0x02, 0x00, 0x41, 0x00, 0x00, 0x00, 0x02, 0x00, 0x20, 0x04, 0x40,
  0x00, 0x40, 0x00, 0x04, 0x90, 0x01, 0x11, 0x02, 0x10, 0x08, 0x02, 0x22, 0x88, 0x28, 0x04, 0x4A,
  0x50, 0x00, 0x42, 0x00, 0x80, 0x22, 0x04, 0x82, 0x00, 0x02, 0x02, 0x18, 0x90, 0x04, 0x00, 0x00,
  0x10, 0x00, 0x00, 0x08, 0x10, 0x24, 0x40, 0x00, 0x00, 0x00, 0x00, 0x00, 0x00, 0x00, 0x00, 0x00,
  0x20, 0x00, 0x14, 0x80, 0x80, 0x80, 0x40, 0x20, 0x00, 0x00, 0x03, 0x10, 0x42, 0x00, 0x21, 0x10,
  0x00, 0x00, 0x40, 0x80, 0x02, 0x00, 0x10, 0x10, 0x01, 0x00, 0x00, 0x00, 0x04, 0x80, 0x00, 0x00,
  0x02, 0x90, 0x80, 0x00, 0x24, 0x80, 0x28, 0x00, 0x00, 0x00, 0x00, 0x00, 0x22, 0x40, 0x21, 0x00,
  0x01, 0x00, 0x00, 0x00, 0x00, 0x00, 0x02, 0x00, 0x02, 0x00, 0x00, 0x00, 0x00, 0x00, 0x00, 0x00,
  0x02, 0x04, 0x20, 0x00, 0x42, 0x02, 0x08, 0x80, 0x01, 0x12, 0x00, 0x00, 0x03, 0x42, 0x09, 0x00,
  0x20, 0x00, 0x20, 0x00, 0x42, 0x00, 0x00, 0x80, 0x00, 0x00, 0xA2, 0x80, 0x00, 0x00, 0x01, 0x04,
  0x02, 0x10, 0x08, 0x40, 0x04, 0x42, 0x21, 0x00, 0x00, 0x90, 0x80, 0x00, 0x00, 0x00, 0x00, 0x10,
  0x20, 0x10, 0x08, 0x00, 0x01, 0x40, 0x21, 0x00, 0x00, 0x00, 0x00, 0x0A, 0x00, 0x03, 0x40, 0x00,
  0x00, 0x00, 0x02, 0x48, 0x40, 0x00, 0x40, 0x01, 0x20, 0x02, 0x10, 0x00, 0x00, 0x10, 0x40, 0x19,
  0x80, 0x01, 0x04, 0x00, 0x00, 0x00, 0x80, 0x01, 0x10, 0x00, 0x00, 0x00, 0x00, 0x20, 0x00, 0x18,
  0x80, 0x00, 0x21, 0x80, 0x00, 0x22, 0x40, 0x02, 0x00, 0x00, 0x00, 0x00, 0x00, 0x01, 0x40, 0x00,
  0x40, 0x00, 0x02, 0x00, 0x00, 0x84, 0x00, 0x29, 0x40, 0x02, 0x00, 0x08, 0x00, 0x00, 0x02, 0x20,
  0x00, 0x00, 0x02, 0x08, 0x00, 0x00, 0x82, 0x01, 0x00, 0x00, 0x06, 0x22, 0x40, 0x14, 0x80, 0x06,
  0x28, 0x00, 0x20, 0x08, 0x20, 0x02, 0x00, 0x22, 0x00, 0x02, 0x20, 0x46, 0x00, 0x00, 0x80, 0x20,
  0x00, 0x14, 0x40, 0x20, 0x00, 0x00, 0x80, 0x10, 0x00, 0x00, 0x22, 0x00, 0x00, 0x02, 0x00, 0x10,
  0x10, 0x01, 0x84, 0x00, 0x40, 0x00, 0x80, 0x00, 0x00, 0x20, 0x28, 0xA0, 0x40, 0x82, 0x00, 0x20,
  0x00, 0x02, 0x00, 0x00, 0x00, 0x00, 0x00, 0x00, 0x00, 0x00, 0x00, 0x00, 0x10, 0x00, 0x00, 0x00,
  0x20, 0x0C, 0x01, 0x00, 0x00, 0x00, 0x82, 0x04, 0x00, 0x80, 0x02, 0x10, 0x00, 0x00, 0x20, 0x00,
  0x80, 0x41, 0x02, 0x20, 0x22, 0x30, 0x80, 0x00, 0x81, 0x02, 0x00, 0x40, 0x20, 0x40, 0x00, 0x00,
  0x82, 0x02, 0x00, 0x20, 0x20, 0x08, 0x80, 0x00, 0x14, 0x00, 0x00, 0x80, 0x00, 0x20, 0x00, 0x00,
  0x00, 0x00, 0x08, 0x80, 0x00, 0x48, 0x00, 0x00, 0x08, 0x80, 0x00, 0x80, 0x00, 0x80, 0x20, 0x00,
  0x00, 0x81, 0x10, 0x00, 0x04, 0x00, 0x20, 0x00, 0x00, 0x80, 0x00, 0x00, 0x00, 0x80, 0x10, 0x00,
  0x01, 0x00, 0x08, 0x40, 0x00, 0x04, 0x24, 0x40, 0x00, 0x00, 0x00, 0x81, 0x00, 0x00, 0x92, 0x00,
  0x11, 0x00, 0x20, 0x00, 0x0A, 0x04, 0x8C, 0x40, 0x00, 0x40, 0x00, 0x80, 0x13, 0x28, 0x40, 0x80,
  0x88, 0x00, 0x00, 0x00, 0x20, 0x10, 0x00, 0x00, 0x80, 0x81, 0x02, 0x01, 0x00, 0x20, 0x01, 0x08,
  0x40, 0x1C, 0x80, 0x10, 0x80, 0x00, 0x08, 0x04, 0x00, 0x00, 0x00, 0x00, 0x40, 0x04, 0x30, 0x01,
  0x00, 0x40, 0x00, 0x44, 0x10, 0x00, 0x10, 0x00, 0xA0, 0x08, 0x80, 0x00, 0x40, 0x21, 0x20, 0x00,
  0x00, 0x00, 0x80, 0x00, 0x80, 0x00, 0x00, 0x80, 0x00, 0x08, 0x80, 0x13, 0x10, 0x01, 0x08, 0x00,
  0x00, 0x10, 0xC0, 0x40, 0x00, 0x00, 0x30, 0x40, 0x40, 0x10, 0x42, 0x02, 0x80, 0x20, 0x00, 0x40,
  0x00, 0x80, 0x01, 0x00, 0x00, 0x00, 0x10, 0x05, 0x00, 0x00, 0x80, 0x00, 0x80, 0x81, 0x20, 0x00,
  0x00, 0x01, 0x40, 0x08, 0x00, 0x20, 0x88, 0x62, 0x00, 0x8A, 0x02, 0x00, 0x20, 0x00, 0x00, 0x01,
  0x00, 0x80, 0x02, 0x00, 0x20, 0x01, 0x88, 0x82, 0x00, 0x80, 0x02, 0x02, 0x20, 0x04, 0x50, 0x00,
  0x80, 0x80, 0x82, 0x00, 0x40, 0x07, 0x24, 0x00, 0x00, 0x80, 0x41, 0x00, 0x80, 0x06, 0x00, 0x00,
  0x00, 0x00, 0x00, 0x00, 0x00, 0x00, 0x00, 0x00, 0x10, 0x80, 0x00, 0x20, 0x00, 0x44, 0x41, 0x00,
  0x00, 0x01, 0x00, 0x00, 0x00, 0x01, 0x18, 0xC0, 0x10, 0x2C, 0x00, 0x00, 0x2C, 0x83, 0x00, 0x40,
  0x00, 0x1A, 0x00, 0x20, 0x08, 0x40, 0x80, 0x44, 0x08, 0x0C, 0x00, 0x00, 0x80, 0x42, 0x40, 0x14,
  0x11, 0x09, 0x80, 0x00, 0x0C, 0x00, 0x68, 0xC4, 0xA7, 0x01, 0x01, 0x00, 0x00, 0x00, 0x50, 0x94,
  0x00, 0x00, 0x09, 0x20, 0x00, 0x00, 0x00, 0x80, 0x00, 0x28, 0x03, 0x20, 0x08, 0x01, 0x10, 0x00,
  0x04, 0x10, 0x80, 0xC0, 0x20, 0x00, 0x04, 0x28, 0x10, 0x21, 0x80, 0x00, 0x00, 0x01, 0x00, 0x40,
  0x10, 0x09, 0x10, 0x20, 0x00, 0x00, 0x22, 0x20, 0x07, 0x62, 0x22, 0x20, 0xA2, 0x00, 0x01, 0x44,
  0x20, 0x09, 0x20, 0x80, 0x22, 0x01, 0x10, 0x10, 0x01, 0x89, 0x02, 0x00, 0x80, 0x00, 0x04, 0x20,
  0x04, 0x10, 0x00, 0x04, 0x80, 0x80, 0x00, 0x02, 0x20, 0x20, 0x20, 0x84, 0x00, 0x00, 0x00, 0x28,
  0x04, 0x02, 0x81, 0x86, 0x40, 0x10, 0x40, 0x08, 0x00, 0x05, 0x11, 0x0A, 0x00, 0x80, 0x42, 0x08,
  0xC0, 0x02, 0x60, 0x03, 0x00, 0x00, 0x01, 0x00, 0x20, 0x08, 0x10, 0x01, 0x20, 0x00, 0x41, 0x08,
  0xC4, 0x04, 0x04, 0x80, 0x20, 0x00, 0x01, 0x12, 0x00, 0x11, 0x00, 0x02, 0x40, 0x49, 0x02, 0x08,
  0x00, 0x00, 0x10, 0x00, 0x00, 0x02, 0x00, 0x01, 0x90, 0x20, 0x10, 0x80, 0x40, 0x82, 0x00, 0x01,
  0x48, 0x02, 0x88, 0x84, 0x20, 0x09, 0x01, 0x10, 0x04, 0x10, 0x12, 0x20, 0xC0, 0x00, 0x80, 0x00,
  0x44, 0x11, 0x12, 0x01, 0x20, 0x00, 0x42, 0x00, 0x40, 0x00, 0x4A, 0xC0, 0x80, 0xC0, 0x40, 0x40,
  0x40, 0x11, 0x10, 0x00, 0x00, 0x84, 0x40, 0x00, 0x40, 0x08, 0x02, 0x00, 0x20, 0x80, 0x40, 0x00,
  0x40, 0x00, 0x14, 0x40, 0x00, 0x4C, 0x82, 0x00, 0xC0, 0x00, 0x00, 0x00, 0x00, 0x00, 0x00, 0x00,
  0x00, 0x00, 0x00, 0x00, 0x00, 0x00, 0x00, 0x00, 0x00, 0x00, 0x00, 0x00, 0x00, 0x0F, 0xDF, 0xCF,
  0xDF, 0xCF, 0xDF, 0xC0, 0x0F, 0xFF, 0x4F, 0x5F, 0x4F, 0xCD, 0x0D, 0xD5, 0x4F, 0xC0, 0x04, 0x05,
  0x55, 0x55, 0x5A, 0xAF, 0xFF, 0xFC, 0xC4, 0x4F, 0xFF, 0xFF, 0x35, 0x1F, 0xFF, 0x50, 0x02, 0x0A,
  0xA0, 0x05, 0xAA, 0x56, 0x99, 0x60, 0x0F, 0xFA, 0x0A, 0xAF, 0xFF, 0xF0, 0x0C, 0xC0, 0x00, 0x0F,
  0xFF, 0xFA, 0xAA, 0xAF, 0xCF, 0xFF, 0xFD, 0x7F, 0xFD, 0x7F, 0xFD, 0x7D, 0x7F, 0xFF, 0xF7, 0xFF,
  0x77, 0xF2, 0x77, 0x20, 0x04, 0x05, 0xFD, 0x5F, 0xF2, 0x27, 0x7F, 0xF0, 0xFF, 0xF7, 0x7F, 0x70,
  0x00, 0x0C, 0xC3, 0x30, 0xFF, 0xF9, 0x66, 0x96, 0x99, 0x66, 0x99, 0x65, 0xAA, 0x5F, 0xCF, 0xDF,
  0xFF, 0xFC, 0xCF, 0xF9, 0xCF, 0xE5, 0x5A, 0xA0, 0x00, 0x0A, 0x35, 0x30, 0x00, 0x00, 0x0F, 0xFF,
  0xFF, 0xFF, 0xFF, 0xFF, 0xFF, 0xFF, 0xFF, 0x3F, 0xF0, 0x00, 0x00, 0x05, 0x0C, 0x2F, 0x0D, 0xDF,
  0xFC, 0x4C, 0xCC, 0x0C, 0x0F, 0xFE, 0xFF, 0xF0, 0x0F, 0xFF, 0xFF, 0xFF, 0x0F, 0xFF, 0xCB, 0xBB,
  0xBF, 0x50, 0xC0, 0x0F, 0xF7, 0xFF, 0xF8, 0xAC, 0xFC, 0xCF, 0xFC, 0x4C, 0x0F, 0xFF, 0xFF, 0x01,
  0xE0, 0xF5, 0xAC, 0xCC, 0xCC, 0xCC, 0xCF, 0x0F, 0xF6, 0x96, 0x6A, 0x95, 0x4C, 0x3F, 0xF0, 0x00,
  0x00, 0x00, 0x0F, 0x3F, 0xFF, 0xFF, 0xF3, 0x33, 0x0F, 0xFF, 0xFF, 0x0F, 0xC0, 0x00, 0x05, 0x4F,
  0x50, 0x5F, 0xF0, 0x0C, 0xCF, 0x0C, 0x45, 0x5F, 0xF0, 0x00, 0x0F, 0x06, 0x4F, 0xF5, 0x50, 0x00,
  0x0F, 0xFF, 0xFF, 0xFF, 0xD0, 0x00, 0x0F, 0xDF, 0xFF, 0xFF, 0xFC, 0x0F, 0x0F, 0xFF, 0xFD, 0xFF,
  0xFF, 0xFF, 0x5F, 0xDF, 0xFF, 0xFD, 0xF0, 0x02, 0x2F, 0x0F, 0xFF, 0xFD, 0xDF, 0xFF, 0x70, 0x0F,
  0x4F, 0xD0, 0x02, 0xA0, 0x0F, 0xDF, 0x50, 0x00, 0x00, 0x00, 0x00, 0x00, 0x00, 0x00, 0x00, 0x00,
  0x80, 0x10, 0x00, 0x00, 0x00, 0x00, 0x00, 0x00, 0x00, 0x0F, 0xDF, 0xFF, 0xDF, 0xFF, 0xDF, 0xFF,
  0xFF, 0xFF, 0xCF, 0xFF, 0x5F, 0xFF, 0xFF, 0xFF, 0xFF, 0xF0, 0x04, 0x05, 0x5D, 0x5A, 0xA5, 0x5F,
  0xFB, 0xFC, 0xC4, 0x4C, 0xCC, 0xC5, 0x15, 0x1F, 0xFF, 0x50, 0x02, 0x08, 0x80, 0x0A, 0x55, 0xA9,
  0x66, 0x9F, 0xFF, 0xFA, 0xAA, 0xA3, 0x3F, 0xF0, 0x0C, 0x40, 0x00, 0x0F, 0xFF, 0xF5, 0x55, 0x5F,
  0x3F, 0xFF, 0xFB, 0xEF, 0xFB, 0xEF, 0xFB, 0xEB, 0xEF, 0xFF, 0xF7, 0xFF, 0x77, 0xF8, 0xDD, 0x80,
  0x02, 0x0F, 0xFF, 0xFF, 0xFF, 0xF3, 0x3F, 0xF0, 0xFF, 0xFF, 0xFF, 0x70, 0x00, 0x03, 0x3C, 0xC0,
  0x0F, 0x29, 0x66, 0x99, 0x66, 0x99, 0x66, 0x9A, 0x55, 0xAF, 0xFF, 0xFF, 0x77, 0x7C, 0xCF, 0xF9,
  0x0F, 0x2A, 0xA5, 0x50, 0x00, 0x0A, 0xC5, 0xC0, 0x00, 0x00, 0x0F, 0xFF, 0xFF, 0xFF, 0xF7, 0x7F,
  0xF0, 0x0F, 0xFF, 0x3F, 0xF0, 0x00, 0x05, 0x05, 0x0C, 0x3F, 0x0F, 0xFF, 0xFC, 0x4C, 0xCC, 0x0C,
  0x0F, 0xFE, 0xFF, 0xFF, 0xFF, 0xFF, 0xFF, 0xFF, 0xFF, 0xFF, 0xCB, 0xBB, 0xB0, 0x00, 0xCA, 0xA5,
  0x7F, 0xFF, 0xFF, 0xFF, 0xFF, 0xFF, 0xFF, 0xFF, 0xFF, 0xFF, 0x5F, 0x0D, 0x2A, 0x5F, 0x0C, 0x9C,
  0x99, 0xCC, 0xCF, 0x0F, 0xF6, 0x96, 0x65, 0x6F, 0xDC, 0x3F, 0xF0, 0x00, 0x00, 0x00, 0x0F, 0x3F,
  0xFF, 0xFF, 0xF3, 0x33, 0x0F, 0xFF, 0xFF, 0xFF, 0xF0, 0x00, 0x05, 0x4F, 0x50, 0x5C, 0xD0, 0x0C,
  0x8F, 0x0F, 0x5F, 0xFF, 0xF0, 0x00, 0x0F, 0x06, 0x4F, 0xFF, 0x70, 0x04, 0x0F, 0xFF, 0xFF, 0xDF,
  0xD4, 0x0C, 0xCF, 0xFF, 0xFF, 0xFE, 0xFF, 0x0F, 0x0F, 0xFF, 0xDF, 0xFF, 0xFF, 0xFF, 0x5F, 0xFF,
  0xFF, 0xFF, 0xF0, 0x00, 0x0F, 0x0F, 0xFF, 0xCD, 0xCF, 0xFF, 0xF0, 0x0F, 0xFF, 0xD0, 0x02, 0x20,
  0x0F, 0xFF, 0xF0, 0x00, 0x00, 0x00, 0x00, 0x00, 0x00, 0x00, 0x00, 0x00, 0x00, 0x20, 0x00, 0x00,
  0x00, 0x00, 0x00, 0x00, 0x00, 0x00, 0x04, 0x00, 0x15, 0x36, 0x24, 0x00, 0x40, 0x12, 0x08, 0x10,
  0x12, 0x36, 0x20, 0x10, 0x40, 0x16, 0x08, 0x12, 0x12, 0x36, 0x20, 0x50, 0x40, 0x16, 0x08, 0x12,
  0x13, 0x34, 0x20, 0x50, 0x40, 0x16, 0x08, 0x10, 0x00, 0x34, 0x00, 0x10, 0x00, 0x56, 0x08, 0x12,
  0x10, 0x36, 0x20, 0x50, 0x40, 0x56, 0x08, 0x12, 0x11, 0x34, 0x20, 0x50, 0x24, 0x46, 0x08, 0x92,
  0x10, 0x34, 0x30, 0x50, 0x44, 0x56, 0x08, 0x12, 0x10, 0x36, 0x20, 0x50, 0x40, 0x56, 0x08, 0x12,
  0x10, 0x36, 0x20, 0x50, 0x40, 0x56, 0x08, 0x02, 0x10, 0x36, 0x20, 0x50, 0x50, 0x46, 0x08, 0x12,
  0x13, 0x36, 0x20, 0x50, 0x40, 0x54, 0x0C, 0x12, 0x11, 0x36, 0x20, 0x50, 0x40, 0x56, 0x08, 0x02,
  0x10, 0x36, 0x22, 0x50, 0x40, 0x50, 0x06, 0x00, 0x12, 0x12, 0x12, 0x20, 0x50, 0x40, 0x12, 0x08,
  0x00, 0x00, 0x30, 0x00, 0x10, 0x40, 0x16, 0x08, 0x12, 0x10, 0x12, 0x20, 0x50, 0x40, 0x16, 0x08,
  0x12, 0x10, 0x12, 0x00, 0x10, 0x40, 0x16, 0x00, 0x00, 0x04, 0x12, 0x20, 0x50, 0x40, 0x12, 0x08,
  0x10, 0x10, 0x12, 0x20, 0x10, 0x40, 0x52, 0x08, 0x10, 0x10, 0x32, 0x24, 0x00, 0x00, 0x50, 0x18,
  0x81, 0x00, 0x00, 0x10, 0x00, 0x04, 0x04, 0x00, 0x00, 0x00, 0x12, 0x20, 0x50, 0x40, 0x16, 0x08,
  0x12, 0x10, 0x12, 0x20, 0x50, 0x40, 0x52, 0x00, 0x10, 0x00, 0x32, 0x20, 0x10, 0x50, 0x06, 0x08,
  0x02, 0x10, 0x12, 0x20, 0x50, 0x40, 0x12, 0x00, 0x10, 0x02, 0x00, 0x00, 0x10, 0x00, 0x12, 0x00,
  0x10, 0x02, 0x32, 0x20, 0x10, 0x40, 0x12, 0x00, 0x10, 0x02, 0x00, 0x00, 0x10, 0x00, 0x16, 0x00,
  0x10, 0x12, 0x12, 0x20, 0x10, 0x40, 0x12, 0x00, 0x10, 0x02, 0x00, 0x00, 0x10, 0x00, 0x10, 0x00,
  0x00, 0x00, 0x00, 0x00, 0x00, 0x00, 0x00, 0x00, 0x00, 0x20, 0x00, 0x00, 0x00, 0x00, 0x00, 0x00,
  0x00, 0x04, 0x08, 0x10, 0x02, 0xE4, 0x40, 0x20, 0xC8, 0x00, 0x28, 0x82, 0x22, 0xE4, 0xE0, 0x00,
  0xC8, 0x00, 0x28, 0x82, 0x22, 0xE4, 0xE0, 0x00, 0xC8, 0x80, 0x28, 0x82, 0x22, 0x64, 0xE0, 0x00,
  0x08, 0x8C, 0x08, 0x14, 0x20, 0x6C, 0x40, 0xA6, 0x85, 0x0C, 0x08, 0x14, 0x20, 0x6C, 0x40, 0xA0,
  0x80, 0xAC, 0x08, 0x14, 0x22, 0x68, 0x40, 0xA0, 0x80, 0x2C, 0x08, 0x14, 0x24, 0x68, 0x40, 0xA0,
  0x80, 0xAC, 0x08, 0x14, 0x20, 0x6C, 0x40, 0xA0, 0x80, 0xA8, 0x08, 0x04, 0x20, 0x6C, 0x40, 0xA0,
  0x80, 0x8C, 0x08, 0x14, 0x22, 0x6C, 0x40, 0x20, 0xC8, 0x8C, 0x08, 0x94, 0x20, 0x6C, 0x60, 0xA0,
  0x88, 0xAC, 0x08, 0x04, 0x22, 0x6C, 0x40, 0xA0, 0x80, 0xAC, 0x08, 0x14, 0x20, 0x6C, 0x20, 0x60,
  0x88, 0xA0, 0x04, 0x08, 0x90, 0x00, 0x00, 0x20, 0x20, 0x08, 0x24, 0x00, 0x10, 0x20, 0x60, 0x40,
  0x20, 0x80, 0x24, 0x08, 0x10, 0x20, 0x24, 0x40, 0x20, 0x80, 0xA4, 0x08, 0x10, 0x20, 0x24, 0x40,
  0x20, 0x80, 0xA4, 0x08, 0x10, 0x00, 0x60, 0x00, 0x20, 0x00, 0xA8, 0x08, 0x04, 0x22, 0xE4, 0x40,
  0xA0, 0x80, 0x28, 0x08, 0x14, 0x20, 0x64, 0x40, 0xA0, 0x80, 0x2C, 0x00, 0x14, 0x24, 0x24, 0x40,
  0x20, 0x80, 0x24, 0x08, 0x10, 0x20, 0x64, 0x48, 0x00, 0x00, 0xAC, 0x08, 0x14, 0x20, 0x24, 0x40,
  0xA0, 0x80, 0xA4, 0x00, 0x00, 0x00, 0x00, 0x00, 0x20, 0x00, 0x2C, 0x08, 0x00, 0x00, 0x64, 0x00,
  0x20, 0x00, 0x24, 0x00, 0x02, 0x02, 0x60, 0xA0, 0x00, 0x48, 0x00, 0x20, 0x82, 0x02, 0x60, 0xA0,
  0x00, 0x48, 0x00, 0x20, 0x82, 0x02, 0x60, 0xA0, 0x00, 0x48, 0x00, 0x28, 0x82, 0x02, 0x60, 0xA0,
  0x00, 0x48, 0x00, 0x20, 0x82, 0x00, 0x60, 0xA0, 0x00, 0x08, 0x00, 0x00, 0x00, 0x00, 0x00, 0x00,
  0x00, 0x00, 0x00, 0x00, 0x00, 0x00, 0x00, 0x00, 0x00, 0x00, 0x00, 0x00, 0x00, 0x0F, 0xFF, 0xF0,
  0x00, 0x00, 0xFF, 0xF7, 0xB5, 0x5D, 0x7C, 0xCD, 0x7C, 0xCC, 0x3C, 0xCC, 0x3C, 0xCC, 0x3C, 0xCC,
  0x3C, 0xCC, 0x3C, 0xCC, 0x3C, 0xCC, 0x3C, 0xCC, 0x3C, 0xCC, 0x3C, 0xCF, 0xFF, 0xFA, 0xA5, 0x59,
  0x66, 0x9A, 0x55, 0xA0, 0x00, 0x0F, 0xFF, 0xFF, 0xFF, 0xF3, 0x0F, 0xCF, 0xFF, 0xFC, 0x0F, 0x35,
  0x0F, 0xA3, 0x3F, 0xFC, 0xCF, 0x0F, 0xF5, 0x55, 0x5F, 0xF3, 0x3F, 0xF0, 0x0F, 0xFF, 0xFF, 0xFF,
  0xFF, 0xF9, 0x66, 0x93, 0x5C, 0x50, 0x00, 0x00, 0x00, 0x0C, 0xFC, 0xC0, 0x00, 0x0D, 0x8C, 0xC3,
  0xAC, 0x5F, 0xFF, 0xFF, 0x9F, 0xFF, 0xFB, 0xEF, 0xFB, 0xEF, 0xFB, 0xEB, 0xEF, 0xF6, 0x06, 0xF0,
  0x00, 0x04, 0x4E, 0xE9, 0x66, 0x99, 0x66, 0x93, 0xCC, 0x3F, 0xFB, 0xEF, 0xFB, 0xE0, 0x0F, 0xFB,
  0xEF, 0xFB, 0xEF, 0xFB, 0xE3, 0xBF, 0xF0, 0x0F, 0xFF, 0x0F, 0x0F, 0x0F, 0x0F, 0xF0, 0x0F, 0x0F,
  0xCC, 0x0F, 0xFF, 0xF7, 0x3F, 0x8F, 0xFF, 0x8F, 0x0F, 0xFF, 0xC5, 0x15, 0x0F, 0xFF, 0xF7, 0x77,
  0x7F, 0xFF, 0xF3, 0x3F, 0xF0, 0x00, 0x00, 0x00, 0x00, 0x00, 0x0F, 0xAF, 0xFF, 0xFF, 0xF0, 0x00,
  0x00, 0x00, 0x0F, 0xF7, 0xFF, 0xFF, 0xF0, 0x0F, 0xFA, 0x52, 0xAF, 0x5F, 0xD5, 0xFF, 0xF4, 0xFC,
  0xF3, 0x3F, 0xF3, 0xF7, 0x3A, 0xBF, 0xBD, 0xC0, 0x2F, 0xDF, 0xD4, 0x05, 0x50, 0x04, 0x4F, 0xFF,
  0xF0, 0x00, 0x0F, 0x5F, 0x5F, 0xFF, 0xCD, 0x0D, 0x00, 0x00, 0x0F, 0xFF, 0xFC, 0x40, 0x00, 0xF3,
  0xFF, 0x8F, 0xFC, 0x3C, 0xCC, 0x3C, 0xCC, 0x3C, 0xCC, 0x3C, 0xCC, 0x3C, 0xCC, 0x3C, 0xCC, 0x3C,
  0xCC, 0x3C, 0xCC, 0x3C, 0xCC, 0x3C, 0xCC, 0x3C, 0xCC, 0x3C, 0xCC, 0x3C, 0xCC, 0x3C, 0xCC, 0x3C,
  0xCC, 0x3C, 0xCC, 0x3C, 0xCF, 0xFF, 0xF0, 0x00, 0x00, 0x00, 0x00, 0x00, 0x00, 0x00, 0x00, 0x00,
  0x00, 0x00, 0x00, 0x00, 0x00, 0x00, 0x00, 0x00, 0x00, 0x0F, 0xFF, 0xF0, 0x00, 0x00, 0xFF, 0xF5,
  0xA5, 0x58, 0x2C, 0xC8, 0x2C, 0xCD, 0x7C, 0xCD, 0x7C, 0xCD, 0x7C, 0xCD, 0x7C, 0xCD, 0x7C, 0xCD,
  0x7C, 0xCD, 0x7C, 0xCD, 0x7C, 0xCD, 0x7C, 0xCF, 0xFF, 0xF5, 0x5A, 0xA6, 0x99, 0x65, 0xAA, 0x50,
  0x00, 0x0F, 0xFF, 0xFF, 0xFF, 0xF3, 0x0F, 0xCF, 0xFF, 0xFC, 0x0F, 0x35, 0x0F, 0xA0, 0x0C, 0xCC,
  0xCF, 0x00, 0x05, 0x55, 0x50, 0x00, 0x0C, 0xCC, 0xCC, 0xC2, 0x22, 0x25, 0x5F, 0xF9, 0x66, 0x93,
  0xAC, 0xA0, 0x00, 0x00, 0x00, 0x0C, 0xFC, 0xC0, 0x00, 0x0D, 0x8C, 0xC3, 0x3C, 0xC0, 0xFF, 0x0F,
  0x6F, 0xFF, 0xFD, 0x7F, 0xF7, 0xDF, 0xF7, 0xDD, 0x7F, 0xF6, 0xF6, 0x00, 0x00, 0x04, 0x4E, 0xE6,
  0x99, 0x66, 0x99, 0x63, 0xCC, 0x3F, 0xFD, 0x7F, 0xFD, 0x70, 0x0F, 0xFD, 0x7F, 0xFD, 0x7F, 0xFD,
  0x7F, 0xBF, 0xF0, 0x2F, 0xD7, 0xAF, 0x00, 0x70, 0xFF, 0xE0, 0x0F, 0x5F, 0xDC, 0x0F, 0xF7, 0x37,
  0x30, 0x0F, 0xFF, 0x8F, 0x0F, 0xFE, 0xC5, 0x05, 0x00, 0x77, 0x77, 0x77, 0x7F, 0xFF, 0xF3, 0x3F,
  0xF1, 0x1D, 0xD0, 0x00, 0x00, 0x00, 0x0F, 0xAF, 0xFF, 0xFF, 0xF0, 0x00, 0x00, 0x00, 0x0F, 0xF7,
  0xFF, 0xFF, 0xF0, 0x0C, 0xCF, 0xAB, 0xA5, 0x5D, 0xD5, 0xDD, 0xD4, 0xFC, 0xF3, 0x37, 0x7F, 0xFF,
  0xF0, 0x00, 0x0C, 0xC2, 0x2F, 0xFF, 0xF0, 0x00, 0x00, 0x00, 0x0F, 0xF3, 0xF0, 0x00, 0x0F, 0x4F,
  0x50, 0x00, 0x00, 0x00, 0x00, 0x00, 0x07, 0x37, 0x3C, 0x00, 0x00, 0xF3, 0xF8, 0xF0, 0x0D, 0x7C,
  0xCD, 0x7C, 0xCD, 0x7C, 0xCD, 0x7C, 0xCD, 0x7C, 0xCD, 0x7C, 0xCD, 0x7C, 0xCD, 0x7C, 0xCD, 0x7C,
  0xCD, 0x7C, 0xCD, 0x7C, 0xCD, 0x7C, 0xCD, 0x7C, 0xCD, 0x7C, 0xCD, 0x7C, 0xCD, 0x7C, 0xCD, 0x7C,
  0xCF, 0xFF, 0xF0, 0x00, 0x00, 0x00, 0x00, 0x00, 0x00, 0x00, 0x00, 0x00, 0x00, 0xC0, 0x80, 0x04,
  0x00, 0x00, 0x48, 0x00, 0x04, 0x02, 0x00, 0x00, 0x08, 0x02, 0x00, 0x04, 0x02, 0x03, 0x04, 0x83,
  0x08, 0x03, 0x00, 0x48, 0x60, 0x40, 0x03, 0x40, 0x02, 0x41, 0x01, 0x04, 0x0A, 0x00, 0x02, 0x82,
  0x03, 0x82, 0x86, 0x20, 0x02, 0x83, 0x02, 0x18, 0x46, 0x83, 0x08, 0x50, 0x00, 0x80, 0x02, 0x08,
  0x08, 0x20, 0x44, 0x40, 0x04, 0x8A, 0x08, 0x67, 0x02, 0x20, 0x98, 0x08, 0x02, 0x08, 0x00, 0x14,
  0x02, 0x00, 0x46, 0x20, 0x0A, 0x00, 0x03, 0x10, 0x00, 0x00, 0x00, 0x00, 0x06, 0x03, 0x40, 0x00,
  0x88, 0x80, 0x5A, 0x80, 0x48, 0x03, 0x00, 0x80, 0xA0, 0x14, 0xA6, 0x00, 0xA8, 0x01, 0x16, 0x38,
  0x00, 0x50, 0x02, 0x00, 0x40, 0x80, 0x06, 0x83, 0x00, 0x83, 0x08, 0x50, 0x52, 0xA0, 0x10, 0x07,
  0x00, 0x08, 0x4A, 0x14, 0x96, 0x80, 0x00, 0x33, 0x82, 0x98, 0x08, 0x84, 0x00, 0x88, 0xA0, 0x40,
  0x90, 0x52, 0x10, 0x0A, 0x00, 0x45, 0x60, 0x08, 0x80, 0x08, 0x08, 0x00, 0x08, 0x02, 0x80, 0x04,
  0x22, 0x09, 0x10, 0x03, 0x80, 0x57, 0x60, 0x00, 0x82, 0x84, 0x00, 0x02, 0x80, 0xA2, 0x60, 0x04,
  0x84, 0x02, 0x04, 0x00, 0x46, 0x04, 0x00, 0x03, 0x40, 0x4A, 0x00, 0x02, 0x00, 0x08, 0x00, 0x0A,
  0x50, 0x00, 0x80, 0x01, 0x00, 0x01, 0x84, 0x40, 0x03, 0x00, 0x03, 0x00, 0x03, 0x04, 0x00, 0x40,
  0x00, 0x00, 0x04, 0x00, 0x06, 0x20, 0x24, 0x48, 0x44, 0x42, 0x04, 0x48, 0x44, 0x40, 0x51, 0x54,
  0x00, 0x40, 0x04, 0x48, 0x00, 0x04, 0x12, 0x84, 0x03, 0x04, 0x42, 0x18, 0x80, 0x04, 0x00, 0x00,
  0x42, 0x04, 0x82, 0x04, 0x80, 0x00, 0x00, 0x84, 0x40, 0x80, 0x80, 0x80, 0x00, 0x06, 0x48, 0x02,
  0x40, 0x00, 0x40, 0x00, 0x40, 0x04, 0x82, 0x04, 0x20, 0x00, 0x42, 0x00, 0xA2, 0x00, 0x80, 0x00,
  0x20, 0x00, 0x00, 0x00, 0x00, 0x00, 0x20, 0x00, 0x00, 0x18, 0x00, 0x00, 0x00, 0x20, 0x01, 0x00,
  0x00, 0x02, 0x0A, 0xC0, 0x00, 0x20, 0x58, 0x10, 0x21, 0xC0, 0x22, 0x20, 0x82, 0x00, 0x00, 0x60,
  0x00, 0x40, 0x08, 0x11, 0xC1, 0x20, 0x1C, 0x00, 0x10, 0x24, 0x01, 0x20, 0x28, 0x02, 0x11, 0x00,
  0xCA, 0x00, 0x09, 0x00, 0x42, 0x00, 0x56, 0x00, 0x01, 0x00, 0x12, 0x01, 0x00, 0x01, 0x40, 0x00,
  0x00, 0x00, 0x01, 0x00, 0x01, 0x00, 0x01, 0x54, 0xA8, 0x80, 0x01, 0x40, 0x00, 0x50, 0x40, 0x80,
  0xE0, 0x11, 0x28, 0x40, 0x05, 0x20, 0x62, 0x80, 0x12, 0x80, 0x45, 0xD0, 0x00, 0x11, 0x42, 0x00,
  0x20, 0x28, 0x00, 0x20, 0x02, 0x05, 0x00, 0x00, 0x20, 0x2C, 0xC0, 0x80, 0x80, 0x45, 0x11, 0x58,
  0x01, 0x08, 0x00, 0x20, 0x05, 0x20, 0x02, 0x00, 0x41, 0x00, 0x00, 0xC0, 0x2C, 0x40, 0x00, 0xC0,
  0x42, 0x00, 0x00, 0x88, 0x10, 0x42, 0x00, 0x02, 0x00, 0x02, 0x00, 0x58, 0x04, 0x02, 0x00, 0x01,
  0x20, 0x50, 0x00, 0x21, 0x10, 0x20, 0x10, 0x42, 0x00, 0x12, 0x50, 0x10, 0x22, 0x04, 0x00, 0x10,
  0x20, 0x00, 0x09, 0x80, 0x58, 0x02, 0x02, 0x82, 0x21, 0x02, 0x20, 0xC5, 0x21, 0xC2, 0x00, 0x40,
  0x10, 0x00, 0xC0, 0x08, 0x60, 0x20, 0x21, 0x12, 0x40, 0xE0, 0x46, 0x00, 0x08, 0x08, 0x01, 0x90,
  0x06, 0x00, 0x01, 0x00, 0xE0, 0x00, 0x50, 0x00, 0x00, 0x00, 0xC2, 0x49, 0x40, 0x00, 0x56, 0x08,
  0x60, 0x20, 0x81, 0x40, 0x60, 0x62, 0x00, 0x44, 0x52, 0x06, 0x44, 0x45, 0x40, 0x40, 0x61, 0x40,
  0x22, 0x00, 0x00, 0x45, 0xA0, 0x10, 0x02, 0x04, 0x00, 0x10, 0x00, 0x40, 0x52, 0x00, 0x08, 0x10,
  0x40, 0x28, 0x20, 0x01, 0x41, 0x26, 0x10, 0x20, 0x00, 0x40, 0x11, 0x02, 0x40, 0x00, 0x40, 0x00,
  0x41, 0x00, 0x00, 0x00, 0x01, 0x00, 0x42, 0x00, 0x20, 0x20, 0x00, 0x00, 0x80, 0x00, 0x00, 0x00,
  0x00, 0x00, 0x80, 0x00, 0x01, 0x84, 0x20, 0x24, 0x08, 0x00, 0x48, 0x00, 0x08, 0x00, 0x20, 0x10,
  0x01, 0x03, 0x80, 0x04, 0x00, 0x08, 0x04, 0x44, 0x48, 0x00, 0x40, 0x00, 0x00, 0x00, 0x00, 0x20,
  0x04, 0x20, 0x00, 0x04, 0x05, 0x85, 0x50, 0xC1, 0x00, 0x40, 0x48, 0x11, 0x00, 0x50, 0x08, 0x20,
  0x00, 0xD4, 0x08, 0x20, 0x90, 0x20, 0x08, 0xD2, 0x02, 0x04, 0x94, 0x34, 0x01, 0xD1, 0x00, 0x90,
  0x02, 0x94, 0x40, 0x81, 0x21, 0xB0, 0x08, 0x81, 0x01, 0x80, 0x11, 0x90, 0x83, 0x80, 0x04, 0x01,
  0x00, 0x84, 0x84, 0x51, 0x08, 0x50, 0x02, 0x00, 0x20, 0x28, 0x02, 0x50, 0xA1, 0x20, 0x10, 0x20,
  0x12, 0xA4, 0x01, 0x10, 0x89, 0x80, 0x05, 0x00, 0x41, 0x80, 0x40, 0x00, 0x20, 0x30, 0x15, 0xA0,
  0x20, 0xA4, 0x22, 0xA1, 0x02, 0x10, 0x83, 0x00, 0xA1, 0x19, 0x25, 0x89, 0x08, 0xB2, 0x00, 0x88,
  0x45, 0x00, 0x50, 0x24, 0x90, 0x30, 0x10, 0x80, 0x21, 0xA2, 0x01, 0x00, 0x80, 0x00, 0x00, 0x00,
  0x20, 0x82, 0xA1, 0x00, 0x10, 0x00, 0x80, 0x80, 0x00, 0x00, 0x00, 0x80, 0x40, 0x20, 0x04, 0x42,
  0x85, 0x24, 0x00, 0x40, 0x44, 0x02, 0x81, 0x90, 0xC4, 0x00, 0x18, 0x00, 0x25, 0x45, 0x00, 0x94,
  0x08, 0xA1, 0x00, 0x80, 0x01, 0x82, 0x00, 0x03, 0x24, 0x53, 0x50, 0x44, 0x10, 0x12, 0x48, 0x39,
  0x00, 0x00, 0x80, 0x40, 0x00, 0x01, 0x00, 0x00, 0x00, 0x02, 0x84, 0x00, 0x09, 0x08, 0x00, 0x08,
  0x80, 0x80, 0x90, 0x03, 0x04, 0x24, 0x80, 0x80, 0x00, 0x00, 0x04, 0x92, 0x24, 0x91, 0x05, 0x04,
  0xA0, 0x00, 0x24, 0x83, 0xB0, 0x01, 0x30, 0x02, 0x00, 0x00, 0x21, 0x04, 0x90, 0x00, 0xA0, 0x20,
  0x00, 0xA0, 0x40, 0xA0, 0x91, 0x01, 0x24, 0x00, 0x10, 0x10, 0x00, 0x00, 0x00, 0x00, 0x21, 0x90,
  0x90, 0x02, 0x00, 0x00, 0x81, 0x00, 0x20, 0x00, 0x00, 0x00, 0x00, 0x00, 0x00, 0x00, 0x00, 0x00,
  0x00, 0xA0, 0x00, 0x80, 0x08, 0x20, 0x04, 0x00, 0x00, 0x00, 0x85, 0x29, 0x05, 0x28, 0x81, 0x20,
  0x10, 0x08, 0x14, 0x28, 0x04, 0x00, 0x80, 0x21, 0x00, 0x00, 0x01, 0x24, 0x08, 0x2D, 0x21, 0x00,
  0x20, 0x08, 0x99, 0x00, 0x21, 0x09, 0x20, 0x94, 0x01, 0x10, 0x00, 0xC1, 0x01, 0x08, 0xC0, 0x10,
  0x02, 0x00, 0x48, 0x84, 0x00, 0x8C, 0x00, 0x28, 0x05, 0x01, 0x03, 0x01, 0x08, 0x88, 0x25, 0x81,
  0x11, 0x01, 0x0A, 0x85, 0x00, 0x89, 0x41, 0x00, 0x00, 0x02, 0x20, 0xC4, 0x00, 0x08, 0x8C, 0x12,
  0x10, 0x49, 0x08, 0x10, 0x01, 0x1C, 0x10, 0x20, 0x03, 0x91, 0x49, 0x19, 0x2C, 0x80, 0x01, 0x20,
  0x02, 0x01, 0x20, 0x11, 0x04, 0x00, 0xC0, 0xA1, 0x04, 0x11, 0x40, 0x00, 0x89, 0x08, 0x84, 0x04,
  0x18, 0x29, 0x0C, 0x01, 0x81, 0x94, 0x00, 0x04, 0x20, 0x04, 0x09, 0x00, 0x18, 0x45, 0x91, 0x04,
  0x09, 0x25, 0x10, 0x01, 0x20, 0x08, 0x14, 0x01, 0x00, 0x43, 0x00, 0x15, 0x20, 0x00, 0x85, 0x84,
  0x41, 0x10, 0x00, 0x01, 0xA0, 0x01, 0x10, 0x00, 0x20, 0x41, 0x04, 0x08, 0x00, 0x04, 0x04, 0x09,
  0x2C, 0x08, 0x04, 0x01, 0x04, 0x09, 0x20, 0x80, 0x20, 0x82, 0x00, 0x00, 0x28, 0x01, 0x24, 0x00,
  0x82, 0x00, 0x89, 0x00, 0x20, 0xC2, 0x24, 0x4A, 0x20, 0x4A, 0x04, 0x4A, 0x20, 0x00, 0x80, 0x80,
  0x00, 0x03, 0x04, 0x05, 0x80, 0x08, 0x80, 0x01, 0xA0, 0x98, 0x05, 0x00, 0x01, 0x00, 0x01, 0x00,
  0x24, 0x08, 0x00, 0x01, 0x89, 0x09, 0xA2, 0x00, 0xAC, 0x05, 0x18, 0x00, 0x00, 0x41, 0x08, 0x00,
  0x00, 0x45, 0xA0, 0x88, 0x19, 0x01, 0x01, 0x40, 0x00, 0x21, 0x80, 0x05, 0x04, 0x00, 0x10, 0x00,
  0x04, 0x81, 0x22, 0x00, 0x20, 0x40, 0x00, 0x00, 0x02, 0x01, 0x00, 0x01, 0x84, 0x08, 0x00, 0x00,
  0x00, 0x10, 0x00, 0x00, 0x00, 0x00, 0x00, 0x00, 0x00, 0x00, 0x00, 0x00, 0x00, 0x00, 0x00, 0x00,
  0x00, 0x04, 0x04, 0x00, 0x00, 0x0D, 0x00, 0x09, 0x00, 0x0D, 0x00, 0x00, 0x00, 0x01, 0x20, 0x00,
  0x04, 0x00, 0x00, 0x40, 0x20, 0x00, 0x00, 0x09, 0x00, 0x02, 0x00, 0x05, 0x00, 0x04, 0x4C, 0x02,
  0x00, 0x00, 0x00, 0x00, 0x00, 0x00, 0x04, 0x01, 0x00, 0x01, 0x00, 0x01, 0x40, 0x00, 0x00, 0x00,
  0x00, 0x00, 0x00, 0x08, 0x00, 0x00, 0x00, 0x05, 0x00, 0x04, 0x20, 0x01, 0x00, 0x01, 0x00, 0x01,
  0x04, 0x01, 0x00, 0x01, 0x08, 0x20, 0x10, 0x09, 0x00, 0x00, 0x00, 0x00, 0x00, 0x01, 0x00, 0x01,
  0x80, 0x00, 0x80, 0x04, 0x00, 0x00, 0x90, 0x08, 0x28, 0x24, 0x00, 0x08, 0x00, 0x01, 0x00, 0x00,
  0x40, 0x01, 0x40, 0x01, 0x00, 0x01, 0x00, 0x05, 0x00, 0x01, 0x04, 0x04, 0xA0, 0x05, 0xC0, 0x01,
  0x00, 0x01, 0x00, 0x13, 0x02, 0x02, 0x01, 0x01, 0x01, 0x00, 0x01, 0x00, 0x85, 0x00, 0x00, 0x00,
  0x00, 0x00, 0x00, 0x40, 0x00, 0x00, 0x02, 0x00, 0x09, 0x40, 0x05, 0x20, 0x00, 0x10, 0x00, 0x80,
  0x00, 0x00, 0x00, 0x00, 0x03, 0x00, 0x00, 0x80, 0x01, 0x20, 0x03, 0x00, 0x00, 0x00, 0x00, 0x40,
  0x00, 0x00, 0x00, 0x08, 0x00, 0x00, 0x00, 0x00, 0x00, 0x20, 0x00, 0x00, 0x01, 0x00, 0x02, 0x00,
  0x0B, 0x00, 0x00, 0x80, 0x00, 0x84, 0x00, 0x40, 0x80, 0x00, 0x02, 0x00, 0x00, 0x00, 0x00, 0x20,
  0x01, 0x00, 0x05, 0x00, 0x01, 0x00, 0x01, 0x00, 0x00, 0x00, 0x00, 0x00, 0x00, 0x00, 0x04, 0x10,
  0x00, 0x10, 0x10, 0x00, 0x00, 0x10, 0x40, 0x00, 0x08, 0x00, 0x00, 0x00, 0x01, 0x81, 0x00, 0x00,
  0x00, 0x10, 0x01, 0x00, 0x00, 0x10, 0x00, 0x00, 0x00, 0x00, 0x00, 0x00, 0x09, 0x00, 0x00, 0x40,
  0x00, 0x00, 0x00, 0x00, 0x00, 0x00, 0x00, 0x00, 0x00, 0x80, 0x00, 0x80, 0x00, 0x00, 0x00, 0x00,
  0x00, 0x00, 0x00, 0x00, 0x00, 0x00, 0x00, 0x00, 0x01, 0x00, 0x00, 0x01, 0x00, 0x01, 0x00, 0x00,
  0x00, 0x00, 0x00, 0x00, 0x00, 0x00, 0x00, 0x00, 0x00, 0x00, 0x00, 0x00, 0x21, 0x00, 0x40, 0x00,
  0x00, 0x01, 0x20, 0x00, 0x20, 0x05, 0x20, 0x00, 0x00, 0x00, 0x04, 0x20, 0x00, 0x08, 0xC0, 0x00,
  0xB0, 0x00, 0xA0, 0x00, 0x00, 0x00, 0x00, 0x00, 0x00, 0x00, 0x20, 0x00, 0x00, 0x00, 0x00, 0x04,
  0x00, 0x08, 0x80, 0x41, 0x00, 0x00, 0x10, 0x80, 0x80, 0x00, 0xC0, 0x00, 0x81, 0x00, 0x00, 0x00,
  0x28, 0x01, 0x10, 0x00, 0x80, 0x08, 0x80, 0x00, 0x80, 0x00, 0xD0, 0x00, 0x90, 0x08, 0x00, 0x09,
  0x01, 0x00, 0x00, 0x04, 0x05, 0x00, 0x04, 0x88, 0xD0, 0x00, 0x00, 0x21, 0x51, 0x00, 0x10, 0x01,
  0x40, 0x80, 0x00, 0x00, 0xA0, 0x00, 0x00, 0x94, 0x00, 0x80, 0x34, 0x00, 0x00, 0x00, 0x00, 0x10,
  0x80, 0x08, 0x00, 0x00, 0x00, 0x22, 0x00, 0x00, 0x20, 0x00, 0x00, 0x00, 0x00, 0x00, 0x00, 0x10,
  0x20, 0x00, 0x81, 0x90, 0x00, 0x10, 0x00, 0x00, 0x04, 0x10, 0x00, 0x00, 0x00, 0x00, 0x00, 0x80,
  0x00, 0x20, 0x00, 0x00, 0x20, 0x20, 0x01, 0x00, 0x00, 0x40, 0x02, 0x00, 0x22, 0x00, 0x00, 0x04,
  0x02, 0x80, 0x00, 0x00, 0x00, 0x00, 0x00, 0x00, 0x00, 0x00, 0x00, 0x00, 0x00, 0x20, 0x04, 0x00,
  0x00, 0x00, 0x00, 0x10, 0x00, 0x00, 0x00, 0x00, 0x00, 0x00, 0x00, 0x00, 0x00, 0x20, 0x00, 0x00,
  0x00, 0x00, 0x00, 0x00, 0x00, 0x00, 0x41, 0x00, 0x00, 0x00, 0x20, 0x10, 0x00, 0x40, 0x00, 0x00,
  0x00, 0x10, 0x04, 0x02, 0x08, 0x90, 0x00, 0x00, 0x00, 0x00, 0x00, 0x80, 0x00, 0x10, 0x00, 0x20,
  0x00, 0x10, 0x00, 0x00, 0x00, 0x00, 0x00, 0x00, 0x01, 0x90, 0x00, 0x04, 0x00, 0x40, 0x00, 0x00,
  0x00, 0x00, 0x00, 0x00, 0x00, 0x40, 0x00, 0x01, 0x00, 0x00, 0x00, 0x00, 0x00, 0x00, 0x00, 0x00,
  0x00, 0x00, 0x00, 0x00, 0x00, 0x10, 0x00, 0x00, 0x00, 0x00, 0x02, 0x00, 0x00, 0x01, 0x00, 0x01,
  0x00, 0x02, 0x02, 0x05, 0x06, 0x0D, 0x10, 0x01, 0x00, 0x00, 0x80, 0x10, 0x10, 0x00, 0x02, 0x00,
  0x00, 0x00, 0x82, 0x02, 0x40, 0x02, 0xD2, 0x80, 0x40, 0x00, 0x90, 0x00, 0x00, 0x00, 0x22, 0x00,
  0x40, 0x00, 0x00, 0x00, 0xC0, 0x00, 0x00, 0x00, 0x00, 0x00, 0x00, 0x00, 0x00, 0x0A, 0x00, 0x00,
  0x00, 0x02, 0x40, 0x05, 0x20, 0x06, 0x25, 0x05, 0x00, 0x02, 0x00, 0x00, 0x80, 0x24, 0x00, 0x40,
  0x10, 0x00, 0x10, 0x00, 0x10, 0x00, 0x00, 0x02, 0x40, 0x02, 0x40, 0x00, 0x00, 0x00, 0x10, 0xC0,
  0x14, 0x11, 0x00, 0x10, 0x00, 0x00, 0x00, 0x00, 0x04, 0x00, 0x00, 0x00, 0x00, 0x10, 0x00, 0x01,
  0x00, 0x00, 0x42, 0x09, 0x50, 0x11, 0x08, 0x00, 0x01, 0x00, 0x40, 0x81, 0x11, 0x00, 0x05, 0x00,
  0x02, 0x08, 0x00, 0x00, 0x02, 0x40, 0x00, 0x00, 0x06, 0x00, 0x06, 0xC0, 0x80, 0x02, 0x20, 0x00,
  0x00, 0x40, 0x09, 0x20, 0x00, 0x00, 0x00, 0x00, 0x00, 0x04, 0x00, 0x20, 0x00, 0x00, 0x00, 0x40,
  0x09, 0x10, 0x00, 0x00, 0x02, 0x00, 0xC8, 0x00, 0x08, 0x00, 0x00, 0x00, 0x08, 0x20, 0x00, 0x00,
  0x00, 0x20, 0x00, 0x00, 0x00, 0x00, 0x00, 0x00, 0x01, 0x00, 0x00, 0x40, 0x00, 0x42, 0x00, 0x40,
  0x40, 0x40, 0xC0, 0x40, 0x00, 0x00, 0x00, 0x50, 0x00, 0x00, 0x01, 0x00, 0x00, 0xC0, 0x00, 0x00,
  0x02, 0x00, 0x00, 0x00, 0x02, 0x00, 0x81, 0xC0, 0xC0, 0x20, 0xE1, 0xC0, 0x00, 0xC0, 0x20, 0xC0,
  0x05, 0x00, 0x00, 0xC0, 0x00, 0x48, 0x00, 0x00, 0x00, 0x00, 0x00, 0x00, 0x00, 0x00, 0x00, 0x00,
  0x00, 0x00, 0x00, 0x00, 0x00, 0x00, 0x00, 0x00, 0x00, 0x00, 0x00, 0x02, 0x00, 0x00, 0x02, 0x00,
  0x00, 0x00, 0x00, 0x44, 0x02, 0x40, 0x00, 0x00, 0x00, 0x00, 0x00, 0x00, 0x00, 0x00, 0x00, 0x00,
  0x00, 0x00, 0x00, 0x02, 0x00, 0x00, 0x00, 0x00, 0x00, 0x00, 0x00, 0x02, 0x00, 0x00, 0x02, 0x00,
  0x00, 0x00, 0x00, 0x02, 0x40, 0x00, 0x00, 0x00, 0x00, 0x02, 0x82, 0x00, 0x80, 0x08, 0x02, 0x08,
  0x80, 0x00, 0x00, 0x01, 0x40, 0x04, 0x00, 0x00, 0x80, 0x00, 0x80, 0x04, 0x40, 0x04, 0x00, 0x04,
  0x10, 0x00, 0x40, 0x00, 0x00, 0x00, 0x00, 0x03, 0x00, 0x02, 0x10, 0x88, 0x00, 0x00, 0x40, 0x18,
  0x00, 0x08, 0x80, 0x08, 0x10, 0x0A, 0x00, 0x08, 0x00, 0x00, 0x00, 0x40, 0x00, 0x08, 0x00, 0x00,
  0x00, 0x04, 0x80, 0x06, 0x00, 0x06, 0x00, 0x08, 0x02, 0x00, 0x20, 0x00, 0x00, 0x00, 0xA4, 0x00,
  0x80, 0x04, 0x00, 0x82, 0x80, 0x07, 0x00, 0x06, 0x80, 0x07, 0x00, 0x04, 0x90, 0x04, 0x40, 0x00,
  0x00, 0x04, 0x00, 0x04, 0x02, 0x04, 0x40, 0x24, 0x00, 0x00, 0x04, 0x04, 0x06, 0x40, 0x07, 0x00,
  0x04, 0x80, 0x00, 0x03, 0x00, 0x03, 0x00, 0x00, 0x03, 0x02, 0x00, 0x00, 0x00, 0x80, 0x00, 0x00,
  0x04, 0x00, 0xA0, 0x20, 0x00, 0x01, 0x00, 0x00, 0x09, 0x80, 0x00, 0x00, 0x82, 0x80, 0x08, 0x00,
  0x02, 0x80, 0x03, 0x10, 0x83, 0x03, 0x03, 0x00, 0x03, 0x00, 0x00, 0x00, 0x03, 0xA0, 0x03, 0x00,
  0x04, 0x00, 0xA1, 0x00, 0x00, 0x80, 0x04, 0x00, 0x00, 0x00, 0x00, 0x40, 0x00, 0x40, 0x01, 0x40,
  0x00, 0x00, 0x00, 0x40, 0x04, 0x80, 0x04, 0x00, 0x04, 0x00, 0x04, 0x00, 0x02, 0x00, 0x42, 0x00,
  0x02, 0x00, 0x00, 0x00, 0x00, 0x80, 0x02, 0x00, 0x00, 0x00, 0x04, 0x04, 0x00, 0x00, 0x00, 0x00,
  0x08, 0x00, 0x00, 0x10, 0x00, 0x00, 0x04, 0x80, 0x00, 0x00, 0x00, 0x00, 0x00, 0x00, 0x00, 0x00,
  0x02, 0x00, 0x00, 0x74, 0x00, 0x80, 0x00, 0x02, 0x00, 0x00, 0x02, 0x00, 0x00, 0x00, 0x00, 0x00,
  0x02, 0x40, 0x00, 0x00, 0x00, 0x00, 0x00, 0x00, 0x00, 0x00, 0x00, 0x00, 0x00, 0x08, 0x20, 0x10,
  0x20, 0x00, 0x14, 0x00, 0x00, 0x04, 0x00, 0x00, 0x20, 0x00, 0x10, 0x50, 0x14, 0x00, 0x02, 0x00,
  0x20, 0x00, 0x04, 0x80, 0x20, 0x06, 0x14, 0x28, 0x20, 0x00, 0x10, 0x10, 0x81, 0x24, 0x02, 0x84,
  0x90, 0x02, 0xB0, 0x08, 0x11, 0x16, 0x40, 0x85, 0x30, 0x00, 0x10, 0x08, 0x91, 0x04, 0x00, 0xC4,
  0x00, 0x00, 0x10, 0x40, 0x11, 0x04, 0x80, 0x41, 0x00, 0x00, 0x30, 0x12, 0x01, 0x04, 0x80, 0x03,
  0x00, 0x00, 0x30, 0x46, 0x01, 0x06, 0x40, 0x5A, 0x00, 0x00, 0x10, 0x89, 0x00, 0x00, 0x40, 0x10,
  0x20, 0x00, 0x00, 0x48, 0x01, 0x10, 0x04, 0x40, 0x20, 0x00, 0x02, 0x00, 0x18, 0x14, 0x08, 0x61,
  0x20, 0x00, 0x50, 0x48, 0x01, 0x04, 0x80, 0x24, 0x20, 0x00, 0x40, 0x88, 0xA4, 0x90, 0x00, 0x00,
  0x20, 0x02, 0x00, 0x00, 0x00, 0x10, 0x04, 0x00, 0x00, 0x20, 0x00, 0x44, 0x80, 0x00, 0x00, 0x04,
  0x24, 0x20, 0x02, 0x30, 0x00, 0x11, 0x00, 0x01, 0x4B, 0x80, 0x00, 0x10, 0x11, 0x02, 0x00, 0x01,
  0x40, 0x20, 0x00, 0x10, 0x01, 0x00, 0x45, 0x86, 0x00, 0x90, 0x00, 0x00, 0x01, 0x24, 0x11, 0x01,
  0x0A, 0x30, 0x00, 0x40, 0x2C, 0x01, 0x04, 0x00, 0x02, 0x30, 0x00, 0x40, 0xA0, 0x00, 0x44, 0x00,
  0x51, 0x00, 0x00, 0x20, 0x00, 0x00, 0x04, 0x6A, 0x20, 0x00, 0x00, 0x42, 0x61, 0x11, 0x10, 0x00,
  0x51, 0x00, 0x00, 0xC4, 0x00, 0x15, 0x14, 0x28, 0x0C, 0x00, 0x02, 0x10, 0x45, 0x41, 0x04, 0x01,
  0x10, 0x00, 0x00, 0x50, 0x11, 0x02, 0x54, 0x01, 0x08, 0x00, 0x00, 0x00, 0x00, 0x83, 0x20, 0x80,
  0x14, 0x00, 0x02, 0x42, 0xA1, 0x15, 0x00, 0x00, 0x00, 0x00, 0x00, 0x10, 0x00, 0x84, 0x24, 0x40,
  0x40, 0x00, 0x00, 0x42, 0x40, 0x40, 0x49, 0x72, 0x40, 0x00, 0x00, 0x44, 0x00, 0x01, 0x00, 0x00,
  0x00, 0x00, 0x00, 0x00, 0x00, 0x00, 0x00, 0x00, 0x00, 0x00, 0x00, 0x40, 0x90, 0x00, 0x01, 0x00,
  0x02, 0x00, 0x22, 0x09, 0x90, 0x00, 0xC6, 0x00, 0x82, 0x00, 0x00, 0xB0, 0x90, 0x00, 0x00, 0x01,
  0x02, 0x10, 0x31, 0x01, 0x90, 0x00, 0x06, 0x21, 0x80, 0x20, 0x18, 0x0E, 0x20, 0x04, 0x06, 0x00,
  0x84, 0x00, 0x20, 0x4C, 0x80, 0x02, 0x06, 0x04, 0x00, 0x00, 0xA0, 0x30, 0xB0, 0x00, 0x00, 0x00,
  0x0C, 0x50, 0x00, 0x30, 0xA0, 0x00, 0x00, 0x00, 0xA4, 0x10, 0x02, 0xA8, 0xA0, 0x00, 0x02, 0x00,
  0x84, 0x20, 0x44, 0x06, 0xA0, 0x00, 0x06, 0x04, 0x82, 0x00, 0x15, 0x00, 0x10, 0x00, 0x06, 0x02,
  0x00, 0x00, 0x80, 0x10, 0x10, 0x04, 0x26, 0x12, 0x82, 0x40, 0x18, 0x0C, 0x10, 0x00, 0x86, 0x00,
  0x00, 0xA0, 0x28, 0x41, 0x80, 0x00, 0x26, 0x00, 0x02, 0x00, 0xC9, 0x00, 0x00, 0x00, 0x26, 0x33,
  0x8D, 0x00, 0x00, 0x28, 0x01, 0x80, 0x00, 0x26, 0x01, 0x82, 0x00, 0x00, 0x89, 0x10, 0x00, 0x06,
  0x10, 0x00, 0x00, 0x20, 0x04, 0x30, 0x20, 0x06, 0x45, 0x20, 0x90, 0x00, 0x31, 0x90, 0x20, 0x02,
  0x08, 0x4E, 0x01, 0x20, 0x06, 0x20, 0x00, 0x06, 0x18, 0x00, 0x00, 0x08, 0xA0, 0x00, 0x04, 0x20,
  0x81, 0x54, 0x00, 0xB8, 0x09, 0x00, 0x00, 0x08, 0x24, 0x02, 0x50, 0x40, 0x08, 0x00, 0x00, 0x00,
  0x0A, 0x00, 0x00, 0x00, 0x91, 0x20, 0x00, 0x10, 0x08, 0x08, 0x00, 0x80, 0x08, 0x20, 0x02, 0xA6,
  0x15, 0x40, 0x00, 0x80, 0x00, 0x00, 0x00, 0x81, 0x10, 0x14, 0x20, 0x20, 0x00, 0x20, 0x04, 0x01,
  0x04, 0x80, 0x80, 0x20, 0x20, 0x20, 0x20, 0xC4, 0x34, 0x20, 0x20, 0x00, 0x02, 0x00, 0x01, 0x10,
  0x19, 0x40, 0x10, 0x00, 0xA8, 0x00, 0x00, 0x00, 0x08, 0x00, 0x10, 0x28, 0x20, 0x00, 0x04, 0x01,
  0x14, 0x00, 0x20, 0x04, 0x00, 0x00, 0x00, 0x20, 0x00, 0x0C, 0x00, 0x00, 0x00, 0x00, 0x00, 0x00,
  0x00, 0x00, 0x00, 0x00, 0x20, 0x08, 0x08, 0x00, 0x00, 0x00, 0x00, 0x40, 0x00, 0x08, 0x0D, 0x08,
  0x00, 0x00, 0x44, 0x24, 0xA0, 0x20, 0x04, 0x88, 0x00, 0x00, 0x11, 0x40, 0x60, 0x00, 0x02, 0x08,
  0x00, 0x00, 0x04, 0x84, 0x00, 0x88, 0x00, 0x00, 0x20, 0x08, 0x04, 0x15, 0x20, 0x40, 0x0C, 0x00,
  0x20, 0x01, 0x04, 0x10, 0x60, 0x38, 0x08, 0x01, 0x00, 0x01, 0x24, 0x10, 0x20, 0x81, 0x01, 0x08,
  0x00, 0x00, 0x04, 0x0C, 0x22, 0x23, 0x05, 0x00, 0x00, 0x00, 0x04, 0x10, 0x02, 0x20, 0x08, 0x00,
  0x00, 0x00, 0x04, 0x80, 0x02, 0x10, 0x00, 0x00, 0x00, 0x00, 0x00, 0x04, 0x40, 0x82, 0x88, 0x04,
  0x00, 0x08, 0x00, 0x04, 0x00, 0x48, 0x82, 0x08, 0x00, 0x00, 0x04, 0x24, 0xC0, 0x88, 0x08, 0x20,
  0x00, 0x00, 0x02, 0x26, 0x42, 0x00, 0x20, 0x00, 0x00, 0x02, 0x02, 0x24, 0x20, 0x88, 0x08, 0x0A,
  0x28, 0x00, 0x00, 0x00, 0x15, 0x20, 0x80, 0x00, 0x00, 0x00, 0x02, 0x04, 0x00, 0x20, 0x28, 0x0E,
  0x00, 0x00, 0x00, 0x04, 0x00, 0x61, 0x20, 0x06, 0x08, 0x00, 0x00, 0x04, 0x82, 0x00, 0x00, 0x08,
  0x00, 0x20, 0x00, 0x00, 0x02, 0x41, 0x20, 0x00, 0x80, 0x20, 0x08, 0x02, 0x00, 0x80, 0x28, 0x09,
  0x00, 0x20, 0x00, 0x11, 0x00, 0xC0, 0x08, 0x08, 0x04, 0x00, 0x00, 0x20, 0x00, 0x00, 0x18, 0x01,
  0x04, 0x00, 0x01, 0x01, 0x02, 0x60, 0x22, 0x89, 0x00, 0x00, 0x00, 0x00, 0x18, 0xA0, 0x28, 0x04,
  0x00, 0x20, 0x02, 0x04, 0x20, 0x00, 0x08, 0x08, 0x29, 0x20, 0x08, 0x04, 0x20, 0x21, 0x08, 0x20,
  0x83, 0x20, 0x00, 0x15, 0x10, 0x60, 0x24, 0x01, 0x20, 0x20, 0x01, 0x00, 0x00, 0x20, 0x20, 0x00,
  0x08, 0x20, 0x00, 0x04, 0x10, 0x00, 0x08, 0x09, 0x24, 0x20, 0x08, 0x10, 0x20, 0x81, 0x00, 0x00,
  0x40, 0x20, 0x00, 0x00, 0x10, 0x00, 0x20, 0x00, 0x00, 0x00, 0x00, 0x00, 0x00, 0x00, 0x00, 0x00,
  0x00, 0x80, 0x00, 0x00, 0x20, 0x00, 0x08, 0x80, 0x00, 0x40, 0x04, 0x02, 0x20, 0x02, 0x00, 0x11,
  0x04, 0x00, 0x04, 0x00, 0x20, 0x00, 0x04, 0x00, 0x00, 0x50, 0x02, 0x08, 0x20, 0x00, 0x00, 0x80,
  0x00, 0x00, 0x01, 0x20, 0x00, 0x00, 0x80, 0x90, 0x44, 0x11, 0x0A, 0x20, 0x00, 0x00, 0x90, 0x90,
  0x40, 0x11, 0x02, 0x02, 0x20, 0x02, 0x10, 0x44, 0x00, 0x01, 0x02, 0x01, 0x28, 0x01, 0x00, 0x02,
  0x00, 0x10, 0x10, 0x01, 0x28, 0x01, 0x04, 0x01, 0x00, 0x81, 0x12, 0x40, 0x28, 0x00, 0x00, 0x41,
  0x01, 0x52, 0x00, 0x00, 0xA0, 0x00, 0x00, 0x48, 0x80, 0x20, 0x08, 0x20, 0xA0, 0x00, 0x00, 0x10,
  0x40, 0x00, 0x02, 0x00, 0xA0, 0x00, 0x00, 0x11, 0x11, 0x02, 0x06, 0x41, 0x28, 0x01, 0x00, 0x10,
  0x02, 0x84, 0x04, 0x20, 0xA8, 0x00, 0x00, 0x80, 0x20, 0x80, 0x00, 0x06, 0x01, 0x28, 0x01, 0x00,
  0x44, 0x29, 0x04, 0x86, 0x44, 0xA0, 0x00, 0x80, 0x10, 0x00, 0x08, 0x08, 0x20, 0x20, 0x08, 0x00,
  0x00, 0x04, 0x00, 0x08, 0x02, 0x20, 0x08, 0x04, 0x80, 0x00, 0x00, 0x08, 0x40, 0x00, 0x00, 0x00,
  0x10, 0x06, 0x18, 0x04, 0x00, 0x80, 0x01, 0x00, 0x20, 0x00, 0x01, 0x02, 0x01, 0x80, 0x01, 0x04,
  0x04, 0x91, 0x00, 0x02, 0x41, 0x28, 0x00, 0x00, 0x00, 0x09, 0x14, 0x00, 0x01, 0xA8, 0x02, 0x48,
  0x00, 0x01, 0x10, 0x02, 0x18, 0xA8, 0x00, 0x00, 0x80, 0x08, 0x14, 0x20, 0x00, 0x08, 0x00, 0x11,
  0x10, 0x80, 0x50, 0x01, 0x48, 0x88, 0x01, 0x02, 0x90, 0x68, 0x00, 0x00, 0x82, 0x88, 0x08, 0x00,
  0x80, 0x84, 0x0C, 0x02, 0x88, 0x08, 0x00, 0x00, 0x10, 0x08, 0x20, 0x00, 0x00, 0x08, 0x00, 0x00,
  0x80, 0x04, 0x04, 0x06, 0x00, 0x08, 0x01, 0x01, 0x40, 0x51, 0x14, 0x20, 0x20, 0x08, 0x01, 0x00,
  0x80, 0x00, 0x00, 0x00, 0x00, 0x00, 0x00, 0x00, 0x00, 0x00, 0x00, 0x00, 0x24, 0x00, 0x00, 0x00,
  0x90, 0x04, 0x01, 0x00, 0x40, 0x00, 0x04, 0x04, 0x00, 0x84, 0x01, 0x00, 0x88, 0x10, 0x04, 0x02,
  0x20, 0x01, 0x11, 0x00, 0xA5, 0x10, 0x11, 0x41, 0x92, 0x04, 0x00, 0x00, 0x20, 0x00, 0x05, 0x20,
  0x00, 0x00, 0x82, 0x00, 0x40, 0x10, 0x46, 0x60, 0x48, 0x85, 0x00, 0x00, 0x91, 0x00, 0x20, 0x80,
  0x81, 0x06, 0x91, 0x00, 0xA0, 0x00, 0x0A, 0x01, 0x80, 0x02, 0x08, 0x00, 0x40, 0x20, 0x04, 0x01,
  0x82, 0x00, 0x21, 0x00, 0x08, 0x00, 0x06, 0x00, 0x08, 0x85, 0x02, 0x00, 0x50, 0x00, 0x05, 0x20,
  0x00, 0x40, 0x00, 0x00, 0x01, 0x80, 0x06, 0x68, 0x80, 0x04, 0x01, 0x01, 0x00, 0x80, 0x04, 0x01,
  0x80, 0x04, 0x48, 0x00, 0x80, 0x20, 0x40, 0x00, 0x40, 0x40, 0x00, 0x00, 0x90, 0x10, 0x01, 0x02,
  0x44, 0x40, 0x00, 0x00, 0x04, 0x00, 0x00, 0x00, 0x00, 0x0A, 0x04, 0x00, 0x00, 0x60, 0x20, 0x0B,
  0x00, 0x00, 0x00, 0x04, 0x00, 0x40, 0x10, 0x08, 0x40, 0x00, 0x80, 0x90, 0x02, 0x11, 0x00, 0x08,
  0x10, 0x40, 0x04, 0x02, 0x01, 0x20, 0x00, 0x01, 0x00, 0x08, 0x01, 0x00, 0x00, 0x40, 0x50, 0x40,
  0x04, 0x44, 0x40, 0x00, 0x00, 0x90, 0x10, 0x41, 0x08, 0x4C, 0x44, 0x00, 0x01, 0x08, 0x00, 0x00,
  0x00, 0x84, 0x00, 0x00, 0x00, 0x10, 0x80, 0x02, 0x00, 0x48, 0x05, 0x00, 0x00, 0x13, 0x00, 0x02,
  0x40, 0x4A, 0x05, 0x10, 0x00, 0x40, 0x00, 0x00, 0x81, 0x00, 0x46, 0x44, 0x01, 0x00, 0x10, 0x06,
  0x00, 0x18, 0x01, 0x12, 0x00, 0x43, 0x00, 0x01, 0x20, 0x00, 0x05, 0x00, 0x00, 0x04, 0x00, 0x08,
  0x00, 0x04, 0x05, 0x04, 0x00, 0xB0, 0x00, 0x40, 0x00, 0x00, 0x00, 0x38, 0x02, 0x10, 0x80, 0x09,
  0x00, 0x20, 0x40, 0x91, 0x00, 0x48, 0x00, 0x04, 0x00, 0x06, 0x04, 0x01, 0x00, 0x40, 0x10, 0x00,
  0x00, 0x00, 0x00, 0x00, 0x00, 0x00, 0x00, 0x00, 0x80, 0x00, 0x00, 0x00, 0x08, 0x08, 0x00, 0x00,
  0x00, 0x00, 0x21, 0x00, 0x40, 0x01, 0x00, 0x00, 0x11, 0x80, 0x08, 0x22, 0x02, 0x08, 0x00, 0x00,
  0x21, 0x00, 0x80, 0x03, 0x00, 0x08, 0x08, 0x00, 0x84, 0x20, 0x00, 0x80, 0x00, 0x08, 0x40, 0x01,
  0x20, 0x10, 0x00, 0x34, 0x08, 0x48, 0x90, 0x04, 0x10, 0x80, 0x04, 0x80, 0x81, 0x02, 0x00, 0x04,
  0x11, 0x80, 0x00, 0x68, 0x84, 0xC2, 0x01, 0x00, 0x89, 0x80, 0x02, 0x08, 0x48, 0x80, 0x00, 0x02,
  0xA1, 0x80, 0x00, 0x22, 0x08, 0x08, 0x54, 0x00, 0x08, 0x40, 0x00, 0x10, 0x88, 0x88, 0xA0, 0x00,
  0x10, 0x80, 0x08, 0x01, 0x88, 0x80, 0x01, 0x00, 0x02, 0x80, 0x00, 0x01, 0x41, 0x08, 0x00, 0x00,
  0x80, 0x10, 0x00, 0x23, 0x00, 0x88, 0x00, 0x00, 0x41, 0x50, 0x00, 0x22, 0x00, 0x08, 0x00, 0x02,
  0x41, 0x20, 0x00, 0x90, 0x03, 0x00, 0xC8, 0x12, 0x00, 0x11, 0x20, 0x05, 0x02, 0x04, 0x80, 0x00,
  0x04, 0x50, 0x80, 0x80, 0x02, 0x08, 0xC1, 0x02, 0x00, 0x80, 0x40, 0x0E, 0x00, 0x40, 0x4A, 0x00,
  0x00, 0x08, 0x00, 0x89, 0x02, 0x00, 0x88, 0x02, 0x00, 0x83, 0x10, 0x00, 0x24, 0x00, 0x00, 0x20,
  0x00, 0x40, 0x00, 0x00, 0x20, 0x00, 0x08, 0x24, 0x04, 0x20, 0x00, 0x08, 0x10, 0x80, 0x00, 0x60,
  0x00, 0x00, 0x20, 0x09, 0x12, 0x00, 0x88, 0x0A, 0x00, 0x80, 0x20, 0x00, 0x08, 0x08, 0xC0, 0x80,
  0x00, 0x00, 0x80, 0xCA, 0x02, 0x10, 0xC4, 0x50, 0x00, 0x10, 0x20, 0x95, 0x28, 0x0A, 0x40, 0x01,
  0x00, 0x00, 0x20, 0x88, 0x20, 0x08, 0x8C, 0x12, 0x00, 0x00, 0x20, 0x8A, 0x00, 0x40, 0x01, 0x11,
  0x04, 0x21, 0x90, 0xC0, 0x70, 0x0C, 0x80, 0x00, 0x00, 0x00, 0x00, 0x04, 0x01, 0x00, 0xC0, 0x00,
  0x00, 0x00, 0x10, 0x00, 0x11, 0x00, 0x45, 0x00, 0x00, 0x04, 0x00, 0x00, 0x00, 0x00, 0x00, 0x00,
  0x00, 0x00, 0x00, 0x00, 0x00, 0x00, 0x00, 0x00, 0x00, 0x14, 0x01, 0x00, 0x00, 0x00, 0x46, 0x01,
  0x80, 0x0A, 0x00, 0x00, 0x20, 0x20, 0x20, 0x00, 0x0D, 0x00, 0x22, 0x0A, 0x00, 0x00, 0x08, 0x08,
  0x08, 0x98, 0x11, 0x08, 0x16, 0x90, 0x04, 0x04, 0x00, 0x00, 0x01, 0x00, 0x40, 0x00, 0x25, 0x01,
  0x00, 0x00, 0x06, 0x00, 0x02, 0x00, 0x00, 0x20, 0x04, 0x48, 0x00, 0x00, 0x00, 0x00, 0x00, 0x00,
  0x04, 0x00, 0x00, 0x08, 0x40, 0x00, 0x0A, 0x09, 0x00, 0x82, 0x01, 0x08, 0xA0, 0x00, 0x04, 0x00,
  0x40, 0x00, 0x00, 0x04, 0x42, 0x00, 0x04, 0x01, 0x00, 0x40, 0x00, 0x08, 0x29, 0x10, 0x24, 0x00,
  0x40, 0x04, 0x10, 0x04, 0x01, 0x10, 0x05, 0x00, 0x04, 0x12, 0x00, 0x08, 0x20, 0x00, 0x20, 0x44,
  0x00, 0x40, 0x20, 0x00, 0x04, 0x00, 0x00, 0x01, 0x04, 0x50, 0x20, 0x04, 0x00, 0x20, 0x00, 0x00,
  0x04, 0x42, 0x04, 0x00, 0x00, 0x80, 0x10, 0x00, 0x08, 0x02, 0x40, 0x02, 0x00, 0x2C, 0x20, 0x00,
  0x08, 0x00, 0x02, 0x20, 0x08, 0x82, 0x00, 0x40, 0x00, 0x81, 0x06, 0x00, 0x00, 0x00, 0x00, 0x02,
  0x28, 0x40, 0x00, 0x20, 0x00, 0x80, 0x00, 0x20, 0x02, 0x02, 0x40, 0x20, 0x04, 0x02, 0x20, 0x20,
  0x22, 0x02, 0x40, 0x20, 0x00, 0x02, 0x60, 0x00, 0x01, 0x02, 0x00, 0x00, 0x04, 0x06, 0x10, 0x40,
  0x21, 0x04, 0x18, 0x61, 0x04, 0x00, 0x90, 0x00, 0x90, 0x00, 0x04, 0x20, 0x08, 0x01, 0x00, 0x04,
  0x31, 0x42, 0x00, 0x01, 0x08, 0x75, 0x10, 0x00, 0x24, 0x41, 0x00, 0x00, 0x08, 0x88, 0xA0, 0x00,
  0x00, 0x00, 0x10, 0x00, 0x04, 0x02, 0x00, 0x02, 0x40, 0x44, 0x02, 0x00, 0x00, 0x00, 0x80, 0x04,
  0x01, 0x20, 0x40, 0x81, 0x00, 0x40, 0x10, 0x00, 0x04, 0x0C, 0x00, 0x22, 0x04, 0x00, 0x40, 0x04,
  0x00, 0x02, 0x00, 0x01, 0x00, 0x00, 0x20, 0x00, 0x00, 0x00, 0x00, 0x00, 0x00, 0x00, 0x00, 0x00,
  0x2A, 0x00, 0x00, 0x00, 0x00, 0x80, 0x00, 0x00, 0x40, 0x00, 0x00, 0x00, 0x00, 0x40, 0x01, 0x00,
  0x44, 0x00, 0x04, 0x01, 0x00, 0x50, 0x04, 0x00, 0x40, 0x50, 0x11, 0x20, 0x10, 0x00, 0x02, 0x00,
  0x00, 0x00, 0x02, 0x01, 0x00, 0x11, 0x20, 0x04, 0x20, 0x00, 0x00, 0x00, 0x61, 0x25, 0x42, 0x00,
  0xE0, 0x00, 0x02, 0x00, 0x00, 0x00, 0x01, 0x02, 0x40, 0x00, 0x04, 0x01, 0x00, 0x00, 0x00, 0x00,
  0x10, 0x10, 0x00, 0x00, 0x00, 0x00, 0x00, 0x00, 0x02, 0x00, 0x00, 0x80, 0xA0, 0xD6, 0x41, 0x01,
  0x14, 0x00, 0x00, 0x00, 0x80, 0x11, 0x40, 0x02, 0x00, 0x00, 0x00, 0x4A, 0x08, 0x00, 0x04, 0x01,
  0x44, 0x00, 0x00, 0x20, 0x00, 0x04, 0xA1, 0x00, 0x48, 0x00, 0x00, 0x20, 0x06, 0x20, 0x08, 0x00,
  0x00, 0x00, 0x00, 0x10, 0x04, 0x00, 0x08, 0x01, 0x02, 0x20, 0x00, 0x00, 0x08, 0x00, 0x20, 0x00,
  0x00, 0x00, 0x00, 0x00, 0x10, 0x00, 0x00, 0x00, 0x00, 0x81, 0x00, 0x0E, 0x00, 0x00, 0x00, 0x00,
  0x00, 0x00, 0x00, 0x02, 0x08, 0x0A, 0x90, 0x01, 0x00, 0x41, 0x80, 0x00, 0x00, 0x02, 0x10, 0x40,
  0x04, 0x04, 0x00, 0x00, 0x00, 0x04, 0x00, 0x48, 0x01, 0x04, 0x80, 0x00, 0x04, 0x00, 0x14, 0x40,
  0x00, 0xD2, 0x80, 0x20, 0x00, 0x00, 0x02, 0x40, 0x01, 0x00, 0x00, 0x00, 0x48, 0x00, 0x00, 0x00,
  0x00, 0x21, 0x00, 0x00, 0x20, 0x00, 0x01, 0x02, 0x00, 0xC0, 0x00, 0x02, 0x00, 0x88, 0x00, 0x48,
  0x02, 0x00, 0x00, 0x00, 0x41, 0x40, 0x00, 0x00, 0x02, 0x21, 0x00, 0x00, 0x04, 0x00, 0x00, 0x40,
  0x00, 0x82, 0x00, 0x04, 0x2A, 0x84, 0x04, 0x24, 0x02, 0x44, 0x00, 0x02, 0x04, 0x04, 0x02, 0x00,
  0x00, 0x02, 0x00, 0x00, 0x10, 0x00, 0x00, 0x08, 0x01, 0x42, 0x00, 0x00, 0x00, 0x00, 0x02, 0x00,
  0x00, 0x50, 0x00, 0x00, 0x00, 0x00, 0x00, 0x00, 0x00, 0x00, 0x00, 0x00, 0x00, 0x00, 0x00, 0x00,
  0x00, 0x00, 0x00, 0x00, 0x00, 0x00, 0x01, 0xC0, 0x80, 0x00, 0x00, 0x00, 0x00, 0x0A, 0x01, 0x00,
  0x00, 0x01, 0x02, 0x60, 0x11, 0x00, 0x90, 0x20, 0x12, 0x82, 0x20, 0x40, 0x04, 0x20, 0x48, 0x04,
  0x00, 0x01, 0x11, 0x40, 0x90, 0x09, 0x00, 0x40, 0x44, 0x00, 0x40, 0x00, 0x15, 0x40, 0x49, 0x00,
  0x00, 0x00, 0x00, 0x10, 0x00, 0x50, 0x40, 0x00, 0x00, 0x00, 0x00, 0x08, 0x20, 0x05, 0x02, 0x00,
  0x00, 0x00, 0x80, 0x90, 0x20, 0x00, 0x45, 0x00, 0x82, 0x80, 0x40, 0x00, 0x20, 0x18, 0x40, 0x00,
  0x00, 0x02, 0x02, 0x90, 0x15, 0x08, 0x00, 0x00, 0x08, 0x00, 0x40, 0x00, 0x04, 0x11, 0x80, 0x00,
  0x80, 0x00, 0x01, 0x00, 0x00, 0x00, 0x60, 0x20, 0x80, 0x00, 0x28, 0x10, 0x01, 0x09, 0x00, 0x00,
  0x00, 0x00, 0x20, 0x90, 0x03, 0x00, 0x04, 0x80, 0x00, 0x88, 0x00, 0x48, 0x90, 0x04, 0x00, 0x00,
  0x00, 0x00, 0x02, 0x01, 0x80, 0x00, 0x0A, 0x02, 0x20, 0x04, 0x00, 0x44, 0x00, 0x24, 0x10, 0xA0,
  0x00, 0x10, 0x01, 0x00, 0x00, 0x04, 0x28, 0x42, 0x00, 0x00, 0x00, 0x40, 0x90, 0x00, 0x04, 0x40,
  0x10, 0x00, 0x00, 0x00, 0x50, 0x00, 0x86, 0x40, 0x00, 0x80, 0x00, 0x48, 0x80, 0x00, 0x88, 0x04,
  0x10, 0x00, 0x00, 0x08, 0x80, 0x04, 0x48, 0x30, 0x00, 0x05, 0x00, 0x10, 0x90, 0x01, 0x08, 0x40,
  0x00, 0x08, 0x00, 0x24, 0x00, 0x22, 0x00, 0x80, 0x20, 0x00, 0x02, 0x20, 0x10, 0x80, 0x20, 0x00,
  0x00, 0x04, 0x00, 0x00, 0x00, 0x0A, 0x00, 0x00, 0x00, 0x08, 0x00, 0x00, 0x00, 0x01, 0x00, 0x85,
  0x00, 0x00, 0x80, 0x04, 0x00, 0x04, 0x08, 0x02, 0x00, 0x81, 0x02, 0x10, 0x90, 0x20, 0x00, 0x10,
  0x00, 0x88, 0x00, 0x20, 0x00, 0x04, 0x40, 0x00, 0x00, 0x00, 0x00, 0x08, 0x20, 0x20, 0x00, 0x00,
  0x00, 0x00, 0x00, 0x00, 0x00, 0x00, 0x00, 0x00, 0x20, 0x00, 0x10, 0x00, 0x80, 0x00, 0x00, 0x10,
  0x00, 0x00, 0x00, 0x00, 0x00, 0x00, 0x00, 0x00, 0x22, 0x80, 0x80, 0x20, 0x0A, 0x00, 0x51, 0x10,
  0x04, 0x68, 0x14, 0x00, 0x08, 0x00, 0x22, 0x20, 0x12, 0x10, 0x02, 0x00, 0x00, 0x00, 0x08, 0x00,
  0x0C, 0xA0, 0x04, 0x00, 0x20, 0x02, 0x00, 0x10, 0x00, 0x10, 0x20, 0x00, 0x84, 0x02, 0x02, 0x00,
  0x08, 0x00, 0x00, 0x00, 0x80, 0x00, 0x02, 0x00, 0x00, 0x00, 0x00, 0x00, 0x04, 0x82, 0x20, 0x40,
  0x00, 0x82, 0x00, 0x20, 0x40, 0x00, 0x08, 0x50, 0x00, 0x00, 0x14, 0x00, 0x02, 0x00, 0x20, 0x00,
  0x00, 0x00, 0x80, 0x40, 0x10, 0x80, 0x21, 0x90, 0x21, 0x01, 0x24, 0x00, 0x00, 0x00, 0x28, 0x00,
  0x00, 0x00, 0x00, 0x40, 0x08, 0x00, 0x10, 0x00, 0x00, 0x10, 0x00, 0x00, 0x00, 0x00, 0x00, 0x00,
  0x00, 0x00, 0x01, 0x20, 0x00, 0x10, 0x40, 0x10, 0x00, 0x02, 0x00, 0x04, 0x00, 0x40, 0x40, 0x00,
  0x30, 0x22, 0x00, 0x00, 0x40, 0x12, 0x00, 0x20, 0x30, 0x00, 0x80, 0x02, 0x00, 0x89, 0x40, 0x28,
  0x10, 0x08, 0x00, 0x00, 0x60, 0x10, 0x00, 0x20, 0x00, 0x20, 0x02, 0x00, 0x40, 0x02, 0x00, 0x88,
  0x00, 0x02, 0x00, 0x00, 0x40, 0x0A, 0x81, 0x20, 0x00, 0x02, 0x10, 0xC0, 0x00, 0x02, 0x00, 0x20,
  0x00, 0x10, 0x20, 0x80, 0x00, 0x20, 0x00, 0x41, 0x00, 0x0C, 0x00, 0x40, 0x60, 0x24, 0x40, 0x11,
  0x00, 0x00, 0x00, 0x06, 0x00, 0x0C, 0x00, 0x06, 0x00, 0x36, 0x20, 0x88, 0x21, 0x92, 0x40, 0x00,
  0x00, 0x00, 0x20, 0x00, 0x00, 0x20, 0x00, 0x00, 0x50, 0x00, 0x00, 0x40, 0x00, 0x00, 0x00, 0x05,
  0x80, 0x20, 0x80, 0xC0, 0x40, 0x00, 0x40, 0x00, 0x40, 0x00, 0x14, 0x00, 0x00, 0x00, 0x80, 0x10,
  0x80, 0x00, 0x20, 0x00, 0x00, 0x00, 0x40, 0x20, 0x00, 0x00, 0x20, 0x00, 0x00, 0x00, 0x00, 0x00,
  0x00, 0x00, 0x00, 0x00, 0x30, 0x00, 0x04, 0x00, 0x20, 0x00, 0x00, 0x00, 0x00, 0x04, 0x04, 0x00,
  0x80, 0x02, 0x00, 0x10, 0x10, 0x10, 0x02, 0x00, 0x01, 0x02, 0x00, 0x00, 0x20, 0x86, 0x82, 0x00,
  0x80, 0x00, 0x84, 0x10, 0x00, 0x00, 0x81, 0x20, 0x00, 0x00, 0x80, 0x14, 0x04, 0x00, 0x00, 0x40,
  0x00, 0x40, 0x20, 0x00, 0x22, 0x00, 0x05, 0x00, 0x21, 0x42, 0x12, 0x00, 0x09, 0x01, 0x04, 0x00,
  0x80, 0x42, 0x00, 0x00, 0x21, 0x20, 0x04, 0x40, 0x10, 0x80, 0x03, 0x00, 0x01, 0x30, 0x00, 0x00,
  0x80, 0x42, 0x11, 0x00, 0x04, 0x01, 0x00, 0x00, 0x02, 0x00, 0x80, 0x00, 0x08, 0x28, 0x00, 0x00,
  0x40, 0x00, 0x22, 0x40, 0x22, 0x40, 0x20, 0x00, 0x20, 0x42, 0x00, 0x80, 0x20, 0x18, 0x08, 0x00,
  0x80, 0x00, 0x20, 0x88, 0x00, 0x20, 0x00, 0x00, 0x48, 0x80, 0x20, 0x10, 0x02, 0x30, 0x08, 0x00,
  0x00, 0x80, 0x00, 0x01, 0x28, 0x00, 0x98, 0x00, 0x00, 0x00, 0x02, 0x00, 0x00, 0x10, 0x20, 0x04,
  0x00, 0x00, 0xC0, 0x20, 0x00, 0x13, 0x20, 0x05, 0x00, 0x20, 0x00, 0x49, 0x08, 0x21, 0x58, 0x91,
  0x00, 0x09, 0x00, 0x02, 0x00, 0x21, 0x28, 0x00, 0x00, 0x80, 0x00, 0x10, 0x88, 0x00, 0x10, 0x00,
  0x00, 0x80, 0x00, 0x01, 0x10, 0x00, 0x01, 0x20, 0x00, 0x00, 0x00, 0x00, 0x00, 0x01, 0x01, 0x00,
  0x00, 0x08, 0x00, 0x0A, 0x04, 0x80, 0x24, 0x20, 0x00, 0x02, 0x00, 0x00, 0x10, 0x20, 0x08, 0xC8,
  0x80, 0x84, 0xC0, 0x32, 0x8C, 0x20, 0x2A, 0x88, 0x00, 0x44, 0x00, 0x52, 0x00, 0x01, 0x80, 0x00,
  0x00, 0x00, 0x00, 0x12, 0x00, 0x00, 0x08, 0x08, 0x00, 0x88, 0x01, 0x10, 0x80, 0x21, 0x51, 0x08,
  0x40, 0x1C, 0x00, 0x02, 0x00, 0x01, 0x20, 0x80, 0x00, 0x88, 0x80, 0x02, 0x20, 0x21, 0x01, 0x00,
  0x00, 0x80, 0x00, 0x01, 0x00, 0x20, 0x00, 0x00, 0x00, 0x00, 0x00, 0x00, 0x00, 0x00, 0x00, 0x00,
  0x10, 0x80, 0x00, 0x00, 0x00, 0x00, 0x00, 0x40, 0x00, 0x08, 0x04, 0x20, 0x00, 0x02, 0x00, 0x80,
  0x00, 0x44, 0x01, 0x00, 0x40, 0x00, 0x44, 0x10, 0x04, 0x00, 0x02, 0x80, 0x80, 0x00, 0x81, 0x04,
  0x00, 0x41, 0x00, 0x00, 0x00, 0x00, 0x02, 0x44, 0x00, 0x00, 0x06, 0x20, 0x10, 0x40, 0x20, 0x40,
  0x00, 0x14, 0x08, 0x00, 0x00, 0x40, 0x01, 0x40, 0x21, 0x29, 0x04, 0x00, 0x48, 0x42, 0x08, 0xC8,
  0x00, 0x01, 0x88, 0x00, 0xC9, 0x00, 0x04, 0x08, 0x02, 0x00, 0x20, 0xC0, 0x0A, 0x03, 0x02, 0x00,
  0x00, 0x21, 0x00, 0x00, 0x00, 0x00, 0x00, 0x48, 0x08, 0x04, 0x00, 0x20, 0x80, 0x40, 0x08, 0x40,
  0x00, 0x28, 0x20, 0x00, 0x00, 0x42, 0x02, 0xC4, 0x31, 0x1C, 0x00, 0x00, 0x40, 0x00, 0x00, 0x80,
  0x00, 0x10, 0x00, 0x00, 0xC8, 0x00, 0x00, 0x40, 0x00, 0x10, 0x00, 0x40, 0x00, 0x02, 0x00, 0x41,
  0x00, 0x04, 0x28, 0x10, 0x00, 0x09, 0x00, 0x01, 0x08, 0x00, 0x02, 0xA0, 0x40, 0x00, 0x40, 0x00,
  0x00, 0x00, 0x04, 0x60, 0x00, 0x00, 0x00, 0x00, 0x00, 0x20, 0x04, 0x00, 0x00, 0x08, 0x00, 0x80,
  0x28, 0x00, 0x00, 0x00, 0x00, 0x84, 0x00, 0x10, 0x00, 0x00, 0x11, 0x00, 0x20, 0x46, 0x00, 0x01,
  0x44, 0x00, 0x14, 0x05, 0x00, 0x04, 0x00, 0x00, 0x4C, 0x00, 0x14, 0x01, 0x20, 0x00, 0x01, 0x00,
  0x48, 0x00, 0x04, 0x00, 0x00, 0x00, 0x80, 0x41, 0xC4, 0x04, 0x0C, 0x01, 0x00, 0xC0, 0x00, 0x20,
  0x80, 0x00, 0x08, 0x10, 0x81, 0x04, 0x02, 0x00, 0x14, 0x28, 0x14, 0x80, 0x00, 0x00, 0x00, 0x50,
  0x00, 0x11, 0x49, 0x04, 0xE0, 0xC8, 0x02, 0x90, 0x44, 0x10, 0x04, 0x00, 0x20, 0x00, 0x01, 0x30,
  0x08, 0x02, 0x88, 0x00, 0x00, 0x40, 0x40, 0x40, 0x00, 0x30, 0x18, 0x00, 0x00, 0x82, 0x00, 0x01,
  0xA4, 0x00, 0x10, 0x00, 0x00, 0x00, 0x00, 0x00, 0x00, 0x00, 0x00, 0x00, 0x00, 0x00, 0x00, 0x00,
  0x00, 0x00, 0x00, 0x00, 0x00, 0x0F, 0xFF, 0xFF, 0xFF, 0xFF, 0xFF, 0xFF, 0xDD, 0xDD, 0xDF, 0xFD,
  0xCF, 0xCD, 0xCD, 0xDD, 0x0D, 0xDD, 0x78, 0x2A, 0x3A, 0xC0, 0x5F, 0x58, 0xBB, 0x81, 0xBB, 0x10,
  0x00, 0x00, 0x00, 0xF0, 0x00, 0x09, 0x99, 0x96, 0x99, 0x6C, 0xC3, 0x31, 0xBB, 0x13, 0xAC, 0xA0,
  0x00, 0x03, 0x3C, 0xCC, 0x3C, 0xCC, 0x3C, 0xCC, 0x3C, 0xCC, 0x3C, 0xCC, 0x3C, 0xCC, 0x3C, 0xCC,
  0x3C, 0xC5, 0x6F, 0xDC, 0x3F, 0xF3, 0x3C, 0xCA, 0xA5, 0x56, 0x99, 0x6F, 0x00, 0xF8, 0x8C, 0xCF,
  0xFF, 0xF7, 0xF8, 0x0F, 0xCF, 0xF1, 0x1D, 0xD6, 0x33, 0x33, 0xCF, 0x00, 0xF2, 0xE3, 0x7C, 0x8F,
  0xFF, 0xFF, 0x0C, 0xCF, 0xFF, 0xF0, 0x00, 0xFD, 0xE1, 0x2C, 0x0F, 0x33, 0xA3, 0x54, 0x44, 0x4D,
  0xE1, 0x24, 0x4E, 0xEC, 0x0C, 0xF0, 0x0A, 0x0F, 0x50, 0xFF, 0x0C, 0x0F, 0x31, 0x1D, 0xDC, 0xCC,
  0xCC, 0xC0, 0x00, 0x03, 0x3F, 0x3F, 0xF9, 0x96, 0x66, 0x69, 0x96, 0x99, 0x6F, 0xFC, 0xE5, 0x0F,
  0xA0, 0xCF, 0xC0, 0xCF, 0xC8, 0x8D, 0xDF, 0x0C, 0x09, 0x3C, 0x65, 0xA5, 0xA0, 0x5F, 0xF0, 0x0C,
  0xCF, 0xAF, 0xF0, 0x00, 0x0F, 0xFF, 0xFF, 0xFF, 0xFF, 0xDF, 0xF2, 0xA2, 0x20, 0x00, 0x80, 0x0D,
  0x0F, 0xFF, 0xFF, 0xDF, 0xF4, 0xB2, 0x30, 0x00, 0x0F, 0xFF, 0xF0, 0xF0, 0xF3, 0x33, 0x34, 0x0F,
  0xF4, 0x0C, 0x07, 0x37, 0x7F, 0xFF, 0xF0, 0x8C, 0xCF, 0xFF, 0xF0, 0xC5, 0xDF, 0xAF, 0x3C, 0xCC,
  0xEF, 0x3F, 0xF9, 0x99, 0xF0, 0x0F, 0xFF, 0xFF, 0xF3, 0x3F, 0xFF, 0xFF, 0xFF, 0xEF, 0xF3, 0xF3,
  0xF0, 0x0F, 0xCC, 0x4C, 0xCF, 0x7F, 0xF0, 0xFF, 0x0F, 0xFF, 0xFF, 0xFF, 0xFF, 0xFB, 0xEF, 0xFB,
  0xDF, 0xFB, 0xDF, 0xFD, 0xBF, 0xCF, 0xFF, 0xFF, 0xFF, 0xFF, 0xFF, 0xF3, 0xFF, 0xFF, 0xF0, 0x00,
  0x00, 0x00, 0x00, 0x00, 0x00, 0x00, 0x00, 0x00, 0x80, 0x00, 0x00, 0x00, 0x00, 0x00, 0x00, 0x00,
  0x00, 0x0F, 0xFF, 0xFF, 0xFF, 0xFF, 0xFF, 0xFF, 0xDF, 0xFD, 0xDF, 0xFD, 0xDF, 0xFF, 0xCF, 0xFF,
  0xFF, 0xF8, 0x2D, 0x75, 0x35, 0xC0, 0x5F, 0x54, 0x77, 0x44, 0xEE, 0x40, 0x00, 0x0F, 0x0F, 0xF0,
  0x00, 0x06, 0x66, 0x69, 0x66, 0x93, 0x3C, 0xC4, 0xEE, 0x43, 0x5C, 0x50, 0x00, 0x05, 0xA5, 0xAC,
  0x3C, 0xCC, 0x3C, 0xCC, 0x3C, 0xCC, 0x3C, 0xCC, 0x3C, 0xCC, 0x3C, 0xCC, 0x3C, 0xC5, 0x6F, 0xDC,
  0x3F, 0xF3, 0x3C, 0xCC, 0x3C, 0x39, 0x66, 0x90, 0xFF, 0x0D, 0xDC, 0xCF, 0xFF, 0xF2, 0x0D, 0xFF,
  0xCF, 0xF5, 0x55, 0x5C, 0x9C, 0xC3, 0xCF, 0x0F, 0x0D, 0x13, 0x2C, 0xDF, 0xFF, 0xFF, 0x0F, 0x0F,
  0xFF, 0xFF, 0x0F, 0xF1, 0x2D, 0xEC, 0x0F, 0x3C, 0xAC, 0x57, 0x77, 0x71, 0x2D, 0xE4, 0x4E, 0xEC,
  0x0C, 0xF0, 0x0A, 0x0F, 0x56, 0x66, 0x6C, 0x0F, 0x31, 0x1D, 0xD0, 0x00, 0x0C, 0xC0, 0x00, 0x03,
  0x3F, 0x3F, 0xF9, 0x96, 0x69, 0x96, 0x69, 0x66, 0x9F, 0xFF, 0xF5, 0x0F, 0xA0, 0xCF, 0xC0, 0xCF,
  0xC8, 0x8D, 0xDF, 0x0F, 0x3C, 0x3C, 0x3C, 0x35, 0xA0, 0x4C, 0xC0, 0x0C, 0xCF, 0xFF, 0xF0, 0x04,
  0x0B, 0xBB, 0xAF, 0xF3, 0x3F, 0xFF, 0xF2, 0x22, 0x20, 0x00, 0x00, 0x0D, 0x0F, 0xFF, 0xFF, 0xFF,
  0xF4, 0xB2, 0xF0, 0x04, 0x00, 0x04, 0x00, 0xF4, 0xFF, 0x3F, 0xBC, 0x0F, 0xFC, 0x0C, 0x07, 0x77,
  0x70, 0x0F, 0xFF, 0xFF, 0xFF, 0xF7, 0xF0, 0x05, 0x5F, 0xFF, 0x3F, 0xFF, 0xFF, 0x3F, 0xF0, 0x00,
  0x00, 0x8F, 0xFE, 0xEF, 0xFF, 0xFE, 0xEF, 0xCF, 0xFF, 0xEF, 0xF3, 0xB3, 0x30, 0x0F, 0xDF, 0x5F,
  0xFF, 0xFF, 0xF0, 0xFF, 0x0F, 0x00, 0xFF, 0xFE, 0xFF, 0xFE, 0xBF, 0xFE, 0x7F, 0xFE, 0x7F, 0xFE,
  0x7F, 0xCF, 0xFF, 0xFF, 0xFF, 0xFF, 0xFF, 0xF3, 0xFF, 0xFF, 0xF0, 0x00, 0x00, 0x00, 0x00, 0x00,
  0x00, 0x00, 0x00, 0x00, 0x00, 0x20, 0x00, 0x00, 0x00, 0x00, 0x00, 0x00, 0x00, 0x06, 0x08, 0x12,
  0x11, 0x36, 0x20, 0x50, 0x40, 0x12, 0x08, 0x10, 0x10, 0x36, 0x20, 0x10, 0x40, 0x16, 0x08, 0x12,
  0x10, 0x36, 0x00, 0x10, 0x40, 0x56, 0x0A, 0x22, 0xB0, 0x34, 0x20, 0x53, 0x42, 0xC6, 0x08, 0x12,
  0x10, 0x36, 0x20, 0x50, 0x40, 0x52, 0x00, 0x00, 0x01, 0x74, 0x80, 0x10, 0x64, 0x00, 0x18, 0x81,
  0x13, 0x74, 0xF0, 0x00, 0x64, 0x00, 0x18, 0x81, 0x13, 0x34, 0xB0, 0x00, 0x44, 0x06, 0x08, 0x12,
  0x10, 0x34, 0x20, 0x50, 0x40, 0x56, 0x08, 0x12, 0x10, 0x36, 0x20, 0x50, 0x40, 0x56, 0x08, 0x10,
  0x00, 0x12, 0x20, 0x50, 0x00, 0x16, 0x08, 0x12, 0x10, 0x36, 0x20, 0x50, 0x40, 0x56, 0x08, 0x12,
  0x10, 0x36, 0x20, 0x50, 0x40, 0x56, 0x08, 0x12, 0x10, 0x36, 0x20, 0x50, 0x40, 0x50, 0x06, 0x08,
  0x12, 0x10, 0x36, 0x20, 0x50, 0x40, 0x52, 0x08, 0x10, 0x10, 0x12, 0x20, 0x10, 0x40, 0x16, 0x08,
  0x12, 0x10, 0x12, 0x20, 0x50, 0x40, 0x12, 0x08, 0x10, 0x10, 0x36, 0xA0, 0x10, 0x40, 0x16, 0x08,
  0x10, 0x00, 0x32, 0x20, 0x50, 0x40, 0x16, 0x08, 0x12, 0x11, 0x72, 0x20, 0x50, 0x40, 0x56, 0x08,
  0x12, 0x10, 0x32, 0x20, 0x50, 0x40, 0x52, 0x00, 0x10, 0x00, 0x00, 0x00, 0x10, 0x00, 0x16, 0x00,
  0x10, 0x10, 0x32, 0x00, 0x10, 0x50, 0x06, 0x08, 0x12, 0x10, 0x12, 0x20, 0x50, 0x40, 0x12, 0x00,
  0x10, 0x00, 0x00, 0x00, 0x10, 0x10, 0x06, 0x08, 0x12, 0x01, 0x32, 0x20, 0x50, 0x40, 0x56, 0x08,
  0x12, 0x10, 0x32, 0x20, 0x50, 0x40, 0x52, 0x00, 0x10, 0x00, 0x00, 0x00, 0x10, 0x00, 0x12, 0x00,
  0x10, 0x00, 0x00, 0x00, 0x10, 0x06, 0x32, 0x00, 0x90, 0x02, 0x00, 0x10, 0x10, 0x04, 0x12, 0x00,
  0x10, 0x00, 0x00, 0x00, 0x10, 0x00, 0x10, 0x00, 0x00, 0x00, 0x00, 0x00, 0x00, 0x00, 0x00, 0x00,
  0x00, 0x20, 0x00, 0x00, 0x00, 0x00, 0x00, 0x00, 0x00, 0x0C, 0x10, 0x20, 0x00, 0x6C, 0x40, 0xA0,
  0x00, 0x24, 0x00, 0x20, 0x02, 0x6C, 0x40, 0x20, 0x80, 0x2C, 0x10, 0x20, 0x00, 0x6C, 0x40, 0xA0,
  0x80, 0xAC, 0x10, 0x24, 0x22, 0x68, 0x40, 0xA0, 0x80, 0xAC, 0x10, 0x20, 0x20, 0x68, 0xE0, 0x80,
  0x88, 0xAC, 0x11, 0x20, 0x04, 0x6C, 0x60, 0xA0, 0x88, 0xAC, 0x10, 0x24, 0x22, 0x6C, 0x40, 0xA0,
  0x80, 0xAC, 0x10, 0x24, 0x22, 0x6C, 0x40, 0x20, 0x8C, 0xEC, 0x11, 0x24, 0x24, 0x6C, 0x60, 0xA0,
  0x88, 0xA4, 0x10, 0x20, 0x22, 0xED, 0x40, 0x20, 0x80, 0x24, 0x00, 0x20, 0x00, 0x6D, 0x40, 0x20,
  0x80, 0x2C, 0x10, 0x24, 0x20, 0x6C, 0x40, 0xA0, 0x80, 0xA0, 0x31, 0x02, 0x26, 0xED, 0xE0, 0x00,
  0xC8, 0x00, 0x31, 0x02, 0x26, 0xED, 0xE0, 0x00, 0xC8, 0x00, 0x00, 0x31, 0x02, 0x24, 0x6D, 0x60,
  0x00, 0x88, 0x0C, 0x10, 0x24, 0x22, 0x6C, 0x40, 0xA0, 0x80, 0x2C, 0x10, 0x24, 0x22, 0x6C, 0x40,
  0xA0, 0xC8, 0x8C, 0x11, 0x24, 0x24, 0x6C, 0x60, 0xA0, 0x88, 0xA4, 0x00, 0x20, 0x02, 0xE0, 0x40,
  0x20, 0xC8, 0x00, 0x31, 0x02, 0x26, 0xE0, 0xE0, 0x00, 0xC8, 0x00, 0x31, 0x02, 0x24, 0x60, 0x60,
  0x00, 0x88, 0x04, 0x00, 0x20, 0x02, 0xE0, 0x00, 0x20, 0x00, 0x24, 0x00, 0x20, 0x00, 0x60, 0x00,
  0x20, 0x80, 0x2C, 0x10, 0x04, 0x20, 0x64, 0x40, 0xA0, 0x80, 0x84, 0x10, 0x20, 0x20, 0x60, 0x40,
  0x20, 0x00, 0x2C, 0x10, 0x00, 0x28, 0x24, 0x40, 0xA0, 0x80, 0x2C, 0x10, 0x04, 0x20, 0x64, 0x40,
  0xA0, 0x80, 0xAC, 0x10, 0x24, 0x20, 0x60, 0x40, 0xA0, 0x80, 0xA4, 0x10, 0x20, 0x22, 0x64, 0x40,
  0x20, 0x80, 0x20, 0x31, 0x02, 0x26, 0xE4, 0xE0, 0x00, 0xC8, 0x00, 0x31, 0x02, 0x24, 0x64, 0x60,
  0x00, 0x88, 0x00, 0x00, 0x00, 0x00, 0x00, 0x00, 0x00, 0x00, 0x00, 0x00, 0x00, 0x00, 0x00, 0x00,
  0x00, 0x00, 0x00, 0x00, 0x00, 0x05, 0xA5, 0xAC, 0xAC, 0x53, 0x3F, 0xF5, 0xAC, 0xC4, 0x4E, 0xE0,
  0x0F, 0xFF, 0xCF, 0xFF, 0xFF, 0xF0, 0x0F, 0xFC, 0x3C, 0x3C, 0x0F, 0x3E, 0x2D, 0x1E, 0xEE, 0xEA,
  0xA5, 0x5F, 0x0F, 0xFE, 0x2D, 0x19, 0x66, 0x9F, 0xFF, 0xFF, 0x9F, 0xFF, 0xFB, 0xEF, 0xFB, 0xEF,
  0xFB, 0xEF, 0xFB, 0xE3, 0xBF, 0xF8, 0x2D, 0x76, 0x06, 0xF3, 0x3C, 0xC0, 0x5F, 0x54, 0x1E, 0xBC,
  0x3C, 0x3F, 0xFF, 0xFF, 0xFB, 0xDF, 0xFB, 0xEF, 0xFB, 0xEF, 0xFB, 0xE3, 0xBF, 0xF0, 0x5F, 0x50,
  0xFF, 0xF3, 0x3F, 0xFA, 0x0F, 0x50, 0x0F, 0xF5, 0xCC, 0xC5, 0x5F, 0x01, 0x1D, 0xDD, 0x8C, 0xC6,
  0xA5, 0x9F, 0x0F, 0x00, 0x4F, 0x7C, 0x3C, 0xCC, 0x3C, 0xCC, 0x3C, 0xCC, 0x3C, 0xCC, 0x3C, 0xCC,
  0x3C, 0xCC, 0x3C, 0xCC, 0x3C, 0xC0, 0x0C, 0x3C, 0xCC, 0x3C, 0xC5, 0x6F, 0xDC, 0x3F, 0xF9, 0x66,
  0x95, 0x55, 0x59, 0x66, 0x95, 0xAF, 0xFC, 0x0C, 0xCF, 0xFF, 0xFE, 0xEE, 0xEF, 0x9F, 0xFF, 0xFB,
  0xEF, 0xFB, 0xEF, 0xFB, 0xEB, 0x7F, 0xFF, 0xFD, 0xDF, 0xFF, 0xFF, 0xF0, 0x0F, 0x0F, 0xFC, 0x3C,
  0xCC, 0x3C, 0xCC, 0x3C, 0xCC, 0x3C, 0xCC, 0x3C, 0xCC, 0x3C, 0xC5, 0x6F, 0xDC, 0x3F, 0xFF, 0x0F,
  0xFF, 0x0F, 0xFF, 0xFF, 0xFC, 0xCF, 0xFF, 0xFF, 0xF5, 0x5F, 0xFF, 0x0F, 0xF0, 0x0F, 0x0F, 0xFB,
  0xB0, 0x00, 0x0B, 0xF6, 0xB0, 0x00, 0x0D, 0x1F, 0x3F, 0x0F, 0xA4, 0x54, 0x40, 0x0D, 0x0F, 0xFF,
  0xF3, 0x32, 0x0E, 0xEE, 0xED, 0xFF, 0xFF, 0xFF, 0xF0, 0x00, 0x00, 0x00, 0x00, 0x00, 0x0F, 0x07,
  0x7F, 0xBF, 0xB0, 0xFF, 0xF0, 0xD0, 0x03, 0x3C, 0xC2, 0x2D, 0xD0, 0x0F, 0xFF, 0xF0, 0x0E, 0xBC,
  0xCE, 0xBC, 0xCE, 0xBC, 0xCE, 0xBC, 0xCE, 0xBC, 0xCE, 0xBC, 0xCF, 0xEF, 0xFE, 0xBF, 0xF0, 0x00,
  0x00, 0x00, 0x00, 0x00, 0x00, 0x00, 0x00, 0x00, 0x00, 0x00, 0x00, 0x00, 0x00, 0x00, 0x00, 0x00,
  0x00, 0x03, 0x3C, 0xC3, 0xA3, 0x50, 0x0C, 0xC5, 0xA3, 0x34, 0x4E, 0xE5, 0x55, 0x5F, 0xCF, 0xFD,
  0x0D, 0xDF, 0x0F, 0x0A, 0xA5, 0x5C, 0x0F, 0x32, 0xE1, 0xD4, 0x44, 0x45, 0x5A, 0xAF, 0x00, 0x02,
  0xE1, 0xD6, 0x99, 0x66, 0x65, 0xAF, 0x6F, 0xFF, 0xFD, 0x7F, 0xFD, 0x7F, 0xFD, 0x7F, 0xFD, 0x7F,
  0xBF, 0xFD, 0x78, 0x26, 0xF6, 0x05, 0xA5, 0xA0, 0x5F, 0x5E, 0xB4, 0x1A, 0xA5, 0x5C, 0x35, 0xAF,
  0xFD, 0xBF, 0xFD, 0x7F, 0xFD, 0x7F, 0xFD, 0x7F, 0xBF, 0xF0, 0x5F, 0x50, 0x0F, 0x00, 0x0C, 0xCA,
  0x0F, 0x54, 0x47, 0x75, 0xCC, 0xC5, 0x5F, 0x01, 0x1D, 0xDD, 0x8C, 0xC5, 0xA5, 0xAF, 0x05, 0x50,
  0x4F, 0x7C, 0x3C, 0xCC, 0x3C, 0xCC, 0x3C, 0xCC, 0x3C, 0xCC, 0x3C, 0xCC, 0x3C, 0xCC, 0x3C, 0xCC,
  0x3C, 0xC0, 0x0C, 0x3C, 0xCC, 0x3C, 0xC5, 0x6F, 0xDC, 0x3F, 0xF6, 0x99, 0x60, 0x00, 0x09, 0x66,
  0x95, 0xAF, 0xF8, 0x08, 0x8F, 0xFF, 0xF1, 0x11, 0x1F, 0x6F, 0xFF, 0xFD, 0x7F, 0xF7, 0xDF, 0xF7,
  0xDD, 0xEF, 0xF0, 0x01, 0x1F, 0xFF, 0xFF, 0xF0, 0x00, 0xF0, 0x0C, 0x3C, 0xCC, 0x3C, 0xCC, 0x3C,
  0xCC, 0x3C, 0xCC, 0x3C, 0xCC, 0x3C, 0xC5, 0x6F, 0xDC, 0x3F, 0xFF, 0x0F, 0xFF, 0x0F, 0xF0, 0x0F,
  0xFC, 0xCF, 0xF0, 0x0F, 0xF5, 0x5F, 0xFF, 0x0F, 0xF0, 0x0F, 0x0F, 0xFF, 0xF0, 0x00, 0x0F, 0xFB,
  0xF0, 0x00, 0x0F, 0x0F, 0x0F, 0x0D, 0x85, 0x55, 0x50, 0x0F, 0x0E, 0xFF, 0xF3, 0x02, 0x0E, 0xEE,
  0xED, 0xFF, 0xFF, 0xFF, 0xF0, 0x00, 0x00, 0x00, 0x00, 0x00, 0x0F, 0x0F, 0xF7, 0xF7, 0xFF, 0xFF,
  0xF0, 0xF0, 0x01, 0x1C, 0xC0, 0x0D, 0xD0, 0x0D, 0xDD, 0xD0, 0x0E, 0xBC, 0xCE, 0xBC, 0xCE, 0xBC,
  0xCE, 0xBC, 0xCE, 0xBC, 0xCE, 0xBC, 0xCA, 0xBF, 0xCE, 0xBF, 0xF0, 0x00, 0x00, 0x00, 0x00, 0x00,
  0x00, 0x00, 0x00, 0x00, 0x00, 0x80, 0x00, 0x04, 0x00, 0x00, 0xA0, 0x00, 0x00, 0x00, 0x50, 0x00,
  0x80, 0x02, 0x00, 0x10, 0x42, 0x02, 0x1B, 0x8A, 0x01, 0x90, 0x09, 0x8A, 0x15, 0x56, 0x00, 0x38,
  0xA0, 0x56, 0x04, 0x90, 0x00, 0x56, 0x80, 0x1A, 0x00, 0x30, 0x00, 0x86, 0x14, 0x18, 0x05, 0x00,
  0x00, 0x80, 0x47, 0x42, 0x44, 0x04, 0x00, 0x10, 0x00, 0x00, 0x04, 0x00, 0x8B, 0x08, 0x2A, 0x84,
  0xAA, 0x00, 0x48, 0x00, 0xA4, 0x00, 0x07, 0x80, 0x04, 0x84, 0x80, 0x80, 0x84, 0x98, 0x40, 0x00,
  0x02, 0x78, 0x80, 0x00, 0x00, 0x80, 0x08, 0x14, 0x08, 0x80, 0x28, 0x84, 0x02, 0x24, 0x80, 0x20,
  0x08, 0x22, 0x40, 0x02, 0x00, 0x82, 0x42, 0x10, 0x02, 0x80, 0x42, 0x40, 0x10, 0x00, 0x02, 0x80,
  0x40, 0x40, 0x4A, 0x88, 0x42, 0x00, 0x4A, 0x05, 0x48, 0x0B, 0x02, 0x08, 0x44, 0x80, 0x00, 0x43,
  0x20, 0x48, 0x48, 0x02, 0x02, 0x10, 0x00, 0x12, 0x80, 0x04, 0x40, 0x8B, 0x80, 0x04, 0x00, 0x0A,
  0x44, 0x00, 0x02, 0x0A, 0x10, 0x2A, 0x0A, 0x00, 0x14, 0x02, 0x00, 0x11, 0x80, 0x00, 0x00, 0x14,
  0x42, 0x00, 0x00, 0x32, 0x40, 0x0A, 0x04, 0x00, 0x80, 0x38, 0x03, 0x08, 0x03, 0x00, 0x08, 0x00,
  0x92, 0x40, 0x80, 0x4A, 0x00, 0x0A, 0x08, 0x80, 0x08, 0x00, 0x08, 0x00, 0x00, 0xA4, 0x00, 0x10,
  0x00, 0x00, 0x18, 0x04, 0x00, 0x04, 0x00, 0x0A, 0x00, 0x00, 0x00, 0x00, 0x00, 0x04, 0x03, 0x04,
  0x08, 0x00, 0x08, 0x07, 0x07, 0x04, 0x41, 0x40, 0x86, 0x00, 0x06, 0x00, 0x10, 0x80, 0x06, 0x00,
  0x03, 0x00, 0x00, 0x00, 0x03, 0x00, 0x00, 0x00, 0x00, 0x08, 0x06, 0x00, 0x42, 0x03, 0x0A, 0x00,
  0x22, 0x00, 0x02, 0x02, 0x60, 0x43, 0x40, 0x04, 0x82, 0x00, 0x00, 0x02, 0x08, 0x02, 0x00, 0x00,
  0xA0, 0x00, 0x00, 0x00, 0x00, 0x00, 0xA0, 0x00, 0x20, 0x00, 0x00, 0x00, 0x20, 0x00, 0x20, 0x00,
  0x00, 0x90, 0x05, 0x10, 0x02, 0x08, 0x00, 0x10, 0x80, 0x00, 0x01, 0x11, 0x00, 0x10, 0x50, 0xC0,
  0x41, 0xE1, 0x80, 0x42, 0x20, 0x44, 0x60, 0x61, 0x40, 0x42, 0x58, 0x01, 0x22, 0x42, 0x05, 0x40,
  0x25, 0x42, 0x69, 0xC2, 0x20, 0x84, 0x88, 0x62, 0x00, 0xC5, 0x00, 0x40, 0x24, 0x60, 0x40, 0x49,
  0x45, 0x16, 0x05, 0x41, 0x08, 0xC8, 0x00, 0x01, 0x40, 0x80, 0x01, 0x11, 0x01, 0x20, 0x40, 0x00,
  0x04, 0xE1, 0x80, 0x50, 0x12, 0x40, 0x61, 0x41, 0x66, 0x01, 0x68, 0x00, 0x09, 0x00, 0x00, 0x01,
  0x15, 0x69, 0x14, 0x01, 0x20, 0x59, 0x21, 0x41, 0x12, 0x80, 0x55, 0x00, 0xD5, 0x00, 0x1A, 0x00,
  0xC0, 0x12, 0x42, 0x01, 0x00, 0x01, 0x40, 0x60, 0x46, 0x20, 0x08, 0x20, 0x41, 0x01, 0x12, 0x40,
  0x0A, 0x20, 0x40, 0x10, 0x42, 0x40, 0x02, 0x00, 0x50, 0x00, 0x00, 0x48, 0x00, 0x40, 0x01, 0xC8,
  0x00, 0xC0, 0x20, 0x08, 0x00, 0x45, 0x51, 0x00, 0x50, 0xC0, 0x40, 0x20, 0x50, 0x0D, 0xC2, 0xE1,
  0xC9, 0x22, 0x50, 0x08, 0x41, 0x09, 0x40, 0x40, 0x00, 0x08, 0x40, 0x00, 0x40, 0x20, 0x21, 0x02,
  0x41, 0x80, 0x40, 0x4C, 0x10, 0x00, 0x00, 0x05, 0x00, 0x0E, 0x00, 0x10, 0x00, 0x12, 0x00, 0x62,
  0xC0, 0x22, 0x06, 0x20, 0x00, 0x06, 0x00, 0x00, 0x00, 0x16, 0x10, 0x00, 0x00, 0x05, 0x00, 0x90,
  0x00, 0x00, 0x00, 0x42, 0x20, 0xE0, 0x00, 0xE9, 0x10, 0xE4, 0x00, 0x06, 0x40, 0xE0, 0xC2, 0x00,
  0xC0, 0x05, 0x44, 0x49, 0x11, 0x00, 0x41, 0x00, 0x44, 0x46, 0xC2, 0x08, 0x00, 0x00, 0x04, 0x00,
  0x60, 0x08, 0x00, 0x25, 0xE1, 0x00, 0x02, 0x10, 0x42, 0x08, 0x22, 0x46, 0xA0, 0x00, 0xA0, 0x02,
  0x20, 0x40, 0x48, 0x00, 0x02, 0x00, 0x50, 0x02, 0x40, 0x02, 0xD2, 0x00, 0x01, 0x00, 0x01, 0x00,
  0x40, 0x00, 0x00, 0x00, 0x80, 0x00, 0x00, 0x00, 0x86, 0x00, 0x80, 0x00, 0x03, 0x04, 0x00, 0x04,
  0x00, 0x04, 0x00, 0x04, 0x40, 0x00, 0x20, 0x80, 0x40, 0x09, 0x04, 0x80, 0x00, 0x84, 0x42, 0x18,
  0x80, 0x85, 0x88, 0x00, 0x00, 0x84, 0x01, 0x88, 0x88, 0x84, 0x18, 0x84, 0x00, 0x80, 0x84, 0x80,
  0x88, 0x85, 0x44, 0x80, 0x09, 0x80, 0x34, 0x14, 0x81, 0x81, 0x00, 0x10, 0x00, 0xA0, 0x28, 0x84,
  0x02, 0x14, 0x01, 0x90, 0x08, 0x54, 0x00, 0x20, 0x00, 0xC0, 0x00, 0x34, 0x01, 0x04, 0x20, 0x08,
  0x00, 0x90, 0x82, 0x00, 0x80, 0x20, 0x81, 0x38, 0x04, 0x05, 0x30, 0x94, 0x20, 0x02, 0x83, 0x04,
  0x80, 0x08, 0x82, 0x14, 0xA4, 0x98, 0x02, 0x90, 0x02, 0x91, 0x28, 0x11, 0x08, 0x40, 0x08, 0x40,
  0x23, 0xB4, 0x01, 0x80, 0x08, 0xC0, 0x01, 0x20, 0x02, 0xB4, 0x24, 0x04, 0x24, 0x40, 0x01, 0x28,
  0x10, 0x04, 0x40, 0x00, 0x04, 0x4A, 0x00, 0x04, 0x90, 0x03, 0x28, 0x03, 0x35, 0x01, 0xA0, 0x21,
  0x40, 0x04, 0x80, 0x28, 0x00, 0x19, 0x94, 0x03, 0x00, 0x00, 0x18, 0x00, 0x00, 0x08, 0x09, 0x14,
  0x84, 0x00, 0x11, 0x00, 0x30, 0x10, 0x11, 0x00, 0x91, 0x80, 0xC0, 0x08, 0x10, 0x39, 0x14, 0x13,
  0x20, 0x88, 0x20, 0x08, 0x10, 0x12, 0x24, 0xC1, 0x41, 0xA0, 0x20, 0x82, 0x01, 0x80, 0x10, 0xA2,
  0x01, 0x00, 0x10, 0x00, 0x00, 0x00, 0x80, 0x83, 0x00, 0x00, 0x80, 0x40, 0x11, 0x01, 0x41, 0x10,
  0x04, 0x80, 0x00, 0x82, 0x00, 0x81, 0x04, 0x00, 0x00, 0x82, 0x90, 0x00, 0x94, 0x00, 0x10, 0x00,
  0x24, 0x00, 0x14, 0x00, 0x81, 0x00, 0x14, 0x05, 0x44, 0x00, 0x01, 0x00, 0x00, 0x04, 0x10, 0x88,
  0x00, 0x00, 0xD0, 0x80, 0x10, 0x04, 0x88, 0x02, 0x85, 0x00, 0xC1, 0x00, 0x80, 0x00, 0x08, 0x01,
  0xB0, 0x01, 0x00, 0x00, 0x00, 0x02, 0x80, 0x00, 0x00, 0x00, 0x00, 0x00, 0x00, 0x02, 0x00, 0x00,
  0x00, 0x00, 0x00, 0x00, 0x00, 0x00, 0x00, 0x00, 0x00, 0x88, 0x00, 0x20, 0x02, 0x00, 0x00, 0x18,
  0x00, 0x09, 0x12, 0x0D, 0x00, 0x28, 0x98, 0x00, 0x09, 0x08, 0x10, 0x10, 0x02, 0x08, 0x82, 0x11,
  0x93, 0x00, 0x95, 0x82, 0x0C, 0x00, 0x10, 0x08, 0x10, 0x01, 0x04, 0x01, 0x08, 0x08, 0x00, 0x01,
  0x22, 0x01, 0x92, 0xA8, 0x09, 0x0D, 0x01, 0x21, 0x01, 0x81, 0x88, 0x8A, 0x00, 0x10, 0x05, 0x0B,
  0x00, 0x10, 0x81, 0x15, 0x01, 0x89, 0x01, 0xA8, 0x01, 0x2C, 0x01, 0x18, 0x45, 0x01, 0x0C, 0x04,
  0x01, 0x23, 0x03, 0xA8, 0x00, 0x14, 0x10, 0x0A, 0x99, 0x24, 0x00, 0x14, 0x01, 0x24, 0x82, 0x44,
  0x88, 0x00, 0x48, 0x80, 0x40, 0x89, 0x44, 0x29, 0x08, 0x19, 0x08, 0xC4, 0x88, 0x0A, 0x09, 0x09,
  0x98, 0x80, 0x01, 0x20, 0x0C, 0x0C, 0x20, 0x00, 0x00, 0xA0, 0x01, 0xA4, 0x25, 0x80, 0x89, 0x01,
  0x10, 0x04, 0x00, 0x00, 0x80, 0x04, 0x04, 0x00, 0xA8, 0x42, 0x80, 0xC1, 0x00, 0x80, 0x0D, 0x00,
  0x10, 0x24, 0x88, 0x20, 0x21, 0x01, 0x18, 0x21, 0x13, 0x90, 0xA0, 0x40, 0x84, 0x01, 0x94, 0xA2,
  0x40, 0x11, 0x94, 0x41, 0x09, 0x00, 0x8D, 0xC8, 0x14, 0x20, 0x90, 0xC0, 0x49, 0x80, 0x80, 0x00,
  0x20, 0x10, 0x80, 0x84, 0x40, 0x04, 0x00, 0x00, 0x04, 0x01, 0x11, 0x08, 0x05, 0x00, 0x11, 0x00,
  0x00, 0x11, 0x00, 0x0A, 0x00, 0x00, 0x01, 0x11, 0x12, 0x05, 0x84, 0x91, 0x28, 0x00, 0x00, 0x02,
  0x10, 0x01, 0x08, 0x01, 0x81, 0x08, 0x05, 0x01, 0x00, 0x01, 0x20, 0x05, 0x10, 0x00, 0x90, 0x00,
  0x80, 0x09, 0x20, 0x04, 0x88, 0x00, 0x00, 0x00, 0xA0, 0x00, 0x20, 0x08, 0x14, 0x01, 0x81, 0x00,
  0x20, 0x00, 0x00, 0x88, 0x08, 0x00, 0x00, 0x00, 0x00, 0x00, 0x00, 0x03, 0x00, 0x02, 0x90, 0x00,
  0x81, 0x08, 0x04, 0x00, 0x04, 0x00, 0x04, 0x00, 0x80, 0x08, 0x00, 0x00, 0x00, 0x00, 0x00, 0x00,
  0x00, 0x00, 0x00, 0x00, 0x00, 0x02, 0x00, 0x0A, 0x00, 0x02, 0x00, 0x02, 0x20, 0x00, 0x40, 0x00,
  0x00, 0x00, 0x40, 0x00, 0x00, 0x00, 0x10, 0x00, 0x10, 0x00, 0x00, 0x00, 0xC0, 0x04, 0x40, 0x03,
  0x80, 0xA1, 0x00, 0x01, 0x00, 0x00, 0x00, 0x00, 0x00, 0x01, 0x20, 0x05, 0x40, 0x00, 0x10, 0x00,
  0x00, 0x00, 0x00, 0x40, 0x00, 0x00, 0x84, 0x20, 0x04, 0x00, 0x00, 0x00, 0x40, 0x00, 0x10, 0x01,
  0x00, 0x40, 0x00, 0x09, 0x80, 0x40, 0x90, 0x00, 0x00, 0x00, 0x02, 0x10, 0x80, 0x00, 0x00, 0x89,
  0x10, 0x00, 0x20, 0x01, 0x00, 0x05, 0x00, 0x04, 0xA0, 0x28, 0x02, 0x01, 0x20, 0x00, 0x00, 0x41,
  0x00, 0x00, 0x80, 0x03, 0x00, 0x00, 0x00, 0x02, 0x40, 0x00, 0x10, 0x02, 0x20, 0x01, 0x00, 0x00,
  0x40, 0x04, 0x02, 0x00, 0x00, 0x08, 0x00, 0x00, 0x10, 0x00, 0x00, 0x08, 0x00, 0x02, 0x04, 0x10,
  0x00, 0x10, 0x00, 0x10, 0x00, 0x00, 0x00, 0x04, 0x08, 0x80, 0x08, 0x00, 0x00, 0x13, 0x01, 0x00,
  0x00, 0x00, 0x02, 0x40, 0x00, 0x10, 0x02, 0x80, 0x08, 0x00, 0x08, 0x10, 0x00, 0x40, 0x00, 0xC0,
  0x00, 0x40, 0x01, 0x80, 0x01, 0x00, 0x00, 0x00, 0x00, 0x00, 0x00, 0x00, 0x00, 0x00, 0x09, 0x00,
  0x00, 0x10, 0x00, 0x00, 0x00, 0x80, 0x00, 0x40, 0x00, 0x00, 0x00, 0x00, 0x00, 0x00, 0x00, 0x00,
  0x00, 0x00, 0x00, 0x20, 0x00, 0x20, 0x22, 0x90, 0x00, 0x80, 0x00, 0x10, 0x00, 0xC0, 0x00, 0x20,
  0x00, 0x00, 0x00, 0x00, 0x00, 0x00, 0x00, 0x02, 0x04, 0x00, 0x00, 0x00, 0x00, 0x00, 0x00, 0x80,
  0x00, 0x80, 0x00, 0x00, 0x00, 0x80, 0x00, 0x01, 0x00, 0x10, 0x00, 0x00, 0x00, 0x00, 0x00, 0x40,
  0x00, 0x00, 0x00, 0x00, 0x00, 0x00, 0x00, 0x00, 0x00, 0x00, 0x00, 0x80, 0x00, 0x00, 0x00, 0x80,
  0x00, 0x00, 0x00, 0x80, 0x00, 0x00, 0x00, 0x00, 0x00, 0x00, 0x00, 0x00, 0x00, 0x00, 0x00, 0x00,
  0x00, 0x00, 0x00, 0x04, 0x00, 0x00, 0x80, 0x00, 0x00, 0x00, 0x10, 0x00, 0x00, 0x00, 0x00, 0x00,
  0x00, 0x01, 0x00, 0x01, 0x44, 0x08, 0x00, 0x08, 0x40, 0x00, 0x00, 0x01, 0x00, 0x10, 0x94, 0x00,
  0x00, 0x00, 0x08, 0x00, 0x00, 0x00, 0x00, 0x00, 0x10, 0x00, 0x14, 0x20, 0x84, 0x00, 0xA8, 0x00,
  0x90, 0x00, 0xA1, 0x01, 0x00, 0x00, 0xA0, 0x00, 0x30, 0x80, 0x10, 0x91, 0x90, 0x00, 0x24, 0x00,
  0x00, 0x00, 0x10, 0x00, 0x80, 0x09, 0x88, 0x08, 0x80, 0x00, 0x00, 0x80, 0x00, 0x00, 0x00, 0x00,
  0x00, 0x00, 0x90, 0x00, 0x10, 0x18, 0x00, 0xB0, 0x00, 0x08, 0x90, 0x00, 0x00, 0x08, 0x80, 0x01,
  0x00, 0x00, 0x81, 0x00, 0x10, 0x00, 0x10, 0x03, 0x00, 0x40, 0x00, 0x00, 0x10, 0x00, 0x90, 0x04,
  0x00, 0x02, 0x00, 0x00, 0x10, 0x02, 0x00, 0x02, 0xB0, 0x08, 0x01, 0x00, 0x00, 0x10, 0x01, 0x00,
  0x02, 0x00, 0x00, 0x81, 0x08, 0x00, 0x03, 0x81, 0x00, 0x10, 0x20, 0x00, 0x00, 0x00, 0x08, 0x30,
  0x00, 0x10, 0x02, 0x00, 0x44, 0x00, 0x08, 0x10, 0x00, 0x00, 0x00, 0x10, 0x00, 0x00, 0x01, 0x00,
  0x01, 0x80, 0x01, 0x80, 0x00, 0xA0, 0x00, 0x01, 0x00, 0x00, 0x00, 0x00, 0x20, 0x30, 0x00, 0x00,
  0x02, 0x00, 0x00, 0x30, 0x00, 0x00, 0x00, 0x00, 0x00, 0x00, 0x00, 0x00, 0x00, 0x00, 0x00, 0x00,
  0x00, 0x10, 0x11, 0x30, 0x00, 0x20, 0x00, 0x10, 0x01, 0x10, 0x00, 0x00, 0x00, 0x80, 0x00, 0x80,
  0x00, 0x90, 0x00, 0x00, 0x00, 0x00, 0x00, 0xC0, 0x00, 0x00, 0x00, 0x90, 0x00, 0x02, 0x00, 0x22,
  0x00, 0x00, 0x00, 0x00, 0x00, 0x10, 0x00, 0x40, 0x00, 0x00, 0x00, 0x30, 0x00, 0x00, 0x00, 0x00,
  0x00, 0x00, 0x00, 0x00, 0x00, 0x00, 0x00, 0x00, 0x00, 0x00, 0x00, 0x00, 0x00, 0x00, 0x00, 0x00,
  0x00, 0x00, 0x00, 0x00, 0x00, 0x00, 0x00, 0x00, 0x00, 0x00, 0x00, 0x00, 0x00, 0x01, 0x00, 0x01,
  0x00, 0x01, 0x20, 0x01, 0x10, 0x01, 0x40, 0x00, 0x40, 0x00, 0x40, 0x05, 0x40, 0x00, 0x60, 0x40,
  0x20, 0x40, 0x00, 0x00, 0x00, 0x01, 0x40, 0x48, 0x40, 0x40, 0x00, 0x40, 0x00, 0x40, 0x00, 0x05,
  0x00, 0x00, 0x60, 0x41, 0x00, 0x01, 0x40, 0x00, 0x95, 0x00, 0x00, 0x10, 0x00, 0x00, 0x20, 0x60,
  0x42, 0x00, 0x14, 0x00, 0x00, 0x64, 0x80, 0x04, 0x80, 0x00, 0x80, 0x00, 0x00, 0x22, 0x40, 0x05,
  0x90, 0x08, 0x12, 0x2A, 0x50, 0x05, 0x80, 0x62, 0x90, 0x02, 0x10, 0x02, 0x00, 0x02, 0x40, 0x01,
  0x40, 0x00, 0xC1, 0x09, 0x60, 0x08, 0x00, 0x2E, 0x40, 0x08, 0x51, 0x08, 0x45, 0x00, 0x10, 0x00,
  0x40, 0x00, 0x00, 0x00, 0x10, 0x06, 0x00, 0x01, 0x00, 0x01, 0x01, 0x02, 0x00, 0x05, 0x00, 0x02,
  0x00, 0x08, 0x00, 0x00, 0x00, 0x00, 0x00, 0x11, 0x40, 0x00, 0x04, 0x22, 0x40, 0x00, 0x05, 0xE0,
  0x00, 0x00, 0x04, 0x24, 0x00, 0x02, 0x88, 0x00, 0x00, 0x00, 0x00, 0x00, 0x00, 0x00, 0x00, 0x00,
  0x00, 0x00, 0x00, 0x40, 0x00, 0x10, 0x00, 0x40, 0x00, 0x10, 0x80, 0x00, 0x04, 0x60, 0x00, 0x10,
  0x00, 0x10, 0x00, 0x00, 0x40, 0x00, 0x40, 0x01, 0x00, 0x00, 0x05, 0x00, 0x00, 0x40, 0x00, 0x00,
  0x00, 0x40, 0x05, 0x40, 0x00, 0x00, 0x00, 0x00, 0x00, 0x00, 0x02, 0x00, 0x00, 0x00, 0x00, 0x00,
  0x05, 0x00, 0x00, 0x00, 0x04, 0x00, 0x00, 0x20, 0x05, 0x10, 0x00, 0x50, 0x00, 0x00, 0x00, 0x00,
  0x01, 0x00, 0x00, 0x00, 0x00, 0x00, 0x00, 0x00, 0x00, 0x40, 0x00, 0x00, 0xC0, 0x40, 0x00, 0x00,
  0x02, 0x40, 0x00, 0x00, 0x00, 0x00, 0x06, 0x00, 0x00, 0x00, 0x00, 0x00, 0x00, 0x00, 0x00, 0x02,
  0x00, 0x00, 0x00, 0x00, 0x00, 0x02, 0x02, 0x40, 0x00, 0x00, 0x02, 0x00, 0x02, 0x00, 0x00, 0x00,
  0x00, 0x00, 0x00, 0x00, 0x00, 0x00, 0x00, 0x00, 0x00, 0x00, 0x00, 0x00, 0x00, 0x00, 0x00, 0x00,
  0x00, 0x02, 0x80, 0x03, 0x80, 0x00, 0x50, 0x00, 0x40, 0x02, 0x40, 0x42, 0x8B, 0x47, 0x00, 0x04,
  0x10, 0x00, 0x90, 0x40, 0x00, 0x04, 0x68, 0x44, 0x00, 0x40, 0x08, 0x00, 0x00, 0x08, 0x40, 0x44,
  0x00, 0x02, 0x48, 0x80, 0x28, 0x00, 0x98, 0x00, 0x00, 0x03, 0x00, 0x42, 0x40, 0x00, 0x81, 0x00,
  0x80, 0x41, 0x20, 0x04, 0x20, 0x10, 0x08, 0x00, 0x20, 0x02, 0x00, 0x00, 0x20, 0x02, 0x08, 0x02,
  0x00, 0x00, 0x20, 0x02, 0x20, 0x02, 0x03, 0x06, 0x00, 0x04, 0x80, 0x00, 0x00, 0x00, 0x00, 0x42,
  0x80, 0x03, 0xA0, 0x00, 0x80, 0x00, 0x02, 0x00, 0x80, 0x00, 0x02, 0x01, 0x40, 0x00, 0x00, 0xA8,
  0xA0, 0x44, 0x00, 0x02, 0x00, 0x00, 0x00, 0x0A, 0x00, 0x00, 0x00, 0x02, 0x00, 0x03, 0x00, 0x03,
  0x80, 0x00, 0x00, 0x02, 0x80, 0x00, 0x00, 0x02, 0x88, 0x00, 0x00, 0x00, 0x00, 0x20, 0x00, 0x00,
  0xA0, 0xA4, 0x00, 0xA0, 0x00, 0x00, 0x09, 0x80, 0x00, 0x00, 0x09, 0x20, 0x80, 0x00, 0x00, 0x80,
  0x00, 0x00, 0x00, 0x00, 0x00, 0x00, 0x26, 0x20, 0x04, 0x40, 0x02, 0x00, 0x00, 0x80, 0x00, 0x02,
  0x40, 0x00, 0x40, 0x02, 0x40, 0x40, 0x00, 0x00, 0x08, 0x00, 0x00, 0x80, 0x00, 0x40, 0x00, 0x40,
  0x00, 0x00, 0x00, 0x00, 0x00, 0x00, 0x02, 0x10, 0x00, 0x00, 0x00, 0x00, 0x00, 0x00, 0x00, 0x00,
  0x00, 0x20, 0x00, 0x00, 0x00, 0x00, 0x00, 0x40, 0x00, 0x00, 0x00, 0x01, 0x00, 0x00, 0x00, 0x90,
  0x00, 0x00, 0x03, 0x20, 0x00, 0x04, 0x00, 0x44, 0x00, 0x00, 0x00, 0x04, 0x02, 0x40, 0x00, 0x80,
  0x00, 0x00, 0x00, 0x80, 0x00, 0x00, 0x00, 0x00, 0x00, 0x00, 0x00, 0x02, 0x00, 0x00, 0x00, 0x20,
  0x00, 0x02, 0x02, 0x00, 0x00, 0x00, 0x02, 0x20, 0x02, 0x00, 0x00, 0x00, 0x00, 0x00, 0x00, 0x00,
  0x00, 0x00, 0x00, 0x00, 0x00, 0x00, 0x00, 0x00, 0x28, 0x00, 0x00, 0x04, 0x00, 0x84, 0x00, 0x10,
  0x20, 0x00, 0xA0, 0x00, 0x50, 0x54, 0x80, 0x20, 0x80, 0x00, 0x40, 0x20, 0x13, 0x00, 0x80, 0x0A,
  0x20, 0x00, 0x02, 0x02, 0x02, 0x82, 0x40, 0x5D, 0x30, 0x02, 0x40, 0x40, 0x11, 0x08, 0x00, 0x50,
  0x90, 0x00, 0x40, 0x40, 0x01, 0x04, 0x82, 0x20, 0x90, 0x00, 0x42, 0x80, 0xC1, 0x04, 0x00, 0x44,
  0x20, 0x01, 0x00, 0x09, 0x44, 0x94, 0x80, 0x40, 0x00, 0x00, 0x40, 0x40, 0x02, 0x00, 0x86, 0x2C,
  0x20, 0x00, 0x04, 0xA0, 0x02, 0x10, 0x00, 0x04, 0x20, 0x00, 0x10, 0x10, 0x82, 0x00, 0x00, 0x20,
  0x20, 0x00, 0x00, 0x20, 0x84, 0x08, 0x20, 0x00, 0x20, 0x02, 0x02, 0x50, 0x10, 0x02, 0xB2, 0x24,
  0x00, 0x02, 0x91, 0x14, 0x11, 0x00, 0x16, 0x01, 0x20, 0x00, 0x10, 0x00, 0x84, 0x00, 0x00, 0x00,
  0x23, 0x80, 0x00, 0x50, 0x00, 0x05, 0x11, 0x02, 0x14, 0x30, 0x00, 0x50, 0xA0, 0x83, 0x10, 0x20,
  0x0D, 0x30, 0x00, 0x10, 0x80, 0x04, 0x44, 0x00, 0x50, 0x00, 0x00, 0x00, 0x11, 0x10, 0x04, 0x00,
  0x00, 0x00, 0x01, 0x58, 0x12, 0x10, 0x40, 0x02, 0x04, 0x80, 0x02, 0x90, 0x46, 0x10, 0x20, 0x00,
  0x20, 0x20, 0x02, 0x84, 0x80, 0x44, 0x00, 0x60, 0x40, 0x20, 0x01, 0x42, 0x00, 0x11, 0x00, 0x00,
  0x40, 0x30, 0x00, 0x00, 0x00, 0x00, 0x04, 0x00, 0x40, 0x30, 0x00, 0x40, 0x01, 0x04, 0x48, 0x00,
  0x42, 0x10, 0x01, 0x58, 0x44, 0x05, 0x00, 0x36, 0x20, 0x00, 0x00, 0x42, 0x61, 0x05, 0x04, 0x00,
  0x10, 0x00, 0x00, 0x22, 0x20, 0x00, 0x04, 0x00, 0x00, 0x00, 0x00, 0x30, 0x6E, 0x52, 0x2A, 0x42,
  0x28, 0x00, 0x02, 0x50, 0x01, 0x51, 0x04, 0x52, 0x40, 0x00, 0x00, 0x50, 0x00, 0x91, 0x01, 0x30,
  0x54, 0x00, 0x00, 0x50, 0x00, 0x13, 0x00, 0x00, 0x00, 0x00, 0x00, 0x00, 0x00, 0x00, 0x00, 0x00,
  0x01, 0x00, 0x00, 0x00, 0x80, 0x00, 0x04, 0x00, 0x02, 0x00, 0x28, 0x02, 0x90, 0x20, 0x26, 0x80,
  0x00, 0x01, 0x48, 0x80, 0x30, 0x00, 0xA6, 0xD0, 0x00, 0x00, 0x21, 0x00, 0x90, 0x00, 0x06, 0x04,
  0x20, 0x40, 0x08, 0x00, 0x80, 0x00, 0x26, 0x4A, 0x40, 0xA0, 0x08, 0x00, 0x20, 0x00, 0x26, 0x0A,
  0x00, 0x01, 0x20, 0x88, 0x20, 0x00, 0x16, 0x18, 0x08, 0x00, 0xAA, 0x20, 0x80, 0x00, 0xA6, 0x08,
  0x21, 0x01, 0x28, 0x30, 0xA0, 0x04, 0x26, 0x25, 0x80, 0x08, 0x00, 0x40, 0x00, 0x00, 0x26, 0x04,
  0x41, 0x00, 0x40, 0x30, 0x90, 0x00, 0x06, 0x20, 0x01, 0xA0, 0x14, 0x10, 0x80, 0x00, 0x06, 0x80,
  0x21, 0x00, 0x02, 0x11, 0x90, 0x00, 0x16, 0x06, 0x00, 0x10, 0x00, 0x82, 0x10, 0x00, 0x00, 0x02,
  0x80, 0x28, 0x80, 0x08, 0x80, 0x02, 0x06, 0x25, 0x62, 0x00, 0x00, 0x40, 0x88, 0x20, 0x00, 0x06,
  0x02, 0x10, 0x42, 0xC0, 0x0A, 0x80, 0x04, 0x86, 0x30, 0x80, 0x02, 0x00, 0x20, 0x80, 0x00, 0x02,
  0x00, 0x02, 0x00, 0x40, 0x00, 0x00, 0x00, 0x00, 0x04, 0x01, 0x90, 0x22, 0x00, 0x10, 0x00, 0x01,
  0x00, 0x02, 0x20, 0x40, 0x08, 0x20, 0x00, 0x06, 0x00, 0x00, 0x28, 0x88, 0x00, 0x00, 0x00, 0x26,
  0x54, 0x00, 0x00, 0x02, 0x30, 0x00, 0x00, 0x11, 0x00, 0x00, 0x00, 0x08, 0x20, 0x00, 0x00, 0x00,
  0x00, 0x40, 0x02, 0x28, 0x28, 0x00, 0x00, 0x25, 0x04, 0x62, 0x00, 0x80, 0x08, 0x20, 0x00, 0x06,
  0x01, 0x48, 0x10, 0x00, 0x40, 0x20, 0x00, 0x16, 0x18, 0x00, 0x00, 0x34, 0x80, 0x20, 0x00, 0x10,
  0x84, 0x40, 0x00, 0x26, 0x00, 0x20, 0x00, 0x00, 0x00, 0x01, 0x10, 0x04, 0x00, 0x20, 0x20, 0x06,
  0x00, 0x08, 0x10, 0x48, 0x00, 0x20, 0x00, 0x00, 0x00, 0x10, 0x00, 0x00, 0x08, 0x00, 0x00, 0x00,
  0x00, 0x00, 0x00, 0x00, 0x00, 0x00, 0x00, 0x00, 0x00, 0x00, 0x00, 0x00, 0x20, 0x00, 0x00, 0x00,
  0x00, 0x00, 0x01, 0x01, 0x00, 0x08, 0x08, 0x00, 0x00, 0x00, 0x02, 0x84, 0xA1, 0x08, 0x08, 0x22,
  0x00, 0x01, 0x02, 0x07, 0x62, 0x28, 0x10, 0x40, 0x00, 0x00, 0x10, 0x00, 0x23, 0x12, 0x8A, 0x00,
  0x20, 0x00, 0x82, 0x10, 0x20, 0x24, 0x00, 0x00, 0x20, 0x00, 0x02, 0x20, 0x40, 0x28, 0x08, 0x48,
  0x20, 0x00, 0x00, 0x10, 0x00, 0x48, 0x08, 0x60, 0x00, 0x00, 0x02, 0x40, 0x20, 0x08, 0x08, 0x00,
  0x00, 0x08, 0x02, 0x80, 0x81, 0x88, 0x40, 0x00, 0x00, 0x00, 0x00, 0x00, 0xA0, 0x40, 0x15, 0x01,
  0x00, 0x00, 0x04, 0x14, 0x40, 0x80, 0x00, 0x02, 0x00, 0x00, 0x00, 0x04, 0x60, 0x81, 0x20, 0x84,
  0x00, 0x02, 0x00, 0x28, 0x63, 0x80, 0x04, 0x20, 0x00, 0x00, 0x04, 0x82, 0x20, 0x28, 0x81, 0x08,
  0x00, 0x01, 0x04, 0x20, 0x20, 0x48, 0x00, 0x08, 0x00, 0x00, 0x00, 0x04, 0x24, 0x40, 0x20, 0x09,
  0x00, 0x20, 0x08, 0x04, 0x04, 0x00, 0x20, 0x09, 0x00, 0x20, 0x00, 0x04, 0x02, 0x40, 0x08, 0x08,
  0x28, 0x00, 0x00, 0x40, 0x8A, 0x60, 0x28, 0x08, 0x80, 0x00, 0x00, 0x80, 0x8C, 0x22, 0x04, 0x09,
  0x00, 0x00, 0x00, 0x04, 0x12, 0x60, 0x01, 0x00, 0x00, 0x00, 0x00, 0x00, 0x40, 0x80, 0x04, 0x0A,
  0x09, 0x00, 0x00, 0x80, 0x00, 0x20, 0x20, 0x40, 0x24, 0x20, 0x00, 0x01, 0x00, 0x01, 0x28, 0x08,
  0x04, 0x20, 0x00, 0x02, 0x40, 0x20, 0x01, 0x90, 0x80, 0x20, 0x00, 0x40, 0x11, 0x00, 0x24, 0x00,
  0x25, 0x00, 0x00, 0x00, 0x00, 0x40, 0x28, 0x09, 0x00, 0x20, 0x00, 0x09, 0x02, 0x81, 0x28, 0x21,
  0x00, 0x20, 0x00, 0x6D, 0x00, 0x20, 0x20, 0x81, 0x02, 0x20, 0x01, 0x04, 0x04, 0x20, 0x28, 0x00,
  0x80, 0x20, 0x01, 0x05, 0x14, 0x60, 0x30, 0x01, 0x00, 0x20, 0x00, 0x44, 0x40, 0x20, 0x20, 0x00,
  0x00, 0x00, 0x00, 0x00, 0x00, 0x00, 0x00, 0x00, 0x00, 0x80, 0x00, 0x00, 0x20, 0x00, 0x00, 0x00,
  0x00, 0x00, 0x04, 0x81, 0x20, 0x0A, 0x80, 0x25, 0x11, 0x10, 0x04, 0x00, 0x20, 0x02, 0x00, 0x00,
  0x00, 0x09, 0x02, 0x20, 0x20, 0x00, 0x00, 0x00, 0x00, 0x08, 0x06, 0x01, 0x00, 0x01, 0x00, 0x04,
  0x85, 0x00, 0x04, 0x00, 0x00, 0x01, 0x00, 0x24, 0x40, 0x00, 0x00, 0x00, 0x00, 0x01, 0x00, 0x10,
  0x41, 0x04, 0x04, 0x00, 0x28, 0x00, 0x30, 0xA1, 0x10, 0x80, 0x04, 0x10, 0x28, 0x01, 0x00, 0x04,
  0x04, 0x04, 0x00, 0x40, 0xA8, 0x00, 0x00, 0x00, 0xB0, 0x14, 0x86, 0x88, 0x20, 0x00, 0x00, 0x80,
  0x50, 0x00, 0x01, 0x00, 0x00, 0x00, 0x00, 0x14, 0x44, 0x00, 0x00, 0x01, 0x20, 0x00, 0x00, 0x02,
  0x01, 0x8C, 0x08, 0x48, 0x20, 0x00, 0x98, 0xC0, 0x11, 0x14, 0x04, 0x01, 0x28, 0x00, 0x00, 0x84,
  0x08, 0x00, 0x00, 0x00, 0x04, 0x28, 0x00, 0x40, 0x80, 0x40, 0x08, 0x00, 0x84, 0x00, 0x00, 0x00,
  0x00, 0x44, 0x10, 0x82, 0x82, 0x00, 0x00, 0x04, 0x08, 0x08, 0x00, 0x00, 0x00, 0x00, 0x02, 0x90,
  0x80, 0x00, 0x02, 0x80, 0x00, 0x20, 0x01, 0x01, 0x80, 0x01, 0x18, 0x00, 0x00, 0x28, 0x00, 0x00,
  0x44, 0x11, 0x04, 0x05, 0x00, 0xA8, 0x00, 0x00, 0x01, 0x04, 0x0A, 0x00, 0x01, 0xA8, 0x01, 0x01,
  0x44, 0x00, 0x00, 0x00, 0x00, 0x80, 0x00, 0x02, 0x01, 0x00, 0x00, 0x84, 0x00, 0x80, 0x01, 0x00,
  0xC5, 0x10, 0x04, 0x02, 0x20, 0x80, 0x01, 0x00, 0x00, 0x00, 0x28, 0x04, 0x41, 0xA8, 0x00, 0x40,
  0x11, 0x04, 0x00, 0x02, 0x00, 0x88, 0x00, 0x40, 0x24, 0x00, 0x00, 0x04, 0x00, 0x88, 0x02, 0x00,
  0x21, 0x04, 0x04, 0x45, 0x00, 0x88, 0x09, 0x00, 0x00, 0x41, 0x11, 0x10, 0x20, 0x88, 0x03, 0x04,
  0x80, 0x81, 0x1A, 0x82, 0x00, 0x08, 0x03, 0x00, 0x80, 0x10, 0x00, 0x00, 0x00, 0x00, 0x00, 0x00,
  0x00, 0x00, 0x00, 0x00, 0x24, 0x00, 0x00, 0x00, 0x10, 0x04, 0x00, 0x00, 0x00, 0x00, 0x01, 0x00,
  0x48, 0x40, 0x00, 0x00, 0x11, 0x00, 0x01, 0x00, 0x20, 0x40, 0x00, 0x00, 0x40, 0x00, 0x00, 0x08,
  0x04, 0x84, 0x00, 0x00, 0x64, 0x20, 0x01, 0x24, 0x08, 0x41, 0x00, 0x00, 0x91, 0x00, 0x00, 0x14,
  0x00, 0x40, 0x00, 0x00, 0x40, 0x00, 0x00, 0x00, 0x00, 0x04, 0x00, 0x00, 0xA0, 0x10, 0x03, 0x54,
  0x40, 0x40, 0x00, 0x02, 0x00, 0x00, 0x00, 0x14, 0x00, 0x40, 0x00, 0x00, 0x00, 0x00, 0x00, 0x04,
  0x40, 0x45, 0x00, 0x00, 0x49, 0x00, 0x01, 0x20, 0x00, 0x46, 0x40, 0x00, 0x00, 0x00, 0x00, 0x10,
  0x00, 0x00, 0x00, 0x00, 0x00, 0x00, 0x04, 0x00, 0x00, 0x04, 0x00, 0x00, 0x50, 0x80, 0x0A, 0x20,
  0x08, 0x05, 0x00, 0x00, 0x11, 0x10, 0x23, 0x48, 0xD2, 0x03, 0x00, 0x00, 0x10, 0x00, 0x00, 0x01,
  0x20, 0x00, 0x00, 0x00, 0x00, 0x20, 0x20, 0x0B, 0x60, 0x04, 0x80, 0x00, 0x00, 0x01, 0x00, 0x40,
  0x91, 0x02, 0x04, 0x08, 0x00, 0x00, 0x00, 0x06, 0x48, 0x00, 0x42, 0x00, 0x00, 0x22, 0x10, 0x00,
  0x00, 0x00, 0x44, 0x00, 0x00, 0x40, 0x80, 0x02, 0x01, 0x12, 0x04, 0x01, 0x00, 0x48, 0x20, 0x11,
  0x00, 0x00, 0x00, 0x00, 0x00, 0x00, 0x10, 0x00, 0x18, 0x42, 0x04, 0x00, 0x00, 0x90, 0x10, 0x00,
  0x10, 0x40, 0x00, 0x08, 0x00, 0x00, 0x00, 0x40, 0x20, 0x00, 0x40, 0x40, 0x00, 0x81, 0x00, 0x00,
  0x01, 0x4A, 0x04, 0x50, 0x00, 0x40, 0x10, 0x04, 0x00, 0x04, 0x04, 0x80, 0x00, 0x50, 0x10, 0x00,
  0x00, 0x04, 0x04, 0x08, 0x02, 0x05, 0x80, 0x46, 0x01, 0x14, 0x46, 0x08, 0x00, 0x60, 0x00, 0x04,
  0x20, 0x00, 0x40, 0x01, 0x00, 0x40, 0x00, 0x04, 0x20, 0x00, 0x41, 0x01, 0x00, 0x40, 0x00, 0x20,
  0x20, 0x06, 0x05, 0x02, 0x00, 0x50, 0x20, 0x00, 0x00, 0x00, 0x00, 0x00, 0x00, 0x00, 0x00, 0x00,
  0xC1, 0x00, 0x00, 0x00, 0x0A, 0x08, 0x00, 0x00, 0x40, 0x00, 0x08, 0x20, 0x00, 0x88, 0x12, 0x00,
  0x01, 0x10, 0x00, 0x05, 0x00, 0x88, 0x30, 0x00, 0x40, 0x30, 0x88, 0x00, 0x08, 0x44, 0x20, 0x00,
  0xA0, 0x00, 0x08, 0x00, 0x09, 0x08, 0x02, 0x01, 0x40, 0x10, 0x00, 0x00, 0x00, 0x80, 0x00, 0x00,
  0x02, 0x10, 0x20, 0x09, 0x00, 0x08, 0x02, 0x00, 0xC4, 0x00, 0x08, 0x00, 0x08, 0x88, 0x22, 0x04,
  0x82, 0x10, 0x00, 0x00, 0x00, 0x88, 0x00, 0x02, 0xC0, 0x90, 0x00, 0x00, 0x00, 0x48, 0x00, 0x00,
  0xA1, 0x30, 0x00, 0x00, 0x08, 0x85, 0x00, 0x00, 0x00, 0x00, 0x00, 0x00, 0x00, 0x80, 0x00, 0x04,
  0x80, 0x00, 0x00, 0x32, 0x80, 0x08, 0x00, 0x04, 0xA0, 0x20, 0x96, 0x02, 0x89, 0x04, 0x00, 0x04,
  0x21, 0x40, 0x0C, 0x08, 0x02, 0x48, 0x49, 0x02, 0x45, 0x30, 0x00, 0x00, 0x00, 0x08, 0x88, 0x00,
  0x00, 0x00, 0x10, 0x84, 0x00, 0x00, 0x00, 0x00, 0x02, 0xC4, 0x00, 0x00, 0x80, 0x22, 0x48, 0x10,
  0x03, 0x40, 0x30, 0x04, 0x28, 0x80, 0xC2, 0x00, 0x00, 0x80, 0x80, 0x00, 0x28, 0x18, 0xC0, 0x00,
  0x00, 0x83, 0x20, 0x01, 0x01, 0x00, 0x04, 0x01, 0x00, 0x20, 0x20, 0x00, 0x00, 0x00, 0x00, 0x00,
  0x00, 0x00, 0x00, 0x00, 0x00, 0x00, 0x00, 0x00, 0x00, 0x60, 0x10, 0x00, 0x10, 0x82, 0x08, 0x00,
  0x00, 0x40, 0x10, 0x80, 0x05, 0x02, 0x08, 0x00, 0x04, 0x01, 0x30, 0x90, 0x28, 0x09, 0x04, 0x00,
  0x00, 0x85, 0x00, 0x0A, 0x02, 0x88, 0x08, 0x02, 0x00, 0x20, 0x00, 0x08, 0x50, 0x00, 0x08, 0x20,
  0x00, 0x00, 0x20, 0x02, 0x04, 0x00, 0x0E, 0x21, 0x20, 0x20, 0x00, 0x00, 0x03, 0x00, 0x48, 0x20,
  0x00, 0x02, 0x20, 0x00, 0x09, 0x08, 0x88, 0x01, 0x00, 0x82, 0x90, 0x00, 0x11, 0x00, 0x46, 0x01,
  0x04, 0x60, 0x00, 0x00, 0x00, 0x00, 0x00, 0x00, 0x00, 0x00, 0x00, 0x00, 0x02, 0x00, 0x00, 0x00,
  0x00, 0x04, 0x10, 0x01, 0x00, 0x00, 0x00, 0x20, 0x02, 0x50, 0x00, 0x02, 0x00, 0x00, 0x00, 0x14,
  0x0A, 0x60, 0x08, 0x00, 0x02, 0x40, 0x00, 0x01, 0x00, 0x00, 0x00, 0x00, 0x40, 0x00, 0x00, 0x01,
  0x00, 0x40, 0x60, 0x08, 0x00, 0x00, 0x00, 0x11, 0x12, 0x40, 0x00, 0x00, 0x41, 0x00, 0x20, 0x4C,
  0x11, 0x04, 0x20, 0x08, 0x00, 0x20, 0x20, 0x09, 0x00, 0x60, 0x00, 0x00, 0x42, 0x00, 0x00, 0x11,
  0x12, 0x40, 0x10, 0x08, 0x01, 0x00, 0x00, 0x41, 0x00, 0x04, 0x00, 0x04, 0x80, 0x80, 0x00, 0x00,
  0x00, 0x40, 0x00, 0x04, 0x01, 0x00, 0x00, 0x10, 0x02, 0x00, 0x00, 0x00, 0x01, 0x00, 0x00, 0x01,
  0x03, 0x14, 0x00, 0x00, 0x82, 0x10, 0x01, 0x0E, 0xC1, 0x80, 0x10, 0x00, 0x00, 0x00, 0x00, 0x12,
  0x00, 0x10, 0x60, 0x00, 0x00, 0x80, 0x00, 0x00, 0x00, 0x00, 0x20, 0x00, 0x04, 0x00, 0x00, 0x00,
  0x00, 0x00, 0x00, 0x80, 0x08, 0x08, 0x00, 0x00, 0x00, 0x22, 0x00, 0x00, 0x00, 0x01, 0x80, 0x00,
  0x01, 0x84, 0x00, 0x00, 0x04, 0x00, 0x10, 0x00, 0x00, 0x00, 0x04, 0x00, 0x00, 0x00, 0x10, 0x20,
  0x00, 0x00, 0x80, 0x00, 0x00, 0x60, 0x00, 0x08, 0x00, 0x00, 0x00, 0x00, 0x08, 0x00, 0x10, 0x00,
  0x01, 0x08, 0x88, 0x00, 0x00, 0x04, 0x00, 0x00, 0x02, 0x02, 0x00, 0x02, 0x01, 0x08, 0x40, 0x01,
  0x0C, 0x24, 0x40, 0x00, 0x00, 0x08, 0x00, 0x00, 0x00, 0x00, 0x80, 0x20, 0x00, 0x10, 0x10, 0x28,
  0x44, 0xC0, 0x18, 0x20, 0x00, 0x00, 0x20, 0x20, 0x41, 0x02, 0x14, 0x01, 0x08, 0x40, 0x10, 0x24,
  0x49, 0x02, 0x60, 0x00, 0x08, 0x82, 0x40, 0x04, 0x54, 0x20, 0x10, 0x01, 0x00, 0x86, 0x10, 0x01,
  0x0C, 0x00, 0x50, 0x00, 0x00, 0x06, 0x00, 0x05, 0x00, 0x02, 0x00, 0x40, 0x00, 0x22, 0x00, 0x00,
  0x00, 0x00, 0x00, 0x00, 0x00, 0x00, 0x00, 0x00, 0x2A, 0x00, 0x00, 0x00, 0x80, 0x20, 0x02, 0x00,
  0x00, 0x00, 0x20, 0x04, 0x00, 0x00, 0x00, 0x04, 0x00, 0x60, 0x00, 0x10, 0x00, 0x00, 0x40, 0x00,
  0x00, 0x00, 0x00, 0x00, 0x00, 0x00, 0x40, 0x04, 0x04, 0x10, 0x20, 0x00, 0x10, 0x20, 0x00, 0x00,
  0x00, 0x20, 0x00, 0x00, 0x04, 0x00, 0x00, 0x00, 0x04, 0xA0, 0x00, 0x20, 0x08, 0x50, 0x00, 0x00,
  0x00, 0x00, 0x00, 0x10, 0x04, 0x00, 0x50, 0x00, 0x02, 0xA0, 0x00, 0x00, 0x04, 0x10, 0x04, 0x00,
  0x00, 0x20, 0x00, 0x10, 0x04, 0x10, 0x20, 0x00, 0x20, 0x00, 0x00, 0x00, 0x00, 0x00, 0x20, 0x01,
  0x00, 0x80, 0x00, 0x00, 0x00, 0x00, 0x00, 0x00, 0x00, 0x80, 0x04, 0x00, 0x41, 0x40, 0x00, 0x00,
  0x12, 0x00, 0x00, 0x00, 0x00, 0x00, 0x48, 0x02, 0x20, 0x10, 0x20, 0x10, 0x06, 0x00, 0x04, 0x00,
  0x14, 0x00, 0x00, 0x00, 0x00, 0x00, 0x00, 0x00, 0x00, 0x88, 0x00, 0x10, 0x00, 0x02, 0x42, 0xC0,
  0x00, 0x10, 0x00, 0x22, 0x19, 0x84, 0x16, 0x89, 0x04, 0x28, 0x00, 0x00, 0x00, 0x00, 0x00, 0x00,
  0x00, 0x01, 0x00, 0x00, 0x00, 0x80, 0x00, 0x00, 0x04, 0x44, 0x00, 0x08, 0x00, 0x80, 0x00, 0x00,
  0x00, 0x05, 0x10, 0x00, 0x10, 0x00, 0x00, 0x00, 0x00, 0x80, 0x00, 0x00, 0x08, 0x00, 0x00, 0x00,
  0x00, 0x21, 0x80, 0x00, 0x08, 0x88, 0x10, 0x00, 0x00, 0x05, 0x80, 0x00, 0x00, 0x08, 0x10, 0x20,
  0x02, 0x40, 0x20, 0x00, 0x01, 0x00, 0x00, 0x04, 0x04, 0x64, 0x40, 0x01, 0x29, 0x04, 0x00, 0x40,
  0x06, 0x63, 0x80, 0x02, 0x10, 0x00, 0x00, 0x40, 0x02, 0x01, 0x00, 0x00, 0x10, 0x40, 0x00, 0x40,
  0x42, 0x00, 0x90, 0x00, 0x00, 0x0A, 0x80, 0x40, 0x06, 0x00, 0x20, 0x04, 0x00, 0x00, 0x00, 0x40,
  0x04, 0x40, 0x20, 0x00, 0x00, 0x00, 0x02, 0x00, 0x02, 0x02, 0x90, 0x00, 0x00, 0x00, 0x00, 0x00,
  0x00, 0x00, 0x00, 0x00, 0x00, 0x00, 0x04, 0x00, 0x40, 0x00, 0x00, 0x10, 0x00, 0x00, 0x10, 0x10,
  0x04, 0x00, 0x08, 0x10, 0x04, 0x42, 0x00, 0x10, 0x44, 0x00, 0x40, 0xA8, 0x02, 0x02, 0x80, 0x50,
  0x40, 0x00, 0x00, 0x80, 0x05, 0x46, 0x00, 0x10, 0x03, 0x00, 0x00, 0x60, 0x00, 0x08, 0x80, 0x00,
  0x00, 0x00, 0x28, 0x88, 0x02, 0x02, 0x20, 0x10, 0x86, 0x00, 0x48, 0x90, 0x00, 0x08, 0x00, 0x00,
  0x00, 0x00, 0x20, 0x80, 0x22, 0x88, 0x00, 0x10, 0x84, 0x00, 0x48, 0x80, 0x00, 0x08, 0x00, 0x00,
  0x44, 0x00, 0x48, 0x90, 0x00, 0x00, 0x50, 0x00, 0x01, 0x00, 0x02, 0x10, 0x00, 0x00, 0x80, 0x00,
  0x00, 0x00, 0x00, 0x08, 0x00, 0x08, 0x40, 0x00, 0x00, 0x00, 0x10, 0x88, 0x00, 0x80, 0x80, 0x00,
  0x80, 0x00, 0x40, 0x40, 0x04, 0x00, 0x08, 0x20, 0x08, 0x02, 0x00, 0x88, 0x10, 0x00, 0x00, 0x00,
  0x00, 0x00, 0x00, 0x00, 0x00, 0x00, 0x00, 0x46, 0x20, 0x01, 0x00, 0x00, 0x00, 0x08, 0x08, 0x42,
  0x00, 0x80, 0x01, 0x18, 0x80, 0x10, 0x00, 0x00, 0x00, 0x04, 0x00, 0x00, 0x48, 0x10, 0x08, 0x80,
  0x00, 0x08, 0x02, 0x00, 0x88, 0x00, 0x8A, 0x00, 0x10, 0x02, 0x00, 0x18, 0x00, 0x00, 0x00, 0x00,
  0x00, 0x00, 0x00, 0x00, 0x80, 0x00, 0x08, 0x20, 0x00, 0x00, 0x00, 0x01, 0x80, 0x00, 0x02, 0x20,
  0x00, 0x00, 0x00, 0x00, 0x80, 0x00, 0x00, 0x00, 0x20, 0x82, 0x00, 0x40, 0x10, 0x00, 0x81, 0xA0,
  0x00, 0x08, 0x00, 0x02, 0x84, 0x01, 0x00, 0x00, 0x50, 0x0A, 0x80, 0x44, 0x00, 0x2A, 0x48, 0x00,
  0x00, 0x00, 0x02, 0x00, 0x94, 0x25, 0x04, 0x00, 0x00, 0x00, 0x00, 0x40, 0x70, 0x24, 0x80, 0x00,
  0x00, 0x0A, 0x00, 0x08, 0x20, 0x20, 0x18, 0x50, 0x00, 0x10, 0x40, 0x44, 0x10, 0x00, 0x00, 0x40,
  0x00, 0x00, 0x00, 0x00, 0x10, 0x14, 0x80, 0x00, 0x00, 0x00, 0x00, 0x00, 0x00, 0x00, 0x00, 0x00,
  0x20, 0x00, 0x00, 0x00, 0x00, 0x00, 0x00, 0x20, 0x00, 0x00, 0x00, 0x80, 0x40, 0x00, 0x50, 0x40,
  0x10, 0x00, 0x00, 0x40, 0x00, 0x00, 0x80, 0x00, 0x02, 0x20, 0x00, 0x00, 0x00, 0x00, 0x01, 0x00,
  0x00, 0x20, 0x00, 0x00, 0x08, 0x00, 0x60, 0x00, 0x00, 0x05, 0x20, 0x00, 0x00, 0x00, 0x10, 0x00,
  0x01, 0x20, 0x00, 0x40, 0x10, 0x40, 0x10, 0x00, 0x02, 0x20, 0x00, 0x20, 0x08, 0x00, 0x00, 0x00,
  0x01, 0x24, 0x80, 0x40, 0x10, 0x00, 0x10, 0x00, 0x02, 0x24, 0x00, 0x00, 0x10, 0x00, 0x11, 0x00,
  0x06, 0x00, 0x20, 0x00, 0x02, 0x00, 0x16, 0x80, 0x0C, 0x00, 0x08, 0x00, 0x00, 0x00, 0x02, 0x40,
  0x02, 0x02, 0x00, 0x00, 0x0A, 0x00, 0x00, 0x00, 0x02, 0x08, 0x04, 0x80, 0x20, 0x40, 0x10, 0x00,
  0x08, 0x00, 0x44, 0x00, 0x00, 0x80, 0x00, 0x20, 0x01, 0x50, 0x00, 0x20, 0x00, 0x00, 0x00, 0x00,
  0x50, 0x00, 0x00, 0x50, 0x80, 0x02, 0x00, 0x01, 0x00, 0x00, 0x00, 0x04, 0x00, 0x00, 0x00, 0x00,
  0x20, 0x00, 0x00, 0x82, 0x00, 0x00, 0x00, 0x00, 0x00, 0x01, 0x22, 0x00, 0x00, 0xA2, 0x00, 0x08,
  0x00, 0x02, 0x10, 0x09, 0x00, 0x80, 0x02, 0x01, 0x80, 0x01, 0x52, 0x80, 0x00, 0x04, 0x00, 0x00,
  0x18, 0x00, 0x05, 0x80, 0x00, 0x00, 0x40, 0x20, 0x10, 0x00, 0x20, 0x80, 0x00, 0x80, 0x00, 0x00,
  0x10, 0x00, 0x24, 0x00, 0x80, 0x00, 0x00, 0x00, 0x80, 0x00, 0x28, 0x00, 0x20, 0x24, 0x80, 0xA0,
  0x10, 0x00, 0x10, 0x24, 0x00, 0x00, 0x00, 0x90, 0x90, 0x00, 0x50, 0x00, 0x00, 0x02, 0x00, 0x00,
  0x02, 0x00, 0x14, 0x00, 0x00, 0x00, 0x00, 0x00, 0x00, 0x02, 0x0A, 0x20, 0x00, 0x21, 0x40, 0x60,
  0x00, 0x00, 0x00, 0x00, 0x00, 0x02, 0x00, 0x20, 0x00, 0x00, 0x25, 0x00, 0x00, 0x02, 0x80, 0x00,
  0x00, 0x02, 0x00, 0x00, 0x00, 0x00, 0x00, 0x00, 0x00, 0x00, 0x00, 0x00, 0x10, 0x00, 0x00, 0x00,
  0x40, 0x00, 0x00, 0x00, 0x00, 0x00, 0x80, 0x00, 0x00, 0x00, 0x00, 0x20, 0x01, 0x10, 0x00, 0x00,
  0x88, 0x80, 0x12, 0x08, 0x02, 0x20, 0x00, 0x22, 0x80, 0x40, 0x00, 0x20, 0x02, 0x00, 0x90, 0x00,
  0x80, 0x00, 0x02, 0x00, 0x01, 0x30, 0x00, 0x00, 0x80, 0x00, 0x00, 0x20, 0x00, 0x80, 0x08, 0x00,
  0x80, 0x80, 0x01, 0x28, 0x00, 0x28, 0x04, 0x00, 0x40, 0x00, 0x20, 0x20, 0x22, 0x00, 0x00, 0x00,
  0x80, 0x00, 0x00, 0x20, 0x00, 0x20, 0x00, 0x00, 0x80, 0x40, 0x00, 0x28, 0x00, 0x90, 0x00, 0x00,
  0x00, 0x40, 0x00, 0x40, 0x01, 0x26, 0x00, 0x00, 0x00, 0x40, 0x00, 0x80, 0x20, 0x41, 0x00, 0x00,
  0x11, 0x00, 0x05, 0x00, 0x00, 0x08, 0xA0, 0x00, 0x08, 0x80, 0x02, 0x10, 0x00, 0x18, 0x02, 0x00,
  0x80, 0x02, 0x01, 0x10, 0x04, 0x80, 0x00, 0x08, 0x00, 0x00, 0x00, 0x12, 0x00, 0x00, 0x01, 0x22,
  0x00, 0x00, 0x40, 0x00, 0x00, 0x01, 0x98, 0x01, 0x00, 0x80, 0x00, 0x01, 0x80, 0x08, 0x18, 0x06,
  0x00, 0x80, 0x40, 0x01, 0x80, 0x20, 0x81, 0x04, 0x00, 0x80, 0x82, 0x11, 0x80, 0x00, 0x00, 0x00,
  0x00, 0x10, 0x00, 0x40, 0x40, 0x00, 0x80, 0x00, 0x00, 0x02, 0x00, 0x12, 0x00, 0x82, 0x00, 0x08,
  0x00, 0x80, 0x00, 0x02, 0x28, 0x00, 0x00, 0x00, 0x00, 0x20, 0x00, 0x00, 0x08, 0x00, 0x00, 0x00,
  0x00, 0x80, 0x80, 0x12, 0x40, 0x01, 0x00, 0x00, 0x00, 0x80, 0x80, 0x01, 0x28, 0x80, 0x04, 0x20,
  0x40, 0x00, 0x02, 0x01, 0x80, 0x03, 0x01, 0x00, 0x00, 0x00, 0x00, 0x00, 0x08, 0x02, 0x20, 0x06,
  0x00, 0x84, 0x40, 0x41, 0x08, 0x06, 0x18, 0x20, 0x00, 0x80, 0x80, 0x00, 0x00, 0x20, 0x04, 0x80,
  0x00, 0x80, 0x00, 0x00, 0x88, 0x12, 0x00, 0x88, 0x00, 0x80, 0x00, 0x13, 0x28, 0x20, 0x10, 0x00,
  0x00, 0x00, 0x00, 0x00, 0x00, 0x00, 0x00, 0x00, 0x10, 0x00, 0x04, 0x00, 0x00, 0x00, 0x00, 0x00,
  0x00, 0x04, 0x80, 0x00, 0x00, 0x01, 0x00, 0x80, 0x00, 0x1C, 0x80, 0x00, 0x40, 0x00, 0x00, 0x00,
  0x00, 0x1C, 0x00, 0x00, 0x00, 0x80, 0x01, 0x44, 0x00, 0x10, 0x01, 0x00, 0xC0, 0x01, 0x00, 0x00,
  0x05, 0x20, 0x40, 0x00, 0x80, 0x00, 0x40, 0x10, 0x04, 0x18, 0x00, 0x00, 0x02, 0x01, 0x01, 0x00,
  0x00, 0x10, 0x05, 0x00, 0xC0, 0x00, 0x00, 0x44, 0x00, 0x14, 0x00, 0x00, 0x00, 0x01, 0x00, 0x44,
  0x11, 0x10, 0x00, 0x00, 0x00, 0x80, 0x41, 0x00, 0x10, 0x12, 0x00, 0x00, 0x00, 0x40, 0x00, 0x40,
  0x00, 0x08, 0x04, 0x00, 0x48, 0x80, 0x01, 0x80, 0x20, 0x00, 0x00, 0x00, 0xC0, 0x00, 0x01, 0x48,
  0x00, 0x02, 0x20, 0x20, 0x1A, 0x01, 0x00, 0x44, 0x00, 0x18, 0x22, 0x80, 0xA0, 0x40, 0x51, 0x00,
  0x05, 0x00, 0x04, 0x80, 0x00, 0x00, 0x00, 0x00, 0x00, 0x11, 0x0A, 0x00, 0x00, 0x00, 0x40, 0x01,
  0x00, 0x20, 0x14, 0x08, 0x00, 0x00, 0x00, 0x21, 0x04, 0x11, 0x1C, 0x20, 0x00, 0xC0, 0x82, 0x28,
  0x40, 0x00, 0x10, 0x08, 0x00, 0x00, 0x00, 0x01, 0x40, 0x00, 0x10, 0x04, 0x00, 0x04, 0x00, 0x04,
  0x44, 0x00, 0x00, 0x00, 0x00, 0x00, 0x00, 0x00, 0x48, 0x01, 0x00, 0x00, 0x00, 0x80, 0x40, 0x01,
  0x00, 0x00, 0x1C, 0x40, 0x00, 0x00, 0x00, 0x00, 0x08, 0x00, 0x18, 0x00, 0x00, 0x00, 0x01, 0x00,
  0x40, 0x00, 0x11, 0x41, 0x00, 0x82, 0x00, 0x11, 0x00, 0x05, 0x5C, 0xA2, 0x00, 0x40, 0x02, 0x01,
  0x40, 0x00, 0x00, 0x00, 0xA0, 0x04, 0x00, 0x20, 0x08, 0x02, 0x80, 0x22, 0x00, 0x80, 0x02, 0x81,
  0x00, 0x00, 0x80, 0x80, 0x00, 0x80, 0x01, 0x00, 0xA4, 0x11, 0x21, 0x00, 0x00, 0x8C, 0x41, 0x00,
  0x80, 0x21, 0x18, 0x00, 0x00, 0x84, 0x40, 0x02, 0x80, 0x10, 0x10, 0x00, 0x00, 0x00, 0x00, 0x00,
  0x00, 0x00, 0x00, 0x00, 0x00, 0x00, 0x00, 0x00, 0x00, 0x00, 0x00, 0x00, 0x00, 0x02, 0x77, 0x22,
  0x78, 0xDC, 0xCF, 0x03, 0xAC, 0xA0, 0x05, 0x56, 0x66, 0x62, 0x77, 0x20, 0x0C, 0xC1, 0x1D, 0xD0,
  0x00, 0x00, 0x0C, 0xCF, 0xFD, 0xBF, 0xFD, 0x7F, 0xFD, 0x7F, 0xF7, 0xD7, 0xDF, 0xFA, 0x0F, 0x5F,
  0x0F, 0x0C, 0xCF, 0x03, 0x0F, 0xC0, 0xC0, 0xC6, 0x60, 0xF5, 0x0F, 0xA4, 0x44, 0x44, 0x44, 0x48,
  0xBB, 0x80, 0x0C, 0xCA, 0xA5, 0x58, 0x8D, 0xDD, 0x78, 0x2C, 0xCF, 0x00, 0x0C, 0xC4, 0x44, 0x4C,
  0xCC, 0xC0, 0x0F, 0xF3, 0x0F, 0xC8, 0xBB, 0x8F, 0xFF, 0xFA, 0xA5, 0x5C, 0x3C, 0xCC, 0x3C, 0xCC,
  0x3C, 0xCC, 0x3C, 0xCC, 0x3C, 0xCC, 0x3C, 0xCC, 0x3C, 0xC5, 0x6F, 0xDC, 0x3F, 0xF6, 0x66, 0x6A,
  0xA9, 0xA5, 0x69, 0xAA, 0x0F, 0x5A, 0x0A, 0x06, 0x66, 0x6C, 0xCF, 0xFA, 0xAC, 0x30, 0x0A, 0xA5,
  0x50, 0x00, 0x03, 0x0F, 0xCF, 0xFF, 0xF0, 0xCF, 0xCF, 0xFF, 0xF9, 0x99, 0x9F, 0x0F, 0x0C, 0xC4,
  0x40, 0x5F, 0x5C, 0x0F, 0x35, 0xA5, 0x5C, 0x3C, 0xCC, 0x3C, 0xCC, 0x3C, 0xCC, 0x3C, 0xCC, 0x3C,
  0xCC, 0x3C, 0xC5, 0x6F, 0xDC, 0x3F, 0xFF, 0xFF, 0xFF, 0xFF, 0xF0, 0x0F, 0xAF, 0xFF, 0xD0, 0x00,
  0x0F, 0xFF, 0xF0, 0x05, 0x00, 0x00, 0x00, 0x0F, 0x00, 0x0F, 0x00, 0x0F, 0x0F, 0x0F, 0xF0, 0x0F,
  0x00, 0x0F, 0x00, 0x0C, 0xC0, 0x0F, 0x03, 0x33, 0x3F, 0xFF, 0xFE, 0xF8, 0xAF, 0xF5, 0xF5, 0x15,
  0x0D, 0xDF, 0xFE, 0x0E, 0xE0, 0xAF, 0xE0, 0x00, 0x0F, 0xFB, 0xFF, 0x40, 0x05, 0x05, 0x5D, 0xDD,
  0xDF, 0xFF, 0xFF, 0xFF, 0xFF, 0xAF, 0xF4, 0x44, 0x40, 0x0F, 0xFC, 0xCF, 0xF4, 0x45, 0x50, 0x00,
  0x00, 0x30, 0x00, 0x00, 0x20, 0xFF, 0xFF, 0xFF, 0xFC, 0xCF, 0xFF, 0xDF, 0xFF, 0xF0, 0xF0, 0x80,
  0x0F, 0xFF, 0xFF, 0xDF, 0xF0, 0x30, 0x00, 0x00, 0x00, 0x00, 0x00, 0x00, 0x00, 0x00, 0x00, 0x00,
  0x80, 0x10, 0x00, 0x00, 0x00, 0x00, 0x00, 0x00, 0x00, 0x08, 0xDD, 0x87, 0x2D, 0x8C, 0xCF, 0x03,
  0x5C, 0x5F, 0xF5, 0x50, 0xFF, 0x08, 0xDD, 0x8F, 0xFC, 0xC1, 0x1D, 0xD0, 0x00, 0x03, 0x3F, 0xFF,
  0xFB, 0xDF, 0xFB, 0xEF, 0xFB, 0xEF, 0xFB, 0xEB, 0xEF, 0xFA, 0x0F, 0x50, 0x0F, 0xFC, 0xCF, 0x03,
  0x0F, 0xCF, 0xCF, 0xC6, 0x6F, 0x05, 0x0F, 0xAE, 0xEE, 0xE7, 0x77, 0x74, 0x77, 0x4F, 0xFC, 0xCC,
  0x3C, 0x38, 0x8D, 0xD8, 0x2D, 0x7C, 0xCF, 0x0F, 0xFC, 0xC7, 0x77, 0x7F, 0x0F, 0x0F, 0x0F, 0x03,
  0x0F, 0xC4, 0x77, 0x4F, 0xFF, 0xFC, 0x3C, 0x3C, 0x3C, 0xCC, 0x3C, 0xCC, 0x3C, 0xCC, 0x3C, 0xCC,
  0x3C, 0xCC, 0x3C, 0xCC, 0x3C, 0xC5, 0x6F, 0xDC, 0x3F, 0xF6, 0x36, 0xC6, 0x55, 0x55, 0xA5, 0xAF,
  0x0F, 0x0F, 0x5F, 0x50, 0xFF, 0x0F, 0xFF, 0xF5, 0x5C, 0x30, 0x0C, 0x3C, 0x30, 0x00, 0x03, 0x0F,
  0xCF, 0xFF, 0xFC, 0xCC, 0xCF, 0xFF, 0xF6, 0x66, 0x6D, 0x1D, 0x1C, 0xCE, 0xE0, 0x5F, 0x5C, 0x0F,
  0x35, 0xA5, 0x5C, 0x3C, 0xCC, 0x3C, 0xCC, 0x3C, 0xCC, 0x3C, 0xCC, 0x3C, 0xCC, 0x3C, 0xC5, 0x6F,
  0xDC, 0x3F, 0xFF, 0xFF, 0xFF, 0xFF, 0xF0, 0x0F, 0xAF, 0xFF, 0xF0, 0x04, 0x4F, 0xFF, 0xF0, 0x05,
  0x00, 0x00, 0x00, 0x0F, 0x00, 0x0F, 0x00, 0x0F, 0x0F, 0x0F, 0xF0, 0x0F, 0x00, 0x0F, 0x00, 0x0C,
  0xC0, 0x0F, 0x00, 0x00, 0x0F, 0xFF, 0x0E, 0xFD, 0xFC, 0xFC, 0x55, 0x15, 0x0D, 0x0F, 0x0F, 0x0F,
  0xF0, 0xAF, 0xF5, 0x5D, 0x5F, 0xFF, 0xFF, 0x4F, 0x40, 0x15, 0x5F, 0xFF, 0xFF, 0xFF, 0xFF, 0xF7,
  0x7F, 0xAF, 0xC6, 0x66, 0x6F, 0xFF, 0xF0, 0x00, 0x04, 0x45, 0x5F, 0xDF, 0xF0, 0x00, 0x00, 0x00,
  0x00, 0xFF, 0xFF, 0xDF, 0xFF, 0xFF, 0xFF, 0xFF, 0xFF, 0xF0, 0xF0, 0x00, 0x0F, 0xFF, 0xFF, 0xFF,
  0xF0, 0x30, 0x00, 0x00, 0x00, 0x00, 0x00, 0x00, 0x00, 0x00, 0x00, 0x00, 0x00, 0x20, 0x00, 0x00,
  0x00, 0x00, 0x00, 0x00, 0x00, 0x06, 0x08, 0x12, 0x10, 0x36, 0x20, 0x50, 0x40, 0x56, 0x08, 0x12,
  0x10, 0x34, 0x20, 0x50, 0x40, 0x52, 0x02, 0x00, 0xA1, 0x36, 0x00, 0x10, 0x06, 0x36, 0x08, 0x92,
  0x12, 0x36, 0x30, 0x50, 0x44, 0x56, 0x08, 0x12, 0x11, 0x34, 0x20, 0x50, 0x40, 0x56, 0x08, 0x12,
  0x10, 0x34, 0x20, 0x50, 0x40, 0x56, 0x08, 0x12, 0x10, 0x36, 0x20, 0x50, 0x40, 0x56, 0x08, 0x12,
  0x10, 0x34, 0x20, 0x50, 0x40, 0x56, 0x08, 0x10, 0x00, 0x36, 0x20, 0x50, 0x00, 0x16, 0x08, 0x12,
  0x11, 0x36, 0x20, 0x50, 0x64, 0x44, 0x18, 0x83, 0x13, 0x36, 0x70, 0x40, 0x64, 0x44, 0x18, 0x81,
  0x02, 0x36, 0x10, 0x00, 0x04, 0x02, 0x00, 0x10, 0x00, 0x00, 0x00, 0x10, 0x00, 0x16, 0x08, 0x12,
  0x10, 0x36, 0x20, 0x50, 0x40, 0x50, 0x06, 0x08, 0x00, 0x00, 0x34, 0x20, 0x50, 0x40, 0x56, 0x08,
  0x12, 0x11, 0x36, 0x20, 0x50, 0x40, 0x52, 0x00, 0x10, 0x10, 0x36, 0xA0, 0x10, 0x24, 0x00, 0x10,
  0x81, 0x02, 0x00, 0x50, 0x00, 0x24, 0x00, 0x10, 0x81, 0x02, 0x00, 0x10, 0x00, 0x04, 0x06, 0x08,
  0x12, 0x10, 0x12, 0x20, 0x50, 0x40, 0x16, 0x08, 0x12, 0x10, 0x12, 0x20, 0x53, 0x42, 0xC2, 0x08,
  0x10, 0x11, 0x70, 0x20, 0x10, 0x00, 0x12, 0x08, 0x10, 0x10, 0x30, 0x20, 0x10, 0x40, 0x16, 0x08,
  0x12, 0x10, 0x32, 0x20, 0x50, 0x40, 0x52, 0x08, 0x10, 0x11, 0x30, 0x20, 0x10, 0x50, 0x02, 0x00,
  0x10, 0x00, 0x30, 0x00, 0x10, 0x40, 0x16, 0x08, 0x12, 0x10, 0x32, 0x20, 0x50, 0x10, 0x46, 0x08,
  0x12, 0x10, 0x30, 0x20, 0x50, 0x40, 0x52, 0x00, 0x10, 0x00, 0x30, 0x00, 0x10, 0x00, 0x12, 0x00,
  0x10, 0x00, 0x32, 0x00, 0x10, 0x40, 0x12, 0x00, 0x10, 0x00, 0x00, 0x00, 0x10, 0x00, 0x10, 0x00,
  0x00, 0x00, 0x00, 0x00, 0x00, 0x00, 0x00, 0x00, 0x00, 0x20, 0x00, 0x00, 0x00, 0x00, 0x00, 0x00,
  0x00, 0x04, 0x00, 0x20, 0x02, 0xED, 0xE0, 0x00, 0xC8, 0x00, 0x31, 0x02, 0x26, 0xED, 0xE0, 0x00,
  0xC8, 0x00, 0x31, 0x02, 0x24, 0x6D, 0x60, 0x00, 0x88, 0x00, 0x31, 0x02, 0x26, 0xE9, 0xE0, 0x00,
  0xC8, 0x00, 0x31, 0x02, 0x26, 0xE9, 0xE0, 0x00, 0xC8, 0x00, 0x31, 0x02, 0x24, 0x69, 0x60, 0x00,
  0x88, 0x04, 0x00, 0x02, 0x26, 0xED, 0xE0, 0x00, 0xC8, 0x00, 0x31, 0x02, 0x26, 0xED, 0xE0, 0x00,
  0xC8, 0x00, 0x31, 0x02, 0x24, 0x6D, 0x60, 0x00, 0x88, 0x0C, 0x10, 0x24, 0x20, 0x6C, 0x40, 0xA0,
  0x80, 0xA4, 0x00, 0x20, 0x00, 0x00, 0x00, 0x20, 0x00, 0x24, 0x10, 0x20, 0x20, 0x6D, 0x40, 0x20,
  0x80, 0x2C, 0x10, 0x24, 0x20, 0x6C, 0x40, 0xA0, 0x80, 0xA4, 0x10, 0x20, 0x20, 0x24, 0x40, 0x20,
  0x80, 0x20, 0x0C, 0x10, 0x04, 0x20, 0x24, 0x40, 0xA0, 0x80, 0x2C, 0x10, 0x04, 0x22, 0x68, 0x64,
  0xE0, 0x88, 0xAC, 0x10, 0x24, 0x20, 0x68, 0x40, 0xA0, 0x80, 0xA4, 0x00, 0x20, 0x00, 0x00, 0x00,
  0x20, 0x00, 0x24, 0x10, 0x20, 0x20, 0x6D, 0x40, 0x20, 0x80, 0x24, 0x00, 0x20, 0x00, 0x60, 0x40,
  0x20, 0x80, 0x24, 0x00, 0x00, 0x02, 0xE0, 0x40, 0x20, 0xC8, 0x00, 0x31, 0x02, 0x24, 0x60, 0x60,
  0x00, 0x88, 0x04, 0x00, 0x20, 0x02, 0xE0, 0x40, 0x20, 0xC8, 0x00, 0x31, 0x02, 0x26, 0xE0, 0xE0,
  0x00, 0xC8, 0x00, 0x31, 0x02, 0x24, 0x60, 0x60, 0x00, 0x88, 0x0C, 0x10, 0x20, 0x00, 0x64, 0x00,
  0x20, 0x00, 0x24, 0x10, 0x20, 0x20, 0x60, 0x40, 0x20, 0x80, 0x20, 0x08, 0x20, 0x00, 0x60, 0x00,
  0x20, 0x00, 0x20, 0x21, 0x02, 0x06, 0x60, 0xA0, 0x00, 0x48, 0x00, 0x21, 0x02, 0x06, 0x60, 0xA0,
  0x00, 0x48, 0x00, 0x21, 0x02, 0x04, 0x60, 0x20, 0x00, 0x08, 0x00, 0x00, 0x00, 0x00, 0x00, 0x00,
  0x00, 0x00, 0x00, 0x00, 0x00, 0x00, 0x00, 0x00, 0x00, 0x00, 0x00, 0x00, 0x00, 0x0F, 0xFF, 0xF0,
  0x00, 0x0C, 0x3C, 0xCC, 0x3C, 0xCC, 0x3C, 0xCC, 0x3C, 0xCC, 0x3C, 0xCC, 0x3C, 0xCC, 0x3C, 0xCC,
  0x3C, 0xC5, 0x6F, 0xDC, 0x3F, 0xFC, 0x3C, 0xCC, 0x3C, 0xCC, 0x3C, 0xCC, 0x3C, 0xCC, 0x3C, 0xCC,
  0x3C, 0xCC, 0x3C, 0xCC, 0x3C, 0xCC, 0x3C, 0xCC, 0x3C, 0xC5, 0x6F, 0xDC, 0x3F, 0xF0, 0xFF, 0x0C,
  0x3C, 0xCC, 0x3C, 0xCC, 0x3C, 0xCC, 0x3C, 0xCC, 0x3C, 0xCC, 0x3C, 0xCC, 0x3C, 0xCC, 0x3C, 0xCC,
  0x3C, 0xC5, 0x6F, 0xDC, 0x3F, 0xFF, 0xFF, 0xF0, 0x00, 0x08, 0x2D, 0x7F, 0xFF, 0xF5, 0xF5, 0x5F,
  0xFF, 0xFF, 0x5F, 0xFF, 0xFF, 0xF3, 0x3C, 0xC0, 0xCF, 0xC3, 0x0F, 0xC0, 0x5F, 0x5F, 0xFF, 0xFF,
  0xCF, 0xFE, 0xEC, 0xC0, 0x4F, 0xE0, 0x00, 0x00, 0x20, 0x71, 0x11, 0x10, 0x08, 0x80, 0x0F, 0xFF,
  0xF0, 0x00, 0x0F, 0xFF, 0xF0, 0x00, 0xF1, 0x3E, 0xC0, 0x00, 0x0F, 0xFB, 0xEB, 0xEF, 0xF5, 0xA5,
  0xA5, 0x95, 0x50, 0xCF, 0xCC, 0xFF, 0xFF, 0x5F, 0x0F, 0x0F, 0x35, 0x55, 0x60, 0x8F, 0x70, 0xCF,
  0xCF, 0x0F, 0x0F, 0x0C, 0xC3, 0x3C, 0xCF, 0xCC, 0xC6, 0x66, 0x6C, 0x0C, 0xFC, 0x0F, 0x3F, 0xFF,
  0xF0, 0x00, 0x0F, 0xF0, 0x05, 0xA5, 0x5C, 0x3C, 0xCC, 0x3C, 0xC5, 0x6F, 0xDC, 0x3F, 0xF3, 0x30,
  0x00, 0x04, 0x0F, 0xF0, 0x0C, 0x3C, 0xCC, 0x3C, 0xCC, 0x3C, 0xCC, 0x3C, 0xCC, 0x3C, 0xCC, 0x3C,
  0xCC, 0x3C, 0xC5, 0x6F, 0xDC, 0x3F, 0xFC, 0xFD, 0xFF, 0xFF, 0xFF, 0xFF, 0x0B, 0xF0, 0x00, 0x0F,
  0xF0, 0x0F, 0xFF, 0xF0, 0x03, 0x3C, 0xCF, 0x0F, 0x0F, 0xF7, 0xFF, 0xF7, 0xFF, 0xFE, 0xFD, 0x7C,
  0xCD, 0x7C, 0xCD, 0x7C, 0xCD, 0x7C, 0xCD, 0x7C, 0xCD, 0x7C, 0xCD, 0x7C, 0xCD, 0x7C, 0xCD, 0x7C,
  0xCD, 0x7C, 0xCF, 0xDF, 0xFD, 0x7F, 0xF0, 0x00, 0x00, 0x00, 0x00, 0x00, 0x00, 0x00, 0x00, 0x00,
  0x00, 0x00, 0x00, 0x00, 0x00, 0x00, 0x00, 0x00, 0x00, 0x0F, 0xFF, 0xF0, 0x00, 0x0C, 0x3C, 0xCC,
  0x3C, 0xCC, 0x3C, 0xCC, 0x3C, 0xCC, 0x3C, 0xCC, 0x3C, 0xCC, 0x3C, 0xCC, 0x3C, 0xC5, 0x6F, 0xDC,
  0x3F, 0xFC, 0x3C, 0xCC, 0x3C, 0xCC, 0x3C, 0xCC, 0x3C, 0xCC, 0x3C, 0xCC, 0x3C, 0xCC, 0x3C, 0xCC,
  0x3C, 0xCC, 0x3C, 0xCC, 0x3C, 0xC5, 0x6F, 0xDC, 0x3F, 0xF6, 0x66, 0x6C, 0x3C, 0xCC, 0x3C, 0xCC,
  0x3C, 0xCC, 0x3C, 0xCC, 0x3C, 0xCC, 0x3C, 0xCC, 0x3C, 0xCC, 0x3C, 0xCC, 0x3C, 0xC5, 0x6F, 0xDC,
  0x3F, 0xFF, 0xFF, 0xF0, 0x00, 0x0D, 0x78, 0x2F, 0xFF, 0xF5, 0xF5, 0x5F, 0xFF, 0xFF, 0x5F, 0xFF,
  0xFF, 0xF3, 0x3C, 0xC0, 0xCF, 0xC3, 0x0F, 0xC0, 0x5F, 0x50, 0xF0, 0x0F, 0xCF, 0xFE, 0xEC, 0xC0,
  0x4F, 0xE7, 0x44, 0x40, 0x00, 0x50, 0x00, 0x3A, 0x08, 0x80, 0x0F, 0xFF, 0xF0, 0x00, 0x0F, 0xFF,
  0xF0, 0x00, 0xFB, 0x34, 0xC0, 0x00, 0x0F, 0xF7, 0xD7, 0xDF, 0xF5, 0xA6, 0x6A, 0xAA, 0x60, 0x0F,
  0xF0, 0x03, 0x0A, 0x0F, 0x0F, 0x0C, 0x0A, 0xA9, 0xA7, 0xF8, 0x00, 0xCF, 0xCC, 0xCC, 0xCF, 0x0C,
  0xC3, 0x3C, 0xC0, 0xCC, 0xC3, 0x6C, 0x6C, 0x0C, 0xFC, 0x0F, 0x3F, 0xFF, 0xF0, 0x00, 0x0F, 0xF0,
  0x05, 0xA5, 0x5C, 0x3C, 0xCC, 0x3C, 0xC5, 0x6F, 0xDC, 0x3F, 0xF3, 0x30, 0x00, 0x04, 0x0F, 0xF0,
  0x0C, 0x3C, 0xCC, 0x3C, 0xCC, 0x3C, 0xCC, 0x3C, 0xCC, 0x3C, 0xCC, 0x3C, 0xCC, 0x3C, 0xC5, 0x6F,
  0xDC, 0x3F, 0xFC, 0xFD, 0xB0, 0xFF, 0xFF, 0xFF, 0x00, 0x00, 0x02, 0x2D, 0xDA, 0xA5, 0x5F, 0xF0,
  0x03, 0x3C, 0xC7, 0x47, 0x4F, 0xFF, 0xFF, 0xFF, 0xFF, 0xFF, 0xFD, 0x7C, 0xCD, 0x7C, 0xCD, 0x7C,
  0xCD, 0x7C, 0xCD, 0x7C, 0xCD, 0x7C, 0xCD, 0x7C, 0xCD, 0x7C, 0xCD, 0x7C, 0xCD, 0x7C, 0xC5, 0x7F,
  0xCD, 0x7F, 0xF0, 0x00, 0x00, 0x00, 0x00, 0x00, 0x00, 0x00, 0x00, 0x00, 0x00, 0x00, 0x00, 0x00,
  0x00, 0x00, 0x00, 0x00, 0x00, 0x14, 0x00, 0x08, 0x02, 0x08, 0x00, 0x50, 0x00, 0x00, 0x00, 0x00,
  0x60, 0x04, 0x00, 0x00, 0x00, 0x00, 0x08, 0x40, 0x08, 0x44, 0x22, 0x04, 0x14, 0x00, 0x00, 0x01,
  0x40, 0x40, 0x00, 0x40, 0x00, 0x80, 0x00, 0xA0, 0x00, 0x80, 0x08, 0x00, 0x00, 0x80, 0x04, 0x80,
  0x00, 0x60, 0x81, 0x60, 0x81, 0x02, 0x84, 0x90, 0x80, 0x40, 0x80, 0x00, 0x04, 0x20, 0x08, 0x84,
  0x00, 0x80, 0x00, 0x80, 0x00, 0x84, 0x00, 0x00, 0x00, 0x04, 0x00, 0x64, 0x80, 0x60, 0xA1, 0x40,
  0x00, 0x04, 0x03, 0x80, 0x04, 0x20, 0x00, 0x60, 0x20, 0x20, 0x20, 0x00, 0x41, 0x18, 0x20, 0x84,
  0xA0, 0x60, 0x30, 0x64, 0x80, 0x61, 0x00, 0x04, 0x40, 0x84, 0x40, 0x08, 0xA0, 0x00, 0x08, 0x61,
  0x44, 0x18, 0xA0, 0x00, 0x00, 0x81, 0x44, 0x80, 0x10, 0x00, 0x80, 0x08, 0x04, 0x08, 0x00, 0x08,
  0x04, 0x44, 0x30, 0x40, 0x80, 0x10, 0x00, 0x84, 0x40, 0x00, 0x00, 0x50, 0xA0, 0x00, 0x00, 0x00,
  0x30, 0x00, 0x40, 0x00, 0x80, 0x44, 0x80, 0x04, 0x04, 0x82, 0x48, 0x80, 0x00, 0x00, 0x00, 0x00,
  0x00, 0x00, 0x40, 0x00, 0x00, 0x00, 0x00, 0x00, 0x40, 0x00, 0x20, 0x48, 0x00, 0x00, 0x00, 0x41,
  0x80, 0x43, 0x00, 0x00, 0x00, 0x00, 0x00, 0x00, 0x80, 0x00, 0x80, 0x80, 0x00, 0x00, 0x60, 0x00,
  0x80, 0x00, 0x40, 0x08, 0x80, 0x38, 0x04, 0x00, 0x80, 0x04, 0x80, 0x40, 0x80, 0x04, 0x80, 0x00,
  0x00, 0x10, 0x04, 0x00, 0x10, 0x00, 0x00, 0x04, 0x40, 0x00, 0x80, 0x00, 0x40, 0x00, 0x00, 0x00,
  0x80, 0x10, 0x20, 0x00, 0x00, 0x80, 0x00, 0x00, 0x00, 0x00, 0x80, 0x00, 0x00, 0x00, 0x04, 0x00,
  0x00, 0x00, 0x00, 0x00, 0x00, 0x00, 0x00, 0x00, 0x00, 0x00, 0x00, 0x00, 0x00, 0x00, 0x01, 0x00,
  0x00, 0x00, 0x00, 0x00, 0x00, 0x00, 0x00, 0x00, 0x00, 0x00, 0x00, 0x00, 0x01, 0x00, 0x00, 0x00,
  0x00, 0x00, 0x02, 0x00, 0x02, 0x22, 0x00, 0x00, 0x00, 0x00, 0x04, 0x10, 0x00, 0x20, 0x00, 0x00,
  0x00, 0x10, 0x00, 0x11, 0x00, 0x11, 0x22, 0x00, 0x04, 0x10, 0x25, 0x04, 0x55, 0x06, 0x10, 0x06,
  0x00, 0x10, 0x06, 0x00, 0x04, 0x01, 0x04, 0x00, 0x04, 0x00, 0x05, 0x00, 0x05, 0x01, 0x04, 0x00,
  0x04, 0x02, 0x05, 0x01, 0x04, 0x18, 0x00, 0x00, 0x04, 0x00, 0x00, 0x01, 0x02, 0x00, 0x84, 0x11,
  0x05, 0x00, 0x01, 0x80, 0x05, 0x01, 0x02, 0x00, 0x0A, 0x10, 0x04, 0x01, 0x00, 0x20, 0x80, 0x01,
  0x00, 0x00, 0x00, 0x01, 0x84, 0x01, 0x80, 0x00, 0x04, 0x00, 0x00, 0x10, 0x00, 0x10, 0x00, 0x10,
  0x04, 0x04, 0x0E, 0x10, 0x04, 0x01, 0x04, 0x10, 0x1C, 0x81, 0x04, 0x00, 0x15, 0x01, 0x00, 0x24,
  0x02, 0x1A, 0x80, 0x06, 0x00, 0x00, 0x00, 0x01, 0x00, 0x11, 0x00, 0x01, 0x20, 0x00, 0x01, 0x01,
  0x10, 0x0E, 0x00, 0x00, 0x21, 0x04, 0x00, 0x04, 0x02, 0x06, 0x10, 0x0A, 0x01, 0x00, 0x01, 0x00,
  0x00, 0x00, 0x00, 0x02, 0x00, 0x02, 0x00, 0x12, 0x00, 0x01, 0x80, 0x02, 0x00, 0x00, 0x00, 0x10,
  0x00, 0x06, 0x00, 0x41, 0x00, 0x06, 0x00, 0x40, 0x01, 0x00, 0x00, 0x24, 0x01, 0x40, 0x04, 0x01,
  0x80, 0x00, 0x00, 0x00, 0x02, 0x00, 0x00, 0x00, 0x00, 0x00, 0x00, 0x00, 0x00, 0x80, 0x00, 0x80,
  0x00, 0x00, 0x00, 0x00, 0x00, 0x00, 0x00, 0x00, 0x00, 0x00, 0x01, 0x00, 0x00, 0x85, 0x06, 0x80,
  0x01, 0x00, 0x09, 0x00, 0x00, 0x04, 0x00, 0x00, 0x00, 0x00, 0x00, 0x00, 0x20, 0x05, 0x21, 0x00,
  0x00, 0x02, 0x01, 0x00, 0x00, 0x00, 0x00, 0x02, 0x02, 0x00, 0x01, 0x20, 0x01, 0x00, 0x00, 0x00,
  0x00, 0x00, 0x01, 0x00, 0x00, 0x00, 0x00, 0x00, 0x00, 0x00, 0x00, 0x00, 0x00, 0x00, 0x00, 0x00,
  0x00, 0x00, 0x00, 0x00, 0x00, 0x00, 0x00, 0x00, 0x00, 0x00, 0x00, 0x04, 0x00, 0x00, 0x00, 0x00,
  0x00, 0x00, 0x01, 0xA0, 0x00, 0x00, 0x01, 0x04, 0x00, 0x08, 0x00, 0x00, 0x00, 0x04, 0x02, 0x28,
  0x00, 0x28, 0x08, 0x08, 0x21, 0x00, 0x80, 0x10, 0x00, 0x40, 0x84, 0x40, 0x03, 0x20, 0x02, 0x00,
  0x01, 0x20, 0x19, 0x00, 0x01, 0x24, 0x04, 0x45, 0x00, 0x14, 0x20, 0x10, 0x20, 0x50, 0x24, 0x24,
  0x21, 0xA0, 0x28, 0x10, 0x05, 0x00, 0x02, 0x24, 0x00, 0x44, 0x41, 0x20, 0x08, 0x44, 0x08, 0x50,
  0x20, 0x28, 0x00, 0x18, 0x28, 0x00, 0x18, 0x30, 0x08, 0x02, 0x40, 0x50, 0x44, 0x00, 0x09, 0x00,
  0x01, 0x00, 0x00, 0x41, 0x20, 0x48, 0x02, 0x48, 0x03, 0x08, 0x03, 0x04, 0x21, 0x00, 0x12, 0x20,
  0x21, 0x52, 0x31, 0x88, 0x05, 0x20, 0x03, 0x00, 0x24, 0x02, 0x00, 0x01, 0x00, 0x40, 0x08, 0x20,
  0x21, 0x08, 0x28, 0x02, 0x28, 0x02, 0x30, 0x08, 0x44, 0x41, 0x00, 0x40, 0xA0, 0x04, 0x00, 0x25,
  0x20, 0x01, 0x10, 0x21, 0x00, 0x00, 0x00, 0x04, 0x00, 0x00, 0x20, 0x10, 0x41, 0x28, 0x40, 0x08,
  0x02, 0x50, 0x20, 0x20, 0x00, 0x00, 0x44, 0x00, 0x04, 0x50, 0x20, 0x20, 0x11, 0x00, 0x10, 0x00,
  0x34, 0x02, 0x00, 0x00, 0x00, 0x00, 0x20, 0x40, 0x34, 0x02, 0x01, 0x00, 0x30, 0x00, 0x00, 0x00,
  0x24, 0x00, 0x20, 0x22, 0x00, 0x00, 0x04, 0x00, 0x24, 0x40, 0x24, 0x42, 0x50, 0x08, 0x19, 0x00,
  0x20, 0x04, 0x20, 0x20, 0x20, 0x04, 0x20, 0x01, 0x10, 0x40, 0x14, 0x40, 0x00, 0x00, 0x02, 0x04,
  0x24, 0x01, 0x20, 0x00, 0x30, 0x00, 0x20, 0x00, 0x20, 0x00, 0x08, 0x00, 0x30, 0x20, 0x00, 0x02,
  0x40, 0x00, 0x20, 0x00, 0x10, 0x00, 0x28, 0x00, 0x00, 0x00, 0x01, 0x00, 0x00, 0x10, 0x00, 0x00,
  0x00, 0x00, 0x00, 0x00, 0x00, 0x00, 0x10, 0x00, 0x00, 0x00, 0x00, 0x00, 0x00, 0x00, 0x00, 0x00,
  0x00, 0x00, 0x00, 0x00, 0x02, 0x00, 0x00, 0x08, 0x00, 0x41, 0x02, 0x01, 0x00, 0x25, 0x02, 0x00,
  0x00, 0x00, 0x00, 0x28, 0x00, 0x20, 0x00, 0x00, 0x00, 0x18, 0x00, 0x2C, 0x01, 0x14, 0xC8, 0x00,
  0xA1, 0x40, 0x09, 0x10, 0x29, 0x00, 0x08, 0x00, 0x0C, 0x20, 0x08, 0x00, 0x00, 0x04, 0x40, 0x00,
  0x00, 0x08, 0x00, 0x0A, 0x00, 0x1C, 0x00, 0x10, 0x00, 0x90, 0x00, 0x2C, 0x00, 0x01, 0x08, 0x10,
  0x00, 0x80, 0x00, 0x04, 0x04, 0x08, 0x00, 0x24, 0x08, 0x00, 0x0C, 0x10, 0x80, 0x84, 0x04, 0x10,
  0x04, 0x20, 0x48, 0x14, 0x08, 0x40, 0x00, 0x14, 0x80, 0x80, 0x0C, 0x04, 0x00, 0x84, 0x00, 0x84,
  0x00, 0x90, 0x88, 0x10, 0x0C, 0x18, 0xAA, 0x10, 0x00, 0x00, 0x40, 0xA1, 0x00, 0x24, 0x40, 0x00,
  0x10, 0x04, 0x00, 0x04, 0x10, 0x12, 0x00, 0x20, 0x04, 0x14, 0x00, 0x00, 0xC4, 0x08, 0x08, 0x04,
  0x80, 0x24, 0xA0, 0x04, 0xA0, 0x05, 0xA4, 0x04, 0x00, 0x40, 0x00, 0x02, 0x12, 0x00, 0x10, 0x20,
  0x04, 0x00, 0x10, 0x04, 0x92, 0x00, 0x04, 0x10, 0x04, 0x00, 0x00, 0x04, 0x00, 0x40, 0x01, 0x42,
  0x00, 0x02, 0x08, 0x04, 0x08, 0xC0, 0x00, 0xA0, 0x14, 0x00, 0x10, 0x84, 0x18, 0x08, 0x80, 0x01,
  0x04, 0x00, 0x80, 0x20, 0x2C, 0x08, 0x00, 0x04, 0x10, 0x00, 0x00, 0x00, 0x0C, 0x00, 0x00, 0x08,
  0x00, 0x00, 0x08, 0x00, 0x08, 0x00, 0x08, 0x00, 0x40, 0xA0, 0x24, 0x00, 0x00, 0x00, 0x00, 0x00,
  0x00, 0x00, 0x04, 0x04, 0x20, 0x40, 0x20, 0x00, 0x12, 0x00, 0x04, 0x00, 0x08, 0x00, 0x00, 0x00,
  0x10, 0x00, 0x80, 0x00, 0x10, 0x40, 0xAC, 0x00, 0xA0, 0x04, 0x02, 0x08, 0x80, 0x00, 0x00, 0x04,
  0x14, 0x00, 0x84, 0x10, 0x04, 0x00, 0x02, 0x00, 0x00, 0x40, 0x04, 0x00, 0x00, 0x00, 0x00, 0x00,
  0x00, 0x00, 0x42, 0x00, 0x00, 0x00, 0x00, 0x00, 0x00, 0x00, 0x00, 0x00, 0x00, 0x00, 0x00, 0x02,
  0x10, 0x02, 0x00, 0x00, 0x00, 0x20, 0x00, 0x02, 0xA0, 0x00, 0x40, 0x00, 0x00, 0x00, 0x00, 0x00,
  0x00, 0x10, 0x10, 0x10, 0x00, 0x00, 0x00, 0x04, 0x80, 0x01, 0x00, 0x0C, 0x00, 0x00, 0x40, 0x01,
  0x00, 0x41, 0x40, 0x00, 0x00, 0x00, 0x00, 0x00, 0x90, 0x40, 0x80, 0x40, 0x00, 0x44, 0x10, 0x04,
  0x10, 0x00, 0x10, 0x00, 0x20, 0x08, 0x82, 0x10, 0x10, 0x40, 0x80, 0x08, 0x80, 0x08, 0x10, 0x00,
  0x08, 0x04, 0x00, 0x44, 0x00, 0x00, 0x04, 0x04, 0x40, 0x04, 0x80, 0x0C, 0x10, 0x12, 0x00, 0x00,
  0x00, 0x08, 0x00, 0x00, 0x20, 0x04, 0x12, 0x00, 0x00, 0x10, 0x00, 0x22, 0x00, 0x0C, 0x40, 0x02,
  0x40, 0x08, 0x00, 0x00, 0x00, 0x04, 0x00, 0x04, 0xC0, 0x44, 0x00, 0x02, 0x00, 0x00, 0x40, 0x10,
  0x40, 0x00, 0x40, 0x00, 0x80, 0x07, 0xC8, 0x02, 0x00, 0x12, 0x00, 0x40, 0x00, 0x02, 0x00, 0x00,
  0x00, 0x04, 0x00, 0x00, 0x00, 0x80, 0x00, 0x00, 0x00, 0x40, 0x0C, 0x20, 0x00, 0x80, 0x00, 0x10,
  0x08, 0x00, 0x00, 0x10, 0x00, 0x10, 0x00, 0x02, 0x00, 0x00, 0x00, 0x80, 0x00, 0x20, 0x00, 0x00,
  0x00, 0x00, 0x80, 0x00, 0x00, 0x00, 0x00, 0x00, 0x00, 0x00, 0x01, 0x00, 0x00, 0x40, 0x00, 0x80,
  0x01, 0x82, 0x02, 0x00, 0x00, 0x00, 0x00, 0x02, 0x00, 0x00, 0x00, 0x00, 0x00, 0x00, 0x00, 0x00,
  0x00, 0x00, 0x00, 0x80, 0x00, 0x80, 0x00, 0x00, 0x00, 0x00, 0x00, 0x00, 0x00, 0x00, 0x00, 0x00,
  0x00, 0x00, 0x00, 0x40, 0x00, 0xC0, 0x08, 0x00, 0x18, 0x00, 0x00, 0x40, 0x00, 0x40, 0x00, 0x40,
  0x00, 0x00, 0x00, 0x00, 0x20, 0x00, 0x00, 0x00, 0x00, 0x00, 0x00, 0x00, 0x00, 0x00, 0x00, 0x20,
  0x20, 0x00, 0x00, 0x00, 0x00, 0x00, 0x00, 0x00, 0x00, 0x00, 0x00, 0x00, 0x00, 0x00, 0x00, 0x00,
  0x00, 0x00, 0x00, 0x00, 0x00, 0x00, 0x00, 0x00, 0x00, 0x00, 0x00, 0x02, 0x00, 0x80, 0x80, 0x80,
  0x00, 0x00, 0x90, 0x00, 0x20, 0x90, 0x00, 0x80, 0x00, 0x00, 0x00, 0x00, 0x00, 0x18, 0x10, 0x00,
  0x00, 0x00, 0x00, 0x00, 0x20, 0x40, 0x00, 0x08, 0x40, 0x02, 0x30, 0x00, 0x20, 0x00, 0x10, 0x00,
  0x00, 0x00, 0x20, 0x00, 0x10, 0x00, 0x00, 0x20, 0x00, 0x00, 0x10, 0x00, 0x00, 0x00, 0x04, 0x20,
  0x20, 0xA8, 0x01, 0x10, 0x50, 0x10, 0xC0, 0x82, 0x00, 0x08, 0x10, 0x02, 0x08, 0x08, 0x00, 0x00,
  0x20, 0x04, 0x00, 0x00, 0x10, 0x00, 0x20, 0x08, 0x10, 0x01, 0x01, 0x01, 0x20, 0x09, 0x20, 0x02,
  0x01, 0x00, 0x20, 0x02, 0x00, 0x12, 0x00, 0x05, 0x20, 0x09, 0x10, 0x00, 0x10, 0x08, 0x20, 0x40,
  0x21, 0x02, 0x20, 0x00, 0x00, 0x00, 0xA0, 0x01, 0x00, 0x40, 0x11, 0x10, 0x10, 0x00, 0x10, 0x00,
  0x20, 0x08, 0x02, 0x20, 0x00, 0x10, 0x00, 0x10, 0x03, 0x20, 0x00, 0x00, 0x04, 0x01, 0x04, 0x00,
  0x00, 0x40, 0x00, 0x40, 0x40, 0x10, 0x03, 0x00, 0x00, 0x20, 0x00, 0x50, 0x02, 0x20, 0x00, 0x10,
  0x00, 0x10, 0x00, 0x00, 0x00, 0x20, 0x00, 0x20, 0x00, 0x00, 0x00, 0x00, 0x00, 0x00, 0x20, 0x00,
  0x00, 0x00, 0x04, 0x20, 0x00, 0x00, 0x00, 0x00, 0x40, 0x30, 0x00, 0x00, 0x00, 0x21, 0x00, 0x01,
  0x00, 0x00, 0x00, 0x00, 0x00, 0x00, 0x02, 0x00, 0x00, 0x00, 0x00, 0x00, 0x01, 0x00, 0x01, 0x00,
  0x00, 0x00, 0x00, 0x00, 0x00, 0x20, 0x00, 0x20, 0x00, 0x00, 0x00, 0x00, 0x00, 0x00, 0x00, 0x10,
  0x00, 0x10, 0x04, 0x00, 0x02, 0x00, 0x00, 0x10, 0x00, 0x10, 0x00, 0x10, 0x00, 0x00, 0x00, 0x00,
  0x00, 0x00, 0x00, 0x00, 0x00, 0x00, 0x00, 0x00, 0x00, 0x00, 0x00, 0x00, 0x10, 0x00, 0x00, 0x00,
  0x00, 0x00, 0x00, 0x00, 0x00, 0x00, 0x00, 0x00, 0x00, 0x00, 0x00, 0x00, 0x00, 0x00, 0x00, 0x00,
  0x00, 0x00, 0x00, 0x00, 0x00, 0x00, 0x00, 0x09, 0x00, 0x12, 0x10, 0x22, 0x00, 0x25, 0x00, 0x02,
  0x10, 0x00, 0xA0, 0x20, 0x00, 0x00, 0x00, 0x00, 0x00, 0x00, 0x00, 0x10, 0x00, 0x00, 0x00, 0x00,
  0x00, 0x80, 0x80, 0x00, 0x80, 0x00, 0x00, 0x00, 0x00, 0x15, 0x40, 0x00, 0x00, 0x00, 0x00, 0x00,
  0x00, 0x10, 0x00, 0x10, 0x00, 0x12, 0x00, 0x01, 0x20, 0x04, 0x10, 0x00, 0x20, 0x20, 0x00, 0x00,
  0x00, 0x05, 0x20, 0x10, 0x05, 0x00, 0x00, 0x00, 0x00, 0x09, 0x00, 0x02, 0x00, 0x05, 0x01, 0x01,
  0x00, 0x01, 0x00, 0x01, 0x80, 0x20, 0x04, 0x04, 0x02, 0x04, 0x00, 0x00, 0x14, 0x01, 0x11, 0x80,
  0x00, 0x00, 0x00, 0x10, 0x00, 0x00, 0x00, 0x00, 0x00, 0x06, 0x00, 0x06, 0x04, 0x01, 0x80, 0x02,
  0x20, 0x22, 0x90, 0x00, 0x00, 0x00, 0x04, 0x00, 0x00, 0x00, 0x00, 0x05, 0x00, 0x00, 0x00, 0x01,
  0x00, 0x02, 0x00, 0x00, 0x04, 0x82, 0x06, 0x00, 0x0E, 0x00, 0x00, 0x80, 0x00, 0x00, 0x00, 0x80,
  0x00, 0x00, 0x00, 0x10, 0x00, 0x00, 0x00, 0x00, 0x00, 0x00, 0x00, 0x80, 0x00, 0x00, 0x00, 0x01,
  0x00, 0x00, 0x00, 0x00, 0x00, 0x20, 0x00, 0x00, 0x00, 0x80, 0x00, 0x80, 0x00, 0x00, 0x06, 0x00,
  0x00, 0x00, 0x02, 0x00, 0x80, 0x00, 0x00, 0x00, 0x00, 0x00, 0x02, 0x84, 0x00, 0x00, 0x00, 0x01,
  0x00, 0x00, 0x00, 0x00, 0x00, 0x00, 0x00, 0x00, 0x04, 0x05, 0x04, 0x00, 0x00, 0x00, 0x00, 0x00,
  0x00, 0x00, 0x00, 0x00, 0x00, 0x00, 0x00, 0x00, 0x00, 0x00, 0x00, 0x00, 0x00, 0x00, 0x00, 0x00,
  0x00, 0x00, 0x00, 0x00, 0x00, 0x00, 0x00, 0x00, 0x00, 0x00, 0x00, 0x00, 0x20, 0x00, 0x00, 0x00,
  0x00, 0x00, 0x00, 0x00, 0x00, 0x00, 0x00, 0x20, 0x00, 0x00, 0x00, 0x00, 0x00, 0x00, 0x00, 0x00,
  0x00, 0x00, 0x00, 0x00, 0x00, 0x00, 0x00, 0x00, 0x00, 0x00, 0x00, 0x00, 0x00, 0x00, 0x00, 0x00,
  0x00, 0x00, 0x00, 0x00, 0x10, 0x00, 0x00, 0x02, 0x00, 0x00, 0x00, 0x00, 0x00, 0x00, 0x20, 0x00,
  0x00, 0x00, 0x00, 0x00, 0x00, 0x08, 0x00, 0x00, 0x00, 0x00, 0x00, 0x01, 0x00, 0x08, 0x20, 0x01,
  0x00, 0x04, 0x40, 0x08, 0x40, 0x04, 0x80, 0x00, 0x00, 0x00, 0x80, 0xA0, 0x20, 0x00, 0x20, 0x80,
  0x00, 0x00, 0x00, 0x00, 0x60, 0x01, 0xA8, 0x40, 0x80, 0x40, 0x20, 0x00, 0x80, 0x00, 0x00, 0x00,
  0x20, 0x00, 0x00, 0x08, 0x60, 0x00, 0x00, 0x10, 0x40, 0x04, 0x00, 0xA0, 0x00, 0x00, 0x00, 0x00,
  0x20, 0x00, 0x00, 0x00, 0x42, 0x00, 0x40, 0xA8, 0x00, 0x00, 0x80, 0x28, 0x00, 0x08, 0x00, 0x08,
  0x40, 0x00, 0x00, 0x01, 0x00, 0x00, 0x40, 0x80, 0x80, 0x08, 0x00, 0xA0, 0x20, 0x00, 0x00, 0x00,
  0x00, 0x40, 0x00, 0x00, 0x00, 0x00, 0x00, 0xA0, 0x00, 0x00, 0x00, 0x40, 0x00, 0x00, 0x00, 0x00,
  0x08, 0x00, 0x00, 0x00, 0x00, 0x60, 0x04, 0x20, 0x00, 0x00, 0x00, 0x00, 0x80, 0x00, 0x00, 0x00,
  0x00, 0x00, 0x00, 0x80, 0x00, 0x80, 0x00, 0x20, 0x60, 0x00, 0x00, 0x00, 0x00, 0x80, 0x00, 0x00,
  0x00, 0x00, 0x00, 0x00, 0x00, 0x20, 0x00, 0x20, 0x00, 0x00, 0x04, 0x80, 0x00, 0x00, 0x0A, 0x00,
  0x00, 0x40, 0x00, 0x20, 0x0B, 0x00, 0x00, 0x20, 0x00, 0x00, 0x00, 0x00, 0x00, 0x00, 0x08, 0x00,
  0x00, 0x00, 0x00, 0x00, 0x00, 0x00, 0x00, 0x20, 0x00, 0x20, 0x00, 0x00, 0x00, 0x80, 0x00, 0x80,
  0x00, 0x00, 0x00, 0x00, 0x00, 0x00, 0x00, 0x00, 0x00, 0x20, 0x00, 0x00, 0x10, 0x00, 0x00, 0x00,
  0x00, 0x00, 0x00, 0x00, 0x00, 0x00, 0x00, 0x60, 0x00, 0x00, 0x00, 0x00, 0x00, 0x00, 0x00, 0x00,
  0x00, 0x00, 0x00, 0x00, 0x00, 0x00, 0x00, 0x00, 0x00, 0x00, 0x00, 0x00, 0x00, 0x00, 0x00, 0x00,
  0x00, 0x00, 0x00, 0x00, 0x00, 0x00, 0x00, 0x00, 0x00, 0x00, 0x00, 0x00, 0x00, 0x00, 0x00, 0x00,
  0x00, 0x00, 0x00, 0x00, 0x00, 0x40, 0x00, 0x00, 0x88, 0x00, 0x10, 0x00, 0x04, 0x00, 0x64, 0x20,
  0x30, 0x00, 0x10, 0x84, 0x43, 0x00, 0x00, 0x00, 0x00, 0x00, 0x00, 0x00, 0x00, 0x00, 0x00, 0x00,
  0x88, 0x00, 0x10, 0x90, 0x04, 0x06, 0x00, 0x08, 0x30, 0x00, 0x10, 0x60, 0x62, 0x80, 0x00, 0x00,
  0x00, 0x00, 0x08, 0x00, 0x00, 0x00, 0x08, 0x00, 0x88, 0x00, 0x10, 0x42, 0x24, 0x08, 0x20, 0x20,
  0x00, 0x02, 0x10, 0xA9, 0x00, 0x08, 0x20, 0x00, 0x00, 0x01, 0x08, 0x00, 0x10, 0x05, 0x00, 0x01,
  0x08, 0x00, 0x10, 0x01, 0x00, 0x15, 0x21, 0x10, 0x20, 0x00, 0x10, 0x85, 0x11, 0x2A, 0x00, 0x00,
  0x00, 0x00, 0x08, 0x00, 0x10, 0x86, 0x80, 0x04, 0x40, 0x02, 0x11, 0x00, 0x92, 0x00, 0xA2, 0x18,
  0x20, 0x00, 0x10, 0x10, 0x04, 0x00, 0x00, 0x00, 0x00, 0x00, 0x00, 0x08, 0x81, 0x00, 0x85, 0x00,
  0x40, 0x40, 0x02, 0x10, 0x02, 0x02, 0x00, 0xA1, 0x1A, 0x80, 0x00, 0x00, 0x0C, 0x23, 0x40, 0x02,
  0x00, 0x00, 0x00, 0x00, 0x80, 0x80, 0x00, 0x40, 0x10, 0x50, 0x00, 0x10, 0x00, 0x22, 0x40, 0x0A,
  0x10, 0x20, 0x00, 0x10, 0x00, 0x05, 0x00, 0x41, 0x8C, 0x00, 0x00, 0x28, 0x00, 0x01, 0x04, 0x00,
  0x08, 0x40, 0x00, 0x10, 0x10, 0x00, 0x02, 0x60, 0x18, 0x90, 0x00, 0x30, 0x10, 0xA5, 0x10, 0x00,
  0x00, 0x00, 0x00, 0x00, 0x00, 0x00, 0x00, 0x00, 0x00, 0x00, 0x00, 0x00, 0x00, 0x00, 0x00, 0x00,
  0x00, 0x00, 0x00, 0x00, 0x00, 0x00, 0x00, 0x00, 0x00, 0x00, 0x00, 0x00, 0x00, 0x00, 0x00, 0x00,
  0x00, 0x00, 0x00, 0x00, 0x00, 0x00, 0x00, 0x00, 0x00, 0x00, 0x00, 0x00, 0x00, 0x00, 0x00, 0x00,
  0x00, 0x00, 0x00, 0x00, 0x00, 0x00, 0x00, 0x00, 0x00, 0x00, 0x00, 0x00, 0x00, 0x00, 0x00, 0x00,
  0x00, 0x00, 0x00, 0x00, 0x00, 0x00, 0x00, 0x00, 0x00, 0x00, 0x00, 0x00, 0x00, 0x00, 0x29, 0x00,
  0x02, 0x00, 0xC0, 0x00, 0x00, 0x00, 0x02, 0x80, 0x10, 0x08, 0x11, 0x10, 0x80, 0x00, 0x00, 0x00,
  0x00, 0x10, 0x00, 0x00, 0x00, 0x00, 0x25, 0x00, 0x00, 0x00, 0xA4, 0x08, 0x00, 0x00, 0x01, 0x02,
  0x01, 0x00, 0x02, 0x20, 0x80, 0x20, 0x00, 0x00, 0x02, 0x00, 0x00, 0x00, 0x00, 0x00, 0x21, 0x00,
  0x00, 0x00, 0x24, 0x08, 0x00, 0x00, 0x02, 0x08, 0x02, 0x00, 0x90, 0x88, 0xA0, 0x00, 0x00, 0x00,
  0x34, 0x50, 0x00, 0x00, 0x00, 0x00, 0x21, 0x00, 0x00, 0x00, 0x46, 0x08, 0x00, 0x00, 0x02, 0x04,
  0x0E, 0x00, 0x88, 0x48, 0x10, 0x02, 0x00, 0x01, 0x8C, 0x20, 0x00, 0x00, 0x00, 0x00, 0x21, 0x00,
  0x06, 0x00, 0x24, 0xA0, 0x10, 0x04, 0x00, 0x04, 0x80, 0x02, 0x10, 0x40, 0x10, 0x20, 0x00, 0x00,
  0x0A, 0x40, 0x00, 0x00, 0x00, 0x00, 0x00, 0x21, 0x04, 0x02, 0x00, 0x84, 0x31, 0x10, 0x00, 0x00,
  0x08, 0x41, 0x08, 0x18, 0x86, 0x30, 0x00, 0x11, 0x02, 0x80, 0x60, 0x00, 0x00, 0x00, 0x00, 0x25,
  0x08, 0x00, 0x00, 0x24, 0x00, 0x00, 0x00, 0x06, 0x00, 0x00, 0x00, 0x10, 0x40, 0x00, 0x01, 0x40,
  0x00, 0x00, 0x04, 0x00, 0x00, 0x00, 0x00, 0x21, 0x00, 0x00, 0x04, 0x24, 0x00, 0x00, 0x20, 0x06,
  0x00, 0x14, 0x08, 0x09, 0x00, 0x20, 0x00, 0x01, 0x80, 0x80, 0x00, 0x00, 0x00, 0x00, 0x00, 0x00,
  0x00, 0x00, 0x00, 0x00, 0x00, 0x00, 0x00, 0x00, 0x00, 0x00, 0x00, 0x00, 0x00, 0x00, 0x00, 0x00,
  0x00, 0x00, 0x00, 0x00, 0x00, 0x00, 0x00, 0x00, 0x00, 0x00, 0x00, 0x00, 0x00, 0x00, 0x00, 0x00,
  0x00, 0x00, 0x00, 0x00, 0x00, 0x00, 0x00, 0x00, 0x00, 0x00, 0x00, 0x00, 0x00, 0x00, 0x00, 0x00,
  0x00, 0x00, 0x00, 0x00, 0x00, 0x00, 0x00, 0x00, 0x00, 0x00, 0x00, 0x00, 0x00, 0x00, 0x00, 0x00,
  0x00, 0x00, 0x00, 0x00, 0x00, 0x00, 0x00, 0x00, 0x00, 0x00, 0x08, 0x00, 0x00, 0x02, 0x08, 0x00,
  0x10, 0x00, 0x04, 0x80, 0x00, 0x08, 0x20, 0x02, 0x20, 0x00, 0x04, 0x01, 0x00, 0x00, 0x00, 0x00,
  0x00, 0x00, 0x04, 0x00, 0x00, 0x00, 0x50, 0x00, 0x10, 0x00, 0x04, 0x0C, 0x02, 0x22, 0x01, 0x02,
  0x20, 0x00, 0x04, 0x05, 0x00, 0x00, 0x00, 0x00, 0x00, 0x00, 0x00, 0x00, 0x00, 0x00, 0x40, 0x00,
  0x10, 0x00, 0x04, 0x20, 0x02, 0x04, 0x0C, 0x08, 0x00, 0x00, 0x05, 0x04, 0x21, 0x84, 0x20, 0x00,
  0x00, 0x00, 0x40, 0x00, 0x20, 0x00, 0x61, 0x00, 0x10, 0x00, 0x04, 0x20, 0x00, 0x00, 0x08, 0x80,
  0x00, 0x01, 0x0D, 0x20, 0x20, 0x80, 0x00, 0x00, 0x00, 0x00, 0x00, 0x00, 0x20, 0x00, 0x40, 0x20,
  0x10, 0x09, 0x04, 0x00, 0x21, 0x80, 0x24, 0x42, 0x00, 0x00, 0x04, 0x88, 0x40, 0x1C, 0x00, 0x00,
  0x00, 0x00, 0x00, 0x00, 0x10, 0x00, 0x00, 0x88, 0x14, 0x10, 0x00, 0x05, 0x00, 0x00, 0x28, 0x08,
  0x00, 0x00, 0x00, 0x04, 0x00, 0x00, 0x00, 0x00, 0x00, 0x00, 0x00, 0x04, 0x10, 0x00, 0x02, 0x40,
  0x00, 0x10, 0x00, 0x04, 0x00, 0x01, 0x00, 0x84, 0x69, 0x00, 0x00, 0x04, 0x00, 0x00, 0x20, 0x00,
  0x00, 0x00, 0x00, 0x00, 0x00, 0x00, 0x22, 0x60, 0x02, 0x10, 0x00, 0x04, 0x08, 0x00, 0x00, 0x08,
  0x08, 0x20, 0x00, 0x04, 0x8C, 0x00, 0x20, 0x00, 0x00, 0x00, 0x00, 0x00, 0x00, 0x00, 0x00, 0x00,
  0x00, 0x00, 0x00, 0x00, 0x00, 0x00, 0x00, 0x00, 0x00, 0x00, 0x00, 0x00, 0x00, 0x00, 0x00, 0x00,
  0x00, 0x00, 0x00, 0x00, 0x00, 0x00, 0x00, 0x00, 0x00, 0x00, 0x00, 0x00, 0x00, 0x00, 0x00, 0x00,
  0x00, 0x00, 0x00, 0x00, 0x00, 0x00, 0x00, 0x00, 0x00, 0x00, 0x00, 0x00, 0x00, 0x00, 0x00, 0x00,
  0x00, 0x00, 0x00, 0x00, 0x00, 0x00, 0x00, 0x00, 0x00, 0x00, 0x00, 0x00, 0x00, 0x00, 0x00, 0x00,
  0x00, 0x00, 0x00, 0x00, 0x00, 0x00, 0x00, 0x00, 0x00, 0x00, 0x00, 0x00, 0x10, 0x00, 0x08, 0x00,
  0x00, 0x02, 0x00, 0x00, 0x00, 0x00, 0x00, 0x08, 0x50, 0xC0, 0x00, 0x00, 0x00, 0x00, 0x00, 0x00,
  0x00, 0x01, 0x00, 0x10, 0x10, 0x00, 0x02, 0x08, 0x00, 0x00, 0x80, 0x80, 0x00, 0x08, 0x00, 0x00,
  0x8A, 0x00, 0x00, 0x00, 0x00, 0x00, 0x08, 0x00, 0x00, 0x01, 0x80, 0xB0, 0x10, 0x00, 0x08, 0x00,
  0x02, 0x44, 0x00, 0x00, 0x28, 0x00, 0x22, 0x40, 0x00, 0x00, 0x00, 0x00, 0x00, 0x00, 0x08, 0x00,
  0x00, 0x02, 0x81, 0x31, 0x90, 0x00, 0x04, 0x80, 0x00, 0x51, 0x10, 0x10, 0xA0, 0x00, 0x00, 0x00,
  0x00, 0x00, 0x00, 0x00, 0x00, 0x02, 0x28, 0x00, 0x04, 0x02, 0x40, 0x00, 0x10, 0x00, 0x08, 0x00,
  0x48, 0x00, 0x00, 0x00, 0xA0, 0x08, 0x00, 0x81, 0x00, 0x48, 0x00, 0x00, 0x00, 0x00, 0x00, 0x08,
  0x00, 0x00, 0x04, 0x20, 0x00, 0x10, 0x00, 0x28, 0x02, 0x08, 0x01, 0x00, 0x40, 0x20, 0x00, 0x08,
  0x41, 0x12, 0x00, 0x00, 0x40, 0x00, 0x00, 0x00, 0x00, 0x00, 0x00, 0x40, 0x80, 0x10, 0x00, 0x00,
  0x00, 0x06, 0x00, 0x00, 0x01, 0xA8, 0x00, 0x00, 0x00, 0x08, 0x09, 0x00, 0x00, 0x00, 0x00, 0x88,
  0x00, 0x00, 0x00, 0x80, 0x00, 0x18, 0x08, 0x00, 0x00, 0x00, 0x02, 0x10, 0x00, 0x00, 0x00, 0x88,
  0x01, 0x0A, 0x20, 0x00, 0x00, 0x00, 0x00, 0x00, 0x00, 0x00, 0x00, 0x00, 0x00, 0x00, 0x00, 0x00,
  0x00, 0x00, 0x00, 0x00, 0x00, 0x00, 0x00, 0x00, 0x00, 0x00, 0x00, 0x00, 0x00, 0x00, 0x00, 0x00,
  0x00, 0x00, 0x00, 0x00, 0x00, 0x00, 0x00, 0x00, 0x00, 0x00, 0x00, 0x00, 0x00, 0x00, 0x00, 0x00,
  0x00, 0x00, 0x00, 0x00, 0x00, 0x00, 0x00, 0x00, 0x00, 0x00, 0x00, 0x00, 0x00, 0x00, 0x00, 0x00,
  0x00, 0x00, 0x00, 0x00, 0x00, 0x00, 0x00, 0x00, 0x00, 0x00, 0x00, 0x00, 0x00, 0x00, 0x00, 0x00,
  0x00, 0x00, 0x00, 0x00, 0x00, 0x08, 0x00, 0x00, 0x09, 0x04, 0x00, 0x00, 0x40, 0x00, 0x02, 0x00,
  0x40, 0x44, 0x40, 0x00, 0x10, 0x10, 0x00, 0x00, 0x00, 0x00, 0x00, 0x00, 0x00, 0x08, 0x00, 0x00,
  0x28, 0x45, 0x00, 0x00, 0x00, 0x10, 0x02, 0x04, 0x19, 0x07, 0x00, 0x00, 0x10, 0x10, 0x00, 0x00,
  0x00, 0x00, 0x50, 0x14, 0x20, 0x08, 0x00, 0x00, 0x28, 0x45, 0x10, 0x00, 0x40, 0x10, 0x00, 0x01,
  0x89, 0x05, 0x00, 0x00, 0x10, 0x60, 0x00, 0x00, 0x00, 0x01, 0x10, 0x40, 0x00, 0x00, 0x00, 0x00,
  0x00, 0x45, 0x00, 0x00, 0x40, 0x10, 0x00, 0x41, 0xA2, 0x07, 0x00, 0x00, 0x00, 0x20, 0x00, 0x00,
  0x00, 0x00, 0x10, 0x44, 0x00, 0x00, 0x00, 0x00, 0x28, 0x44, 0x10, 0x00, 0x40, 0x10, 0x00, 0x01,
  0x8A, 0x06, 0x80, 0x00, 0x10, 0x57, 0x40, 0x10, 0x40, 0x00, 0x01, 0x00, 0x00, 0x00, 0x00, 0x00,
  0x00, 0x40, 0x44, 0x00, 0x00, 0x00, 0x10, 0x00, 0x01, 0xC2, 0x05, 0x00, 0x00, 0x08, 0x00, 0x00,
  0x00, 0x00, 0x01, 0x00, 0x00, 0x00, 0x08, 0x00, 0x00, 0x08, 0x45, 0x10, 0x00, 0x80, 0x10, 0x00,
  0x00, 0x80, 0x44, 0x00, 0x00, 0x01, 0x50, 0x00, 0x00, 0x00, 0x01, 0x00, 0x20, 0x00, 0x08, 0x00,
  0x00, 0x08, 0x44, 0x00, 0x00, 0x40, 0x00, 0x00, 0x41, 0x5A, 0x04, 0x00, 0x00, 0x10, 0x10, 0x00,
  0x00, 0x00, 0x00, 0x00, 0x00, 0x00, 0x00, 0x00, 0x00, 0x00, 0x00, 0x00, 0x00, 0x00, 0x00, 0x00,
  0x00, 0x00, 0x00, 0x00, 0x00, 0x00, 0x00, 0x00, 0x00, 0x00, 0x00, 0x00, 0x00, 0x00, 0x00, 0x00,
  0x00, 0x00, 0x00, 0x00, 0x00, 0x00, 0x00, 0x00, 0x00, 0x00, 0x00, 0x00, 0x00, 0x00, 0x00, 0x00,
  0x00, 0x00, 0x00, 0x00, 0x00, 0x00, 0x00, 0x00, 0x00, 0x00, 0x00, 0x00, 0x00, 0x00, 0x00, 0x00,
  0x00, 0x00, 0x00, 0x00, 0x00, 0x00, 0x00, 0x00, 0x00, 0x00, 0x00, 0x00, 0x00, 0x00, 0x00, 0x00,
  0x04, 0x00, 0x00, 0x28, 0x0A, 0x48, 0x04, 0x00, 0x00, 0x00, 0x02, 0x00, 0x40, 0xC8, 0x10, 0x01,
  0x00, 0x40, 0x00, 0x00, 0x00, 0x00, 0x00, 0x00, 0x08, 0x00, 0x00, 0x20, 0x08, 0x08, 0x02, 0x00,
  0x00, 0x00, 0x00, 0x00, 0x00, 0xC8, 0x82, 0x01, 0x00, 0x10, 0x00, 0x00, 0x00, 0x00, 0x00, 0x00,
  0x00, 0x00, 0x00, 0x20, 0x08, 0x08, 0x12, 0x00, 0x00, 0x10, 0x00, 0x00, 0x28, 0x89, 0x00, 0x04,
  0x80, 0x00, 0x00, 0x00, 0x00, 0x00, 0x00, 0x00, 0x04, 0x08, 0x00, 0x22, 0x00, 0x08, 0x02, 0x00,
  0x00, 0x00, 0x00, 0x00, 0x80, 0xCA, 0x00, 0x00, 0x80, 0x20, 0x00, 0x00, 0x00, 0x00, 0x00, 0x00,
  0x20, 0x00, 0x00, 0x02, 0x08, 0x08, 0x14, 0x00, 0x00, 0x10, 0x01, 0x00, 0x80, 0xC9, 0x00, 0x00,
  0x00, 0x0B, 0x82, 0x00, 0x00, 0x00, 0x00, 0x00, 0x00, 0x00, 0x08, 0x00, 0x24, 0x00, 0x8C, 0x04,
  0x02, 0x00, 0x00, 0x00, 0x80, 0x80, 0xCE, 0x00, 0x04, 0x01, 0x30, 0x00, 0x00, 0x00, 0x00, 0x00,
  0x00, 0x20, 0x00, 0x00, 0x28, 0x0A, 0x08, 0x12, 0x00, 0x00, 0x10, 0x00, 0x00, 0x40, 0x8C, 0x84,
  0x00, 0x00, 0x00, 0x00, 0x00, 0x00, 0x00, 0x00, 0x00, 0x20, 0x00, 0x00, 0x28, 0x0A, 0x0C, 0x04,
  0x00, 0x00, 0x00, 0x00, 0x00, 0x00, 0x8C, 0x42, 0x04, 0x00, 0x90, 0x00, 0x00, 0x00, 0x00, 0x00,
  0x00, 0x00, 0x00, 0x00, 0x00, 0x00, 0x00, 0x00, 0x00, 0x00, 0x00, 0x00, 0x00, 0x00, 0x00, 0x00,
  0x00, 0x00, 0x00, 0x00, 0x00, 0x00, 0x00, 0x00, 0x00, 0x00, 0x00, 0x00, 0x00, 0x00, 0x00, 0x00,
  0x00, 0x00, 0x00, 0x00, 0x00, 0x00, 0x00, 0x00, 0x00, 0x00, 0x00, 0x00, 0x00, 0x00, 0x00, 0x00,
  0x00, 0x00, 0x00, 0x00, 0x00, 0x00, 0x00, 0x00, 0x00, 0x00, 0x00, 0x00, 0x00, 0x00, 0x00, 0x00,
  0x00, 0x00, 0x00, 0x00, 0x00, 0x00, 0x00, 0x00, 0x00, 0x00, 0x80, 0x20, 0x00, 0x00, 0x00, 0x00,
  0x20, 0x19, 0x20, 0x00, 0x00, 0x10, 0x00, 0x04, 0x04, 0x20, 0x08, 0x04, 0x02, 0x00, 0x00, 0x00,
  0x00, 0x01, 0x00, 0x40, 0x00, 0x04, 0x00, 0x00, 0x00, 0x54, 0x10, 0x01, 0x40, 0x00, 0x00, 0x01,
  0x04, 0x04, 0x00, 0x00, 0x00, 0x00, 0x00, 0x00, 0x00, 0x00, 0x00, 0x00, 0x00, 0x04, 0x00, 0x00,
  0x00, 0x54, 0x00, 0x00, 0x00, 0x00, 0x00, 0x01, 0x40, 0xA0, 0x20, 0x00, 0x02, 0x10, 0x00, 0x00,
  0x00, 0x00, 0x00, 0x00, 0x00, 0x00, 0x00, 0x00, 0x08, 0x54, 0x20, 0x00, 0x80, 0x00, 0x00, 0x00,
  0x0A, 0x08, 0x10, 0x00, 0x09, 0x20, 0x00, 0x00, 0x00, 0x01, 0x00, 0x00, 0x00, 0x08, 0x00, 0x10,
  0x00, 0x49, 0x00, 0x00, 0x40, 0x00, 0x02, 0x00, 0x22, 0x04, 0x20, 0x06, 0x02, 0x2A, 0x04, 0x24,
  0x00, 0x00, 0x00, 0x00, 0x30, 0x20, 0x00, 0x00, 0x00, 0x04, 0x81, 0x20, 0x00, 0x80, 0x10, 0x02,
  0x00, 0x0A, 0x10, 0x10, 0x02, 0x00, 0x40, 0x00, 0x00, 0x00, 0x00, 0x00, 0x40, 0x00, 0x00, 0x00,
  0x00, 0x20, 0x60, 0x00, 0x00, 0x40, 0x00, 0x00, 0x04, 0x00, 0x51, 0x20, 0x04, 0x0A, 0x20, 0x00,
  0x00, 0x00, 0x00, 0x00, 0x00, 0x00, 0x00, 0x00, 0x00, 0x20, 0x51, 0x20, 0x00, 0x40, 0x10, 0x00,
  0x01, 0x04, 0x51, 0x20, 0x02, 0x01, 0x00, 0x00, 0x00, 0x00, 0x00, 0x00, 0x00, 0x00, 0x00, 0x00,
  0x00, 0x00, 0x00, 0x00, 0x00, 0x00, 0x00, 0x00, 0x00, 0x00, 0x00, 0x00, 0x00, 0x00, 0x00, 0x00,
  0x00, 0x00, 0x00, 0x00, 0x00, 0x00, 0x00, 0x00, 0x00, 0x00, 0x00, 0x00, 0x00, 0x00, 0x00, 0x00,
  0x00, 0x00, 0x00, 0x00, 0x00, 0x00, 0x00, 0x00, 0x00, 0x00, 0x00, 0x00, 0x00, 0x00, 0x00, 0x00,
  0x00, 0x00, 0x00, 0x00, 0x00, 0x00, 0x00, 0x00, 0x00, 0x00, 0x00, 0x00, 0x00, 0x00, 0x00, 0x00,
  0x00, 0x00, 0x00, 0x00, 0x00, 0x00, 0x40, 0x10, 0x20, 0x02, 0x00, 0x00, 0x00, 0x00, 0x40, 0x00,
  0x40, 0x20, 0x00, 0x01, 0x84, 0x06, 0xA0, 0x00, 0x04, 0x10, 0x00, 0x00, 0x00, 0x00, 0x40, 0x10,
  0x20, 0x00, 0x00, 0x02, 0x00, 0x80, 0x20, 0x00, 0x00, 0x10, 0x00, 0x80, 0x50, 0x10, 0x30, 0x04,
  0x05, 0x40, 0x00, 0x00, 0x00, 0x00, 0x00, 0x00, 0x08, 0x00, 0x00, 0x02, 0x00, 0x80, 0x00, 0x00,
  0x40, 0x00, 0x01, 0x80, 0x00, 0x06, 0x22, 0x00, 0x04, 0x00, 0x00, 0x00, 0x00, 0x00, 0x00, 0x10,
  0x20, 0x04, 0x00, 0x00, 0x13, 0x00, 0x40, 0x00, 0x00, 0x10, 0x01, 0x01, 0x00, 0x20, 0x42, 0x04,
  0x04, 0x00, 0x00, 0x00, 0x00, 0x00, 0x00, 0x00, 0x20, 0x02, 0x00, 0x00, 0x00, 0x90, 0x00, 0x00,
  0x00, 0x00, 0x00, 0x01, 0x00, 0x10, 0x44, 0x00, 0x02, 0x08, 0x08, 0x4A, 0x00, 0x00, 0x00, 0x20,
  0x00, 0x08, 0x08, 0x00, 0x00, 0x08, 0x10, 0x40, 0x00, 0x00, 0x00, 0x00, 0x01, 0x00, 0x01, 0x44,
  0x00, 0x04, 0x00, 0x00, 0x00, 0x00, 0x00, 0x20, 0x10, 0x10, 0x02, 0x00, 0x00, 0x00, 0x04, 0x00,
  0x00, 0x00, 0x00, 0x02, 0x81, 0x1A, 0x02, 0x40, 0x01, 0x00, 0x00, 0x00, 0x00, 0x00, 0x00, 0x40,
  0x10, 0x10, 0x02, 0x00, 0x00, 0x00, 0x00, 0x40, 0x00, 0x00, 0x20, 0x02, 0x00, 0x40, 0x01, 0x40,
  0x00, 0x02, 0x00, 0x00, 0x00, 0x00, 0x00, 0x00, 0x00, 0x00, 0x00, 0x00, 0x00, 0x00, 0x00, 0x00,
  0x00, 0x00, 0x00, 0x00, 0x00, 0x00, 0x00, 0x00, 0x00, 0x00, 0x00, 0x00, 0x00, 0x00, 0x00, 0x00,
  0x00, 0x00, 0x00, 0x00, 0x00, 0x00, 0x00, 0x00, 0x00, 0x00, 0x00, 0x00, 0x00, 0x00, 0x00, 0x00,
  0x00, 0x00, 0x00, 0x00, 0x00, 0x00, 0x00, 0x00, 0x00, 0x00, 0x00, 0x00, 0x00, 0x00, 0x00, 0x00,
  0x00, 0x00, 0x00, 0x00, 0x00, 0x00, 0x00, 0x00, 0x00, 0x00, 0x00, 0x00, 0x00, 0x00, 0x00, 0x00,
  0x00, 0x02, 0x00, 0x00, 0x00, 0x00, 0x00, 0x00, 0x20, 0x00, 0xA0, 0x00, 0x00, 0x08, 0x00, 0x01,
  0x42, 0x02, 0x40, 0x80, 0x04, 0x00, 0x08, 0x00, 0x00, 0x02, 0x00, 0x00, 0x00, 0x00, 0x30, 0x00,
  0x13, 0x00, 0x40, 0x08, 0x00, 0x04, 0x00, 0x04, 0x06, 0x42, 0x50, 0x04, 0x04, 0x20, 0x08, 0x00,
  0x04, 0x02, 0x00, 0x00, 0x00, 0x00, 0x00, 0x00, 0x08, 0x01, 0x00, 0x00, 0x00, 0x04, 0x00, 0x01,
  0x40, 0x02, 0x44, 0x40, 0x04, 0x00, 0x00, 0x00, 0x00, 0x02, 0x00, 0x00, 0x00, 0x00, 0x00, 0x00,
  0x13, 0x00, 0x00, 0x00, 0x00, 0x00, 0x00, 0x09, 0x05, 0x42, 0x40, 0x40, 0x40, 0x00, 0x00, 0x00,
  0x08, 0x00, 0x00, 0x00, 0x00, 0x00, 0x00, 0x00, 0x48, 0x01, 0x00, 0x00, 0x00, 0x08, 0x00, 0x03,
  0x00, 0x00, 0x24, 0x00, 0x00, 0x00, 0x08, 0x40, 0x10, 0x08, 0x01, 0x00, 0x00, 0x00, 0x00, 0x00,
  0x00, 0x48, 0x00, 0x00, 0x00, 0x00, 0x00, 0x00, 0x08, 0x00, 0x41, 0x00, 0x80, 0x05, 0x30, 0x00,
  0x00, 0x08, 0x02, 0x00, 0x00, 0x00, 0x00, 0x00, 0x00, 0x04, 0x82, 0x00, 0x10, 0x00, 0x08, 0x00,
  0x01, 0x20, 0x82, 0x40, 0x01, 0x04, 0x00, 0x20, 0x00, 0x00, 0x02, 0x00, 0x00, 0x00, 0x00, 0x20,
  0x00, 0xA0, 0x80, 0x00, 0x08, 0x00, 0x00, 0x00, 0x00, 0x06, 0x40, 0x20, 0x80, 0x04, 0x10, 0x00,
  0x00, 0x00, 0x00, 0x00, 0x00, 0x00, 0x00, 0x00, 0x00, 0x00, 0x00, 0x00, 0x00, 0x00, 0x00, 0x00,
  0x00, 0x00, 0x00, 0x00, 0x00, 0x00, 0x00, 0x00, 0x00, 0x00, 0x00, 0x00, 0x00, 0x00, 0x00, 0x00,
  0x00, 0x00, 0x00, 0x00, 0x00, 0x00, 0x00, 0x00, 0x00, 0x00, 0x00, 0x00, 0x00, 0x00, 0x00, 0x00,
  0x00, 0x00, 0x00, 0x00, 0x00, 0x00, 0x00, 0x00, 0x00, 0x00, 0x00, 0x00, 0x00, 0x00, 0x00, 0x00,
  0x00, 0x00, 0x00, 0x00, 0x00, 0x00, 0x00, 0x00, 0x00, 0x00, 0x00, 0x00, 0x00, 0x00, 0x00, 0x00,
  0x00, 0x00, 0x00, 0x00, 0xA0, 0x41, 0x00, 0x00, 0x00, 0x00, 0x00, 0x00, 0x01, 0x40, 0xA0, 0x04,
  0x80, 0xA0, 0x00, 0x00, 0x00, 0x00, 0x00, 0x00, 0x00, 0x00, 0x00, 0x00, 0x88, 0x83, 0x00, 0x00,
  0x00, 0x04, 0x00, 0x08, 0x80, 0x00, 0x80, 0x02, 0x12, 0x00, 0x20, 0x01, 0x00, 0x00, 0x00, 0x00,
  0x00, 0x00, 0x40, 0x00, 0x84, 0x80, 0x40, 0x10, 0x00, 0x04, 0x00, 0x08, 0x02, 0x80, 0x10, 0x04,
  0x10, 0x10, 0x20, 0x01, 0x08, 0x00, 0x00, 0x00, 0x00, 0x00, 0x40, 0x00, 0x88, 0x80, 0x40, 0x00,
  0x00, 0x00, 0x00, 0x00, 0x02, 0x01, 0x00, 0x08, 0x0A, 0x20, 0x00, 0x00, 0x20, 0x00, 0x00, 0x00,
  0x00, 0x00, 0x40, 0x00, 0x44, 0x40, 0x00, 0x10, 0x00, 0x00, 0x00, 0x08, 0x0C, 0x02, 0x20, 0x0A,
  0x41, 0x20, 0x04, 0x04, 0x00, 0x00, 0x00, 0x00, 0x00, 0x00, 0x00, 0x00, 0x00, 0x04, 0x00, 0x40,
  0x30, 0x00, 0x00, 0x00, 0x02, 0x08, 0x00, 0x40, 0x05, 0x40, 0x00, 0x20, 0x01, 0x00, 0x00, 0x00,
  0x00, 0x00, 0x00, 0x40, 0x00, 0x02, 0x40, 0x40, 0x00, 0x00, 0x00, 0x00, 0x04, 0x08, 0x01, 0x08,
  0x05, 0x42, 0x20, 0x00, 0x05, 0x00, 0x00, 0x00, 0x00, 0x00, 0x00, 0x00, 0x00, 0x01, 0x82, 0x00,
  0x00, 0x00, 0x00, 0x00, 0x10, 0x20, 0x02, 0x00, 0x08, 0x81, 0x00, 0x00, 0x00, 0x00, 0x00, 0x00,
  0x00, 0x00, 0x00, 0x00, 0x00, 0x00, 0x00, 0x00, 0x00, 0x00, 0x00, 0x00, 0x00, 0x00, 0x00, 0x00,
  0x00, 0x00, 0x00, 0x00, 0x00, 0x00, 0x00, 0x00, 0x00, 0x00, 0x00, 0x00, 0x00, 0x00, 0x00, 0x00,
  0x00, 0x00, 0x00, 0x00, 0x00, 0x00, 0x00, 0x00, 0x00, 0x00, 0x00, 0x00, 0x00, 0x00, 0x00, 0x00,
  0x00, 0x00, 0x00, 0x00, 0x00, 0x00, 0x00, 0x00, 0x00, 0x00, 0x00, 0x00, 0x00, 0x00, 0x00, 0x00,
  0x00, 0x00, 0x00, 0x00, 0x04, 0x00, 0x88, 0x01, 0x00, 0x00, 0x40, 0x00, 0x00, 0x00, 0xA0, 0x00,
  0x0A, 0x00, 0x00, 0x00, 0x00, 0x08, 0x00, 0x24, 0x00, 0x80, 0x44, 0x81, 0x01, 0x20, 0x80, 0x01,
  0x00, 0x00, 0x80, 0x00, 0x00, 0x00, 0x00, 0x00, 0x80, 0x02, 0x00, 0x00, 0x00, 0x00, 0x00, 0x01,
  0x80, 0x80, 0x42, 0x10, 0x40, 0x30, 0x00, 0x00, 0x00, 0x00, 0x80, 0x00, 0x00, 0x00, 0x08, 0x00,
  0x80, 0x82, 0x00, 0x00, 0x00, 0x00, 0x00, 0x08, 0x20, 0x81, 0x00, 0x80, 0xC1, 0x20, 0x08, 0x00,
  0x00, 0x01, 0x00, 0x00, 0x00, 0x00, 0x08, 0x00, 0x40, 0x01, 0x00, 0x00, 0x00, 0x08, 0x00, 0x02,
  0x00, 0x00, 0x92, 0x10, 0x80, 0x00, 0x88, 0x01, 0x00, 0x02, 0x00, 0x00, 0x00, 0x00, 0x08, 0x00,
  0x81, 0x00, 0x80, 0x00, 0x00, 0x08, 0x00, 0x00, 0x02, 0x42, 0x00, 0x80, 0x00, 0x2C, 0x02, 0x8A,
  0x01, 0x00, 0x00, 0x40, 0x00, 0x00, 0x00, 0x90, 0x00, 0x80, 0xC2, 0x00, 0x00, 0x00, 0x04, 0x00,
  0x04, 0x08, 0x82, 0x12, 0x40, 0x80, 0x20, 0x10, 0x00, 0x00, 0x00, 0x80, 0x00, 0x00, 0x00, 0x20,
  0x00, 0x80, 0x02, 0x00, 0x00, 0x00, 0x04, 0x00, 0x22, 0x08, 0x40, 0x90, 0x80, 0x00, 0x00, 0x08,
  0x00, 0x00, 0x02, 0x00, 0x00, 0x00, 0x00, 0x08, 0x00, 0x08, 0x02, 0x00, 0x00, 0x00, 0x08, 0x00,
  0x03, 0x40, 0x82, 0x12, 0x41, 0x00, 0x20, 0x00, 0x00, 0x00, 0x00, 0x00, 0x00, 0x00, 0x00, 0x00,
  0x00, 0x00, 0x00, 0x00, 0x00, 0x00, 0x00, 0x00, 0x00, 0x00, 0x00, 0x00, 0x00, 0x00, 0x00, 0x00,
  0x00, 0x00, 0x00, 0x00, 0x00, 0x00, 0x00, 0x00, 0x00, 0x00, 0x00, 0x00, 0x00, 0x00, 0x00, 0x00,
  0x00, 0x00, 0x00, 0x00, 0x00, 0x00, 0x00, 0x00, 0x00, 0x00, 0x00, 0x00, 0x00, 0x00, 0x00, 0x00,
  0x00, 0x00, 0x00, 0x00, 0x00, 0x00, 0x00, 0x00, 0x00, 0x00, 0x00, 0x00, 0x00, 0x00, 0x00, 0x00,
  0x60, 0x00, 0x00, 0x01, 0x48, 0x00, 0x00, 0x00, 0x00, 0x00, 0x00, 0x00, 0x09, 0x02, 0x00, 0x14,
  0x00, 0x00, 0x00, 0x01, 0x58, 0x00, 0x00, 0x00, 0x48, 0x00, 0x00, 0x04, 0x28, 0x00, 0x00, 0x00,
  0x00, 0x00, 0x00, 0x00, 0x00, 0x40, 0x00, 0x40, 0x00, 0x00, 0x00, 0x08, 0x20, 0x80, 0x00, 0x80,
  0x40, 0x00, 0x00, 0x04, 0x20, 0x00, 0x00, 0x00, 0x00, 0x00, 0x00, 0x00, 0x40, 0x41, 0x00, 0x40,
  0x00, 0x00, 0x00, 0x01, 0x48, 0x40, 0x80, 0x00, 0x80, 0x10, 0x00, 0x01, 0x20, 0x00, 0x00, 0x00,
  0x00, 0x00, 0x00, 0x00, 0x00, 0x43, 0x00, 0x44, 0x00, 0x08, 0x00, 0x02, 0xD0, 0x40, 0x00, 0x00,
  0x81, 0x50, 0x00, 0x01, 0x00, 0x02, 0x00, 0x00, 0x00, 0x00, 0x00, 0x00, 0x00, 0x41, 0x10, 0x40,
  0x00, 0x00, 0x00, 0x02, 0xD0, 0x81, 0x00, 0x80, 0x49, 0x18, 0x00, 0x12, 0x81, 0x40, 0x00, 0x00,
  0x00, 0x00, 0x00, 0x00, 0x00, 0x42, 0x03, 0x00, 0x00, 0x00, 0x08, 0x00, 0x04, 0xD0, 0x41, 0x00,
  0x00, 0x10, 0x00, 0x00, 0x02, 0x40, 0x00, 0x00, 0x00, 0x00, 0x00, 0x00, 0x00, 0xA0, 0x41, 0x00,
  0x40, 0x00, 0x00, 0x00, 0x00, 0xC1, 0x00, 0x00, 0x80, 0x08, 0x50, 0x00, 0x00, 0x48, 0x00, 0x00,
  0x00, 0x00, 0x00, 0x00, 0x00, 0x28, 0x01, 0x10, 0x40, 0x00, 0x08, 0x00, 0x08, 0x80, 0x81, 0x00,
  0x00, 0x50, 0x10, 0x00, 0x00, 0x00, 0x00, 0x00, 0x00, 0x00, 0x00, 0x00, 0x00, 0x00, 0x00, 0x00,
  0x00, 0x00, 0x00, 0x00, 0x00, 0x00, 0x00, 0x00, 0x00, 0x00, 0x00, 0x00, 0x00, 0x00, 0x00, 0x00,
  0x00, 0x00, 0x00, 0x00, 0x00, 0x00, 0x00, 0x00, 0x00, 0x00, 0x00, 0x00, 0x00, 0x00, 0x00, 0x00,
  0x00, 0x00, 0x00, 0x00, 0x00, 0x00, 0x00, 0x00, 0x00, 0x00, 0x00, 0x00, 0x00, 0x00, 0x00, 0x00,
  0x00, 0x00, 0x00, 0x00, 0x00, 0x00, 0x00, 0x00, 0x00, 0x00, 0x00, 0x00, 0x00, 0x08, 0x00, 0x00,
  0x00, 0x00, 0x00, 0x00, 0x00, 0x00, 0x90, 0x04, 0x1F, 0xC0, 0x30, 0x00, 0x00, 0x00, 0x20, 0x00,
  0x00, 0x00, 0x00, 0x00, 0x00, 0x08, 0x00, 0x00, 0x00, 0x00, 0x00, 0x00, 0x00, 0x00, 0x90, 0x04,
  0x1F, 0xC0, 0x30, 0x00, 0x00, 0x00, 0x20, 0x00, 0x00, 0x00, 0x00, 0x00, 0x00, 0x08, 0x00, 0x00,
  0x00, 0x00, 0x00, 0x00, 0x00, 0x00, 0x90, 0x08, 0x1F, 0xC0, 0x30, 0x00, 0x00, 0x00, 0x20, 0x00,
  0x00, 0x00, 0x00, 0x00, 0x00, 0x08, 0x00, 0x00, 0x00, 0x00, 0x00, 0x00, 0x00, 0x00, 0x04, 0x8C,
  0x1F, 0xC0, 0x30, 0x00, 0x00, 0x00, 0x20, 0x00, 0x00, 0x00, 0x00, 0x00, 0x00, 0x08, 0x00, 0x00,
  0x00, 0x00, 0x00, 0x00, 0x00, 0x00, 0x04, 0x8C, 0x1F, 0xC0, 0x30, 0x00, 0x00, 0x00, 0x20, 0x00,
  0x00, 0x00, 0x00, 0x00, 0x00, 0x00, 0x08, 0x00, 0x00, 0x00, 0x00, 0x00, 0x00, 0x00, 0x00, 0x04,
  0x88, 0x1F, 0xC0, 0x30, 0x00, 0x00, 0x00, 0x20, 0x00, 0x00, 0x00, 0x00, 0x00, 0x00, 0x08, 0x00,
  0x00, 0x00, 0x00, 0x00, 0x00, 0x00, 0x00, 0x04, 0x8C, 0x1F, 0xC0, 0x30, 0x00, 0x00, 0x00, 0x20,
  0x00, 0x00, 0x00, 0x00, 0x00, 0x00, 0x08, 0x00, 0x00, 0x00, 0x00, 0x00, 0x00, 0x00, 0x00, 0x00,
  0x00, 0x1F, 0xC0, 0x30, 0x00, 0x00, 0x00, 0x20, 0x00, 0x00, 0x00, 0x00, 0x00, 0x00, 0x00, 0x00,
  0x00, 0x00, 0x00, 0x00, 0x00, 0x00, 0x00, 0x00, 0x00, 0x00, 0x00, 0x00, 0x00, 0x00, 0x00, 0x00,
  0x00, 0x00, 0x00, 0x00, 0x00, 0x00, 0x00, 0x00, 0x00, 0x00, 0x00, 0x00, 0x00, 0x00, 0x00, 0x00,
  0x00, 0x00, 0x00, 0x00, 0x00, 0x00, 0x00, 0x00, 0x00, 0x00, 0x00, 0x00, 0x00, 0x00, 0x00, 0x00,
  0x00, 0x00, 0x00, 0x00, 0x00, 0x00, 0x00, 0x00, 0x00, 0x00, 0x00, 0x00, 0x00, 0x00, 0x00, 0x00,
  0x00, 0x00, 0x00, 0x00, 0x00, 0x00, 0x00, 0x00, 0x00, 0x80, 0x00, 0x00, 0x00, 0x00, 0x44, 0x80,
  0x01, 0x10, 0x01, 0xA0, 0x00, 0x00, 0x00, 0x61, 0x00, 0x00, 0x08, 0x80, 0x08, 0x02, 0x00, 0x00,
  0x03, 0x08, 0x00, 0x24, 0x60, 0x40, 0x69, 0x40, 0x85, 0x00, 0x81, 0x44, 0x80, 0x04, 0x04, 0x04,
  0x08, 0x04, 0x00, 0x60, 0xA2, 0x48, 0x88, 0x61, 0x00, 0x20, 0x88, 0x03, 0x43, 0xA0, 0x83, 0x03,
  0x18, 0x80, 0x90, 0x44, 0x12, 0x00, 0x43, 0x00, 0x81, 0x00, 0x08, 0xA8, 0x00, 0x88, 0x82, 0x00,
  0x04, 0x90, 0x6A, 0x42, 0x40, 0x02, 0x87, 0x04, 0x80, 0x08, 0x02, 0x00, 0x03, 0x0A, 0x28, 0x0A,
  0x80, 0x08, 0x00, 0x28, 0x02, 0x84, 0x05, 0x08, 0x8B, 0x02, 0x8A, 0x42, 0x85, 0x0A, 0x02, 0x12,
  0x14, 0x00, 0x33, 0x82, 0x11, 0x02, 0x10, 0x0A, 0x00, 0x82, 0x04, 0x00, 0x10, 0x0A, 0x20, 0x00,
  0x22, 0x10, 0x00, 0x0B, 0x10, 0x02, 0x83, 0xA0, 0x20, 0x08, 0x94, 0x40, 0x04, 0x80, 0x04, 0x02,
  0x04, 0x01, 0x06, 0x93, 0x07, 0x50, 0x26, 0x00, 0x44, 0x06, 0x86, 0x20, 0x02, 0x00, 0x40, 0x47,
  0x40, 0x81, 0x00, 0x09, 0x60, 0x00, 0x42, 0x09, 0x00, 0x21, 0x40, 0x00, 0x07, 0x00, 0x80, 0x88,
  0x02, 0x08, 0x00, 0x00, 0x02, 0x00, 0x80, 0x00, 0x20, 0x80, 0x20, 0x08, 0x04, 0x00, 0x00, 0x04,
  0x88, 0x00, 0x02, 0x04, 0x08, 0x00, 0x08, 0x18, 0x80, 0x00, 0x03, 0x00, 0x00, 0x00, 0x00, 0x40,
  0x83, 0x00, 0x00, 0x0A, 0x00, 0x02, 0x80, 0x0A, 0x00, 0x04, 0x20, 0x80, 0x00, 0x80, 0x00, 0x00,
  0x80, 0x90, 0x14, 0x00, 0x20, 0x48, 0x00, 0x00, 0x08, 0x00, 0x02, 0x00, 0x20, 0x04, 0x08, 0x0A,
  0x00, 0x08, 0x40, 0x80, 0x00, 0x04, 0x00, 0x00, 0x00, 0x00, 0x00, 0x42, 0x00, 0x02, 0x00, 0x02,
  0x60, 0x02, 0x02, 0x00, 0x40, 0x00, 0x40, 0x00, 0x40, 0x08, 0x80, 0x00, 0x20, 0x00, 0x00, 0x00,
  0x20, 0x00, 0x00, 0x00, 0x00, 0x10, 0x00, 0x00, 0x00, 0x00, 0x40, 0x00, 0x00, 0x00, 0x04, 0x00,
  0x0A, 0x08, 0xC8, 0x00, 0x20, 0x0E, 0x00, 0x65, 0xE0, 0x02, 0xC4, 0x00, 0x00, 0x00, 0xC0, 0x00,
  0x05, 0x40, 0x10, 0x40, 0x14, 0x08, 0x00, 0x40, 0x10, 0x00, 0x20, 0x00, 0x21, 0x00, 0xD0, 0x20,
  0x11, 0x51, 0x40, 0x24, 0x09, 0x95, 0x42, 0x50, 0x48, 0x10, 0x08, 0x00, 0x40, 0x50, 0x41, 0x45,
  0x00, 0x11, 0x48, 0xC0, 0x14, 0x05, 0x20, 0x00, 0x10, 0x50, 0x02, 0x18, 0x01, 0x41, 0x21, 0x20,
  0x44, 0x12, 0x00, 0x10, 0x10, 0x10, 0x01, 0x68, 0x08, 0x12, 0x10, 0xC2, 0x56, 0x10, 0xE9, 0x10,
  0x12, 0x60, 0x50, 0x00, 0x00, 0x12, 0x21, 0x42, 0x60, 0x02, 0x0A, 0x82, 0x02, 0x10, 0x00, 0x12,
  0xCC, 0x22, 0x0E, 0x02, 0xC6, 0x08, 0x12, 0x20, 0x08, 0x01, 0x80, 0x00, 0x02, 0x00, 0x0C, 0x00,
  0x00, 0x01, 0x08, 0x08, 0x00, 0x00, 0x00, 0x2D, 0xC0, 0x28, 0x20, 0xAA, 0x00, 0x28, 0xE0, 0x00,
  0x10, 0x00, 0x81, 0xEE, 0x40, 0x00, 0x42, 0x05, 0xD2, 0x18, 0x00, 0x40, 0x24, 0x2C, 0x20, 0x54,
  0x00, 0x60, 0x02, 0x04, 0x00, 0x80, 0x40, 0x02, 0x00, 0x10, 0x40, 0x42, 0x01, 0x02, 0x80, 0x20,
  0x01, 0x00, 0x14, 0x20, 0x80, 0x60, 0x80, 0x20, 0x00, 0x80, 0x80, 0xD0, 0x10, 0x02, 0xD2, 0x00,
  0x10, 0x10, 0x20, 0x02, 0x51, 0x02, 0x10, 0x08, 0x02, 0x08, 0x00, 0x01, 0x50, 0x05, 0x00, 0x02,
  0x00, 0x12, 0x40, 0x01, 0x00, 0x00, 0x00, 0x08, 0x00, 0x01, 0x00, 0x46, 0x40, 0x01, 0x80, 0x02,
  0x10, 0x41, 0x00, 0x12, 0x00, 0x02, 0x00, 0x00, 0x00, 0x00, 0x00, 0xC2, 0xC0, 0x01, 0x40, 0x20,
  0xE0, 0x01, 0xC2, 0x20, 0xC0, 0x20, 0xC0, 0x40, 0x00, 0x02, 0x00, 0x00, 0x01, 0x02, 0x00, 0x00,
  0x45, 0x00, 0x40, 0x00, 0x40, 0x00, 0x40, 0x00, 0x80, 0x00, 0x00, 0x00, 0x80, 0x00, 0x00, 0x00,
  0x01, 0x00, 0x00, 0x00, 0x08, 0x00, 0x02, 0x40, 0x00, 0x00, 0x40, 0x00, 0x28, 0x00, 0x08, 0x00,
  0x01, 0x04, 0x21, 0x00, 0x02, 0x10, 0x09, 0x21, 0x08, 0x08, 0x00, 0x09, 0x10, 0x01, 0x08, 0x01,
  0x20, 0x04, 0x28, 0x04, 0x48, 0x04, 0x84, 0x04, 0x84, 0x24, 0x81, 0x08, 0x80, 0x80, 0x11, 0x00,
  0x00, 0x80, 0x90, 0x80, 0x90, 0x00, 0x30, 0x90, 0x09, 0x80, 0x08, 0x90, 0x41, 0xA0, 0x10, 0x91,
  0xA0, 0x40, 0x81, 0x94, 0x00, 0x01, 0x20, 0x85, 0x00, 0x00, 0x08, 0x21, 0x03, 0x00, 0x24, 0x01,
  0xA8, 0x41, 0xB8, 0x82, 0xD4, 0x00, 0x02, 0x90, 0x80, 0x40, 0x80, 0x00, 0xC0, 0x80, 0x80, 0x14,
  0xB0, 0x40, 0xA0, 0x10, 0x00, 0x00, 0x00, 0x40, 0xC0, 0xC0, 0x82, 0x40, 0x84, 0x80, 0x40, 0x90,
  0x18, 0xD1, 0x00, 0x00, 0x21, 0x98, 0x11, 0xD0, 0x08, 0xC2, 0x01, 0x38, 0x00, 0x18, 0x40, 0x09,
  0x90, 0x01, 0xA8, 0xA0, 0x90, 0xA0, 0x40, 0xC0, 0x10, 0xC0, 0x01, 0xA2, 0x20, 0xA8, 0x90, 0x80,
  0x00, 0x11, 0x00, 0x00, 0x00, 0x04, 0xB0, 0x00, 0xA1, 0xA0, 0x80, 0x00, 0x10, 0x00, 0x20, 0x22,
  0x50, 0x02, 0x00, 0x00, 0x00, 0x02, 0x00, 0x02, 0x00, 0x02, 0x20, 0x02, 0x30, 0x10, 0xC1, 0x00,
  0x00, 0x08, 0x00, 0x08, 0x05, 0x40, 0x40, 0x04, 0xC0, 0x08, 0x00, 0x14, 0x80, 0x00, 0x80, 0xA2,
  0x00, 0x00, 0x80, 0x14, 0x00, 0x00, 0x00, 0x30, 0x80, 0x40, 0x00, 0x18, 0x00, 0x00, 0x00, 0x02,
  0x00, 0x10, 0x00, 0x22, 0x00, 0x22, 0x00, 0x10, 0x00, 0xA0, 0x44, 0x02, 0x00, 0x00, 0x00, 0xA2,
  0x00, 0x00, 0x01, 0x30, 0x00, 0x10, 0x00, 0x12, 0x00, 0x10, 0x10, 0xA0, 0x01, 0x00, 0x00, 0x80,
  0x00, 0x82, 0x00, 0x01, 0x00, 0x00, 0x00, 0x11, 0x00, 0x00, 0x01, 0x02, 0x00, 0x00, 0x00, 0x00,
  0x00, 0x00, 0x00, 0x00, 0x00, 0x00, 0x00, 0x00, 0x00, 0x00, 0x00, 0x00, 0x00, 0xA0, 0x00, 0x00,
  0x08, 0x00, 0x00, 0x00, 0x02, 0x49, 0x80, 0x00, 0x84, 0x01, 0x00, 0x02, 0x14, 0x00, 0x83, 0x10,
  0x10, 0x20, 0x08, 0x84, 0x08, 0x00, 0x00, 0x84, 0x10, 0x04, 0x22, 0x04, 0x11, 0x00, 0x0A, 0x00,
  0x28, 0x00, 0x00, 0x00, 0x04, 0x80, 0x0D, 0x28, 0x09, 0x03, 0x15, 0x20, 0x05, 0x00, 0x05, 0x80,
  0x01, 0x20, 0x41, 0x00, 0x92, 0x00, 0x2C, 0x01, 0xA0, 0x82, 0x41, 0x0D, 0x00, 0x80, 0x05, 0x00,
  0x40, 0x25, 0x00, 0x04, 0x05, 0x2D, 0x20, 0x29, 0x08, 0x20, 0x00, 0x25, 0x08, 0xA5, 0x88, 0x80,
  0x80, 0x11, 0xC0, 0x01, 0x09, 0x91, 0x05, 0xA1, 0x89, 0x01, 0x83, 0x10, 0x01, 0x99, 0x01, 0x19,
  0x13, 0x01, 0x01, 0x19, 0x85, 0x89, 0x88, 0x19, 0x00, 0x00, 0xC1, 0x01, 0x48, 0x01, 0x45, 0x20,
  0xA3, 0x00, 0x12, 0x89, 0x88, 0x84, 0x01, 0xC0, 0x19, 0x48, 0x01, 0x02, 0x89, 0x05, 0x00, 0x01,
  0x01, 0x01, 0x91, 0x01, 0x11, 0x85, 0x11, 0x08, 0xA1, 0x08, 0x01, 0x01, 0x01, 0x41, 0x01, 0x89,
  0x10, 0x40, 0x00, 0x01, 0x00, 0x01, 0x09, 0xC1, 0x20, 0xA0, 0x00, 0x80, 0xC0, 0x0A, 0x00, 0x04,
  0x01, 0x48, 0x00, 0x04, 0x00, 0x04, 0x00, 0x18, 0xA0, 0x40, 0x00, 0x10, 0x00, 0x18, 0x00, 0x10,
  0x02, 0x00, 0x00, 0x40, 0x01, 0x0C, 0x10, 0x40, 0x01, 0x10, 0x01, 0x84, 0x12, 0x04, 0x00, 0x10,
  0x04, 0x01, 0x00, 0x14, 0x00, 0x80, 0x00, 0x10, 0x00, 0x40, 0x00, 0x00, 0x00, 0x41, 0x80, 0x00,
  0x00, 0x0C, 0x00, 0xC9, 0x00, 0x04, 0x10, 0x0C, 0xA0, 0x05, 0x00, 0x8C, 0x01, 0x04, 0x00, 0xC0,
  0x80, 0x41, 0x01, 0x40, 0x00, 0x45, 0x20, 0x00, 0x22, 0x05, 0x04, 0x00, 0x00, 0x08, 0x00, 0x09,
  0x00, 0x00, 0x00, 0x40, 0x02, 0x00, 0x00, 0x08, 0x00, 0x00, 0x00, 0x00, 0x00, 0x01, 0x00, 0x00,
  0x00, 0x00, 0x00, 0x00, 0x00, 0x00, 0x00, 0x00, 0x00, 0x00, 0x00, 0x0A, 0x00, 0x00, 0x20, 0x40,
  0x40, 0x00, 0x00, 0x00, 0x00, 0x80, 0x00, 0x05, 0x00, 0x00, 0x00, 0x00, 0x00, 0x20, 0x20, 0x00,
  0x00, 0x44, 0x40, 0x00, 0x40, 0x00, 0x00, 0x10, 0x00, 0x00, 0x00, 0x01, 0x04, 0x08, 0x90, 0x48,
  0x10, 0x00, 0x40, 0x04, 0x00, 0x01, 0x88, 0x80, 0x20, 0x01, 0x20, 0x08, 0x08, 0x10, 0x40, 0x04,
  0x81, 0x04, 0x04, 0x00, 0x40, 0x04, 0x08, 0x01, 0x20, 0x04, 0x81, 0x00, 0x00, 0x0D, 0x00, 0x10,
  0x80, 0x04, 0x81, 0x00, 0x80, 0x00, 0x00, 0x00, 0x10, 0x81, 0x00, 0x05, 0x08, 0x08, 0x10, 0x08,
  0x20, 0x08, 0x82, 0x08, 0x09, 0x01, 0x00, 0x41, 0x08, 0x05, 0x40, 0x08, 0x20, 0x08, 0x00, 0x01,
  0x10, 0x01, 0x00, 0x0C, 0x00, 0x01, 0x00, 0x08, 0x01, 0x00, 0x00, 0x00, 0x00, 0x02, 0xA0, 0x00,
  0x00, 0x00, 0x00, 0x00, 0x00, 0x00, 0x08, 0x20, 0x00, 0x00, 0x08, 0x10, 0x20, 0x00, 0x00, 0x00,
  0x00, 0x00, 0x01, 0x00, 0x01, 0x00, 0x00, 0x00, 0x01, 0x00, 0x01, 0x10, 0x00, 0x80, 0x00, 0x00,
  0x20, 0x00, 0x20, 0x00, 0x00, 0x80, 0x00, 0x00, 0x00, 0x80, 0x00, 0x00, 0x09, 0x80, 0x05, 0x00,
  0x00, 0x00, 0x00, 0x08, 0x00, 0x00, 0x00, 0x00, 0x00, 0x80, 0x00, 0x02, 0x00, 0x00, 0x00, 0x00,
  0x04, 0x02, 0x00, 0x00, 0x00, 0x00, 0x04, 0x00, 0x00, 0x10, 0x08, 0x20, 0x00, 0x00, 0x20, 0x00,
  0x00, 0x20, 0x00, 0x00, 0x00, 0x80, 0x01, 0x00, 0x00, 0x00, 0x00, 0x80, 0x00, 0x89, 0x04, 0x00,
  0x00, 0x80, 0x00, 0x20, 0x00, 0x00, 0x01, 0x00, 0x01, 0x00, 0x00, 0x00, 0x00, 0x00, 0x00, 0x00,
  0x00, 0x00, 0x00, 0x00, 0x00, 0x00, 0x00, 0x00, 0x01, 0x00, 0x00, 0x00, 0x00, 0x00, 0x00, 0x40,
  0x00, 0x00, 0x00, 0x00, 0x00, 0x80, 0x00, 0x00, 0x00, 0x00, 0x00, 0x00, 0x00, 0x00, 0x00, 0x00,
  0x00, 0x00, 0x00, 0x00, 0x01, 0x00, 0x00, 0x04, 0x01, 0x00, 0x10, 0x00, 0x10, 0x09, 0x01, 0x00,
  0x00, 0x00, 0x80, 0x01, 0x80, 0x00, 0x00, 0x88, 0x00, 0x01, 0x00, 0x00, 0x00, 0x08, 0x10, 0x08,
  0x20, 0x02, 0x00, 0x00, 0x00, 0x08, 0x00, 0x00, 0x40, 0x08, 0x30, 0x08, 0x10, 0x00, 0x10, 0x01,
  0x00, 0x20, 0x48, 0x08, 0x10, 0x00, 0x00, 0x02, 0x08, 0x00, 0x10, 0x08, 0x40, 0x00, 0x00, 0x22,
  0x10, 0x00, 0x08, 0x00, 0x00, 0x04, 0x00, 0x08, 0x00, 0x01, 0x00, 0x09, 0x90, 0x00, 0x01, 0x02,
  0x00, 0x03, 0x00, 0x00, 0x10, 0x00, 0x20, 0x00, 0x88, 0x88, 0x10, 0x03, 0x40, 0x43, 0x00, 0x08,
  0x00, 0x00, 0x00, 0x00, 0x08, 0x00, 0x10, 0x02, 0x00, 0x03, 0x00, 0x00, 0x00, 0x00, 0x00, 0x02,
  0x00, 0x00, 0x00, 0x02, 0x80, 0x00, 0x00, 0x00, 0x00, 0x00, 0x20, 0x00, 0x00, 0x08, 0x00, 0xB0,
  0x00, 0x80, 0x08, 0x40, 0x02, 0x20, 0x02, 0x00, 0x01, 0x80, 0x00, 0x00, 0x90, 0x90, 0x20, 0x40,
  0x00, 0x20, 0x01, 0x00, 0x00, 0x00, 0x00, 0x10, 0x24, 0x20, 0x00, 0xB0, 0x00, 0x00, 0x10, 0x00,
  0x00, 0x80, 0x00, 0x90, 0x44, 0x00, 0x80, 0x00, 0x00, 0x00, 0x00, 0x01, 0x00, 0x40, 0x00, 0x94,
  0x00, 0x00, 0x20, 0x00, 0x00, 0x20, 0x00, 0x00, 0x93, 0x00, 0x00, 0x00, 0x20, 0x00, 0x00, 0x00,
  0x00, 0x40, 0x01, 0x00, 0x00, 0x04, 0x02, 0x00, 0x00, 0x00, 0x08, 0x00, 0x22, 0x20, 0x00, 0x40,
  0x00, 0x00, 0x00, 0x00, 0x00, 0x00, 0x00, 0x04, 0x00, 0x40, 0x00, 0x04, 0x00, 0x00, 0x00, 0x00,
  0x00, 0x00, 0x00, 0x00, 0x00, 0x00, 0x00, 0x00, 0x00, 0x90, 0x02, 0x00, 0x00, 0x00, 0x00, 0x00,
  0x00, 0x00, 0x00, 0x00, 0x00, 0x00, 0x00, 0x00, 0x00, 0x00, 0x00, 0x00, 0x00, 0x90, 0x00, 0x90,
  0x00, 0x00, 0x00, 0x90, 0x00, 0x00, 0x00, 0x00, 0x00, 0x00, 0x00, 0x00, 0x00, 0x00, 0x00, 0x00,
  0x00, 0x10, 0x00, 0x02, 0x00, 0x00, 0x00, 0x00, 0x00, 0x00, 0x00, 0x00, 0x40, 0x41, 0x00, 0x08,
  0xC0, 0x02, 0x00, 0x00, 0x02, 0x04, 0x10, 0x00, 0x40, 0x2A, 0x40, 0x00, 0x10, 0x00, 0x00, 0x10,
  0x00, 0x00, 0x00, 0x00, 0x02, 0x00, 0x00, 0x20, 0x00, 0x02, 0x00, 0x40, 0x80, 0x00, 0x00, 0x48,
  0x40, 0x00, 0x60, 0x02, 0x00, 0x02, 0xC0, 0x09, 0x00, 0x02, 0xC1, 0x85, 0x80, 0x01, 0x00, 0x00,
  0x50, 0x0A, 0x48, 0x00, 0x40, 0x00, 0x01, 0x10, 0x00, 0x02, 0x00, 0x00, 0x40, 0x00, 0x01, 0x00,
  0x40, 0x40, 0x00, 0x02, 0x60, 0x65, 0x01, 0x04, 0x10, 0x04, 0x41, 0x05, 0xC0, 0x08, 0xC0, 0x28,
  0x40, 0x02, 0x00, 0x06, 0x10, 0x00, 0x00, 0x0D, 0x40, 0x06, 0x40, 0x02, 0x00, 0x06, 0x00, 0x01,
  0x20, 0x00, 0x00, 0x00, 0x40, 0x01, 0x10, 0x00, 0x00, 0x00, 0x00, 0x00, 0x00, 0x14, 0x00, 0x10,
  0x00, 0x80, 0x02, 0x20, 0x04, 0x10, 0x05, 0xC0, 0x00, 0x00, 0x81, 0x80, 0x00, 0x00, 0x00, 0x00,
  0x04, 0x00, 0x08, 0x00, 0x00, 0x00, 0x01, 0x00, 0x00, 0x00, 0x00, 0x40, 0x00, 0x60, 0x40, 0x00,
  0x00, 0x40, 0x10, 0x00, 0xC1, 0x40, 0x02, 0x00, 0x00, 0x00, 0x00, 0x00, 0x00, 0x00, 0x05, 0x00,
  0x00, 0x05, 0x00, 0x02, 0x00, 0x00, 0x00, 0x00, 0x81, 0x00, 0x86, 0x00, 0x06, 0x00, 0x00, 0x00,
  0x01, 0x00, 0x00, 0x50, 0x00, 0xC0, 0x10, 0x00, 0x00, 0x90, 0x05, 0x00, 0x00, 0x40, 0x05, 0x00,
  0x06, 0x00, 0x00, 0x40, 0x00, 0x00, 0x01, 0x40, 0x00, 0x40, 0x02, 0xE0, 0x00, 0x00, 0x00, 0x00,
  0x00, 0x00, 0x00, 0x00, 0x00, 0x00, 0x00, 0x00, 0x00, 0x00, 0x00, 0x40, 0x00, 0x00, 0x00, 0x00,
  0x08, 0x00, 0x00, 0x00, 0x00, 0x02, 0x00, 0x00, 0x00, 0x00, 0x02, 0x00, 0x00, 0x40, 0x02, 0x00,
  0x00, 0x00, 0x00, 0x00, 0x00, 0x00, 0x00, 0x00, 0x00, 0x00, 0x00, 0x00, 0x00, 0x00, 0x00, 0x00,
  0x02, 0x00, 0x00, 0x10, 0x00, 0x0A, 0x02, 0x00, 0x80, 0x02, 0x10, 0x00, 0x10, 0x02, 0x00, 0x18,
  0x02, 0x10, 0x00, 0x00, 0x40, 0x00, 0x40, 0x08, 0x40, 0x08, 0x00, 0x00, 0x00, 0x08, 0xA0, 0x04,
  0x80, 0x00, 0x00, 0x00, 0x00, 0x02, 0x00, 0x80, 0x20, 0x44, 0x00, 0x00, 0x40, 0x08, 0x40, 0xA2,
  0x60, 0xB2, 0x00, 0x00, 0x04, 0x00, 0x00, 0x08, 0x20, 0x00, 0x00, 0x04, 0x80, 0x00, 0x00, 0xAB,
  0x40, 0x00, 0x02, 0x0A, 0x23, 0x00, 0x26, 0x08, 0x00, 0x0A, 0x02, 0x03, 0x80, 0x08, 0x80, 0xA8,
  0x40, 0x40, 0x02, 0x00, 0x80, 0x80, 0x00, 0x00, 0x00, 0xA0, 0x00, 0x00, 0x40, 0x64, 0x00, 0xA0,
  0x00, 0x02, 0x00, 0x00, 0x50, 0xA4, 0x40, 0x00, 0x00, 0x04, 0x00, 0x02, 0x04, 0x00, 0x00, 0xA0,
  0x40, 0x00, 0x00, 0x00, 0x00, 0x00, 0x00, 0x80, 0x00, 0x01, 0xA0, 0x80, 0x08, 0x00, 0x02, 0x00,
  0xB0, 0x00, 0x00, 0x00, 0x00, 0x00, 0x06, 0x00, 0x04, 0x80, 0x02, 0x60, 0x09, 0x00, 0x00, 0x00,
  0x8B, 0x00, 0x02, 0x40, 0x13, 0x00, 0x00, 0x40, 0x00, 0x00, 0x40, 0x00, 0x44, 0x03, 0x00, 0x00,
  0x02, 0x00, 0x08, 0x02, 0x03, 0x80, 0x00, 0x00, 0x00, 0x00, 0x40, 0x00, 0x00, 0x00, 0x00, 0x00,
  0x0A, 0x60, 0x03, 0x00, 0x00, 0x01, 0x20, 0x00, 0x00, 0x80, 0x00, 0x60, 0x02, 0x74, 0x00, 0x80,
  0x00, 0x00, 0x08, 0x00, 0x48, 0x00, 0x00, 0x80, 0x00, 0x00, 0x04, 0x00, 0x00, 0x60, 0x00, 0x08,
  0x00, 0x00, 0x00, 0x84, 0x00, 0x00, 0x02, 0x00, 0x00, 0x00, 0x04, 0x00, 0x04, 0x00, 0x00, 0x00,
  0x00, 0x00, 0x08, 0x00, 0x00, 0x00, 0x00, 0x80, 0x00, 0x00, 0x00, 0x00, 0x00, 0x00, 0x00, 0x00,
  0x00, 0x02, 0x00, 0x10, 0x00, 0x00, 0x02, 0x00, 0x00, 0x00, 0x02, 0x00, 0x00, 0x00, 0x00, 0x00,
  0x00, 0x00, 0x00, 0x00, 0x00, 0x00, 0x00, 0x00, 0x00, 0x00, 0x01, 0x80, 0x20, 0x00, 0x00, 0x00,
  0x00, 0x00, 0x00, 0x00, 0x20, 0x00, 0x00, 0x00, 0x00, 0x00, 0xA5, 0xC8, 0x20, 0x00, 0x30, 0x20,
  0x21, 0x04, 0x22, 0x10, 0x20, 0x02, 0x21, 0x08, 0x91, 0x14, 0x80, 0x10, 0x20, 0x00, 0x20, 0x54,
  0x01, 0x04, 0x20, 0x04, 0x80, 0x00, 0x30, 0x00, 0x01, 0x24, 0x00, 0x40, 0x90, 0x00, 0x30, 0x56,
  0x18, 0x04, 0x09, 0x04, 0x80, 0x00, 0x30, 0x06, 0x15, 0x00, 0x10, 0x43, 0x30, 0x02, 0x90, 0x00,
  0x99, 0x00, 0x04, 0x44, 0x20, 0x00, 0x10, 0x00, 0x81, 0x84, 0x02, 0x10, 0x20, 0x00, 0x10, 0x54,
  0x10, 0x04, 0x02, 0x08, 0x20, 0x00, 0x41, 0x06, 0x01, 0x04, 0x00, 0x00, 0x20, 0x00, 0x40, 0x51,
  0x04, 0x2A, 0x80, 0x14, 0x20, 0x00, 0x42, 0x46, 0x41, 0x20, 0x26, 0x20, 0x00, 0x00, 0x12, 0x20,
  0x10, 0x00, 0x02, 0x50, 0x00, 0x80, 0x00, 0x00, 0xB5, 0x02, 0x04, 0x00, 0x00, 0x30, 0x00, 0x40,
  0x00, 0x90, 0x90, 0x08, 0x42, 0x30, 0x00, 0x40, 0x01, 0x21, 0x11, 0x30, 0x00, 0x90, 0x00, 0x50,
  0x00, 0xD1, 0x08, 0x81, 0x20, 0x10, 0x00, 0x10, 0x40, 0x80, 0x00, 0x20, 0x00, 0x90, 0x02, 0x00,
  0x00, 0x51, 0x40, 0x00, 0x0C, 0x80, 0x00, 0x01, 0x00, 0x02, 0x00, 0x00, 0x00, 0x80, 0x00, 0x10,
  0x80, 0x00, 0x04, 0x02, 0x88, 0x90, 0x00, 0x00, 0x90, 0x00, 0x84, 0x01, 0x08, 0x80, 0x00, 0x01,
  0x06, 0x00, 0x04, 0x42, 0x50, 0x10, 0x02, 0x50, 0x40, 0x10, 0x80, 0x00, 0x00, 0x00, 0x00, 0x00,
  0x00, 0x00, 0x21, 0x42, 0x00, 0x00, 0x00, 0x10, 0x01, 0x01, 0x00, 0x00, 0x40, 0x00, 0x00, 0x10,
  0x00, 0x00, 0x24, 0x02, 0x00, 0x00, 0x00, 0x31, 0x00, 0xD9, 0x04, 0x01, 0x04, 0x00, 0x01, 0x00,
  0x00, 0x00, 0x00, 0x42, 0x00, 0x00, 0x00, 0x58, 0x00, 0x11, 0x00, 0x00, 0x00, 0x00, 0x00, 0x00,
  0x00, 0x00, 0x00, 0x00, 0x01, 0x00, 0x00, 0x00, 0x90, 0x00, 0x04, 0x01, 0x80, 0x00, 0x00, 0x00,
  0x80, 0x00, 0x00, 0x00, 0x00, 0x09, 0x00, 0x20, 0x90, 0x00, 0x02, 0x08, 0x84, 0x10, 0x08, 0x08,
  0x90, 0x00, 0x00, 0x04, 0x84, 0x00, 0x02, 0x10, 0x90, 0x00, 0x00, 0x02, 0x80, 0x50, 0x00, 0x0A,
  0x30, 0x00, 0x02, 0x02, 0x84, 0x20, 0xA2, 0x00, 0x20, 0x02, 0x00, 0x00, 0x85, 0x11, 0x01, 0x09,
  0x30, 0x00, 0x02, 0x00, 0x00, 0x00, 0xA0, 0x08, 0x80, 0x04, 0x86, 0x10, 0x80, 0x61, 0x02, 0x08,
  0x90, 0x00, 0x00, 0x04, 0x84, 0x21, 0x00, 0x40, 0x90, 0x02, 0x00, 0x02, 0x86, 0x00, 0x29, 0x00,
  0x80, 0x00, 0x20, 0x00, 0x04, 0x20, 0x28, 0x08, 0x00, 0x00, 0x26, 0x04, 0x01, 0x10, 0x42, 0x00,
  0x00, 0x00, 0x16, 0x10, 0x20, 0x10, 0x00, 0x00, 0x00, 0x00, 0x00, 0x80, 0x82, 0x20, 0x08, 0x44,
  0x00, 0x20, 0x00, 0x06, 0x21, 0x40, 0x00, 0x2A, 0xA0, 0x80, 0x02, 0x26, 0x08, 0x15, 0x08, 0x0A,
  0x30, 0x80, 0x00, 0x26, 0x00, 0x40, 0x00, 0x00, 0x00, 0x20, 0x02, 0x0E, 0x20, 0x04, 0x10, 0x04,
  0x80, 0x20, 0x20, 0x06, 0x08, 0x88, 0x81, 0x00, 0x26, 0x20, 0x24, 0x16, 0x10, 0x04, 0x08, 0x02,
  0x06, 0x20, 0x00, 0x00, 0x10, 0x00, 0x00, 0x40, 0x00, 0x20, 0x00, 0x00, 0x00, 0x00, 0x02, 0x04,
  0x00, 0x20, 0x00, 0x28, 0x00, 0x86, 0x10, 0x00, 0x00, 0x20, 0x00, 0x00, 0x00, 0x05, 0x22, 0x20,
  0x01, 0x00, 0x00, 0x08, 0x1A, 0x00, 0x90, 0x00, 0x00, 0x00, 0x00, 0x00, 0x00, 0x00, 0x22, 0x00,
  0x10, 0x20, 0x00, 0x06, 0x08, 0x00, 0x01, 0x00, 0x20, 0x20, 0x00, 0x00, 0x03, 0x84, 0x20, 0x09,
  0x12, 0x20, 0x00, 0x00, 0x84, 0x04, 0x24, 0x80, 0x40, 0x00, 0x20, 0x01, 0x00, 0x08, 0x20, 0x04,
  0x00, 0x20, 0x00, 0x02, 0x00, 0x04, 0x00, 0x00, 0x00, 0x00, 0x00, 0x00, 0x00, 0x00, 0x00, 0x00,
  0x20, 0x00, 0x90, 0x00, 0x00, 0x00, 0x15, 0x00, 0x00, 0x00, 0x00, 0x00, 0x00, 0x00, 0x00, 0x00,
  0x00, 0x01, 0x08, 0x08, 0x00, 0x00, 0x04, 0x00, 0x82, 0x21, 0x09, 0x04, 0x00, 0x01, 0x00, 0x00,
  0x22, 0x21, 0x02, 0x02, 0x00, 0x00, 0x15, 0x18, 0x00, 0x21, 0x09, 0x00, 0x00, 0x00, 0x04, 0x04,
  0x02, 0x28, 0x08, 0xA3, 0x20, 0x02, 0x04, 0x18, 0x02, 0x41, 0x80, 0x00, 0x00, 0x00, 0x04, 0x00,
  0x60, 0x30, 0x01, 0x00, 0x20, 0x08, 0x04, 0x86, 0x00, 0x20, 0x00, 0x81, 0x00, 0x00, 0x05, 0x00,
  0x02, 0x01, 0x88, 0x23, 0x00, 0x02, 0x04, 0x08, 0x22, 0x31, 0x20, 0x00, 0x00, 0x00, 0x02, 0x00,
  0x02, 0x28, 0x08, 0x08, 0x00, 0x00, 0x02, 0x1A, 0x40, 0x80, 0x21, 0x20, 0x00, 0x00, 0x00, 0x20,
  0x20, 0x24, 0x08, 0xA5, 0x00, 0x01, 0x01, 0x00, 0x20, 0x88, 0x00, 0x00, 0x00, 0x00, 0x00, 0x00,
  0x00, 0x00, 0x08, 0x08, 0xA0, 0x20, 0x00, 0x02, 0x10, 0x60, 0x01, 0x80, 0x40, 0x20, 0x00, 0x02,
  0x44, 0x00, 0x20, 0x04, 0x22, 0x20, 0x00, 0x00, 0x84, 0x20, 0x28, 0x8A, 0x24, 0x20, 0x00, 0x04,
  0x02, 0x01, 0x18, 0x20, 0x00, 0x20, 0x09, 0x04, 0x14, 0xA0, 0x11, 0x01, 0x00, 0x00, 0x00, 0x00,
  0x20, 0x40, 0x00, 0x08, 0x00, 0x20, 0x00, 0x04, 0x00, 0x00, 0x01, 0x00, 0x01, 0x20, 0x00, 0x00,
  0x08, 0x02, 0x01, 0x00, 0x00, 0x00, 0x00, 0x08, 0x00, 0x42, 0x28, 0x4C, 0xA4, 0x20, 0x02, 0x00,
  0x20, 0x63, 0x00, 0x00, 0x00, 0x00, 0x00, 0x00, 0x00, 0x00, 0x00, 0x05, 0x08, 0x20, 0x00, 0x24,
  0x02, 0x40, 0x20, 0x00, 0x00, 0x20, 0x00, 0x04, 0x04, 0x02, 0x01, 0x00, 0x08, 0x20, 0x00, 0x04,
  0x40, 0x02, 0x20, 0x46, 0x20, 0x20, 0x00, 0x00, 0x00, 0x00, 0x08, 0x00, 0x40, 0x20, 0x00, 0x40,
  0x40, 0x22, 0x30, 0x00, 0x00, 0x00, 0x00, 0x00, 0x00, 0x00, 0x00, 0x00, 0x00, 0x80, 0x00, 0x00,
  0x20, 0x00, 0x00, 0x00, 0x00, 0x00, 0x00, 0x00, 0x00, 0x00, 0x00, 0x00, 0x00, 0x00, 0x08, 0x00,
  0x20, 0x01, 0x02, 0x82, 0x02, 0x22, 0x91, 0x00, 0x20, 0x01, 0x04, 0x42, 0x00, 0x24, 0x01, 0x00,
  0x20, 0x01, 0x08, 0x02, 0x11, 0x00, 0x03, 0x28, 0x20, 0x01, 0x01, 0x02, 0x00, 0x04, 0x00, 0x22,
  0x00, 0x01, 0x00, 0x02, 0x00, 0x10, 0x80, 0x64, 0x20, 0x03, 0x28, 0x00, 0x84, 0x14, 0x02, 0x28,
  0x00, 0x00, 0x10, 0xC0, 0x09, 0x00, 0x88, 0x22, 0x20, 0x00, 0x01, 0x02, 0x00, 0x10, 0x80, 0x44,
  0x20, 0x00, 0x00, 0x0A, 0x00, 0x80, 0x04, 0x70, 0x28, 0x01, 0x02, 0x00, 0x00, 0x80, 0x04, 0x00,
  0xA8, 0x01, 0x00, 0x00, 0x04, 0x04, 0x00, 0x80, 0xA8, 0x01, 0x00, 0x10, 0x45, 0x0C, 0x89, 0x08,
  0x28, 0x02, 0x04, 0x01, 0x00, 0x10, 0x04, 0x04, 0x00, 0x00, 0x00, 0x00, 0x00, 0x10, 0x00, 0x04,
  0x10, 0x00, 0x01, 0x20, 0xA5, 0x00, 0x80, 0x04, 0x00, 0x00, 0x01, 0x00, 0xC4, 0x82, 0x88, 0x0A,
  0xE0, 0x00, 0x01, 0x20, 0x84, 0x90, 0x12, 0x04, 0x00, 0x80, 0x08, 0x00, 0x08, 0x01, 0x48, 0x83,
  0x40, 0x00, 0x08, 0x00, 0xC2, 0x04, 0x10, 0x00, 0x00, 0x00, 0x00, 0x04, 0x90, 0x48, 0x00, 0x00,
  0x00, 0x08, 0x00, 0x00, 0x08, 0x00, 0x00, 0x90, 0x11, 0x00, 0x00, 0x00, 0x0A, 0x00, 0x80, 0x00,
  0x50, 0x00, 0x00, 0x00, 0x44, 0x40, 0x80, 0x00, 0x02, 0x00, 0x01, 0x00, 0x12, 0x01, 0x02, 0x80,
  0x00, 0x00, 0x00, 0x00, 0x00, 0x00, 0x08, 0x08, 0x00, 0x88, 0x00, 0x10, 0x00, 0x00, 0x00, 0x80,
  0x00, 0x88, 0x00, 0x00, 0x00, 0x00, 0x00, 0x20, 0x68, 0x88, 0x01, 0x01, 0x44, 0x80, 0x84, 0x00,
  0x20, 0x08, 0x08, 0x21, 0x00, 0x01, 0x1C, 0x04, 0x00, 0x88, 0x03, 0x08, 0x80, 0x00, 0x20, 0x00,
  0x00, 0x00, 0x00, 0x00, 0x00, 0x00, 0x00, 0x00, 0x24, 0x00, 0x00, 0x00, 0x00, 0x04, 0x02, 0x00,
  0x40, 0x00, 0x00, 0x00, 0x00, 0x00, 0x00, 0x00, 0x00, 0x00, 0x01, 0x22, 0x80, 0x41, 0x01, 0x00,
  0x40, 0x00, 0x06, 0x01, 0x00, 0x40, 0x41, 0x01, 0x02, 0x10, 0x04, 0x20, 0x00, 0x40, 0x04, 0x01,
  0x00, 0x00, 0x06, 0x01, 0x00, 0x46, 0x21, 0x02, 0x22, 0xC0, 0x04, 0x00, 0x00, 0x06, 0x01, 0x00,
  0x42, 0x80, 0x04, 0x10, 0x00, 0x44, 0x00, 0x00, 0x11, 0x40, 0x02, 0x01, 0x00, 0x45, 0x10, 0x00,
  0x80, 0x80, 0x02, 0x00, 0x00, 0x42, 0x20, 0x02, 0x00, 0x00, 0x02, 0x10, 0x00, 0x44, 0x20, 0x00,
  0x60, 0x10, 0x00, 0x00, 0x00, 0x40, 0x00, 0x00, 0x44, 0x40, 0x01, 0x24, 0x00, 0x40, 0x40, 0x00,
  0x00, 0x00, 0x00, 0x88, 0x00, 0x01, 0x10, 0x00, 0x70, 0x40, 0x01, 0x21, 0x48, 0x05, 0x01, 0x00,
  0x60, 0x40, 0x00, 0x00, 0x00, 0x00, 0x00, 0x00, 0x01, 0x10, 0x00, 0x01, 0x20, 0x00, 0x41, 0x10,
  0x00, 0x40, 0x00, 0x41, 0x02, 0x48, 0x40, 0x00, 0x00, 0x10, 0x10, 0x00, 0x10, 0x01, 0x04, 0x00,
  0x00, 0x10, 0x00, 0x0A, 0x21, 0x80, 0x84, 0x51, 0x00, 0x60, 0x10, 0x05, 0x24, 0x00, 0x41, 0x01,
  0x00, 0x20, 0x00, 0x09, 0x01, 0xA0, 0x80, 0x81, 0x00, 0x00, 0x00, 0x00, 0x00, 0x00, 0x04, 0x28,
  0x00, 0x00, 0x80, 0x00, 0x01, 0x00, 0x40, 0x00, 0x00, 0x00, 0x00, 0x20, 0x04, 0x00, 0x40, 0x00,
  0x02, 0x00, 0x10, 0x07, 0x21, 0x00, 0x40, 0x00, 0x00, 0x91, 0x00, 0x00, 0x00, 0x00, 0x40, 0x00,
  0x00, 0x00, 0x00, 0x05, 0x01, 0x50, 0x41, 0x01, 0x00, 0x40, 0x10, 0x04, 0x00, 0x4A, 0x00, 0x00,
  0x00, 0x00, 0x40, 0x00, 0x10, 0x00, 0x46, 0x40, 0x00, 0x48, 0x00, 0x04, 0x00, 0x00, 0x40, 0x01,
  0x00, 0x00, 0x80, 0x00, 0x00, 0x00, 0x40, 0x01, 0x00, 0x42, 0x10, 0x00, 0x00, 0x00, 0x00, 0x00,
  0x00, 0x00, 0x00, 0x00, 0x81, 0x00, 0x00, 0x00, 0x8A, 0x0C, 0x00, 0x00, 0x00, 0x00, 0x90, 0x00,
  0x00, 0x00, 0x00, 0x00, 0x00, 0x00, 0x60, 0x00, 0x00, 0x80, 0x02, 0x04, 0x01, 0x20, 0x15, 0x01,
  0x10, 0x81, 0x03, 0x00, 0x80, 0x10, 0x04, 0x04, 0x10, 0xC8, 0x02, 0x00, 0xA0, 0x00, 0x06, 0x05,
  0x00, 0xC0, 0x00, 0x00, 0xC1, 0x00, 0x04, 0x11, 0x14, 0xC2, 0x01, 0x00, 0xC0, 0x90, 0x04, 0x00,
  0x00, 0xC8, 0x40, 0x02, 0x84, 0x00, 0x02, 0x01, 0x22, 0x4C, 0x00, 0x00, 0x44, 0x00, 0x02, 0x00,
  0x00, 0x80, 0x00, 0x00, 0x40, 0x00, 0x44, 0x40, 0x00, 0xC4, 0x00, 0x00, 0xA1, 0x80, 0x00, 0x29,
  0x08, 0x88, 0x00, 0x00, 0x80, 0x10, 0x88, 0x23, 0x08, 0x80, 0x00, 0x02, 0x00, 0x90, 0x00, 0x00,
  0x08, 0x88, 0x04, 0x01, 0x00, 0x10, 0x00, 0x00, 0x80, 0x00, 0x11, 0x00, 0x00, 0x00, 0x00, 0x00,
  0x00, 0x00, 0x88, 0x00, 0x00, 0x60, 0x40, 0x08, 0x11, 0x08, 0x00, 0x00, 0x00, 0x00, 0x10, 0x00,
  0x20, 0x08, 0x88, 0x20, 0x02, 0xC0, 0x30, 0x88, 0x01, 0x00, 0xCC, 0x10, 0x02, 0x60, 0x00, 0x02,
  0x00, 0x80, 0x40, 0x00, 0x00, 0x04, 0x00, 0x88, 0x01, 0x09, 0x00, 0x00, 0x02, 0x62, 0x20, 0x94,
  0x02, 0x41, 0x00, 0x04, 0x06, 0x20, 0x20, 0x00, 0x10, 0x00, 0x04, 0x00, 0x00, 0x00, 0x20, 0x02,
  0x22, 0x40, 0x80, 0x00, 0x00, 0xA0, 0x20, 0x00, 0x00, 0x08, 0x88, 0x00, 0x00, 0x80, 0x80, 0x8E,
  0x00, 0x08, 0x80, 0x28, 0x00, 0x20, 0x00, 0x00, 0x00, 0x00, 0x40, 0x00, 0x00, 0x00, 0x00, 0x02,
  0x02, 0x02, 0x02, 0x02, 0x00, 0xA0, 0x20, 0x08, 0x02, 0x00, 0xC0, 0x00, 0x04, 0x05, 0x00, 0x08,
  0x00, 0x08, 0x88, 0x82, 0x00, 0xC0, 0x40, 0x00, 0x11, 0x08, 0xC0, 0x20, 0x00, 0x80, 0x10, 0x88,
  0x11, 0x00, 0x00, 0x00, 0x00, 0x42, 0x20, 0x00, 0x00, 0x00, 0x00, 0x00, 0x00, 0x00, 0x00, 0x00,
  0x02, 0x00, 0x00, 0x00, 0x80, 0x10, 0x10, 0x00, 0x80, 0x00, 0x00, 0x00, 0x00, 0x00, 0x00, 0x00,
  0x01, 0x00, 0x00, 0x10, 0x04, 0x40, 0x22, 0x00, 0x00, 0x00, 0x20, 0xA8, 0x04, 0x42, 0x40, 0x08,
  0x02, 0x00, 0x01, 0x14, 0x04, 0x00, 0x82, 0x08, 0xA0, 0x60, 0x00, 0x10, 0x04, 0x08, 0x01, 0x08,
  0x00, 0x20, 0x00, 0x08, 0x04, 0x04, 0x00, 0x04, 0x00, 0x00, 0x00, 0x10, 0x04, 0x18, 0x00, 0x08,
  0x81, 0x50, 0x00, 0x00, 0x84, 0x00, 0x00, 0x00, 0x00, 0x10, 0x00, 0x00, 0x04, 0x40, 0x00, 0x00,
  0x01, 0x00, 0x00, 0x10, 0x04, 0x00, 0x00, 0x08, 0x00, 0x10, 0x00, 0x04, 0x00, 0x50, 0x00, 0x08,
  0x80, 0x40, 0x00, 0x00, 0x20, 0x40, 0x00, 0x04, 0x41, 0x40, 0x00, 0x09, 0x01, 0x50, 0x20, 0x08,
  0x82, 0x00, 0x00, 0x01, 0x80, 0x04, 0x00, 0x00, 0x00, 0x20, 0x00, 0x00, 0x05, 0x02, 0x10, 0x00,
  0x00, 0x02, 0x90, 0x20, 0x00, 0x00, 0x40, 0x00, 0x08, 0x92, 0x80, 0x20, 0x00, 0x00, 0x50, 0x20,
  0x00, 0x06, 0x00, 0x00, 0x54, 0x12, 0x10, 0x88, 0x00, 0x04, 0x00, 0x01, 0x01, 0x04, 0x04, 0x02,
  0x08, 0x40, 0x10, 0x00, 0x00, 0x00, 0x80, 0x02, 0x00, 0x06, 0x20, 0x00, 0x00, 0x0C, 0x00, 0x20,
  0x00, 0x80, 0x00, 0x00, 0x41, 0x00, 0x00, 0x01, 0x08, 0x01, 0x10, 0x00, 0x02, 0x84, 0x40, 0x00,
  0x09, 0x81, 0x40, 0x08, 0x09, 0x00, 0x00, 0x00, 0x08, 0x08, 0x20, 0x00, 0x00, 0x40, 0x40, 0x01,
  0x08, 0x21, 0x00, 0x00, 0x00, 0x00, 0x00, 0x00, 0x00, 0x00, 0x00, 0x02, 0x08, 0x02, 0x00, 0x21,
  0x08, 0x4A, 0x10, 0x40, 0x10, 0x04, 0x00, 0x00, 0x02, 0x00, 0x20, 0x40, 0x10, 0x00, 0x60, 0x10,
  0x08, 0x01, 0x00, 0x04, 0x40, 0x00, 0x00, 0x02, 0x08, 0x00, 0x00, 0x00, 0x00, 0x00, 0x40, 0x00,
  0x00, 0x06, 0x20, 0x00, 0x00, 0x00, 0x00, 0x00, 0x00, 0x00, 0x00, 0x00, 0x2A, 0x00, 0x00, 0x00,
  0x00, 0x00, 0x03, 0x00, 0x00, 0x00, 0x00, 0x00, 0x00, 0x00, 0x00, 0x00, 0x00, 0x80, 0x24, 0x05,
  0x20, 0x00, 0x20, 0x00, 0xC0, 0x00, 0x00, 0x04, 0x40, 0x00, 0x10, 0x00, 0x50, 0x40, 0x00, 0x01,
  0x40, 0x21, 0xD0, 0x00, 0x01, 0x40, 0x00, 0x00, 0x00, 0x00, 0x00, 0x00, 0x00, 0x00, 0x00, 0x02,
  0x40, 0x00, 0x00, 0x00, 0x11, 0x00, 0x00, 0x00, 0x00, 0x01, 0x00, 0x00, 0x10, 0x00, 0x00, 0x00,
  0x00, 0x10, 0x00, 0x00, 0x10, 0x00, 0x00, 0x00, 0x00, 0x00, 0x00, 0x00, 0x00, 0x80, 0x00, 0x00,
  0x00, 0x01, 0x00, 0x00, 0x40, 0x00, 0x00, 0x00, 0x00, 0x00, 0x00, 0x00, 0x05, 0x00, 0x00, 0x00,
  0x08, 0x00, 0x20, 0x01, 0x00, 0x00, 0x00, 0x12, 0x00, 0x00, 0x00, 0x00, 0x0C, 0x20, 0x00, 0x00,
  0x00, 0x00, 0x42, 0x00, 0x49, 0x20, 0x00, 0x00, 0x00, 0x14, 0x01, 0x80, 0x00, 0x24, 0x00, 0x00,
  0x00, 0x01, 0x00, 0x00, 0x02, 0x04, 0x80, 0x00, 0x13, 0x00, 0x00, 0x48, 0x04, 0x00, 0x00, 0x00,
  0x20, 0x04, 0x00, 0x40, 0x00, 0x20, 0x35, 0x04, 0x00, 0x01, 0x01, 0x80, 0x01, 0x00, 0x00, 0x04,
  0x00, 0x60, 0x00, 0x20, 0x00, 0x00, 0x20, 0x00, 0x29, 0x00, 0x40, 0x21, 0x02, 0x21, 0x00, 0x00,
  0x10, 0x00, 0x02, 0x00, 0x02, 0x00, 0x00, 0x01, 0x00, 0x00, 0x00, 0x00, 0x00, 0x10, 0x10, 0x00,
  0x02, 0x00, 0x50, 0x00, 0x00, 0x45, 0x00, 0x00, 0x01, 0x08, 0x00, 0x40, 0x02, 0x40, 0x40, 0x00,
  0x00, 0x00, 0x00, 0x00, 0x00, 0x00, 0x00, 0x04, 0x21, 0x88, 0x42, 0x40, 0x00, 0x14, 0x00, 0x04,
  0x00, 0x00, 0x00, 0x00, 0x00, 0x10, 0x20, 0x00, 0x00, 0x00, 0x04, 0x40, 0x00, 0x04, 0x00, 0x00,
  0x10, 0x00, 0x00, 0x40, 0x00, 0x00, 0x00, 0x00, 0x00, 0x00, 0x00, 0x01, 0x00, 0x10, 0x00, 0x00,
  0x00, 0x00, 0x00, 0x00, 0x00, 0x00, 0x00, 0x00, 0x00, 0x00, 0x00, 0x00, 0x60, 0x00, 0x00, 0x10,
  0x00, 0x00, 0x00, 0x40, 0x00, 0x00, 0x18, 0x00, 0x00, 0x08, 0x00, 0x20, 0x60, 0x01, 0x00, 0x10,
  0x04, 0x19, 0x80, 0x01, 0x82, 0x40, 0x40, 0x10, 0x00, 0x10, 0x05, 0x00, 0x02, 0x40, 0x40, 0x28,
  0x00, 0x00, 0x86, 0x00, 0x00, 0x00, 0x00, 0x10, 0x00, 0x04, 0x00, 0x00, 0x04, 0x00, 0x00, 0x88,
  0x00, 0x00, 0x41, 0x00, 0x00, 0x00, 0x00, 0x10, 0x28, 0x00, 0x00, 0x00, 0x80, 0x00, 0x00, 0x10,
  0x20, 0x00, 0x00, 0x00, 0x00, 0x00, 0x01, 0x10, 0x10, 0x00, 0x40, 0x00, 0x00, 0x40, 0x00, 0x08,
  0x00, 0x02, 0x00, 0x00, 0x00, 0x00, 0x04, 0x20, 0x00, 0x09, 0x00, 0x00, 0x80, 0x00, 0x00, 0x10,
  0x00, 0x01, 0x00, 0x00, 0x04, 0x00, 0x00, 0x40, 0x05, 0x08, 0x10, 0x10, 0x95, 0x02, 0x04, 0x80,
  0x00, 0x40, 0x02, 0x00, 0x00, 0x08, 0x00, 0x20, 0x08, 0x02, 0x14, 0x00, 0x00, 0x81, 0x00, 0x10,
  0x80, 0x00, 0x88, 0x10, 0x10, 0x00, 0x00, 0x20, 0x88, 0x02, 0x04, 0x00, 0x00, 0x08, 0x00, 0x04,
  0x80, 0x00, 0x08, 0x62, 0x81, 0x40, 0x00, 0x10, 0x40, 0x20, 0x00, 0x00, 0x00, 0x00, 0x82, 0x00,
  0x01, 0x10, 0x05, 0x00, 0x40, 0x44, 0x00, 0x43, 0xA8, 0x00, 0x18, 0x42, 0x00, 0x80, 0x02, 0x00,
  0x80, 0x04, 0x00, 0x00, 0x00, 0x00, 0x00, 0x00, 0x88, 0x00, 0x20, 0x40, 0x00, 0x00, 0x40, 0x10,
  0x90, 0x00, 0x10, 0x80, 0x00, 0x88, 0x00, 0x20, 0x80, 0x00, 0x00, 0x00, 0x00, 0x00, 0x00, 0x00,
  0x80, 0x00, 0x00, 0x24, 0x00, 0x00, 0x00, 0x00, 0x00, 0x00, 0x40, 0x00, 0x00, 0x00, 0x01, 0x00,
  0x40, 0x01, 0x04, 0x40, 0x00, 0x00, 0x40, 0x00, 0x10, 0x02, 0x00, 0x50, 0x00, 0x00, 0x00, 0x00,
  0x40, 0x00, 0x00, 0x00, 0x00, 0x00, 0x00, 0x00, 0x00, 0x00, 0x80, 0x00, 0x00, 0x00, 0x00, 0x00,
  0x00, 0x00, 0x00, 0x00, 0x20, 0x00, 0x04, 0x00, 0x00, 0x00, 0x00, 0x20, 0x00, 0x00, 0x00, 0x00,
  0x00, 0x00, 0x00, 0x20, 0x02, 0x02, 0x80, 0x02, 0x02, 0x00, 0x00, 0xC0, 0x00, 0x00, 0x0B, 0x00,
  0x00, 0x00, 0x02, 0xC0, 0x24, 0x08, 0x10, 0x00, 0x80, 0x00, 0x02, 0x80, 0x04, 0x1A, 0x00, 0x00,
  0x00, 0x00, 0x00, 0x40, 0x00, 0x00, 0x82, 0x00, 0x80, 0x00, 0x00, 0x00, 0x00, 0x00, 0x00, 0x00,
  0x04, 0x00, 0x08, 0x40, 0x00, 0x10, 0x00, 0x00, 0x02, 0x00, 0x01, 0x00, 0x00, 0x98, 0x00, 0x00,
  0x00, 0x00, 0x00, 0x00, 0x00, 0x0A, 0x02, 0x00, 0x00, 0x00, 0x02, 0x00, 0x00, 0x10, 0x00, 0x00,
  0x0C, 0x00, 0x20, 0x00, 0x00, 0x20, 0x80, 0x00, 0x00, 0x00, 0x00, 0x80, 0x02, 0x08, 0x00, 0x00,
  0x00, 0x80, 0x00, 0x10, 0x00, 0x90, 0x24, 0x00, 0x02, 0x40, 0x00, 0x00, 0x02, 0x40, 0x08, 0x40,
  0x00, 0xA0, 0x02, 0x01, 0x80, 0x21, 0x00, 0xC0, 0x00, 0x00, 0x00, 0x00, 0x50, 0x15, 0x04, 0x00,
  0x40, 0x08, 0x00, 0x00, 0x00, 0x01, 0x24, 0x00, 0x20, 0x12, 0x40, 0x06, 0x00, 0x02, 0x24, 0x08,
  0x00, 0x02, 0x80, 0x00, 0x00, 0x50, 0x60, 0x07, 0x00, 0x00, 0x00, 0x20, 0x98, 0x00, 0xA0, 0x42,
  0x20, 0x04, 0x81, 0x10, 0x00, 0x01, 0x01, 0x00, 0x00, 0x00, 0x40, 0x00, 0x10, 0x01, 0x00, 0x00,
  0x00, 0x08, 0x00, 0x02, 0x00, 0x00, 0x00, 0x0A, 0x00, 0x0C, 0x00, 0x08, 0x20, 0x00, 0x00, 0x00,
  0x00, 0x10, 0x40, 0x00, 0x10, 0x00, 0x50, 0x00, 0x00, 0x00, 0x00, 0x02, 0x00, 0x00, 0x00, 0x00,
  0x00, 0x00, 0x00, 0x01, 0x20, 0x00, 0x02, 0x40, 0x00, 0x00, 0x00, 0x01, 0x10, 0x00, 0x04, 0x00,
  0x00, 0x04, 0x00, 0x10, 0x40, 0x00, 0x01, 0x08, 0x00, 0x00, 0x00, 0x08, 0x00, 0x00, 0x10, 0x01,
  0x00, 0x00, 0x00, 0x00, 0x00, 0x02, 0x10, 0x00, 0x00, 0x00, 0x00, 0x00, 0x00, 0x00, 0x00, 0x00,
  0x10, 0x00, 0x00, 0x00, 0x00, 0x00, 0x00, 0x00, 0x00, 0x00, 0x00, 0x00, 0x00, 0x00, 0x00, 0x00,
  0x00, 0x08, 0x00, 0x00, 0x00, 0x80, 0x80, 0x40, 0x01, 0x20, 0x00, 0x80, 0x80, 0x81, 0x00, 0x80,
  0x11, 0x28, 0x00, 0x40, 0x80, 0x82, 0x00, 0x00, 0x00, 0x08, 0x02, 0x00, 0x10, 0x00, 0x01, 0x00,
  0x21, 0x31, 0x46, 0x00, 0x80, 0x00, 0x00, 0x80, 0x01, 0x36, 0x00, 0x40, 0x00, 0x80, 0x10, 0x80,
  0x01, 0x40, 0x00, 0x00, 0x22, 0x40, 0x12, 0x00, 0x20, 0x08, 0x04, 0x00, 0x00, 0x40, 0x00, 0x10,
  0x01, 0x28, 0x06, 0x00, 0x00, 0x00, 0x00, 0x00, 0x01, 0x20, 0x00, 0x00, 0x80, 0x80, 0x00, 0x00,
  0x01, 0x20, 0x00, 0x00, 0x80, 0x00, 0x00, 0x80, 0x00, 0x90, 0x00, 0x00, 0x80, 0x00, 0x01, 0x40,
  0x00, 0x28, 0x00, 0x00, 0x10, 0x00, 0x11, 0x80, 0x00, 0x10, 0x00, 0x20, 0x00, 0x20, 0x01, 0x12,
  0x40, 0x10, 0x4A, 0x10, 0x00, 0x88, 0x00, 0x02, 0x20, 0x00, 0x10, 0x80, 0x00, 0x80, 0x00, 0x00,
  0x20, 0x02, 0x40, 0x00, 0x00, 0x82, 0x00, 0x10, 0x20, 0x00, 0x82, 0x20, 0x00, 0x80, 0x81, 0x03,
  0x20, 0x20, 0x08, 0x00, 0x40, 0x08, 0x00, 0x83, 0x40, 0x09, 0x40, 0x15, 0x00, 0x01, 0x00, 0x00,
  0x00, 0x20, 0x21, 0x00, 0x40, 0x14, 0x00, 0x00, 0x08, 0x02, 0x80, 0x00, 0x00, 0x00, 0x00, 0x08,
  0x80, 0x01, 0x36, 0x01, 0x00, 0x00, 0x80, 0x00, 0x10, 0x01, 0x28, 0x00, 0x00, 0x80, 0x00, 0x00,
  0x80, 0x20, 0x00, 0x00, 0x00, 0x00, 0x00, 0x08, 0x80, 0x00, 0x08, 0x0A, 0x00, 0x88, 0xC0, 0x00,
  0x00, 0x01, 0x00, 0x08, 0x00, 0x10, 0x00, 0x00, 0x08, 0x00, 0x20, 0x04, 0x00, 0x00, 0x80, 0x02,
  0x00, 0x01, 0x21, 0x80, 0x00, 0x14, 0x40, 0x10, 0x80, 0x02, 0x01, 0x00, 0x00, 0x80, 0x40, 0x01,
  0x00, 0x10, 0x00, 0x00, 0x00, 0x00, 0x00, 0x00, 0x00, 0x00, 0x00, 0x00, 0x10, 0x80, 0x10, 0x00,
  0x00, 0x00, 0x00, 0x00, 0x00, 0x00, 0x00, 0x20, 0x00, 0x00, 0x00, 0x04, 0x00, 0x40, 0x01, 0x02,
  0x48, 0x00, 0x90, 0x00, 0x10, 0x22, 0x10, 0x21, 0x48, 0x43, 0x08, 0x00, 0x10, 0x22, 0x80, 0x00,
  0x48, 0x42, 0x48, 0x40, 0x10, 0x10, 0x08, 0x00, 0xC8, 0x00, 0x01, 0x00, 0x20, 0x81, 0x00, 0x00,
  0x40, 0x02, 0x20, 0x40, 0x00, 0x88, 0x00, 0x00, 0x48, 0x00, 0x00, 0x80, 0x00, 0x10, 0x00, 0x00,
  0x00, 0x80, 0x04, 0x40, 0x00, 0x00, 0x04, 0x00, 0x00, 0x40, 0x02, 0xC0, 0x02, 0x00, 0x04, 0x00,
  0x48, 0x40, 0x08, 0xC8, 0x22, 0x19, 0x80, 0x00, 0xC0, 0x00, 0x00, 0x94, 0x00, 0x14, 0x00, 0x00,
  0x48, 0x00, 0x00, 0x10, 0x00, 0x10, 0x00, 0x00, 0xA0, 0x40, 0x01, 0x40, 0x10, 0x01, 0xA1, 0x00,
  0x02, 0x00, 0x24, 0x00, 0x00, 0x00, 0x02, 0x80, 0x00, 0x00, 0x00, 0x81, 0x20, 0x08, 0x20, 0x01,
  0x20, 0x00, 0x00, 0x00, 0x00, 0x00, 0x14, 0x80, 0x00, 0xC0, 0x00, 0x80, 0x20, 0x00, 0x14, 0x81,
  0x00, 0x81, 0x01, 0x10, 0x00, 0x11, 0x10, 0x04, 0x02, 0x02, 0x02, 0x01, 0x14, 0x41, 0x0A, 0x84,
  0x20, 0x90, 0x00, 0x01, 0x40, 0x09, 0x02, 0x88, 0x00, 0x30, 0x42, 0x21, 0x40, 0x31, 0x80, 0x00,
  0x00, 0x00, 0x00, 0x20, 0x08, 0x00, 0x04, 0x80, 0x00, 0x40, 0x00, 0x00, 0x40, 0x00, 0x08, 0x20,
  0x00, 0x40, 0x80, 0x00, 0x00, 0x00, 0x1C, 0x00, 0x00, 0x02, 0x03, 0x20, 0x40, 0x20, 0x00, 0x00,
  0x00, 0x00, 0x00, 0x00, 0x00, 0x00, 0x0C, 0x87, 0x20, 0xC8, 0x40, 0x01, 0x04, 0x00, 0x00, 0x80,
  0x00, 0x80, 0x00, 0x21, 0x08, 0x11, 0x02, 0x20, 0x00, 0x48, 0x40, 0x00, 0x00, 0x08, 0x08, 0x04,
  0x00, 0x80, 0x00, 0x00, 0x44, 0x01, 0x18, 0x00, 0x20, 0x82, 0x00, 0x01, 0x88, 0x20, 0x10, 0x00,
  0x00, 0x00, 0x00, 0x00, 0x00, 0x00, 0x00, 0x00, 0x00, 0x00, 0x00, 0x00, 0x00, 0x00, 0x00, 0x00,
  0x00, 0x0F, 0xFF, 0xFF, 0xFF, 0xF0, 0xFF, 0xFD, 0xE5, 0x58, 0x2C, 0xC8, 0x2C, 0xCD, 0x7C, 0xCD,
  0x7C, 0xCD, 0x7C, 0xCD, 0x7C, 0xCD, 0x7C, 0xCD, 0x7C, 0xCD, 0x7C, 0xCD, 0x7C, 0xCD, 0x7C, 0xCF,
  0xFF, 0xFC, 0x3C, 0xCC, 0x3C, 0xCC, 0x3C, 0xCC, 0x3C, 0xCC, 0x3C, 0xCC, 0x3C, 0xCC, 0x3C, 0xCC,
  0x3C, 0xCC, 0x3C, 0xCC, 0x3C, 0xC5, 0x6F, 0xDC, 0x3F, 0xFF, 0xFF, 0xF0, 0x00, 0x03, 0x3C, 0xCF,
  0xFF, 0xFF, 0xFF, 0xFF, 0xFF, 0xFC, 0x3C, 0xCC, 0x3C, 0xCC, 0x3C, 0xCC, 0x3C, 0xCC, 0x3C, 0xCC,
  0x3C, 0xCC, 0x3C, 0xCC, 0x3C, 0xC5, 0x6F, 0xDC, 0x3F, 0xF3, 0x3F, 0xFF, 0xCF, 0xFC, 0xCF, 0xFE,
  0xEC, 0xC7, 0x77, 0x7E, 0xEC, 0xC3, 0x30, 0x0F, 0x3F, 0x00, 0xFF, 0xF5, 0x75, 0x70, 0xA0, 0xAC,
  0xCF, 0xF0, 0x0F, 0x5F, 0xFF, 0xCF, 0xCF, 0xCF, 0xFF, 0xCF, 0xF2, 0x78, 0xDF, 0xFF, 0xF5, 0xA3,
  0x33, 0xA3, 0x56, 0xF6, 0x06, 0x66, 0x60, 0x0C, 0xC2, 0xEE, 0x20, 0x0A, 0xA5, 0xA5, 0xA0, 0x07,
  0xD8, 0x2F, 0xFF, 0xFF, 0xFF, 0xFF, 0xFF, 0xE1, 0x0F, 0xFF, 0xFF, 0xF5, 0x5F, 0xFF, 0xFF, 0x0F,
  0xEF, 0x0F, 0xFF, 0xDF, 0xFF, 0xFF, 0xF2, 0x20, 0x0D, 0xDF, 0xFF, 0xFF, 0xFF, 0xFF, 0xFF, 0xF0,
  0x0C, 0x3C, 0xCC, 0x3C, 0xCC, 0x3C, 0xCC, 0x3C, 0xCC, 0x3C, 0xCC, 0x3C, 0xCC, 0x3C, 0xC5, 0x6F,
  0xDC, 0x3F, 0xF0, 0x0F, 0xFC, 0xCC, 0xC0, 0x03, 0x35, 0x0F, 0xAF, 0xFF, 0xF0, 0x00, 0x0F, 0xFF,
  0xFF, 0xFF, 0xF3, 0x3F, 0xFE, 0xFF, 0xFF, 0xF5, 0x5F, 0xFF, 0x3F, 0xFB, 0xFF, 0xF0, 0xFF, 0xF3,
  0x3E, 0xBC, 0xCE, 0xBC, 0xCE, 0xBC, 0xCA, 0xBF, 0xCE, 0xBF, 0xF8, 0x00, 0x0F, 0xFF, 0xFF, 0xCF,
  0xFF, 0xFF, 0xFF, 0xFF, 0xFF, 0xFF, 0xFF, 0xFF, 0xF8, 0xF0, 0xF0, 0x00, 0x00, 0x00, 0x00, 0x00,
  0x00, 0x00, 0x00, 0x00, 0x80, 0x10, 0x00, 0x00, 0x00, 0x00, 0x00, 0x00, 0x00, 0x0F, 0xFF, 0xFF,
  0xFF, 0xF0, 0xFF, 0xF5, 0xA5, 0x5D, 0x7C, 0xCD, 0x7C, 0xCC, 0x3C, 0xCC, 0x3C, 0xCC, 0x3C, 0xCC,
  0x3C, 0xCC, 0x3C, 0xCC, 0x3C, 0xCC, 0x3C, 0xCC, 0x3C, 0xCC, 0x3C, 0xCF, 0xFF, 0xFC, 0x3C, 0xCC,
  0x3C, 0xCC, 0x3C, 0xCC, 0x3C, 0xCC, 0x3C, 0xCC, 0x3C, 0xCC, 0x3C, 0xCC, 0x3C, 0xCC, 0x3C, 0xCC,
  0x3C, 0xC5, 0x6F, 0xDC, 0x3F, 0xFF, 0xFF, 0xF0, 0x00, 0x05, 0xA5, 0xAF, 0xFF, 0xFF, 0xFF, 0xFF,
  0xFF, 0xFC, 0x3C, 0xCC, 0x3C, 0xCC, 0x3C, 0xCC, 0x3C, 0xCC, 0x3C, 0xCC, 0x3C, 0xCC, 0x3C, 0xCC,
  0x3C, 0xC5, 0x6F, 0xDC, 0x3F, 0xF0, 0x0F, 0xFF, 0xCF, 0xFF, 0xFF, 0xFE, 0xEC, 0xC5, 0x55, 0x5E,
  0xEC, 0xCF, 0xFF, 0xFF, 0x3F, 0x00, 0x0F, 0xF5, 0x75, 0x7F, 0xFF, 0xFF, 0xFF, 0xF0, 0x0F, 0x5F,
  0xFF, 0xFF, 0xFF, 0xCF, 0xFF, 0xCF, 0xF7, 0x2D, 0x8F, 0xFF, 0xF5, 0xAC, 0xCC, 0xAC, 0x56, 0x06,
  0xF0, 0xFF, 0x0F, 0xFC, 0xC1, 0xDD, 0x15, 0x5F, 0xF3, 0x3C, 0xC0, 0x0B, 0xE4, 0x1F, 0xFF, 0xDF,
  0xFF, 0xFF, 0xF0, 0x1E, 0xFF, 0xFF, 0xFF, 0xFF, 0xFF, 0xFF, 0xFF, 0xFF, 0xFF, 0x0F, 0xDF, 0xFF,
  0xFF, 0xFF, 0xB0, 0x20, 0x0F, 0xFF, 0xFE, 0xEF, 0xFF, 0xFF, 0xFF, 0xF0, 0x0C, 0x3C, 0xCC, 0x3C,
  0xCC, 0x3C, 0xCC, 0x3C, 0xCC, 0x3C, 0xCC, 0x3C, 0xCC, 0x3C, 0xC5, 0x6F, 0xDC, 0x3F, 0xFC, 0xCC,
  0xCF, 0x0F, 0x0C, 0xCF, 0xF5, 0x0F, 0xAF, 0xFF, 0xF0, 0x00, 0x0F, 0xFF, 0xFF, 0xFF, 0xFF, 0x3F,
  0xFE, 0xFF, 0xFF, 0xFD, 0xDF, 0xFF, 0xFF, 0xFB, 0xFF, 0xF0, 0xFF, 0xF3, 0x3E, 0xBC, 0xCE, 0xBC,
  0xCE, 0xBC, 0xCF, 0xEF, 0xFE, 0xBF, 0xF0, 0x00, 0x0F, 0xFF, 0xFF, 0xFF, 0xFF, 0xFF, 0xFF, 0xFF,
  0xFF, 0xFF, 0xFF, 0xFF, 0xF0, 0xF0, 0xF0, 0x00, 0x00, 0x00, 0x00, 0x00, 0x00, 0x00, 0x00, 0x00,
  0x00, 0x20, 0x00, 0x00, 0x00, 0x00, 0x00, 0x00, 0x00, 0x02, 0x00, 0x10, 0x01, 0x72, 0x20, 0x10,
  0x64, 0x00, 0x18, 0x81, 0x13, 0x72, 0x70, 0x00, 0x64, 0x00, 0x18, 0x81, 0x13, 0x72, 0x70, 0x00,
  0x64, 0x00, 0x18, 0x81, 0x12, 0x32, 0x70, 0x00, 0x04, 0x00, 0x18, 0x81, 0x13, 0x74, 0xF0, 0x00,
  0x64, 0x00, 0x18, 0x81, 0x13, 0x74, 0xF0, 0x00, 0x64, 0x00, 0x18, 0x81, 0x12, 0x34, 0xB0, 0x00,
  0x44, 0x06, 0x08, 0x02, 0x10, 0x36, 0x20, 0x50, 0x40, 0x52, 0x00, 0x10, 0x01, 0x76, 0xF0, 0x00,
  0x64, 0x00, 0x18, 0x81, 0x13, 0x76, 0xF0, 0x00, 0x64, 0x00, 0x18, 0x81, 0x12, 0x36, 0xB0, 0x00,
  0x44, 0x06, 0x08, 0x10, 0x01, 0x36, 0x20, 0x50, 0x40, 0x56, 0x08, 0x12, 0x10, 0x36, 0x20, 0x50,
  0x40, 0x52, 0x00, 0x10, 0x00, 0x00, 0x00, 0x10, 0x00, 0x10, 0x06, 0x08, 0x12, 0x10, 0x34, 0x20,
  0x50, 0x40, 0x56, 0x08, 0x12, 0x11, 0x36, 0x20, 0x50, 0x40, 0x56, 0x08, 0x12, 0x10, 0x36, 0x20,
  0x50, 0x40, 0x56, 0x08, 0x12, 0x10, 0x34, 0x32, 0x70, 0x44, 0x56, 0x08, 0x10, 0x00, 0x12, 0x20,
  0x50, 0x40, 0x56, 0x08, 0x12, 0x10, 0x12, 0x20, 0x10, 0x50, 0x02, 0x00, 0x10, 0x10, 0x12, 0x00,
  0x10, 0x00, 0x12, 0x00, 0x10, 0x01, 0x70, 0x20, 0x10, 0x64, 0x00, 0x18, 0x81, 0x13, 0x70, 0x70,
  0x00, 0x64, 0x00, 0x18, 0x81, 0x12, 0x30, 0x30, 0x00, 0x44, 0x02, 0x00, 0x10, 0x00, 0x00, 0x00,
  0x10, 0x00, 0x12, 0x00, 0x10, 0x00, 0x00, 0x00, 0x10, 0x00, 0x12, 0x08, 0x10, 0x11, 0x32, 0x20,
  0x10, 0x40, 0x12, 0x00, 0x10, 0x01, 0x72, 0x20, 0x10, 0x64, 0x00, 0x18, 0x81, 0x12, 0x32, 0x30,
  0x00, 0x44, 0x02, 0x00, 0x10, 0x00, 0x00, 0x00, 0x10, 0x00, 0x12, 0x00, 0x10, 0x00, 0x12, 0x00,
  0x10, 0x40, 0x10, 0x00, 0x00, 0x00, 0x00, 0x00, 0x00, 0x00, 0x00, 0x00, 0x00, 0x20, 0x00, 0x00,
  0x00, 0x00, 0x00, 0x00, 0x00, 0x00, 0x00, 0x20, 0x00, 0x00, 0x00, 0x20, 0x00, 0x2C, 0x10, 0x04,
  0x2A, 0x6C, 0x40, 0x20, 0x80, 0x24, 0x10, 0x00, 0x2A, 0xEC, 0x40, 0x20, 0x80, 0x24, 0x10, 0x20,
  0x22, 0x6C, 0x40, 0x20, 0x80, 0x2C, 0x10, 0x24, 0x20, 0x6C, 0x40, 0xA0, 0x80, 0xAC, 0x10, 0x24,
  0x20, 0x68, 0x40, 0xA0, 0x80, 0xAC, 0x10, 0x24, 0x20, 0x6C, 0x40, 0xA0, 0x80, 0xAC, 0x10, 0x24,
  0x20, 0x68, 0x40, 0xA0, 0x80, 0xAC, 0x10, 0x04, 0x22, 0x6C, 0x40, 0xA0, 0x80, 0xAC, 0x10, 0x24,
  0x20, 0x6C, 0x40, 0xA0, 0x80, 0xA0, 0x31, 0x02, 0x26, 0xED, 0xE0, 0x00, 0xC8, 0x00, 0x31, 0x02,
  0x26, 0xED, 0xE0, 0x00, 0xC8, 0x00, 0x31, 0x02, 0x26, 0x6D, 0x60, 0x00, 0x88, 0x0C, 0x10, 0x24,
  0x20, 0x6C, 0x40, 0xA0, 0x80, 0xA0, 0x04, 0x00, 0x20, 0x00, 0x00, 0x00, 0x20, 0x00, 0x20, 0x31,
  0x02, 0x26, 0xE9, 0xE0, 0x00, 0xC8, 0x00, 0x31, 0x02, 0x26, 0xE9, 0xE0, 0x00, 0xC8, 0x00, 0x31,
  0x02, 0x24, 0x69, 0x60, 0x00, 0x88, 0x04, 0x10, 0x00, 0x28, 0x60, 0x48, 0x00, 0xA0, 0x04, 0x00,
  0x20, 0x20, 0x24, 0x00, 0x20, 0x00, 0x24, 0x00, 0x20, 0x00, 0x00, 0x00, 0x20, 0x00, 0x24, 0x10,
  0x20, 0x20, 0x60, 0x40, 0x20, 0x80, 0x24, 0x10, 0x20, 0x20, 0x24, 0x00, 0x20, 0x00, 0x24, 0x00,
  0x02, 0x04, 0x00, 0xA0, 0x00, 0x48, 0x08, 0x31, 0x06, 0x24, 0x24, 0xE0, 0x80, 0x88, 0xA0, 0x00,
  0x00, 0x00, 0x00, 0x00, 0x20, 0x00, 0x24, 0x10, 0x20, 0x22, 0x64, 0x40, 0x20, 0x80, 0x20, 0x00,
  0x20, 0x22, 0x64, 0x40, 0x20, 0x80, 0x2C, 0x10, 0x24, 0x20, 0x64, 0x40, 0xA0, 0x80, 0xA4, 0x10,
  0x02, 0x24, 0xA4, 0xE0, 0x00, 0xC8, 0x00, 0x31, 0x02, 0x24, 0x24, 0x60, 0x00, 0x08, 0x00, 0x00,
  0x00, 0x00, 0x00, 0x00, 0x00, 0x00, 0x00, 0x00, 0x00, 0x00, 0x00, 0x00, 0x00, 0x00, 0x00, 0x00,
  0x00, 0x00, 0x00, 0x00, 0x00, 0x0F, 0xFF, 0xFF, 0xFF, 0xF0, 0x03, 0x3F, 0xAE, 0x4C, 0xCF, 0xFD,
  0xDD, 0xDF, 0xDF, 0xDF, 0x5F, 0xDD, 0xDF, 0xFF, 0x5F, 0xFF, 0xCF, 0xFD, 0xDF, 0xFF, 0xFF, 0xFF,
  0xCF, 0xF3, 0x3C, 0xC5, 0x5C, 0xCF, 0xCF, 0xC4, 0x1E, 0xBC, 0x0F, 0x38, 0x2D, 0x7C, 0xCC, 0xCB,
  0x1E, 0x44, 0x47, 0x7F, 0xFF, 0xFC, 0xCC, 0xC6, 0x06, 0xFC, 0xCC, 0xCF, 0x0C, 0xCD, 0x1D, 0x13,
  0xCC, 0x35, 0xAC, 0xC0, 0x00, 0x00, 0x6F, 0x6F, 0xFF, 0xFC, 0x35, 0x5F, 0xFF, 0xFB, 0x1E, 0x46,
  0x66, 0x6C, 0x3C, 0xCC, 0x3C, 0xCC, 0x3C, 0xCC, 0x3C, 0xCC, 0x3C, 0xCC, 0x3C, 0xCC, 0x3C, 0xCC,
  0x3C, 0xCC, 0x3C, 0xCC, 0x3C, 0xC5, 0x6F, 0xDC, 0x3F, 0xFC, 0xFC, 0xC9, 0x66, 0x90, 0xAF, 0xFF,
  0x3F, 0x00, 0x0D, 0xDF, 0xFF, 0xFF, 0xFF, 0xFF, 0xFF, 0xCF, 0xFC, 0x3C, 0xCC, 0x3C, 0xCC, 0x3C,
  0xCC, 0x3C, 0xCC, 0x3C, 0xCC, 0x3C, 0xCC, 0x3C, 0xCC, 0x3C, 0xCC, 0x3C, 0xCC, 0x3C, 0xC5, 0x6F,
  0xDC, 0x3F, 0xF7, 0x55, 0x55, 0x55, 0x55, 0x55, 0x55, 0x55, 0x5F, 0xFB, 0xF4, 0x0F, 0xFF, 0xF3,
  0xFF, 0xFF, 0xF0, 0x04, 0x05, 0x75, 0x70, 0x04, 0x04, 0x04, 0x0F, 0xF0, 0x00, 0x0F, 0xF0, 0x0F,
  0xF0, 0x0F, 0xFC, 0xCC, 0xC0, 0xFF, 0x0C, 0x0C, 0xFC, 0x0F, 0x3C, 0xCF, 0x0F, 0x0F, 0xF7, 0x87,
  0x75, 0xA5, 0x56, 0x96, 0x6E, 0x1E, 0xE6, 0x96, 0x6D, 0x8F, 0xF0, 0x00, 0x00, 0x00, 0x0C, 0x0C,
  0xF0, 0x00, 0x0F, 0x3F, 0xFF, 0xFD, 0xCF, 0x7F, 0x7F, 0xFF, 0xF0, 0x00, 0x0C, 0xCC, 0xCF, 0x3F,
  0xCF, 0xFF, 0xA0, 0x00, 0xCF, 0xFF, 0xF7, 0x77, 0x7F, 0xFF, 0xFF, 0x0F, 0xFD, 0xE5, 0x5D, 0x7C,
  0xCD, 0x7C, 0xCD, 0x7C, 0xCD, 0x7C, 0xC5, 0x6F, 0xDC, 0x3F, 0xF0, 0x00, 0x00, 0x00, 0x00, 0x00,
  0x00, 0x00, 0x00, 0x00, 0x00, 0x00, 0x00, 0x00, 0x00, 0x00, 0x00, 0x00, 0x00, 0x00, 0x00, 0x00,
  0x00, 0x0F, 0xFF, 0xFF, 0xFF, 0xF0, 0x03, 0x35, 0x0E, 0x4C, 0xCF, 0xFD, 0xDD, 0xDF, 0x0F, 0xDF,
  0x50, 0x0D, 0xCF, 0xCC, 0x4F, 0xFF, 0xCF, 0xFD, 0x5F, 0x55, 0x4F, 0xC5, 0x4F, 0xF5, 0xA5, 0xA5,
  0x5C, 0xC3, 0x03, 0x0E, 0xB4, 0x1C, 0x0F, 0x3D, 0x78, 0x20, 0x0F, 0xF1, 0xB4, 0xE4, 0x47, 0x7F,
  0xFF, 0xF0, 0x0F, 0xF6, 0xF6, 0x05, 0x55, 0x5F, 0x0C, 0xCD, 0x1D, 0x13, 0xCC, 0x35, 0xA3, 0x30,
  0x00, 0x0F, 0x60, 0x6F, 0xFF, 0xFC, 0x3A, 0xAF, 0xFF, 0xF1, 0xB4, 0xE0, 0xFF, 0x0C, 0x3C, 0xCC,
  0x3C, 0xCC, 0x3C, 0xCC, 0x3C, 0xCC, 0x3C, 0xCC, 0x3C, 0xCC, 0x3C, 0xCC, 0x3C, 0xCC, 0x3C, 0xCC,
  0x3C, 0xC5, 0x6F, 0xDC, 0x3F, 0xFC, 0xFC, 0xC6, 0x99, 0x60, 0xAF, 0xFF, 0x3F, 0x00, 0x0D, 0xDF,
  0xFC, 0xCF, 0xFF, 0x0F, 0xFF, 0xCF, 0xFC, 0x3C, 0xCC, 0x3C, 0xCC, 0x3C, 0xCC, 0x3C, 0xCC, 0x3C,
  0xCC, 0x3C, 0xCC, 0x3C, 0xCC, 0x3C, 0xCC, 0x3C, 0xCC, 0x3C, 0xC5, 0x6F, 0xDC, 0x3F, 0xF4, 0x55,
  0x5D, 0x1D, 0x1D, 0x1D, 0x1D, 0x1D, 0x1F, 0xFB, 0xF0, 0x0F, 0xFF, 0xF3, 0xF7, 0xFF, 0xF0, 0x04,
  0x05, 0x55, 0x70, 0x04, 0x00, 0x00, 0x0F, 0xF0, 0x02, 0x2D, 0xDA, 0xA5, 0x5F, 0xF0, 0x03, 0x33,
  0x30, 0xFF, 0x0C, 0x0C, 0xFC, 0x0F, 0x3C, 0xCF, 0x0F, 0x0F, 0xF7, 0x87, 0x79, 0x69, 0x95, 0xA5,
  0x51, 0xE1, 0x16, 0x96, 0x6D, 0x8F, 0xF0, 0x00, 0x00, 0x00, 0x0C, 0x0C, 0xF0, 0x00, 0x0F, 0xFF,
  0xFF, 0xFD, 0xCF, 0xFF, 0xFF, 0xFF, 0xA0, 0x00, 0x0F, 0xFF, 0xFF, 0x3F, 0xCF, 0xFF, 0xA0, 0x00,
  0xCF, 0xFF, 0xF4, 0x44, 0x4F, 0xFF, 0xFF, 0x0F, 0xFD, 0xE5, 0x5D, 0x7C, 0xCD, 0x7C, 0xCD, 0x7C,
  0xCD, 0x7C, 0xC5, 0x6F, 0xDC, 0x3F, 0xF0, 0x00, 0x00, 0x00, 0x00, 0x00, 0x00, 0x00, 0x00, 0x00,
  0x00, 0x00, 0x00, 0x04, 0x00, 0x00, 0x00, 0x00, 0x00, 0x00, 0x80, 0x42, 0x00, 0x02, 0x40, 0x00,
  0x00, 0x40, 0x08, 0x08, 0x85, 0x03, 0x04, 0x22, 0x04, 0x00, 0x80, 0x00, 0x60, 0x0A, 0x08, 0x60,
  0xB2, 0x00, 0xA8, 0x40, 0x08, 0x00, 0x44, 0x00, 0x00, 0x10, 0x00, 0x83, 0x00, 0x10, 0x10, 0x00,
  0x14, 0x02, 0x80, 0x00, 0x88, 0x82, 0x80, 0x0B, 0x80, 0x4A, 0x40, 0x0A, 0x84, 0x42, 0x0A, 0x08,
  0x80, 0x04, 0x19, 0x40, 0x00, 0x80, 0x82, 0x79, 0x00, 0x00, 0x00, 0x00, 0x08, 0x04, 0x06, 0x00,
  0x60, 0x22, 0x00, 0x03, 0x88, 0x40, 0x00, 0x04, 0x08, 0x19, 0x18, 0x80, 0x0B, 0x80, 0x86, 0x80,
  0xB0, 0x60, 0xA2, 0x80, 0x00, 0x20, 0x44, 0x82, 0xA2, 0x80, 0x80, 0x00, 0x04, 0x00, 0x0A, 0x40,
  0x53, 0x00, 0x48, 0x00, 0x00, 0x4A, 0x00, 0x00, 0x08, 0x00, 0x01, 0x08, 0x00, 0x00, 0x80, 0xA6,
  0x90, 0x68, 0x80, 0x02, 0x00, 0x02, 0x80, 0x23, 0x60, 0x03, 0x24, 0x03, 0x80, 0x02, 0x0B, 0x02,
  0x01, 0x86, 0x80, 0x03, 0x80, 0x00, 0x03, 0x44, 0x00, 0x0A, 0x86, 0x00, 0x60, 0x00, 0x88, 0x00,
  0x48, 0x00, 0x08, 0x98, 0x68, 0x88, 0x40, 0x00, 0x08, 0x00, 0x03, 0x00, 0x20, 0x03, 0x0B, 0x20,
  0x0B, 0x88, 0x82, 0x11, 0x40, 0x10, 0x0A, 0x00, 0x00, 0x00, 0x00, 0x10, 0x01, 0x02, 0x04, 0x00,
  0x00, 0x00, 0x00, 0x07, 0x80, 0x10, 0x22, 0x43, 0x00, 0x04, 0x80, 0x40, 0x83, 0x00, 0x00, 0x42,
  0x01, 0x00, 0x00, 0x06, 0x00, 0x02, 0x48, 0x8A, 0x02, 0x40, 0x00, 0x43, 0x60, 0xA7, 0x00, 0x02,
  0x06, 0x43, 0x41, 0x4B, 0x80, 0x06, 0x00, 0x16, 0x00, 0x4B, 0x80, 0x00, 0x80, 0x04, 0x00, 0x14,
  0x00, 0x06, 0x00, 0x02, 0x00, 0x18, 0x23, 0x80, 0x20, 0x00, 0x10, 0x00, 0x00, 0x00, 0x42, 0x04,
  0x00, 0x04, 0x40, 0x00, 0x00, 0x00, 0x00, 0x00, 0x01, 0x00, 0x00, 0x00, 0x00, 0x10, 0x00, 0x00,
  0x00, 0x00, 0x02, 0x10, 0x00, 0x04, 0x11, 0x42, 0x01, 0x02, 0x00, 0x00, 0x10, 0x40, 0x00, 0xC6,
  0x00, 0x60, 0x06, 0x82, 0x01, 0xC1, 0x00, 0xD0, 0x21, 0x02, 0x12, 0x20, 0x02, 0x01, 0x11, 0x48,
  0xC0, 0x00, 0x45, 0xC0, 0x28, 0xC0, 0x4E, 0x20, 0x05, 0x00, 0x08, 0xD0, 0x01, 0x52, 0x28, 0x40,
  0x11, 0x02, 0x2E, 0x10, 0x69, 0x02, 0x4E, 0x52, 0x46, 0x00, 0x01, 0x20, 0x6D, 0x20, 0x00, 0x40,
  0x11, 0x00, 0x12, 0x00, 0xE1, 0x00, 0x59, 0x20, 0x25, 0x00, 0xD2, 0x20, 0x21, 0x82, 0x0A, 0x80,
  0x10, 0x20, 0x00, 0x40, 0x02, 0x04, 0x00, 0x00, 0x60, 0x00, 0x50, 0x10, 0x0E, 0x10, 0x11, 0x28,
  0x12, 0x01, 0x44, 0x40, 0x02, 0x00, 0x5E, 0xC1, 0xE0, 0x20, 0xE2, 0x60, 0x48, 0x90, 0x00, 0x60,
  0x02, 0x42, 0x40, 0xC0, 0x22, 0xC0, 0x00, 0x25, 0x00, 0x82, 0x42, 0x02, 0x00, 0x00, 0x00, 0x08,
  0x10, 0x00, 0x11, 0x28, 0x00, 0x60, 0x05, 0x40, 0x20, 0x49, 0x00, 0xD1, 0x14, 0x42, 0x00, 0x00,
  0x00, 0x00, 0x00, 0x41, 0x20, 0x22, 0x00, 0x61, 0x20, 0x20, 0x11, 0x26, 0x40, 0x28, 0x81, 0x40,
  0x00, 0x02, 0x01, 0x02, 0x90, 0x00, 0x00, 0x10, 0x9D, 0x08, 0x10, 0x11, 0x10, 0x41, 0x10, 0x40,
  0x01, 0x44, 0x40, 0x4A, 0x44, 0x0D, 0x0E, 0x40, 0x48, 0x00, 0x50, 0x41, 0x40, 0x00, 0x10, 0x00,
  0x50, 0x00, 0x09, 0x40, 0xE2, 0x10, 0x40, 0x45, 0x60, 0x00, 0x1C, 0x42, 0xC0, 0x28, 0x00, 0xC0,
  0x00, 0x88, 0x51, 0x02, 0x10, 0x68, 0xD0, 0x58, 0x00, 0x00, 0x21, 0xCA, 0x00, 0x60, 0x00, 0x50,
  0x00, 0xC2, 0x00, 0xC2, 0x00, 0x40, 0x20, 0x1A, 0x10, 0x00, 0x20, 0x02, 0x00, 0x22, 0x24, 0x01,
  0x40, 0x00, 0x00, 0x00, 0x00, 0xC0, 0x01, 0x00, 0x01, 0x28, 0x42, 0x20, 0x00, 0x20, 0x40, 0x00,
  0x00, 0x00, 0x00, 0x00, 0x04, 0x00, 0x00, 0x00, 0x01, 0x00, 0x00, 0x04, 0x00, 0x00, 0x00, 0x00,
  0x00, 0x11, 0x20, 0x04, 0x00, 0x00, 0x21, 0x00, 0x01, 0x08, 0x08, 0x90, 0x20, 0x00, 0x08, 0x10,
  0x28, 0x00, 0x29, 0x01, 0x80, 0x44, 0x88, 0x08, 0x08, 0x10, 0x08, 0x18, 0x08, 0x91, 0x08, 0x00,
  0x88, 0x04, 0x00, 0x20, 0x00, 0x84, 0x01, 0x00, 0x80, 0x84, 0xA1, 0x02, 0x20, 0x20, 0xA0, 0x80,
  0x80, 0x38, 0x00, 0x80, 0x10, 0x25, 0x28, 0xC4, 0x80, 0xC4, 0x00, 0x00, 0x80, 0x20, 0xA0, 0x82,
  0x82, 0x10, 0x08, 0x20, 0xA2, 0x00, 0x04, 0x80, 0x82, 0x10, 0x08, 0x40, 0xA0, 0xA0, 0x11, 0x00,
  0x00, 0x40, 0x03, 0xD0, 0x02, 0x44, 0x81, 0x44, 0x84, 0x00, 0x88, 0xC4, 0x80, 0x00, 0x15, 0x01,
  0x18, 0x44, 0x04, 0x10, 0x85, 0x05, 0x88, 0x80, 0x02, 0x40, 0x21, 0x80, 0x90, 0x00, 0x08, 0x00,
  0x82, 0x02, 0x00, 0x82, 0x20, 0x48, 0x10, 0x00, 0x41, 0x02, 0x40, 0x01, 0x44, 0x01, 0xA0, 0x00,
  0x00, 0x02, 0x08, 0x00, 0xA0, 0x04, 0x10, 0x00, 0xC0, 0x08, 0x44, 0x00, 0x44, 0x00, 0x04, 0x00,
  0x00, 0x82, 0x51, 0x82, 0x00, 0x82, 0x20, 0x80, 0x00, 0x84, 0x40, 0x88, 0x00, 0x38, 0x20, 0x00,
  0xA0, 0x00, 0x10, 0x00, 0x84, 0x00, 0x80, 0x00, 0x00, 0x12, 0xC1, 0x80, 0x20, 0x81, 0x05, 0x10,
  0x11, 0x10, 0x94, 0x89, 0x00, 0x19, 0x08, 0x90, 0x00, 0x00, 0x00, 0x00, 0x80, 0x80, 0x02, 0x02,
  0x00, 0xC1, 0x00, 0x08, 0x80, 0x41, 0x03, 0x00, 0x00, 0x41, 0x50, 0x01, 0x90, 0x41, 0x80, 0x20,
  0x89, 0x83, 0x80, 0x00, 0x04, 0x00, 0x00, 0x00, 0x05, 0x82, 0x24, 0x02, 0x24, 0x04, 0x00, 0x04,
  0x00, 0x12, 0x20, 0x00, 0x20, 0x00, 0x81, 0x00, 0x15, 0x80, 0x41, 0x12, 0x00, 0x02, 0x00, 0x20,
  0x90, 0x00, 0xC0, 0x00, 0x40, 0x88, 0x00, 0x80, 0x00, 0x80, 0x00, 0x00, 0x00, 0x00, 0x00, 0x00,
  0x00, 0x00, 0x00, 0x00, 0x00, 0xA0, 0x00, 0x00, 0x00, 0x00, 0x02, 0x20, 0x00, 0x49, 0x12, 0x08,
  0x04, 0x00, 0x04, 0x00, 0x12, 0x08, 0x00, 0x01, 0x05, 0xA0, 0x00, 0x10, 0x84, 0x04, 0x0A, 0x12,
  0x04, 0x80, 0x04, 0x18, 0x28, 0x44, 0x24, 0x20, 0x00, 0x04, 0x00, 0x09, 0x00, 0x18, 0x81, 0x20,
  0x09, 0x08, 0x45, 0x10, 0x05, 0x88, 0x03, 0x88, 0x43, 0x00, 0x01, 0x01, 0x05, 0x40, 0x01, 0x81,
  0x11, 0x08, 0x80, 0x80, 0x01, 0x80, 0x45, 0x00, 0x04, 0x00, 0x00, 0x02, 0x0A, 0x40, 0x94, 0xA9,
  0x80, 0x01, 0x40, 0x00, 0x0C, 0x20, 0x04, 0x00, 0x01, 0x00, 0x12, 0x81, 0x05, 0x91, 0x14, 0x00,
  0xA0, 0x08, 0x01, 0x18, 0x00, 0x10, 0x08, 0x00, 0x04, 0x82, 0x40, 0x00, 0x18, 0x08, 0x10, 0x12,
  0x02, 0x1A, 0x00, 0x00, 0x40, 0x10, 0x03, 0x80, 0x04, 0x01, 0x88, 0x00, 0x04, 0x06, 0x0D, 0x00,
  0x89, 0x0C, 0x1D, 0x01, 0x1D, 0x00, 0x00, 0x01, 0xA8, 0x00, 0x04, 0x91, 0x00, 0x98, 0x80, 0x80,
  0x00, 0x80, 0x41, 0x40, 0x80, 0x00, 0x08, 0x00, 0x08, 0x00, 0x08, 0x05, 0x20, 0x00, 0x21, 0x8C,
  0x20, 0x08, 0x43, 0x00, 0x01, 0x00, 0x05, 0x00, 0x01, 0x44, 0x04, 0x04, 0x01, 0x00, 0x10, 0x10,
  0x00, 0x01, 0x01, 0x94, 0x11, 0x14, 0x00, 0x8B, 0x02, 0x89, 0x80, 0x95, 0x99, 0x11, 0x00, 0x8A,
  0x83, 0x18, 0xC0, 0x8D, 0x80, 0x00, 0x20, 0x01, 0x00, 0x00, 0x80, 0x08, 0x14, 0x83, 0x00, 0x08,
  0x00, 0x82, 0x20, 0x00, 0x02, 0xA3, 0x99, 0x01, 0x00, 0x01, 0x05, 0x01, 0x08, 0x02, 0x00, 0x21,
  0x08, 0x01, 0x12, 0x01, 0x00, 0x08, 0x0A, 0x40, 0x08, 0x00, 0x00, 0x20, 0x00, 0x40, 0x10, 0x45,
  0x10, 0x01, 0x02, 0x23, 0x4A, 0x01, 0xA0, 0x18, 0x80, 0x20, 0x80, 0x00, 0x80, 0x00, 0x84, 0x00,
  0x84, 0x00, 0x00, 0x01, 0x00, 0x01, 0x00, 0x00, 0x00, 0x00, 0x00, 0x00, 0x00, 0x00, 0x00, 0x00,
  0x00, 0x00, 0x00, 0x00, 0x00, 0x00, 0x00, 0x00, 0x00, 0x00, 0x00, 0x00, 0x00, 0x00, 0x00, 0x00,
  0x00, 0x00, 0x00, 0x00, 0x04, 0x00, 0x00, 0x44, 0x08, 0x00, 0x10, 0x01, 0x80, 0x02, 0x04, 0x00,
  0x24, 0x00, 0x80, 0x02, 0x00, 0x00, 0x84, 0x40, 0x44, 0x25, 0x40, 0x04, 0x00, 0x00, 0x10, 0x04,
  0x00, 0x00, 0x00, 0x41, 0x00, 0x19, 0x00, 0x01, 0x81, 0x00, 0x00, 0x00, 0x00, 0x00, 0x00, 0x0C,
  0x80, 0x00, 0x00, 0x00, 0x00, 0x00, 0x00, 0x08, 0x00, 0x01, 0x00, 0x00, 0x08, 0x00, 0x00, 0x49,
  0x00, 0x00, 0x00, 0x00, 0x80, 0x00, 0x00, 0x00, 0x84, 0x01, 0x00, 0x01, 0x00, 0x00, 0x10, 0x01,
  0x00, 0x04, 0x00, 0x01, 0x00, 0x01, 0x00, 0x01, 0x10, 0x00, 0x00, 0x00, 0x00, 0x08, 0x00, 0x04,
  0x00, 0x01, 0x00, 0x80, 0x00, 0x00, 0x00, 0x00, 0x00, 0x00, 0x01, 0x00, 0x01, 0x00, 0x04, 0x00,
  0x01, 0x00, 0x00, 0x00, 0x00, 0x00, 0x80, 0x00, 0x00, 0x00, 0x00, 0x00, 0x04, 0x00, 0x00, 0x00,
  0x00, 0x00, 0x00, 0x00, 0x00, 0x80, 0x00, 0x80, 0x00, 0x00, 0x00, 0x00, 0x00, 0x00, 0x00, 0x04,
  0x00, 0x00, 0x00, 0x20, 0x00, 0x00, 0x00, 0x00, 0x00, 0x00, 0x00, 0x20, 0x00, 0x00, 0x00, 0x00,
  0x00, 0x00, 0x0D, 0xA0, 0x00, 0x80, 0x0D, 0x80, 0x09, 0x82, 0x09, 0x80, 0x08, 0x08, 0x01, 0x80,
  0x00, 0x00, 0x00, 0x80, 0x81, 0x80, 0x00, 0x00, 0x03, 0xC0, 0x03, 0x00, 0x00, 0x00, 0x80, 0x00,
  0x00, 0x00, 0x01, 0x00, 0x00, 0x00, 0x01, 0x00, 0x81, 0x10, 0x00, 0x00, 0x81, 0x80, 0x00, 0x00,
  0x80, 0x00, 0x00, 0x00, 0x04, 0x00, 0x00, 0x00, 0x00, 0x00, 0x04, 0x00, 0x00, 0x00, 0x00, 0x00,
  0x00, 0x00, 0x00, 0x00, 0x09, 0x00, 0x00, 0x00, 0x00, 0x00, 0x00, 0x00, 0x00, 0x00, 0x00, 0x80,
  0x09, 0x00, 0x00, 0x00, 0x00, 0x00, 0x00, 0x00, 0x00, 0x00, 0x00, 0x00, 0x01, 0x00, 0x00, 0x00,
  0x01, 0x00, 0x00, 0x00, 0x00, 0x01, 0x00, 0x00, 0x90, 0x08, 0x01, 0x00, 0x00, 0x08, 0x00, 0x00,
  0x20, 0x01, 0x40, 0x01, 0x08, 0x00, 0x00, 0x00, 0x40, 0x09, 0x41, 0x00, 0x10, 0x04, 0x00, 0x91,
  0x90, 0x00, 0x01, 0x00, 0x10, 0x01, 0x10, 0x00, 0x80, 0x01, 0x00, 0x00, 0x80, 0x00, 0x00, 0x01,
  0x80, 0x00, 0x00, 0x00, 0x80, 0x00, 0x80, 0x00, 0xD0, 0x04, 0x00, 0x04, 0xA0, 0x89, 0x00, 0x00,
  0x00, 0x00, 0x00, 0x02, 0x00, 0x00, 0x88, 0x00, 0x88, 0x00, 0x20, 0x00, 0x00, 0x84, 0x20, 0x00,
  0x00, 0x00, 0x80, 0x00, 0x20, 0x00, 0x88, 0x00, 0x00, 0x08, 0x00, 0x01, 0xC0, 0x05, 0x90, 0x00,
  0x80, 0x00, 0x00, 0x00, 0x10, 0x01, 0x20, 0x00, 0x90, 0x03, 0x00, 0x00, 0x90, 0x20, 0x00, 0x00,
  0x00, 0x00, 0x00, 0x20, 0x00, 0x08, 0x00, 0x00, 0x00, 0x00, 0x03, 0x00, 0x00, 0x04, 0x04, 0x80,
  0x01, 0x80, 0x01, 0x00, 0x04, 0x40, 0x00, 0x40, 0x01, 0x40, 0x00, 0x80, 0x40, 0x40, 0x20, 0x20,
  0x00, 0x20, 0x00, 0x00, 0x00, 0x00, 0x01, 0x20, 0x01, 0x20, 0x00, 0x00, 0x00, 0x00, 0x08, 0x00,
  0x08, 0x00, 0x08, 0xA0, 0x00, 0x20, 0x08, 0x00, 0x40, 0x20, 0x00, 0x00, 0x00, 0x00, 0x00, 0x00,
  0x00, 0x00, 0x00, 0x40, 0x00, 0x02, 0x00, 0x00, 0x08, 0x08, 0x00, 0x00, 0x04, 0x00, 0x00, 0x00,
  0x00, 0x00, 0x00, 0xB0, 0x01, 0x10, 0x01, 0x00, 0x00, 0x00, 0x00, 0x00, 0x48, 0x02, 0x00, 0x80,
  0x00, 0x20, 0x00, 0x00, 0x00, 0x10, 0x02, 0x00, 0x00, 0x00, 0x00, 0x02, 0x00, 0x00, 0x00, 0x00,
  0x00, 0x00, 0x00, 0x00, 0x00, 0x00, 0x03, 0xD0, 0x00, 0x40, 0x00, 0x00, 0x00, 0x40, 0x04, 0x84,
  0x00, 0x00, 0x00, 0x80, 0x00, 0x00, 0x00, 0x00, 0x00, 0x00, 0x00, 0x00, 0x00, 0x90, 0x00, 0x00,
  0x00, 0x00, 0x00, 0x00, 0x00, 0x00, 0x00, 0x00, 0x00, 0x10, 0x00, 0x00, 0x00, 0x00, 0x05, 0x00,
  0x05, 0x00, 0x00, 0x00, 0x00, 0x05, 0x00, 0x00, 0x05, 0x06, 0x00, 0x45, 0x00, 0x04, 0x80, 0x10,
  0x00, 0x06, 0x50, 0x00, 0x00, 0x00, 0x00, 0x00, 0xC2, 0x08, 0x40, 0x00, 0x45, 0x05, 0x40, 0x20,
  0x02, 0x10, 0x00, 0x01, 0x00, 0x00, 0x40, 0x02, 0x20, 0x05, 0xC0, 0x20, 0x60, 0x00, 0x00, 0x0D,
  0x22, 0x00, 0x20, 0x01, 0x00, 0x02, 0x00, 0x01, 0x20, 0x14, 0x00, 0x00, 0x00, 0x00, 0x00, 0x04,
  0x00, 0x40, 0x00, 0x01, 0x10, 0x02, 0x00, 0x05, 0x05, 0x18, 0x00, 0x00, 0x00, 0x00, 0x20, 0x00,
  0x02, 0x08, 0x28, 0x01, 0x40, 0x09, 0x04, 0x00, 0x10, 0x00, 0x00, 0x0D, 0x20, 0x00, 0x00, 0x08,
  0x00, 0x00, 0x00, 0x46, 0x00, 0x00, 0x00, 0x01, 0x00, 0x00, 0x00, 0x00, 0x00, 0x00, 0x00, 0x00,
  0x00, 0x00, 0x00, 0x40, 0xC0, 0x00, 0x00, 0x40, 0x40, 0x08, 0x00, 0x10, 0x04, 0x50, 0x40, 0x00,
  0x08, 0x00, 0x00, 0x00, 0x00, 0x00, 0x00, 0xD0, 0x00, 0x00, 0x00, 0x00, 0x00, 0x00, 0x00, 0x00,
  0x00, 0x00, 0x00, 0x00, 0x00, 0x00, 0x00, 0x02, 0x02, 0x00, 0x01, 0x00, 0x00, 0x00, 0x00, 0x90,
  0x00, 0x00, 0x01, 0x00, 0x00, 0x00, 0x01, 0x00, 0x00, 0x00, 0x01, 0x50, 0x00, 0x40, 0x02, 0x00,
  0x06, 0x42, 0x00, 0x40, 0x06, 0x00, 0x08, 0x40, 0x08, 0x00, 0x00, 0x40, 0x4A, 0x40, 0x00, 0x00,
  0x08, 0x40, 0x00, 0x40, 0xC5, 0x00, 0x00, 0x40, 0x01, 0xC0, 0x0A, 0x50, 0x00, 0x00, 0x08, 0x00,
  0x4A, 0x00, 0x04, 0x04, 0x48, 0x40, 0x00, 0x00, 0x40, 0x00, 0x00, 0x00, 0x02, 0x00, 0x00, 0x00,
  0x00, 0x00, 0x00, 0x00, 0x00, 0x00, 0x00, 0x00, 0x00, 0x00, 0x00, 0x10, 0x00, 0x00, 0x00, 0x00,
  0x00, 0x00, 0x00, 0x00, 0x00, 0x00, 0x00, 0x40, 0x00, 0x40, 0x00, 0x00, 0x00, 0x00, 0x00, 0x00,
  0x00, 0x00, 0x00, 0x00, 0x00, 0x00, 0x00, 0x00, 0x02, 0x00, 0x00, 0x00, 0x00, 0x02, 0x00, 0x00,
  0x00, 0x08, 0x02, 0x00, 0x00, 0x08, 0x00, 0x40, 0x81, 0x00, 0x00, 0x00, 0x00, 0x00, 0x40, 0x08,
  0x00, 0x04, 0x80, 0x00, 0x00, 0x00, 0x03, 0x00, 0x40, 0x00, 0x00, 0x00, 0x00, 0x08, 0x00, 0x00,
  0x10, 0x02, 0x50, 0x00, 0x00, 0x00, 0x00, 0x06, 0x80, 0x10, 0x00, 0x00, 0x2A, 0x00, 0x00, 0x02,
  0x80, 0x06, 0x03, 0x00, 0x00, 0x04, 0x00, 0x00, 0x00, 0x00, 0x00, 0x01, 0x00, 0x87, 0x18, 0x02,
  0x00, 0x02, 0x40, 0x10, 0x00, 0x00, 0x40, 0x00, 0x20, 0x00, 0x00, 0x00, 0x00, 0x00, 0xA0, 0x06,
  0x40, 0x02, 0x11, 0x06, 0x80, 0x04, 0x00, 0x00, 0x00, 0x08, 0x00, 0x03, 0x00, 0x02, 0x40, 0x40,
  0x00, 0x02, 0x00, 0x00, 0x00, 0x44, 0x00, 0x20, 0x00, 0x00, 0x00, 0x40, 0x00, 0x00, 0x08, 0x80,
  0x04, 0x00, 0x08, 0x80, 0x44, 0x00, 0x04, 0x00, 0x00, 0x80, 0x02, 0x00, 0x03, 0x80, 0x00, 0x80,
  0x00, 0x80, 0x00, 0x00, 0x80, 0x80, 0x40, 0x40, 0x00, 0x00, 0x00, 0x20, 0x00, 0x00, 0x02, 0x80,
  0x02, 0x40, 0x03, 0x00, 0x02, 0x00, 0x0A, 0x10, 0x08, 0x00, 0x04, 0x00, 0x00, 0x80, 0x0A, 0x10,
  0x80, 0x80, 0x02, 0x00, 0x00, 0x00, 0x00, 0x00, 0x00, 0x00, 0x00, 0x00, 0x00, 0x04, 0x00, 0x00,
  0x00, 0x00, 0x00, 0x00, 0x00, 0x00, 0x03, 0x00, 0x02, 0x00, 0x03, 0x80, 0x00, 0x00, 0x04, 0x80,
  0x00, 0x00, 0x20, 0x80, 0x86, 0x04, 0x02, 0x40, 0x00, 0x80, 0x00, 0x00, 0x02, 0x00, 0x09, 0x01,
  0x00, 0x00, 0x00, 0x04, 0x00, 0x00, 0x00, 0x00, 0x00, 0x00, 0x00, 0x00, 0x00, 0x00, 0x08, 0x80,
  0x00, 0x80, 0x00, 0x00, 0x00, 0x80, 0x04, 0x08, 0x00, 0x03, 0x00, 0x10, 0x00, 0x00, 0x00, 0x00,
  0x00, 0x00, 0x00, 0x00, 0x00, 0x40, 0x00, 0x00, 0x00, 0x00, 0x00, 0x00, 0x00, 0x00, 0x00, 0x00,
  0x00, 0x00, 0x00, 0x04, 0x00, 0x00, 0x02, 0x00, 0x00, 0x00, 0x02, 0x28, 0x00, 0x00, 0x30, 0x00,
  0x01, 0x00, 0x20, 0x1C, 0x20, 0x00, 0x00, 0x01, 0x10, 0x04, 0x41, 0x00, 0x20, 0x02, 0x02, 0x44,
  0x12, 0x20, 0x4C, 0x00, 0x80, 0x00, 0x02, 0x04, 0x40, 0x10, 0x08, 0x40, 0x20, 0x00, 0x08, 0x40,
  0x22, 0x90, 0x00, 0x20, 0x80, 0x00, 0x00, 0x08, 0xE2, 0x00, 0x40, 0x00, 0x20, 0x02, 0xC0, 0x04,
  0x13, 0x0A, 0xB4, 0x44, 0x30, 0x02, 0x10, 0x00, 0x55, 0x00, 0x41, 0x84, 0x20, 0x00, 0x10, 0x01,
  0x03, 0x20, 0x02, 0x40, 0x20, 0x00, 0x10, 0x40, 0x52, 0x90, 0x86, 0x80, 0x20, 0x00, 0x10, 0x41,
  0x11, 0x10, 0x42, 0x00, 0x20, 0x02, 0x10, 0x40, 0x12, 0x14, 0x01, 0x91, 0x20, 0x00, 0x10, 0x30,
  0x40, 0x40, 0x22, 0x08, 0x20, 0x00, 0x10, 0x48, 0x91, 0x10, 0x00, 0x60, 0x20, 0x48, 0x01, 0x24,
  0x41, 0x15, 0x05, 0x02, 0x25, 0x80, 0x00, 0x02, 0x10, 0x10, 0x00, 0x04, 0x12, 0x90, 0x02, 0x10,
  0x01, 0x40, 0x20, 0xB0, 0x00, 0x30, 0x00, 0x10, 0x11, 0x00, 0x10, 0x12, 0x00, 0x90, 0x00, 0x50,
  0x04, 0x21, 0x04, 0x01, 0x48, 0x80, 0x00, 0x10, 0x94, 0x11, 0x24, 0x02, 0x00, 0x80, 0x00, 0x01,
  0x06, 0x10, 0x45, 0x00, 0x0C, 0x00, 0x00, 0x00, 0x00, 0x10, 0x90, 0x00, 0x20, 0x00, 0x00, 0x00,
  0x80, 0x00, 0x14, 0x00, 0x04, 0x90, 0x00, 0x09, 0x40, 0x81, 0x80, 0x04, 0x01, 0x90, 0x00, 0x00,
  0x80, 0x81, 0x14, 0x02, 0x24, 0x90, 0x00, 0x01, 0x01, 0x12, 0x40, 0x01, 0x10, 0x10, 0x00, 0x10,
  0x11, 0x00, 0x14, 0x44, 0x00, 0x00, 0x00, 0x03, 0x64, 0x10, 0x1A, 0x20, 0x04, 0x00, 0x02, 0x00,
  0x80, 0x11, 0x04, 0x00, 0x10, 0x00, 0x00, 0x00, 0x64, 0x00, 0x60, 0x00, 0x00, 0x00, 0x02, 0x10,
  0x00, 0x12, 0x00, 0x00, 0x00, 0x00, 0x00, 0x00, 0x00, 0x00, 0x00, 0x00, 0x00, 0x00, 0x00, 0x00,
  0x10, 0x00, 0x10, 0x00, 0x02, 0x00, 0x81, 0x00, 0x10, 0x20, 0x04, 0x01, 0xA8, 0x20, 0x0A, 0x80,
  0x90, 0x00, 0x26, 0x05, 0x82, 0xA0, 0x00, 0x00, 0x90, 0x04, 0x11, 0x02, 0x80, 0x00, 0x30, 0x10,
  0x30, 0x00, 0x16, 0x40, 0x0C, 0x08, 0x2A, 0x30, 0x90, 0x00, 0x06, 0x28, 0x09, 0x80, 0xCA, 0x00,
  0x30, 0x02, 0x26, 0x80, 0x00, 0x80, 0x06, 0x50, 0x90, 0x00, 0x06, 0x52, 0x48, 0x91, 0x00, 0x30,
  0x80, 0x00, 0x06, 0x1A, 0x00, 0x02, 0x45, 0x02, 0x90, 0x20, 0x06, 0x04, 0x30, 0x21, 0xA0, 0x32,
  0x90, 0x00, 0x06, 0x02, 0x00, 0x08, 0x11, 0x08, 0x10, 0x02, 0x06, 0x08, 0x0C, 0x08, 0x05, 0x00,
  0x10, 0x04, 0x06, 0x00, 0x02, 0x42, 0x45, 0x10, 0x80, 0x00, 0x86, 0xA4, 0x01, 0xA2, 0x80, 0x00,
  0x00, 0x02, 0x46, 0x00, 0x40, 0x80, 0x00, 0x00, 0x81, 0x20, 0x00, 0x26, 0x18, 0x10, 0x00, 0xC9,
  0x00, 0x20, 0x02, 0x26, 0x40, 0x41, 0x18, 0xA1, 0x0A, 0x20, 0x00, 0x06, 0x24, 0x00, 0x21, 0x02,
  0x00, 0x80, 0x00, 0x06, 0x04, 0x42, 0x00, 0x00, 0x00, 0x20, 0x00, 0x02, 0x02, 0x00, 0x20, 0x88,
  0x00, 0x20, 0x02, 0x00, 0x00, 0x44, 0x10, 0x00, 0x00, 0x20, 0x00, 0x04, 0x80, 0x8C, 0x22, 0x43,
  0x00, 0x00, 0x00, 0x00, 0x04, 0x40, 0x40, 0x0A, 0x90, 0x00, 0x00, 0x20, 0x06, 0x08, 0x04, 0x82,
  0x29, 0x20, 0x06, 0x00, 0x30, 0x84, 0x90, 0x02, 0x10, 0x20, 0x01, 0x01, 0x04, 0x44, 0x44, 0x04,
  0x80, 0x20, 0x06, 0x00, 0x94, 0x02, 0x00, 0x00, 0x05, 0x20, 0x00, 0x0A, 0xC4, 0x40, 0x04, 0x00,
  0x00, 0x20, 0x00, 0x10, 0x00, 0x54, 0x00, 0x00, 0x00, 0x00, 0x00, 0x8D, 0x10, 0x00, 0x00, 0x20,
  0x08, 0x20, 0x00, 0x86, 0x40, 0x08, 0x28, 0x00, 0x00, 0x00, 0x00, 0x01, 0x00, 0x00, 0x20, 0x00,
  0x00, 0x00, 0x00, 0x00, 0x00, 0x00, 0x00, 0x00, 0x20, 0x00, 0x00, 0x20, 0x00, 0x00, 0x00, 0x02,
  0x40, 0x02, 0x01, 0x02, 0x00, 0x00, 0x05, 0x20, 0x20, 0x20, 0x21, 0x00, 0x00, 0x00, 0x82, 0x10,
  0x20, 0x28, 0x00, 0x01, 0x00, 0x09, 0x20, 0x82, 0x21, 0x34, 0x01, 0x02, 0x00, 0x00, 0x00, 0x13,
  0x01, 0x28, 0x00, 0x82, 0x00, 0x00, 0x10, 0x11, 0x40, 0x00, 0x08, 0x40, 0x00, 0x00, 0x02, 0x04,
  0x01, 0x14, 0xA2, 0x08, 0x00, 0x00, 0x14, 0x42, 0x20, 0x20, 0x00, 0x01, 0x20, 0x02, 0x04, 0x12,
  0x20, 0x90, 0x08, 0x20, 0x00, 0x00, 0x04, 0x20, 0x60, 0x28, 0x64, 0x08, 0x00, 0x00, 0x04, 0x04,
  0x21, 0x08, 0x00, 0x09, 0x00, 0x00, 0x04, 0x12, 0x60, 0x08, 0xA0, 0xA3, 0x00, 0x09, 0x04, 0x84,
  0xE0, 0x88, 0x08, 0x08, 0x00, 0x00, 0x04, 0x00, 0x80, 0x08, 0x25, 0x01, 0x00, 0x00, 0x04, 0x16,
  0x20, 0x28, 0x08, 0x00, 0x24, 0x20, 0x00, 0x20, 0x20, 0x20, 0x30, 0x09, 0x20, 0x00, 0x00, 0x00,
  0x44, 0xA0, 0x28, 0x60, 0x10, 0x20, 0x02, 0x04, 0x80, 0x01, 0x20, 0x04, 0x40, 0x00, 0x00, 0x04,
  0x82, 0x20, 0x04, 0x80, 0x40, 0x00, 0x00, 0x0C, 0x82, 0x40, 0x21, 0x00, 0x80, 0x00, 0x01, 0x02,
  0x29, 0x22, 0x81, 0x94, 0x62, 0x00, 0x00, 0x00, 0x82, 0x21, 0x00, 0x0C, 0x80, 0x00, 0x00, 0x00,
  0x11, 0x23, 0x04, 0x02, 0x02, 0x00, 0x00, 0x04, 0x40, 0x41, 0x40, 0x04, 0x80, 0x20, 0x0A, 0x10,
  0x84, 0x00, 0x00, 0x02, 0x02, 0x20, 0x00, 0x00, 0x10, 0x00, 0x20, 0x00, 0x21, 0x20, 0x09, 0x00,
  0x80, 0x60, 0x08, 0xA0, 0x28, 0x20, 0x00, 0x00, 0x82, 0x21, 0x40, 0x00, 0x00, 0x20, 0x01, 0x00,
  0x01, 0x21, 0x40, 0x0D, 0x20, 0x20, 0x01, 0x10, 0x40, 0x60, 0x38, 0x08, 0x02, 0x00, 0x00, 0x00,
  0x01, 0x41, 0x03, 0x80, 0x00, 0x20, 0x02, 0x04, 0x04, 0xE0, 0x00, 0x00, 0x00, 0x00, 0x00, 0x00,
  0x00, 0x00, 0x00, 0x00, 0x00, 0x00, 0x00, 0x00, 0x20, 0x00, 0x00, 0x00, 0x00, 0x40, 0x00, 0x00,
  0x20, 0x08, 0x80, 0x80, 0x01, 0x12, 0x84, 0x00, 0x20, 0x02, 0x00, 0xC4, 0x00, 0x04, 0x00, 0x41,
  0x20, 0x00, 0x12, 0x00, 0x08, 0x09, 0x02, 0xA0, 0x20, 0x00, 0x00, 0x84, 0x00, 0x10, 0x04, 0x00,
  0x20, 0x00, 0x00, 0x04, 0x82, 0x04, 0x05, 0x00, 0x20, 0x00, 0x20, 0x18, 0x52, 0x4A, 0x20, 0x20,
  0x20, 0x01, 0x00, 0x80, 0x00, 0x00, 0x06, 0x44, 0x00, 0x00, 0x00, 0x90, 0x10, 0x10, 0x08, 0x21,
  0x20, 0x08, 0x50, 0xA4, 0x40, 0x08, 0x00, 0x44, 0x20, 0x02, 0x20, 0x2D, 0x10, 0x24, 0x00, 0x21,
  0xA0, 0x00, 0x20, 0x24, 0x00, 0x52, 0x08, 0x24, 0xA0, 0x00, 0x00, 0x26, 0x10, 0x00, 0x84, 0x01,
  0x28, 0x00, 0x10, 0x00, 0x80, 0x08, 0x09, 0x38, 0xA8, 0x00, 0x60, 0x40, 0x11, 0x02, 0x0A, 0x42,
  0x41, 0x00, 0x00, 0x20, 0x10, 0x00, 0x24, 0x04, 0x01, 0x00, 0x00, 0x20, 0x81, 0x09, 0x14, 0x02,
  0x40, 0x00, 0x00, 0x00, 0x84, 0x40, 0x00, 0x05, 0x20, 0x20, 0x00, 0x00, 0xC0, 0x29, 0x58, 0x00,
  0x00, 0x20, 0x01, 0x00, 0xC4, 0x02, 0x11, 0x04, 0x30, 0x00, 0x00, 0x00, 0x00, 0x80, 0x00, 0x20,
  0x00, 0x00, 0x02, 0x20, 0x00, 0x00, 0x80, 0xA0, 0x20, 0x00, 0x02, 0x20, 0xC4, 0x41, 0x08, 0x04,
  0x00, 0x00, 0x00, 0x00, 0x01, 0x01, 0x84, 0x08, 0x84, 0x00, 0x00, 0x02, 0x01, 0x10, 0x00, 0x04,
  0x02, 0x00, 0x00, 0x14, 0x00, 0x48, 0x00, 0x20, 0x42, 0x00, 0x00, 0x02, 0x40, 0x84, 0x0C, 0x80,
  0xC0, 0x80, 0x00, 0x04, 0x00, 0x29, 0x24, 0x08, 0x00, 0x88, 0x02, 0x02, 0x44, 0x80, 0x20, 0x07,
  0x20, 0x08, 0x00, 0x10, 0x10, 0x49, 0x12, 0x83, 0x40, 0x80, 0x00, 0x10, 0x04, 0x81, 0x00, 0xC0,
  0x00, 0x08, 0x00, 0x01, 0x02, 0x08, 0x10, 0x00, 0x00, 0x00, 0x00, 0x00, 0x00, 0x00, 0x00, 0x00,
  0x20, 0x00, 0x00, 0x00, 0x00, 0x04, 0x00, 0x00, 0x00, 0x00, 0x08, 0x01, 0x00, 0x00, 0x01, 0x00,
  0x20, 0x10, 0x01, 0x02, 0x80, 0x00, 0x90, 0x44, 0x09, 0x10, 0x00, 0x01, 0x48, 0x00, 0x50, 0x00,
  0x40, 0x12, 0x02, 0x01, 0x10, 0x45, 0x01, 0x00, 0x44, 0x00, 0x01, 0x00, 0x4A, 0x00, 0x40, 0x02,
  0x10, 0x10, 0x00, 0x18, 0x00, 0x40, 0x00, 0x00, 0x09, 0x10, 0x00, 0x00, 0x00, 0x45, 0x10, 0x00,
  0x70, 0x00, 0x04, 0x01, 0x18, 0x04, 0x02, 0x00, 0x48, 0x00, 0x06, 0x04, 0x00, 0x45, 0x30, 0x00,
  0x00, 0x00, 0x02, 0x00, 0x00, 0x86, 0x81, 0x00, 0x00, 0x00, 0x22, 0xA0, 0x50, 0x00, 0x50, 0x00,
  0x30, 0x00, 0x05, 0x01, 0x01, 0x05, 0x12, 0x00, 0x00, 0x00, 0x05, 0x00, 0x00, 0x40, 0x40, 0x00,
  0x00, 0x00, 0x04, 0x00, 0x81, 0x04, 0x08, 0x00, 0x80, 0x00, 0x00, 0x04, 0x02, 0x01, 0x06, 0x11,
  0x02, 0x05, 0x10, 0x20, 0x41, 0x48, 0x41, 0x08, 0x00, 0x08, 0x00, 0x00, 0x00, 0x80, 0x04, 0xB8,
  0x00, 0x00, 0x00, 0x11, 0x08, 0x08, 0x05, 0x01, 0x01, 0x10, 0x00, 0x04, 0x00, 0x00, 0x44, 0x01,
  0x00, 0x00, 0x10, 0x04, 0x00, 0x01, 0x00, 0x01, 0x00, 0x40, 0x00, 0x04, 0x04, 0x00, 0x40, 0x01,
  0x00, 0x80, 0x10, 0x00, 0x01, 0x00, 0x43, 0x11, 0x00, 0x40, 0x20, 0x00, 0x80, 0x02, 0x00, 0x00,
  0x00, 0x00, 0x10, 0x06, 0x01, 0x02, 0x00, 0x02, 0x00, 0x42, 0x10, 0x20, 0x00, 0x40, 0x40, 0x00,
  0x01, 0x00, 0x40, 0x09, 0x04, 0x00, 0x40, 0x02, 0x00, 0x00, 0x10, 0x20, 0x01, 0x00, 0x80, 0x42,
  0x00, 0x10, 0x00, 0x01, 0x02, 0x00, 0x40, 0x00, 0x00, 0x91, 0x14, 0x00, 0x00, 0x00, 0x05, 0x20,
  0x00, 0x50, 0x80, 0x11, 0x20, 0x00, 0x41, 0x00, 0x00, 0x40, 0x08, 0x00, 0x08, 0x04, 0x46, 0x01,
  0x02, 0x00, 0x00, 0x00, 0x00, 0x00, 0x00, 0x00, 0x00, 0x00, 0x00, 0x00, 0x80, 0x00, 0x00, 0x00,
  0x8A, 0x00, 0x01, 0x00, 0x00, 0x00, 0x00, 0x01, 0x80, 0x00, 0x00, 0x00, 0x20, 0x00, 0x02, 0x00,
  0x81, 0x00, 0x10, 0x00, 0x00, 0x20, 0x22, 0x02, 0x00, 0x88, 0x0A, 0x00, 0x80, 0x30, 0x20, 0x80,
  0x08, 0x88, 0x40, 0x00, 0x20, 0x40, 0x08, 0x02, 0x00, 0x88, 0x00, 0x00, 0x00, 0x30, 0x88, 0x00,
  0x02, 0x08, 0x22, 0x02, 0x80, 0x10, 0x88, 0x11, 0x09, 0x08, 0x00, 0x00, 0x10, 0x00, 0x24, 0x40,
  0x0E, 0x09, 0x03, 0x04, 0xC4, 0x00, 0x12, 0x03, 0x00, 0x48, 0x09, 0x04, 0x01, 0x40, 0x46, 0x20,
  0x80, 0x4E, 0x00, 0x02, 0x41, 0x40, 0x24, 0xA3, 0x02, 0x00, 0x08, 0x02, 0x21, 0x20, 0x05, 0x01,
  0x41, 0x0A, 0x00, 0x04, 0x90, 0x00, 0x00, 0x00, 0x00, 0x48, 0x40, 0x00, 0x08, 0x00, 0x01, 0x20,
  0x82, 0x0A, 0x33, 0x00, 0x48, 0x80, 0x00, 0x04, 0x08, 0x21, 0x0E, 0x01, 0x01, 0x04, 0x20, 0x00,
  0x08, 0x40, 0x00, 0x00, 0x06, 0xA0, 0x80, 0x48, 0x02, 0x4C, 0x8C, 0x00, 0x00, 0x82, 0x00, 0x88,
  0x00, 0x42, 0x08, 0x12, 0x00, 0x00, 0x00, 0x04, 0x11, 0x00, 0x04, 0x00, 0x02, 0x61, 0x20, 0x04,
  0x08, 0x80, 0x82, 0x00, 0x00, 0xD0, 0x00, 0x00, 0x00, 0x08, 0x88, 0x01, 0x00, 0xC0, 0x20, 0x20,
  0x00, 0x08, 0x80, 0x44, 0x00, 0x04, 0x20, 0x00, 0x22, 0x80, 0x80, 0x00, 0x02, 0xA0, 0x00, 0x06,
  0x01, 0x80, 0x42, 0x00, 0x00, 0x00, 0x00, 0x04, 0x02, 0x00, 0x42, 0x00, 0x00, 0x81, 0x00, 0x00,
  0x03, 0x00, 0x02, 0x01, 0x00, 0x00, 0x90, 0x90, 0x09, 0x08, 0x08, 0x00, 0x06, 0x80, 0x80, 0x08,
  0x01, 0x00, 0x40, 0x00, 0x00, 0xA0, 0x20, 0xC8, 0x10, 0x04, 0x80, 0x00, 0x00, 0x40, 0x00, 0x24,
  0x00, 0x08, 0xC2, 0x00, 0x00, 0xA0, 0x08, 0x00, 0x00, 0x10, 0x06, 0x20, 0x00, 0x00, 0x00, 0x00,
  0x00, 0x00, 0x00, 0x00, 0x00, 0x00, 0x00, 0x00, 0x00, 0x00, 0x00, 0x00, 0x80, 0x04, 0x04, 0x00,
  0x00, 0x00, 0x04, 0x00, 0x80, 0x00, 0x02, 0x00, 0x00, 0x00, 0x02, 0x00, 0x0A, 0x00, 0x08, 0x04,
  0x01, 0x20, 0x20, 0x12, 0x04, 0x00, 0x12, 0x08, 0x8A, 0x00, 0xA0, 0x01, 0x00, 0x54, 0x41, 0x00,
  0x41, 0x90, 0x20, 0x08, 0x02, 0x50, 0x10, 0x00, 0x40, 0x00, 0x00, 0x52, 0x14, 0x40, 0x50, 0x00,
  0x40, 0x00, 0x00, 0x00, 0x00, 0x50, 0x00, 0x00, 0x80, 0x20, 0x22, 0x41, 0x40, 0x17, 0x60, 0x00,
  0x04, 0x50, 0x28, 0x08, 0x00, 0x1A, 0x00, 0x01, 0x00, 0x00, 0x00, 0x00, 0x00, 0x00, 0x01, 0x00,
  0x00, 0x00, 0x40, 0x04, 0x01, 0x00, 0x29, 0x0A, 0x40, 0x40, 0x02, 0x00, 0x82, 0x94, 0x01, 0x00,
  0x00, 0xA0, 0x04, 0x20, 0x00, 0x00, 0x00, 0x00, 0x20, 0x00, 0x06, 0x80, 0x02, 0x84, 0x00, 0x00,
  0x02, 0x00, 0x00, 0x01, 0x00, 0x02, 0x40, 0xA0, 0x08, 0x02, 0x00, 0x08, 0x11, 0x80, 0x80, 0x40,
  0x00, 0x81, 0x10, 0x20, 0x15, 0x00, 0x10, 0x12, 0x08, 0x04, 0x00, 0x08, 0x02, 0x44, 0x14, 0x40,
  0x0A, 0x00, 0x20, 0x00, 0x00, 0x00, 0x00, 0x01, 0x00, 0x20, 0x20, 0x00, 0x08, 0x82, 0x80, 0x00,
  0x08, 0x00, 0x00, 0x04, 0x0A, 0x00, 0x10, 0x00, 0x08, 0x08, 0x00, 0x40, 0x08, 0x00, 0x40, 0x20,
  0x00, 0x40, 0x20, 0x00, 0x00, 0x82, 0x40, 0x10, 0x00, 0x60, 0x10, 0x00, 0x00, 0x00, 0x00, 0x01,
  0x00, 0x00, 0x00, 0x00, 0x10, 0x00, 0x00, 0x00, 0x04, 0x00, 0x40, 0x00, 0x08, 0x00, 0x40, 0x00,
  0x00, 0x01, 0x00, 0x04, 0x10, 0x00, 0x50, 0x20, 0x00, 0xA0, 0x00, 0x40, 0x00, 0x00, 0x00, 0x00,
  0x08, 0x62, 0x10, 0x04, 0x41, 0x04, 0x44, 0x00, 0x08, 0x06, 0x10, 0x40, 0x00, 0x00, 0x02, 0x00,
  0x00, 0x14, 0x20, 0x00, 0x41, 0x02, 0x00, 0x01, 0x08, 0x40, 0x00, 0x00, 0x00, 0x00, 0x00, 0x00,
  0x00, 0x00, 0x00, 0x00, 0x28, 0x00, 0x00, 0x00, 0x00, 0x00, 0x00, 0x00, 0x00, 0x00, 0x00, 0x00,
  0x00, 0x00, 0x00, 0x00, 0x00, 0x10, 0x28, 0x1B, 0x10, 0x00, 0x00, 0x01, 0x00, 0x00, 0x01, 0x00,
  0x00, 0x20, 0x00, 0x00, 0x04, 0x00, 0x00, 0x00, 0x80, 0x01, 0x00, 0x00, 0x22, 0x00, 0x01, 0x90,
  0x00, 0x00, 0x24, 0x00, 0x05, 0x00, 0x00, 0x10, 0x04, 0x10, 0x00, 0x04, 0x01, 0x80, 0x00, 0x00,
  0x00, 0x04, 0x00, 0x00, 0x04, 0x20, 0x00, 0x20, 0x80, 0x40, 0x00, 0x00, 0x10, 0x00, 0x00, 0x00,
  0x00, 0x00, 0x00, 0x01, 0x40, 0x00, 0x00, 0x04, 0x80, 0x20, 0x40, 0x00, 0x28, 0x00, 0x00, 0x00,
  0x46, 0x40, 0x00, 0x00, 0x04, 0x10, 0x00, 0x10, 0x00, 0x02, 0x00, 0x00, 0x20, 0x00, 0x00, 0x00,
  0x00, 0x12, 0x20, 0x00, 0x00, 0x00, 0x00, 0x22, 0x14, 0x12, 0x40, 0x00, 0x10, 0x00, 0x00, 0x01,
  0x99, 0x80, 0x20, 0x04, 0x00, 0x50, 0x10, 0x01, 0x00, 0x02, 0x80, 0x01, 0x00, 0x24, 0x20, 0x04,
  0x00, 0x00, 0x42, 0x04, 0x00, 0x00, 0x00, 0x00, 0x10, 0x80, 0x00, 0x01, 0x00, 0x42, 0x20, 0x00,
  0x00, 0x00, 0x42, 0x80, 0x00, 0x00, 0x00, 0x00, 0x00, 0x00, 0x01, 0x01, 0x00, 0x21, 0x40, 0x00,
  0x04, 0x00, 0x40, 0x00, 0x00, 0x05, 0x10, 0x00, 0x03, 0x00, 0x00, 0x01, 0x00, 0x11, 0x00, 0x00,
  0x10, 0x00, 0x00, 0x08, 0x04, 0x00, 0x00, 0x00, 0x00, 0x80, 0x02, 0x00, 0x00, 0x50, 0x10, 0x00,
  0x00, 0x04, 0x01, 0x00, 0x00, 0x40, 0x10, 0x04, 0x20, 0x00, 0x02, 0x00, 0x00, 0x00, 0x00, 0x00,
  0x00, 0x01, 0x00, 0x45, 0x00, 0x0D, 0x00, 0x00, 0x10, 0x00, 0x00, 0x00, 0x00, 0x00, 0x00, 0x40,
  0x10, 0x00, 0x02, 0x40, 0x02, 0x00, 0x80, 0x00, 0x00, 0x00, 0x00, 0x40, 0x04, 0x61, 0xA0, 0x00,
  0x10, 0x80, 0x40, 0x40, 0x02, 0x00, 0x00, 0x00, 0x00, 0x00, 0x00, 0x00, 0x00, 0x00, 0x00, 0x00,
  0x00, 0x00, 0x00, 0x00, 0x40, 0x00, 0x00, 0x00, 0x00, 0x01, 0x01, 0x80, 0x00, 0x02, 0x00, 0x40,
  0x00, 0x00, 0x22, 0x20, 0x08, 0x00, 0x11, 0x50, 0x11, 0x00, 0x80, 0x00, 0x00, 0x00, 0x40, 0x10,
  0x01, 0x62, 0x20, 0x00, 0x00, 0x80, 0x10, 0x80, 0x20, 0x00, 0x00, 0x00, 0x00, 0x00, 0x20, 0x00,
  0x12, 0x00, 0x40, 0x10, 0x10, 0x00, 0x42, 0x00, 0x00, 0x00, 0x00, 0x00, 0x03, 0x00, 0x01, 0x40,
  0x00, 0x00, 0x10, 0x10, 0x00, 0xC1, 0x40, 0x80, 0x00, 0x20, 0x80, 0x00, 0x00, 0x02, 0x40, 0x90,
  0x24, 0x80, 0x80, 0x20, 0x80, 0x00, 0x44, 0x10, 0x00, 0x0A, 0x41, 0x80, 0x00, 0x00, 0x80, 0x80,
  0x09, 0x21, 0x90, 0x00, 0x01, 0x00, 0x81, 0x40, 0x08, 0x02, 0x01, 0x00, 0x00, 0x40, 0x00, 0x10,
  0x24, 0x00, 0x02, 0x10, 0x08, 0x02, 0x40, 0x08, 0x08, 0x10, 0x08, 0x00, 0x00, 0x60, 0x02, 0x21,
  0x50, 0x24, 0x64, 0x01, 0x80, 0x44, 0x00, 0x01, 0x90, 0x10, 0x04, 0x82, 0x00, 0x02, 0x82, 0x04,
  0x80, 0x08, 0x08, 0x00, 0x20, 0x00, 0x00, 0x02, 0x00, 0x00, 0x10, 0x00, 0x00, 0x00, 0x40, 0x01,
  0x80, 0x10, 0x00, 0x80, 0x00, 0x00, 0x00, 0x00, 0x08, 0x20, 0x02, 0x00, 0x00, 0x48, 0x00, 0x02,
  0x50, 0x00, 0x40, 0x40, 0x10, 0x48, 0x00, 0x00, 0x90, 0x00, 0x00, 0x00, 0x00, 0x00, 0x00, 0x00,
  0x00, 0x00, 0x30, 0x02, 0x00, 0x00, 0x02, 0x00, 0x00, 0x20, 0x00, 0x00, 0x00, 0x00, 0x00, 0x01,
  0x90, 0x00, 0x40, 0x40, 0x00, 0x80, 0x00, 0x20, 0x00, 0x00, 0x4A, 0x00, 0x00, 0x80, 0x00, 0x00,
  0x10, 0x05, 0x10, 0x80, 0x00, 0x04, 0x00, 0x00, 0x00, 0x00, 0x01, 0x60, 0x10, 0x00, 0x00, 0x02,
  0x88, 0x05, 0x04, 0x01, 0x80, 0x00, 0x00, 0x10, 0x00, 0x00, 0x40, 0x80, 0x00, 0x00, 0x40, 0x00,
  0x90, 0x24, 0x10, 0x00, 0x00, 0x00, 0x00, 0x00, 0x00, 0x00, 0x00, 0x00, 0x00, 0x00, 0x00, 0x00,
  0x00, 0x00, 0x00, 0x00, 0x00, 0x00, 0x00, 0x02, 0x00, 0x00, 0x00, 0x01, 0x40, 0x20, 0x01, 0x00,
  0x24, 0x00, 0x00, 0x00, 0x10, 0x00, 0x00, 0x00, 0x40, 0x00, 0x20, 0x00, 0x00, 0x08, 0x86, 0x00,
  0x00, 0x00, 0x09, 0x10, 0x00, 0x00, 0x80, 0x20, 0x08, 0x00, 0x00, 0x80, 0x01, 0x25, 0x40, 0x80,
  0x02, 0x00, 0x20, 0x10, 0x16, 0x00, 0x00, 0x20, 0x00, 0x00, 0x00, 0x00, 0x02, 0x08, 0x20, 0x00,
  0x88, 0x00, 0x20, 0x00, 0x00, 0x20, 0x00, 0x00, 0x08, 0x00, 0x20, 0x00, 0x02, 0x00, 0x01, 0x00,
  0x40, 0x02, 0x06, 0x00, 0x22, 0x10, 0x00, 0x20, 0x00, 0x80, 0x00, 0x10, 0x20, 0x20, 0x02, 0x00,
  0x00, 0x02, 0x20, 0x00, 0x20, 0x00, 0x04, 0x00, 0x00, 0x00, 0x11, 0x00, 0x00, 0xA0, 0x25, 0x00,
  0x22, 0x41, 0x08, 0x00, 0x25, 0x00, 0x04, 0x02, 0x00, 0x00, 0x40, 0x80, 0x00, 0x01, 0x14, 0x48,
  0x00, 0x00, 0x02, 0x00, 0x00, 0x02, 0x04, 0x00, 0x00, 0x00, 0x40, 0x45, 0x00, 0x04, 0x14, 0x20,
  0x80, 0x08, 0x00, 0x41, 0x80, 0x22, 0x00, 0x00, 0x00, 0x00, 0x00, 0x00, 0x10, 0x02, 0x80, 0x06,
  0x00, 0x08, 0x42, 0x00, 0x00, 0x00, 0x20, 0x00, 0x00, 0x24, 0x00, 0x20, 0x20, 0x00, 0x00, 0x00,
  0x00, 0x04, 0x00, 0xC2, 0x00, 0x01, 0x18, 0x80, 0x00, 0x02, 0x82, 0x00, 0x50, 0x04, 0x00, 0x00,
  0x01, 0x00, 0x40, 0x00, 0x00, 0x00, 0x58, 0x00, 0x00, 0x00, 0x40, 0x00, 0x20, 0x02, 0x16, 0x00,
  0x00, 0x18, 0x00, 0x00, 0x00, 0x04, 0xA0, 0x00, 0x00, 0x42, 0x00, 0x20, 0x00, 0x00, 0x00, 0x00,
  0x00, 0x40, 0x00, 0x11, 0x00, 0x00, 0x00, 0x04, 0x80, 0x00, 0x00, 0x00, 0x00, 0x20, 0x00, 0x04,
  0x20, 0x00, 0x00, 0x01, 0x00, 0x40, 0x02, 0x02, 0x00, 0x80, 0x00, 0x00, 0x00, 0x00, 0x00, 0x00,
  0x00, 0x00, 0x00, 0x00, 0x00, 0x00, 0x00, 0x00, 0x00, 0x00, 0x00, 0x00, 0x80, 0x00, 0x00, 0x00,
  0x00, 0x00, 0x04, 0x00, 0x80, 0x02, 0x01, 0x80, 0x00, 0x00, 0x0A, 0x22, 0x01, 0x00, 0x02, 0x10,
  0x04, 0x20, 0x00, 0x00, 0x08, 0x80, 0x03, 0x20, 0x00, 0x10, 0x08, 0x80, 0x28, 0x42, 0x00, 0x80,
  0x04, 0x04, 0x04, 0x00, 0x00, 0x00, 0x00, 0x10, 0x08, 0x80, 0x00, 0x00, 0x40, 0x80, 0x20, 0x10,
  0x00, 0x31, 0x00, 0x00, 0x80, 0x40, 0x08, 0x80, 0x00, 0x34, 0x01, 0x00, 0x28, 0x00, 0x45, 0x00,
  0x01, 0x80, 0x02, 0x00, 0x00, 0x40, 0x23, 0x08, 0x02, 0x10, 0x94, 0x00, 0x00, 0x41, 0x10, 0x00,
  0x08, 0x80, 0x94, 0x00, 0x80, 0x00, 0x00, 0x80, 0x00, 0x00, 0x80, 0x80, 0x08, 0x40, 0x02, 0x20,
  0x00, 0x10, 0x00, 0x00, 0x00, 0x00, 0x04, 0x08, 0x02, 0x00, 0x02, 0x00, 0x01, 0x02, 0x11, 0x00,
  0x02, 0x80, 0x02, 0x8D, 0x00, 0x08, 0x80, 0x12, 0x20, 0x00, 0x00, 0x20, 0x00, 0x80, 0x01, 0x00,
  0x80, 0x20, 0x32, 0x04, 0x40, 0x44, 0x00, 0x30, 0x80, 0x03, 0x40, 0x20, 0x00, 0x09, 0x00, 0x10,
  0x40, 0x20, 0x21, 0x00, 0x00, 0x80, 0x00, 0x00, 0x18, 0x04, 0x12, 0x02, 0x00, 0x80, 0x01, 0x09,
  0x00, 0x21, 0x20, 0x00, 0x00, 0x80, 0xC0, 0x00, 0x20, 0x01, 0x1A, 0x00, 0x00, 0x82, 0x40, 0x00,
  0x20, 0x20, 0x28, 0x00, 0x00, 0x01, 0x01, 0x00, 0x40, 0x10, 0x08, 0x04, 0x40, 0x80, 0x02, 0x00,
  0x80, 0x08, 0x08, 0x00, 0x00, 0x04, 0x00, 0x12, 0x00, 0x00, 0x00, 0x00, 0x00, 0x00, 0x40, 0x40,
  0x80, 0x03, 0x00, 0x00, 0x00, 0x01, 0x40, 0x02, 0x80, 0x10, 0x00, 0x88, 0x00, 0x00, 0x02, 0x02,
  0x80, 0x21, 0x30, 0x08, 0x00, 0x09, 0x00, 0x10, 0x04, 0xA2, 0x28, 0x00, 0x00, 0x00, 0x40, 0x02,
  0x10, 0x21, 0x10, 0x01, 0x00, 0x80, 0x01, 0x01, 0x88, 0x02, 0x00, 0x00, 0x00, 0x00, 0x00, 0x00,
  0x00, 0x00, 0x00, 0x00, 0x00, 0x80, 0x00, 0x00, 0x00, 0x00, 0x00, 0x00, 0x00, 0x08, 0x04, 0x01,
  0x80, 0x00, 0x01, 0x00, 0x00, 0x12, 0x80, 0x00, 0x00, 0x00, 0x92, 0x40, 0x01, 0x04, 0x01, 0x20,
  0x08, 0x01, 0x01, 0x90, 0x05, 0x01, 0x20, 0x00, 0x80, 0x82, 0x04, 0x40, 0x00, 0x0C, 0x05, 0x00,
  0x40, 0x00, 0x40, 0x44, 0x04, 0x18, 0x40, 0x00, 0x88, 0x00, 0x00, 0xC0, 0x00, 0x18, 0x01, 0x00,
  0x82, 0x00, 0x00, 0x00, 0x00, 0x10, 0x02, 0x80, 0x20, 0x81, 0x01, 0x08, 0x09, 0x01, 0x02, 0x00,
  0x20, 0x40, 0x21, 0x08, 0x02, 0x81, 0x12, 0x40, 0x18, 0x40, 0x80, 0x10, 0x11, 0x11, 0x08, 0x80,
  0xC9, 0x02, 0x50, 0x10, 0x11, 0x49, 0x00, 0x00, 0x92, 0x00, 0x04, 0x14, 0x11, 0x1A, 0x84, 0x40,
  0x00, 0x80, 0x01, 0x00, 0x02, 0x00, 0x48, 0x00, 0x91, 0x00, 0x01, 0x10, 0x00, 0x20, 0x00, 0xA0,
  0x00, 0x01, 0x00, 0x21, 0x40, 0x0A, 0x04, 0xA0, 0x00, 0x40, 0x00, 0x04, 0x40, 0x00, 0x10, 0x09,
  0x20, 0x80, 0x00, 0x20, 0x00, 0x20, 0x10, 0x00, 0x00, 0x20, 0x01, 0x08, 0x00, 0x11, 0x28, 0x00,
  0x00, 0x80, 0x40, 0x01, 0x00, 0x00, 0x40, 0x08, 0x00, 0xC1, 0x00, 0x00, 0x40, 0x00, 0x19, 0x80,
  0x00, 0x00, 0x40, 0x00, 0x00, 0x00, 0x18, 0x01, 0x00, 0x40, 0x80, 0x01, 0x20, 0x20, 0x14, 0x00,
  0x00, 0xDA, 0x01, 0x10, 0x80, 0x30, 0x08, 0x08, 0x08, 0x80, 0x80, 0x00, 0x80, 0x00, 0x04, 0x80,
  0x00, 0x00, 0x00, 0x02, 0x08, 0x00, 0x28, 0x00, 0x00, 0x10, 0x42, 0x40, 0xC4, 0x00, 0x02, 0x80,
  0x00, 0x18, 0x40, 0x00, 0x90, 0x28, 0x64, 0x00, 0x00, 0x00, 0x03, 0x11, 0xC4, 0x31, 0x1C, 0x10,
  0x00, 0x00, 0x00, 0x00, 0x28, 0x00, 0x00, 0x05, 0x00, 0x00, 0x40, 0x01, 0xC4, 0x71, 0x10, 0x00,
  0x00, 0x00, 0x82, 0x01, 0x00, 0x02, 0x20, 0x00, 0x00, 0x00, 0x00, 0x00, 0x00, 0x00, 0x00, 0x00,
  0x00, 0x00, 0x00, 0x00, 0x00, 0x00, 0x00, 0x00, 0x00, 0x0F, 0xFF, 0xF0, 0x00, 0x0F, 0xFF, 0xF0,
  0x00, 0x05, 0x0E, 0x45, 0x0E, 0x4F, 0xEF, 0xCF, 0xEF, 0xFD, 0xDF, 0xF5, 0x4F, 0xCF, 0x4F, 0xC5,
  0x4F, 0xFF, 0x00, 0x0F, 0xFF, 0xF5, 0x0E, 0x40, 0x0F, 0xA0, 0x0F, 0xF6, 0x60, 0xF0, 0x0C, 0xC1,
  0xB4, 0xEE, 0xB4, 0x18, 0xB4, 0x7C, 0x3C, 0x3E, 0xED, 0xEF, 0xFF, 0xFF, 0xFF, 0xFF, 0x6F, 0xFF,
  0xFD, 0x7F, 0xFD, 0x7F, 0xFD, 0x7F, 0xFD, 0x7F, 0xBF, 0xF4, 0x4E, 0xEC, 0xCC, 0xC0, 0x0F, 0x04,
  0x47, 0x70, 0x5F, 0x50, 0x0C, 0xCF, 0x00, 0x00, 0x0C, 0xC2, 0xE1, 0xD1, 0xB4, 0xE3, 0x30, 0x0C,
  0x3C, 0x3A, 0x3A, 0xC0, 0x00, 0x0E, 0xB4, 0x10, 0x00, 0x00, 0x0A, 0xAF, 0xFF, 0xFF, 0x00, 0x0F,
  0xFF, 0xFA, 0x5A, 0x55, 0xC0, 0xC6, 0x99, 0x6C, 0xC3, 0x30, 0x02, 0xEE, 0x25, 0x5F, 0xFA, 0x3A,
  0xCF, 0xCF, 0xFC, 0x0F, 0x30, 0xCF, 0xCC, 0xC0, 0x03, 0x0F, 0xC4, 0x4E, 0xE0, 0x0F, 0xFF, 0xFD,
  0x7F, 0xFD, 0x7F, 0xFD, 0x7F, 0xFD, 0x7F, 0xFD, 0x7F, 0xBF, 0xFF, 0xFF, 0xFF, 0xFF, 0xFF, 0xF0,
  0x0C, 0x3C, 0xCC, 0x3C, 0xCC, 0x3C, 0xCC, 0x3C, 0xCC, 0x3C, 0xCC, 0x3C, 0xCC, 0x3C, 0xC5, 0x6F,
  0xDC, 0x3F, 0xFF, 0x0F, 0xF5, 0xA5, 0x56, 0x96, 0x66, 0x96, 0x66, 0x96, 0x66, 0x96, 0x66, 0x96,
  0x6F, 0xFF, 0xFF, 0xFF, 0xFF, 0xFF, 0xFF, 0xFF, 0xFF, 0xFF, 0xF3, 0x3C, 0xC0, 0xFF, 0x00, 0xFF,
  0x03, 0x3C, 0xC0, 0x05, 0x50, 0x0C, 0xCF, 0x0F, 0xFC, 0x3C, 0xC6, 0x96, 0x66, 0x96, 0x61, 0x8C,
  0x46, 0x9F, 0xF0, 0x0C, 0x4C, 0xCC, 0xCF, 0x0F, 0xF5, 0x4F, 0xCF, 0xDF, 0xF0, 0x00, 0x0F, 0x0F,
  0x0F, 0x0F, 0x04, 0x44, 0x4F, 0xFF, 0xFF, 0xCF, 0xC5, 0x4F, 0xCD, 0xD0, 0x00, 0x00, 0x0F, 0xFF,
  0xF0, 0x00, 0x00, 0x00, 0x00, 0x00, 0x00, 0x00, 0x00, 0x00, 0x00, 0x00, 0x00, 0x00, 0x00, 0x00,
  0x00, 0x00, 0x00, 0x00, 0x00, 0x0F, 0xFF, 0xF0, 0x00, 0x0F, 0xFF, 0xF0, 0x00, 0x0F, 0xAE, 0x4F,
  0xAE, 0x4F, 0xFF, 0xFF, 0xCF, 0xFD, 0xDF, 0xFF, 0xFF, 0xFF, 0x5F, 0xFF, 0xCF, 0xFF, 0x00, 0x0F,
  0xFF, 0xFF, 0xAE, 0x40, 0x0F, 0xA5, 0x55, 0x56, 0x6F, 0x03, 0x3F, 0xFB, 0x1E, 0x44, 0x1E, 0xBB,
  0x87, 0x4A, 0xA5, 0x5D, 0xDD, 0xEF, 0xFF, 0xFF, 0xFF, 0xFF, 0x9F, 0xFF, 0xFB, 0xEF, 0xFB, 0xEF,
  0xFB, 0xEF, 0xFB, 0xE3, 0xBF, 0xF4, 0x4E, 0xE0, 0x0F, 0xFF, 0xFF, 0x04, 0x47, 0x70, 0x5F, 0x53,
  0x3F, 0xFF, 0x0F, 0xF3, 0x3F, 0xFE, 0x2D, 0x1B, 0x1E, 0x4F, 0xFF, 0xFA, 0xA5, 0x55, 0x35, 0xC0,
  0x00, 0x04, 0x1E, 0xB0, 0x00, 0x05, 0x5F, 0xFF, 0xFF, 0xFF, 0x0F, 0xFF, 0xFF, 0xF5, 0xA5, 0xA5,
  0xCF, 0xC9, 0x66, 0x93, 0x3C, 0xC0, 0x01, 0xDD, 0x1F, 0xFF, 0xF5, 0x35, 0xCF, 0xCF, 0xFC, 0x0F,
  0x30, 0xCF, 0xCC, 0xCF, 0xF3, 0x0F, 0xC4, 0x4E, 0xE5, 0x55, 0x5F, 0xFB, 0xEF, 0xFB, 0xEF, 0xFB,
  0xEF, 0xFB, 0xEF, 0xFB, 0xE3, 0xBF, 0xFF, 0xFF, 0xFF, 0xFF, 0xFF, 0xF0, 0x0C, 0x3C, 0xCC, 0x3C,
  0xCC, 0x3C, 0xCC, 0x3C, 0xCC, 0x3C, 0xCC, 0x3C, 0xCC, 0x3C, 0xC5, 0x6F, 0xDC, 0x3F, 0xFF, 0x0F,
  0xFC, 0x3C, 0xC5, 0xA5, 0x55, 0xA5, 0x5C, 0x3C, 0xC5, 0xA5, 0x56, 0x96, 0x6F, 0xFF, 0xFF, 0xFF,
  0xFF, 0xFF, 0xFF, 0xFF, 0xFF, 0xFF, 0xF3, 0x3C, 0xC0, 0xFF, 0x00, 0xFF, 0x03, 0x3C, 0xCF, 0xF5,
  0x5F, 0xFC, 0xCF, 0x0F, 0xFC, 0x3C, 0xC6, 0x96, 0x66, 0x96, 0x6E, 0x7D, 0xC6, 0x9F, 0xF0, 0x0F,
  0x5F, 0xFF, 0xFF, 0x0F, 0xF5, 0x4F, 0xCF, 0xFF, 0xF0, 0x00, 0x05, 0x5C, 0xC5, 0x5C, 0xC1, 0x11,
  0x1F, 0xFF, 0xF3, 0xCF, 0xC5, 0x5F, 0xFF, 0xF0, 0x00, 0x00, 0x03, 0x3F, 0xF0, 0x00, 0x00, 0x00,
  0x00, 0x00, 0x00, 0x00, 0x00, 0x00, 0x00, 0x00, 0x00, 0x20, 0x00, 0x00, 0x00, 0x00, 0x00, 0x00,
  0x00, 0x02, 0x00, 0x10, 0x00, 0x00, 0x00, 0x10, 0x00, 0x04, 0x0C, 0x02, 0x15, 0x36, 0x20, 0x10,
  0x40, 0x12, 0x08, 0x10, 0x10, 0x36, 0x20, 0x10, 0x40, 0x16, 0x08, 0x12, 0x10, 0x34, 0x24, 0x40,
  0x40, 0x56, 0x08, 0x12, 0x10, 0x36, 0x20, 0x50, 0x40, 0x56, 0x08, 0x12, 0x10, 0x34, 0x20, 0x50,
  0x40, 0x16, 0x08, 0x12, 0x10, 0x36, 0x70, 0x40, 0x44, 0x56, 0x08, 0x92, 0x12, 0x36, 0x30, 0x50,
  0x44, 0x56, 0x08, 0x12, 0x10, 0x36, 0x20, 0x50, 0x40, 0x56, 0x08, 0x12, 0x10, 0x36, 0x20, 0x50,
  0x40, 0x56, 0x08, 0x12, 0x11, 0x36, 0x20, 0x50, 0x40, 0x56, 0x08, 0x02, 0x10, 0x36, 0x20, 0x50,
  0x40, 0x56, 0x08, 0x12, 0x10, 0x36, 0x20, 0x50, 0x40, 0x56, 0x08, 0x12, 0x10, 0x36, 0x20, 0x50,
  0x40, 0x50, 0x06, 0x08, 0x10, 0x00, 0x36, 0x00, 0x10, 0x00, 0x16, 0x08, 0x12, 0x11, 0x34, 0x20,
  0x50, 0x40, 0x56, 0x08, 0x12, 0x10, 0x34, 0x12, 0x30, 0x44, 0x56, 0x08, 0x90, 0x02, 0x36, 0x30,
  0x50, 0x04, 0x12, 0x00, 0x10, 0x01, 0x70, 0x20, 0x10, 0x64, 0x00, 0x18, 0x81, 0x13, 0x70, 0x70,
  0x00, 0x64, 0x00, 0x18, 0x81, 0x12, 0x30, 0x30, 0x00, 0x44, 0x00, 0x10, 0x81, 0x02, 0x00, 0x50,
  0x00, 0x24, 0x00, 0x10, 0x81, 0x02, 0x00, 0x50, 0x00, 0x04, 0x16, 0x08, 0x12, 0x10, 0x12, 0x20,
  0x50, 0x40, 0x52, 0x08, 0x10, 0x10, 0x12, 0x20, 0x10, 0x40, 0x16, 0x08, 0x12, 0x10, 0x12, 0x70,
  0x40, 0x64, 0x44, 0x18, 0x83, 0x12, 0x32, 0x30, 0x40, 0x44, 0x42, 0x08, 0x10, 0x10, 0x12, 0x20,
  0x10, 0x40, 0x12, 0x00, 0x00, 0x00, 0x00, 0x04, 0x00, 0x10, 0x06, 0x08, 0x12, 0x10, 0x12, 0x20,
  0x50, 0x40, 0x12, 0x00, 0x00, 0x00, 0x00, 0x00, 0x10, 0x00, 0x10, 0x00, 0x00, 0x00, 0x00, 0x00,
  0x00, 0x00, 0x00, 0x00, 0x00, 0x00, 0x00, 0x00, 0x00, 0x00, 0x00, 0x00, 0x00, 0x04, 0x10, 0x00,
  0x2A, 0x6C, 0x40, 0x20, 0xA0, 0x04, 0x10, 0x20, 0x22, 0xEC, 0x40, 0x20, 0x80, 0x24, 0x10, 0x20,
  0x22, 0x6C, 0x40, 0x20, 0x80, 0x24, 0x10, 0x20, 0x20, 0x6C, 0x40, 0x20, 0x80, 0x24, 0x00, 0x20,
  0x02, 0xED, 0xE0, 0x00, 0xC8, 0x00, 0x31, 0x02, 0x26, 0xED, 0xE0, 0x00, 0xC8, 0x00, 0x31, 0x02,
  0x24, 0x6D, 0x60, 0x00, 0x88, 0x0C, 0x10, 0x24, 0x20, 0x68, 0x40, 0xA0, 0x80, 0xAC, 0x10, 0x24,
  0x20, 0x6C, 0x40, 0x20, 0xC8, 0x8C, 0x11, 0x24, 0x24, 0x6C, 0x60, 0xA0, 0x88, 0xAC, 0x10, 0x24,
  0x22, 0x6C, 0x40, 0xA0, 0x80, 0xAC, 0x10, 0x24, 0x20, 0x6C, 0x40, 0xA0, 0x80, 0xAC, 0x10, 0x04,
  0x22, 0x6C, 0x24, 0x60, 0x88, 0xAC, 0x11, 0x24, 0x24, 0x6C, 0x60, 0xA0, 0x88, 0xA0, 0x0C, 0x10,
  0x24, 0x20, 0x6C, 0x40, 0xA0, 0x80, 0xA4, 0x00, 0x20, 0x00, 0x00, 0x00, 0x20, 0x00, 0x2C, 0x10,
  0x24, 0x20, 0x68, 0x40, 0xA0, 0x80, 0xA4, 0x00, 0x20, 0x00, 0x60, 0x40, 0x20, 0xC8, 0x00, 0x31,
  0x02, 0x24, 0x60, 0x60, 0x00, 0x88, 0x06, 0x41, 0x20, 0x04, 0x00, 0x20, 0x20, 0x08, 0x20, 0x21,
  0x02, 0x04, 0x00, 0xA0, 0x00, 0x48, 0x00, 0x21, 0x02, 0x04, 0x00, 0x20, 0x00, 0x08, 0x04, 0x00,
  0x20, 0x00, 0x00, 0x00, 0x20, 0x00, 0x2C, 0x10, 0x04, 0x28, 0xA4, 0x40, 0xA0, 0x80, 0xAC, 0x10,
  0x00, 0x00, 0xA4, 0x40, 0xA0, 0x00, 0x28, 0x31, 0x06, 0x24, 0xA4, 0xE0, 0x80, 0xC8, 0x88, 0x31,
  0x06, 0x24, 0x24, 0xE0, 0x80, 0x88, 0xA4, 0x10, 0x20, 0x20, 0x24, 0x40, 0x20, 0x80, 0x24, 0x00,
  0x20, 0x20, 0x60, 0x40, 0x20, 0x80, 0x24, 0x00, 0x00, 0x00, 0x00, 0x00, 0x20, 0x20, 0x04, 0x00,
  0x20, 0x20, 0x60, 0x48, 0x00, 0x80, 0x20, 0x00, 0x00, 0x00, 0x00, 0x00, 0x00, 0x00, 0x00, 0x00,
  0x00, 0x00, 0x00, 0x00, 0x00, 0x00, 0x00, 0x00, 0x00, 0x0F, 0x0F, 0xFF, 0xDF, 0xFF, 0x0F, 0xFF,
  0xDF, 0xFF, 0xFF, 0xFF, 0x0F, 0xFF, 0x0F, 0xFF, 0xFF, 0xFF, 0xFF, 0xF5, 0x5F, 0xFF, 0x0F, 0xFC,
  0xCF, 0xFF, 0x5F, 0xFD, 0xDF, 0xFF, 0xDF, 0xDF, 0xFF, 0xF7, 0x2D, 0x8F, 0xFF, 0xFC, 0x3C, 0xCC,
  0x3C, 0xCC, 0x3C, 0xCC, 0x3C, 0xCC, 0x3C, 0xCC, 0x3C, 0xCC, 0x3C, 0xCC, 0x3C, 0xC5, 0x6F, 0xDC,
  0x3F, 0xF3, 0x3C, 0xC9, 0x66, 0x99, 0x66, 0x95, 0x35, 0xCE, 0xEE, 0xE0, 0x0F, 0xFF, 0xFF, 0xFF,
  0x9F, 0xFF, 0xFB, 0xEF, 0xFB, 0xEF, 0xFB, 0xEB, 0xEF, 0xF4, 0x87, 0xB4, 0x1E, 0xB4, 0x4E, 0xE5,
  0xA5, 0xA5, 0x5F, 0xF1, 0xDD, 0x1B, 0x1E, 0x4F, 0x06, 0x65, 0x0F, 0xA0, 0x00, 0x0F, 0xFB, 0xEF,
  0xFB, 0xEF, 0xFB, 0xEF, 0xFB, 0xEF, 0xFB, 0xE3, 0x7F, 0xF0, 0x05, 0x5C, 0xF5, 0xFC, 0xFE, 0xAE,
  0xF5, 0x0F, 0xAC, 0x0C, 0xFF, 0x37, 0x7C, 0xCF, 0x0E, 0xAE, 0xFA, 0x55, 0xA9, 0x66, 0x99, 0x66,
  0x96, 0x66, 0x68, 0x8D, 0xDA, 0x0F, 0x50, 0x00, 0xF4, 0x85, 0x54, 0x1C, 0xC4, 0x1C, 0xC5, 0x4F,
  0xF4, 0x1F, 0xFF, 0xBB, 0xE5, 0x1B, 0xE5, 0x1B, 0xE5, 0x1F, 0xF3, 0xC3, 0x39, 0x69, 0x99, 0x69,
  0x99, 0x69, 0x99, 0x69, 0x99, 0x69, 0x95, 0x9A, 0xEC, 0x3F, 0xF8, 0x8D, 0xDC, 0xCC, 0xCC, 0xC5,
  0x5F, 0x0C, 0xC0, 0x0F, 0xF5, 0xCF, 0xF0, 0x04, 0x4D, 0x5F, 0x7C, 0xCF, 0xF0, 0x00, 0x00, 0x7F,
  0x7C, 0xC5, 0x5F, 0x0F, 0xFD, 0x2D, 0xDD, 0x2D, 0xD6, 0x96, 0x66, 0x96, 0x66, 0x96, 0x66, 0x96,
  0x6D, 0x8F, 0xFD, 0xDD, 0xDF, 0xFF, 0xFC, 0xF0, 0xFF, 0xF3, 0x0D, 0xCD, 0xDF, 0xF0, 0x00, 0x0F,
  0xFA, 0xA5, 0x55, 0xD5, 0xF0, 0x00, 0x0E, 0xAE, 0xA0, 0x33, 0x2B, 0xBB, 0xB4, 0xCC, 0xC4, 0x04,
  0x4C, 0xCC, 0xC0, 0x00, 0x00, 0x00, 0x00, 0x00, 0x00, 0x00, 0x00, 0x00, 0x00, 0x00, 0x00, 0x00,
  0x00, 0x00, 0x00, 0x00, 0x00, 0x0F, 0x0F, 0xFF, 0xDF, 0xCF, 0x0F, 0xFF, 0xDF, 0xC5, 0x55, 0x5F,
  0x0F, 0xFF, 0x0F, 0xF0, 0x0F, 0xFC, 0xCC, 0xC5, 0x5F, 0xFF, 0x0F, 0xFC, 0xCF, 0xFC, 0x4F, 0xFD,
  0x0F, 0xFC, 0xCF, 0xDF, 0x0F, 0xF2, 0x78, 0xDF, 0xFF, 0xFC, 0x3C, 0xCC, 0x3C, 0xCC, 0x3C, 0xCC,
  0x3C, 0xCC, 0x3C, 0xCC, 0x3C, 0xCC, 0x3C, 0xCC, 0x3C, 0xC5, 0x6F, 0xDC, 0x3F, 0xFC, 0xC3, 0x36,
  0x99, 0x66, 0x99, 0x6A, 0x3A, 0xC4, 0x44, 0x45, 0x55, 0x56, 0x65, 0xAF, 0x6F, 0xFF, 0xFD, 0x7F,
  0xF7, 0xDF, 0xF7, 0xDD, 0x7F, 0xF7, 0xB4, 0x8E, 0xB4, 0x14, 0x4E, 0xE3, 0x3C, 0xC5, 0x50, 0x02,
  0xEE, 0x21, 0xB4, 0xE0, 0xF6, 0x65, 0x0F, 0xA0, 0x00, 0x0F, 0xFD, 0x7F, 0xFD, 0x7F, 0xFD, 0x7F,
  0xFD, 0x7F, 0xFD, 0x7B, 0xFF, 0xF0, 0x05, 0x5C, 0x05, 0x0C, 0x04, 0x04, 0x54, 0x4E, 0xE5, 0x55,
  0x5C, 0x04, 0x4C, 0xCF, 0x04, 0x04, 0x5A, 0x55, 0xA6, 0x99, 0x66, 0x99, 0x69, 0x99, 0x98, 0x8D,
  0xDA, 0x0F, 0x50, 0x00, 0xF4, 0x85, 0x54, 0x1C, 0xC4, 0x1C, 0xC0, 0x1F, 0xC4, 0x1F, 0xFF, 0xBB,
  0xEF, 0x77, 0xDF, 0x77, 0xDF, 0x7F, 0xF3, 0xC3, 0x39, 0x69, 0x99, 0x69, 0x99, 0x69, 0x99, 0x69,
  0x99, 0x69, 0x9A, 0x60, 0x8C, 0x3F, 0xF8, 0x8D, 0xDF, 0x0F, 0x0C, 0xC5, 0x5F, 0x0C, 0xCC, 0x5C,
  0x55, 0xCF, 0x00, 0x00, 0x08, 0x0A, 0x2C, 0xCF, 0xF0, 0x00, 0x00, 0x4F, 0x4C, 0xC5, 0x5F, 0x0F,
  0xF1, 0xE1, 0x11, 0xE1, 0x16, 0x96, 0x66, 0x96, 0x66, 0x96, 0x66, 0x96, 0x6D, 0x8F, 0xFD, 0xDD,
  0xD0, 0x0F, 0xFC, 0xF0, 0xFF, 0xF3, 0x0D, 0xCD, 0xDF, 0xF0, 0x03, 0x3C, 0xCA, 0xA5, 0x55, 0xD5,
  0xF0, 0x00, 0x04, 0x0E, 0xA3, 0x33, 0x2B, 0xBB, 0xB0, 0x00, 0x04, 0x04, 0x00, 0x00, 0x00, 0x00,
  0x00, 0x00, 0x00, 0x00, 0x00, 0x00, 0x00, 0x00, 0x00, 0xC0, 0x00, 0x00, 0x01, 0x00, 0x01, 0x00,
  0x01, 0x00, 0x00, 0x08, 0x00, 0x04, 0x00, 0x08, 0x80, 0x08, 0x00, 0x28, 0x24, 0x40, 0x40, 0x08,
  0x04, 0x30, 0x84, 0x01, 0x00, 0x03, 0x08, 0x04, 0x40, 0x83, 0x00, 0x80, 0xA0, 0x00, 0x28, 0x04,
  0x00, 0x80, 0x22, 0x80, 0x8A, 0x80, 0x0A, 0x82, 0x08, 0x04, 0x9A, 0x00, 0x82, 0x10, 0x08, 0x60,
  0x00, 0x80, 0x0B, 0x48, 0x04, 0x58, 0x40, 0x08, 0x04, 0x80, 0x88, 0x00, 0x00, 0x09, 0x03, 0x58,
  0x80, 0x04, 0x88, 0x00, 0x88, 0x40, 0x0A, 0x44, 0x86, 0x60, 0x80, 0x15, 0x02, 0x80, 0x68, 0x14,
  0x04, 0x70, 0x20, 0x44, 0x44, 0x00, 0x04, 0x20, 0x22, 0x00, 0x92, 0x02, 0x08, 0x10, 0x80, 0x40,
  0x28, 0x00, 0x8A, 0x00, 0x86, 0x04, 0x84, 0x60, 0x06, 0x00, 0x08, 0x44, 0x00, 0x40, 0x08, 0x40,
  0x00, 0x40, 0x06, 0x18, 0x04, 0x18, 0x47, 0x04, 0x08, 0x60, 0x02, 0x51, 0x02, 0x82, 0x43, 0x05,
  0x84, 0xA8, 0x03, 0x10, 0x60, 0x12, 0x02, 0x00, 0x13, 0x00, 0x00, 0x02, 0x00, 0x02, 0x40, 0x06,
  0x81, 0x82, 0x40, 0x08, 0x20, 0x00, 0x00, 0x00, 0x82, 0x00, 0x02, 0x10, 0x80, 0x00, 0x12, 0x10,
  0x10, 0x10, 0x00, 0x10, 0x92, 0x12, 0x0A, 0x00, 0x10, 0x12, 0x98, 0x86, 0xA0, 0x00, 0x70, 0x00,
  0x80, 0x0A, 0x80, 0x0A, 0x20, 0x12, 0x40, 0x12, 0x90, 0x02, 0x40, 0x12, 0x20, 0x12, 0x88, 0x02,
  0x90, 0x02, 0x00, 0x00, 0x60, 0x00, 0x60, 0x80, 0x71, 0x00, 0x80, 0x00, 0x60, 0x10, 0x08, 0x02,
  0x00, 0x00, 0x00, 0x12, 0x8A, 0x10, 0x00, 0x34, 0x68, 0x04, 0x04, 0x00, 0x60, 0x83, 0x08, 0x00,
  0x80, 0x08, 0x82, 0x03, 0x00, 0x00, 0x8A, 0x08, 0x82, 0x20, 0x80, 0x00, 0x20, 0x09, 0x80, 0x08,
  0x02, 0x00, 0x40, 0x00, 0x80, 0x80, 0x00, 0x80, 0x04, 0x40, 0x00, 0x00, 0x20, 0x00, 0x00, 0x00,
  0x01, 0x00, 0x20, 0x00, 0x00, 0x90, 0x00, 0x00, 0x00, 0x00, 0x00, 0x20, 0x00, 0x00, 0x09, 0x10,
  0x20, 0x20, 0x20, 0x00, 0x00, 0x06, 0x05, 0xA0, 0x81, 0x21, 0x60, 0x00, 0x20, 0x00, 0x20, 0x04,
  0x20, 0xC0, 0xA0, 0xA0, 0x41, 0x10, 0x0C, 0x00, 0x01, 0xC2, 0x00, 0xE6, 0x02, 0x60, 0x98, 0x08,
  0x12, 0x21, 0x10, 0x42, 0x02, 0x50, 0x40, 0x11, 0x00, 0x0A, 0x20, 0x00, 0x29, 0x00, 0x00, 0x40,
  0x05, 0x01, 0x55, 0xC0, 0x06, 0x10, 0x64, 0xA0, 0x09, 0x10, 0x00, 0x05, 0x0A, 0x61, 0x50, 0xC0,
  0x41, 0x40, 0x61, 0x41, 0x50, 0x00, 0x18, 0xC4, 0x09, 0x40, 0x06, 0x40, 0x00, 0x00, 0x12, 0x11,
  0x41, 0xD1, 0xD4, 0x06, 0x08, 0xD1, 0x0A, 0xC2, 0x24, 0xC0, 0x48, 0x11, 0x22, 0x00, 0x21, 0x28,
  0x10, 0x01, 0x64, 0x08, 0x00, 0x80, 0xA0, 0x41, 0x12, 0x50, 0xA6, 0x60, 0xA2, 0x40, 0x00, 0x00,
  0x11, 0x00, 0x60, 0x06, 0xD0, 0x29, 0xC0, 0x48, 0xC2, 0x01, 0x60, 0x80, 0x00, 0x00, 0xC8, 0x85,
  0x00, 0x02, 0xD2, 0x58, 0xC0, 0x0C, 0x21, 0x22, 0x00, 0x22, 0x00, 0x02, 0x04, 0x02, 0x11, 0x60,
  0x21, 0x40, 0x01, 0x20, 0x20, 0x2A, 0x0A, 0x00, 0x40, 0x08, 0x48, 0x00, 0x08, 0x00, 0x89, 0x4E,
  0x49, 0x00, 0x01, 0x68, 0x08, 0x08, 0x05, 0x40, 0x01, 0x28, 0x01, 0x20, 0x00, 0x40, 0x00, 0x50,
  0x81, 0x48, 0x00, 0x40, 0x00, 0x40, 0x00, 0x40, 0x00, 0x48, 0x00, 0x00, 0x40, 0x68, 0x04, 0x0D,
  0x01, 0x20, 0x22, 0x26, 0x00, 0x06, 0x40, 0x49, 0x00, 0x08, 0x40, 0x28, 0x10, 0x08, 0x01, 0x02,
  0x02, 0x0E, 0x00, 0x01, 0x10, 0xA4, 0x01, 0x28, 0x10, 0x08, 0x00, 0x00, 0x40, 0x16, 0x11, 0x10,
  0x00, 0x00, 0x01, 0x10, 0x01, 0x00, 0x11, 0x40, 0x00, 0x00, 0x08, 0x00, 0x01, 0x00, 0x00, 0x00,
  0x00, 0x00, 0x01, 0x40, 0x01, 0x40, 0x00, 0x08, 0x80, 0x00, 0x00, 0x00, 0x04, 0x00, 0x80, 0x00,
  0x03, 0x80, 0x00, 0x00, 0x00, 0x00, 0x00, 0x00, 0x00, 0x00, 0x08, 0x04, 0x80, 0x04, 0x80, 0x00,
  0x40, 0x00, 0x00, 0x00, 0x00, 0x22, 0x00, 0x10, 0x88, 0x00, 0x21, 0x30, 0x80, 0x18, 0xC9, 0x28,
  0x00, 0xA0, 0x21, 0x34, 0x02, 0x04, 0x08, 0x04, 0x00, 0x00, 0x01, 0x20, 0x20, 0x20, 0x49, 0x00,
  0x00, 0x09, 0x89, 0x80, 0x29, 0x82, 0x80, 0x94, 0x00, 0x32, 0x08, 0x10, 0x00, 0x20, 0x08, 0x04,
  0x08, 0x40, 0x01, 0xC0, 0x00, 0x28, 0x18, 0x28, 0x30, 0x84, 0x81, 0x18, 0x10, 0x01, 0x80, 0x14,
  0x81, 0x11, 0xC1, 0x08, 0x04, 0x18, 0x02, 0x89, 0x09, 0x80, 0x00, 0xA0, 0x00, 0x80, 0x01, 0x94,
  0x09, 0x00, 0xA0, 0x14, 0x09, 0x01, 0x03, 0x20, 0x02, 0x51, 0xA2, 0x25, 0x41, 0x38, 0x01, 0x14,
  0x21, 0x52, 0xC0, 0x04, 0x80, 0x00, 0xA2, 0x04, 0xC8, 0x0A, 0x05, 0x88, 0x44, 0x81, 0x04, 0x10,
  0x01, 0x80, 0x11, 0x00, 0x00, 0xB0, 0x00, 0xB0, 0x58, 0x90, 0x18, 0xC0, 0x95, 0x80, 0x80, 0x81,
  0x00, 0x11, 0xC0, 0x08, 0x30, 0x28, 0x20, 0x48, 0xD0, 0x30, 0x20, 0x82, 0x84, 0x00, 0x00, 0x00,
  0xC1, 0x80, 0x40, 0x81, 0x04, 0x00, 0x81, 0x80, 0x80, 0x80, 0x40, 0x88, 0x00, 0x81, 0x08, 0x00,
  0x80, 0x89, 0xC8, 0x09, 0x10, 0x00, 0x00, 0x08, 0x20, 0x09, 0x40, 0x09, 0x00, 0x05, 0x24, 0x01,
  0x20, 0x11, 0x20, 0x83, 0x00, 0x81, 0x29, 0x03, 0x00, 0x05, 0x01, 0x90, 0x00, 0x02, 0x04, 0x42,
  0x00, 0x10, 0x00, 0x04, 0x04, 0x80, 0x18, 0x05, 0x00, 0x02, 0x40, 0x80, 0x20, 0x84, 0x00, 0x80,
  0x00, 0xC5, 0x14, 0x01, 0x80, 0x20, 0x01, 0x90, 0x10, 0x08, 0xA0, 0x80, 0x10, 0x00, 0x30, 0x00,
  0x30, 0x01, 0xA0, 0x00, 0x00, 0x02, 0x20, 0x01, 0xD0, 0x00, 0x21, 0x00, 0xD0, 0x40, 0x00, 0x00,
  0x98, 0x00, 0xD0, 0x02, 0x00, 0x00, 0x00, 0x00, 0x00, 0x00, 0x00, 0x00, 0x00, 0x80, 0x00, 0x00,
  0x02, 0x00, 0x02, 0x20, 0x02, 0x00, 0x04, 0x20, 0x00, 0x20, 0x00, 0x01, 0x00, 0x01, 0x00, 0x21,
  0x05, 0x1C, 0x20, 0x21, 0x00, 0xA0, 0x15, 0xA0, 0x00, 0x28, 0x02, 0x20, 0x04, 0x00, 0x81, 0x28,
  0x0C, 0x0C, 0x80, 0x20, 0x04, 0x20, 0x21, 0x01, 0x21, 0x24, 0x90, 0x00, 0x05, 0xA4, 0x00, 0x04,
  0x08, 0x04, 0x01, 0x08, 0x15, 0x28, 0x00, 0x41, 0x01, 0x13, 0x28, 0x00, 0x00, 0x10, 0x11, 0x00,
  0x05, 0xA4, 0x18, 0x10, 0x15, 0x84, 0x03, 0x28, 0x15, 0x04, 0x81, 0x24, 0x01, 0x2D, 0x05, 0x40,
  0x00, 0x28, 0x00, 0x84, 0x04, 0x00, 0xC4, 0x05, 0x05, 0x04, 0x11, 0x88, 0x80, 0x1D, 0x01, 0x18,
  0x10, 0x2D, 0x02, 0x1D, 0x94, 0x9D, 0x00, 0xA4, 0x41, 0xA4, 0x11, 0x10, 0x81, 0x28, 0x01, 0x04,
  0x0D, 0x10, 0x00, 0x28, 0x0C, 0x06, 0x00, 0x00, 0xA4, 0x05, 0x20, 0x41, 0x15, 0x05, 0x10, 0x25,
  0x00, 0x00, 0x20, 0x05, 0x20, 0x01, 0x10, 0x00, 0x0C, 0x09, 0x00, 0x85, 0x10, 0x41, 0x84, 0x18,
  0x90, 0x98, 0x09, 0x80, 0x00, 0x40, 0x14, 0x80, 0x8C, 0x89, 0x0D, 0x10, 0x09, 0x05, 0x81, 0x04,
  0x08, 0x01, 0x81, 0x00, 0x01, 0x00, 0x05, 0x80, 0x11, 0x00, 0x00, 0xA1, 0x01, 0x00, 0x00, 0x00,
  0x24, 0x21, 0x24, 0x28, 0x00, 0x80, 0x00, 0x90, 0x04, 0xA0, 0x08, 0xA0, 0x10, 0x90, 0x00, 0x88,
  0x80, 0x81, 0x04, 0x08, 0x10, 0x90, 0x00, 0x01, 0x04, 0x18, 0x1C, 0x18, 0x12, 0x40, 0x00, 0x84,
  0x08, 0x01, 0x90, 0x10, 0x19, 0x00, 0x84, 0x09, 0x01, 0x00, 0x00, 0x83, 0x11, 0x00, 0x14, 0x23,
  0x00, 0x01, 0x05, 0x00, 0x20, 0x40, 0x00, 0x00, 0x10, 0x00, 0x11, 0x41, 0x20, 0x84, 0x02, 0x80,
  0x80, 0x02, 0x01, 0x05, 0x80, 0x00, 0x02, 0x00, 0x00, 0x00, 0x04, 0x00, 0x04, 0x00, 0x80, 0x00,
  0x00, 0x00, 0x00, 0x00, 0x00, 0x00, 0x00, 0x00, 0x00, 0x04, 0x00, 0x20, 0x00, 0x00, 0x20, 0x00,
  0x00, 0x01, 0x00, 0x00, 0x40, 0x00, 0x00, 0x00, 0x21, 0x00, 0x41, 0x00, 0x40, 0x04, 0x00, 0x00,
  0x00, 0x00, 0x00, 0x02, 0x00, 0x00, 0x00, 0x00, 0x04, 0x00, 0x00, 0x04, 0x00, 0x00, 0x20, 0x08,
  0x00, 0x04, 0x00, 0x02, 0x00, 0x04, 0x00, 0x00, 0x00, 0x05, 0x80, 0x00, 0x01, 0x02, 0x00, 0x04,
  0x09, 0x40, 0x10, 0x00, 0x00, 0x0D, 0x80, 0x04, 0x81, 0x00, 0x10, 0x00, 0x00, 0x00, 0x40, 0x02,
  0x00, 0x01, 0x10, 0x00, 0x80, 0x01, 0x00, 0x00, 0x11, 0x00, 0x40, 0x00, 0x90, 0x00, 0x00, 0x00,
  0x10, 0x08, 0x80, 0x0C, 0x09, 0x00, 0x01, 0x04, 0x10, 0x00, 0x80, 0x00, 0x00, 0x00, 0x01, 0x05,
  0x00, 0x00, 0x00, 0x00, 0x80, 0x00, 0x00, 0x01, 0x00, 0x00, 0x00, 0x08, 0x20, 0x01, 0x00, 0x01,
  0x10, 0x00, 0x01, 0x20, 0x09, 0x01, 0x00, 0x00, 0x09, 0x20, 0x00, 0x00, 0x01, 0x00, 0x00, 0x00,
  0x00, 0x01, 0x04, 0x10, 0x00, 0x40, 0x0C, 0x01, 0x08, 0x02, 0x00, 0x00, 0x00, 0x10, 0x00, 0x80,
  0x00, 0x80, 0x00, 0x00, 0x00, 0x00, 0x00, 0x00, 0x00, 0x40, 0x40, 0x10, 0x10, 0x20, 0x00, 0x00,
  0x00, 0x00, 0x04, 0x00, 0x0A, 0x00, 0x00, 0x12, 0x0C, 0x00, 0x09, 0x00, 0x00, 0x00, 0x09, 0x00,
  0x00, 0x01, 0x00, 0x00, 0x08, 0x00, 0x00, 0x10, 0x00, 0x00, 0x00, 0x00, 0x00, 0x00, 0x02, 0x00,
  0x00, 0x00, 0x00, 0x80, 0x01, 0x00, 0x01, 0x00, 0x00, 0x00, 0x03, 0x00, 0x00, 0x00, 0x80, 0x00,
  0x0A, 0x00, 0x81, 0x00, 0x09, 0x00, 0x00, 0x00, 0x01, 0x00, 0x00, 0x40, 0x00, 0x00, 0x00, 0x00,
  0x08, 0x00, 0x00, 0x00, 0x00, 0x20, 0x40, 0x00, 0x04, 0x80, 0x09, 0x00, 0x09, 0x00, 0x00, 0x00,
  0x09, 0x00, 0x04, 0x00, 0x00, 0x00, 0x00, 0x00, 0x02, 0x00, 0x00, 0x00, 0x00, 0x00, 0x00, 0x00,
  0x00, 0x00, 0x00, 0x00, 0x00, 0x00, 0x00, 0x08, 0x00, 0x00, 0x00, 0x00, 0x00, 0x00, 0x00, 0x00,
  0x50, 0x00, 0x40, 0x00, 0x00, 0x00, 0x10, 0x00, 0x00, 0x00, 0x00, 0x00, 0x00, 0x20, 0x20, 0x01,
  0x00, 0x00, 0x40, 0x00, 0x20, 0x00, 0x00, 0x01, 0x00, 0x00, 0x20, 0x09, 0x00, 0x04, 0x80, 0x29,
  0x90, 0x01, 0x80, 0xA1, 0x80, 0x00, 0x00, 0x08, 0x00, 0x01, 0x00, 0x00, 0x20, 0x00, 0x30, 0x08,
  0x40, 0x01, 0x40, 0x09, 0xA0, 0x00, 0x20, 0x94, 0x20, 0x00, 0x01, 0x00, 0xA0, 0x01, 0x00, 0x08,
  0x21, 0x00, 0x20, 0x00, 0x10, 0x08, 0x00, 0x00, 0x20, 0x41, 0x00, 0x00, 0x00, 0x08, 0x00, 0x02,
  0x00, 0x00, 0x00, 0x00, 0x30, 0x00, 0x04, 0x05, 0x80, 0x00, 0x00, 0x00, 0x80, 0x00, 0x00, 0x00,
  0x20, 0x01, 0x05, 0x00, 0xA0, 0x08, 0x20, 0x02, 0x10, 0x00, 0x80, 0x00, 0x10, 0x00, 0x00, 0x20,
  0x00, 0x40, 0x00, 0x00, 0x00, 0x00, 0x00, 0x20, 0x00, 0x80, 0x28, 0x00, 0x02, 0x40, 0x00, 0x01,
  0x02, 0x10, 0x03, 0x00, 0x08, 0x00, 0x00, 0x00, 0x00, 0x50, 0x00, 0x00, 0x00, 0xC0, 0x80, 0x00,
  0x00, 0x00, 0x80, 0x80, 0x00, 0x00, 0x01, 0x10, 0x10, 0x00, 0x00, 0x01, 0x01, 0x00, 0x01, 0x00,
  0x09, 0x00, 0x00, 0x22, 0x09, 0x00, 0x00, 0x00, 0x00, 0x80, 0x00, 0x00, 0x00, 0x00, 0x09, 0x00,
  0x03, 0x00, 0x01, 0x00, 0x05, 0x00, 0x00, 0x00, 0x00, 0x00, 0x00, 0x02, 0x00, 0x00, 0x20, 0x00,
  0x00, 0x00, 0x01, 0x02, 0x00, 0x40, 0x00, 0x04, 0x00, 0x40, 0x00, 0x00, 0x08, 0x00, 0x00, 0x00,
  0x00, 0x00, 0x02, 0x80, 0x00, 0x00, 0x03, 0x10, 0x00, 0x00, 0x00, 0x00, 0x02, 0x90, 0x00, 0x40,
  0x00, 0x00, 0x00, 0x00, 0x01, 0xA0, 0x00, 0x00, 0x00, 0x00, 0x00, 0x00, 0x00, 0x00, 0x01, 0x40,
  0x00, 0x00, 0x04, 0x00, 0x01, 0x20, 0x00, 0x00, 0x00, 0x00, 0x00, 0x00, 0x00, 0x00, 0x00, 0x00,
  0x00, 0x00, 0x00, 0x28, 0x00, 0x00, 0x20, 0x00, 0x00, 0x00, 0x00, 0x00, 0x00, 0x00, 0x00, 0x00,
  0xE0, 0x01, 0x48, 0x00, 0x00, 0x02, 0x80, 0x00, 0x00, 0x05, 0x00, 0x00, 0x05, 0x00, 0x00, 0x05,
  0x02, 0x00, 0x42, 0x00, 0x00, 0x45, 0x22, 0x04, 0x02, 0x01, 0x20, 0x00, 0x00, 0x00, 0x50, 0x04,
  0x40, 0x0A, 0x02, 0x08, 0x06, 0x00, 0x40, 0x01, 0x00, 0xC0, 0x00, 0x08, 0x00, 0x00, 0x00, 0x00,
  0x10, 0x00, 0x00, 0x08, 0x00, 0x02, 0x00, 0x01, 0x10, 0x00, 0x40, 0x05, 0x00, 0x00, 0x00, 0x06,
  0x40, 0x00, 0x00, 0x00, 0x00, 0x04, 0xC0, 0x00, 0x10, 0x02, 0x40, 0x01, 0x40, 0x40, 0x00, 0x02,
  0x00, 0x01, 0x00, 0x08, 0x40, 0x01, 0xC0, 0x01, 0x10, 0x40, 0xC5, 0x00, 0x00, 0x00, 0x04, 0x08,
  0x01, 0x00, 0x00, 0x00, 0x40, 0x00, 0x10, 0x00, 0x00, 0x00, 0x00, 0x10, 0x02, 0x00, 0x00, 0x00,
  0x00, 0xD0, 0xC0, 0x00, 0x00, 0xE0, 0x00, 0x00, 0x04, 0x00, 0x00, 0x44, 0x00, 0x40, 0x40, 0x40,
  0x00, 0x41, 0xC0, 0x00, 0x00, 0x00, 0x00, 0x00, 0x00, 0x10, 0x10, 0x00, 0x00, 0x00, 0x21, 0x22,
  0x00, 0x00, 0x00, 0x00, 0x00, 0x10, 0x00, 0x04, 0x00, 0x00, 0x00, 0x00, 0x00, 0x00, 0x00, 0x10,
  0x00, 0x00, 0x00, 0x00, 0x00, 0x10, 0x06, 0x00, 0x00, 0x09, 0x00, 0x00, 0x00, 0x80, 0x00, 0x02,
  0x08, 0x00, 0x05, 0x05, 0x00, 0x00, 0x81, 0x00, 0x00, 0x40, 0x00, 0x40, 0x08, 0x80, 0x0C, 0x08,
  0x06, 0x00, 0x08, 0x48, 0x45, 0x00, 0x00, 0x00, 0x01, 0x00, 0x00, 0x00, 0x00, 0x04, 0x08, 0x20,
  0x08, 0x00, 0x08, 0x04, 0x00, 0x00, 0x00, 0x00, 0x00, 0x00, 0x00, 0x00, 0x00, 0x20, 0x00, 0x00,
  0x00, 0x10, 0x00, 0xC0, 0x00, 0x00, 0x00, 0x00, 0x00, 0xC0, 0x00, 0x00, 0x00, 0x00, 0x00, 0x00,
  0x00, 0x00, 0x00, 0x00, 0x00, 0x00, 0x00, 0x00, 0x00, 0x00, 0x00, 0x00, 0x00, 0x01, 0x00, 0x00,
  0x00, 0x00, 0x00, 0x00, 0x00, 0x04, 0x00, 0x00, 0x80, 0x03, 0x80, 0x00, 0x04, 0x02, 0x80, 0x00,
  0x10, 0x00, 0x20, 0x00, 0x00, 0x80, 0x40, 0x00, 0x00, 0x00, 0x80, 0x00, 0x40, 0x00, 0x82, 0x00,
  0x00, 0x40, 0x42, 0x00, 0x02, 0x08, 0x03, 0x48, 0x00, 0x00, 0x40, 0x50, 0x90, 0x00, 0x22, 0x00,
  0x08, 0x00, 0x80, 0x00, 0x40, 0x10, 0x40, 0x00, 0x80, 0x00, 0x00, 0x08, 0x04, 0x00, 0x50, 0x00,
  0x40, 0x02, 0x12, 0x00, 0x40, 0x06, 0x50, 0x08, 0x02, 0x08, 0x80, 0x00, 0x48, 0x08, 0x10, 0x00,
  0x10, 0x80, 0x00, 0x03, 0x00, 0x02, 0x00, 0x00, 0x40, 0x40, 0x04, 0x00, 0x80, 0x02, 0x24, 0x02,
  0x50, 0x02, 0x04, 0x04, 0x00, 0x80, 0x00, 0x00, 0x00, 0x02, 0x64, 0x00, 0x52, 0x04, 0x80, 0x00,
  0x40, 0x08, 0x00, 0x0B, 0x00, 0x00, 0x07, 0x80, 0x02, 0x88, 0x00, 0x00, 0x00, 0x00, 0x00, 0x80,
  0x08, 0x00, 0x48, 0x00, 0x09, 0x84, 0x01, 0x50, 0x08, 0x40, 0x40, 0x48, 0x00, 0x40, 0x00, 0x00,
  0x00, 0x80, 0x00, 0x20, 0x00, 0x00, 0x00, 0x00, 0x00, 0x00, 0x02, 0x02, 0x00, 0x10, 0x12, 0x00,
  0x00, 0x00, 0x00, 0x00, 0x02, 0x00, 0x00, 0x00, 0x00, 0x00, 0x00, 0x89, 0x00, 0x00, 0x00, 0x00,
  0x00, 0xA0, 0x00, 0x00, 0x00, 0x02, 0x0A, 0x00, 0x02, 0x20, 0x02, 0x72, 0x02, 0x00, 0x00, 0x00,
  0x00, 0x00, 0x20, 0x04, 0x00, 0x80, 0x80, 0x00, 0x60, 0x20, 0x00, 0x00, 0x00, 0x80, 0x61, 0x80,
  0x80, 0x80, 0x20, 0x00, 0x00, 0x00, 0x28, 0x00, 0x00, 0x61, 0x03, 0x00, 0x00, 0x00, 0x02, 0x01,
  0x03, 0x00, 0x00, 0x00, 0x00, 0x00, 0x00, 0x80, 0x03, 0x00, 0x10, 0x00, 0x00, 0x00, 0x00, 0x00,
  0x00, 0x00, 0x00, 0x00, 0x00, 0x00, 0x00, 0x80, 0x00, 0x00, 0x04, 0x00, 0x00, 0x80, 0x00, 0x00,
  0x00, 0x00, 0x00, 0x00, 0x00, 0x00, 0x00, 0x00, 0x00, 0x00, 0x40, 0x00, 0x68, 0x00, 0x00, 0x00,
  0x00, 0x04, 0x01, 0x94, 0x20, 0x01, 0x10, 0x04, 0x01, 0x04, 0x04, 0x18, 0x20, 0x00, 0x00, 0x10,
  0x00, 0x14, 0x40, 0x08, 0x20, 0x00, 0x02, 0x90, 0x20, 0x04, 0x81, 0x00, 0x20, 0x02, 0xB1, 0x04,
  0x15, 0x00, 0x46, 0x80, 0x20, 0x00, 0x10, 0x09, 0x00, 0x00, 0x40, 0x40, 0x20, 0x00, 0x50, 0x20,
  0x19, 0x06, 0x00, 0x2A, 0x80, 0x00, 0x10, 0x44, 0x01, 0x02, 0x10, 0x08, 0x90, 0x01, 0x10, 0x01,
  0x40, 0x46, 0x81, 0x00, 0x48, 0x00, 0x02, 0x00, 0x1D, 0x52, 0x00, 0x04, 0x40, 0x01, 0x00, 0x08,
  0x81, 0xA2, 0x04, 0x00, 0x28, 0x00, 0x10, 0x04, 0x00, 0x02, 0x02, 0xC1, 0x20, 0x00, 0x10, 0x40,
  0x18, 0x0A, 0x04, 0x10, 0x28, 0x00, 0x10, 0x88, 0x92, 0x00, 0xA0, 0x43, 0x48, 0x00, 0x10, 0x00,
  0x10, 0x10, 0x00, 0x01, 0x40, 0x48, 0x00, 0x10, 0x24, 0xC0, 0x20, 0x01, 0x40, 0x48, 0x00, 0x30,
  0x50, 0x01, 0x00, 0x21, 0x44, 0x48, 0x00, 0x10, 0x30, 0x95, 0x00, 0x40, 0x00, 0xB0, 0x00, 0x10,
  0x00, 0x01, 0x80, 0x02, 0x00, 0x10, 0x00, 0x10, 0x00, 0x84, 0x40, 0x00, 0x04, 0x10, 0x00, 0x30,
  0x12, 0x45, 0x16, 0x80, 0x4A, 0x00, 0x00, 0x00, 0x08, 0xD2, 0x11, 0x81, 0x00, 0x90, 0x00, 0x10,
  0x00, 0x00, 0x40, 0x40, 0x11, 0x10, 0x00, 0x10, 0xA0, 0x18, 0x0A, 0x02, 0x90, 0x00, 0x00, 0x00,
  0x00, 0x05, 0x00, 0x02, 0x00, 0x00, 0x02, 0x00, 0x00, 0x11, 0x04, 0x22, 0x04, 0x00, 0x00, 0x21,
  0xA0, 0x02, 0x09, 0x04, 0x00, 0x10, 0x02, 0x84, 0x80, 0x15, 0x11, 0x46, 0x00, 0x00, 0x00, 0x00,
  0x10, 0x40, 0x01, 0xA1, 0xC0, 0x00, 0x00, 0x00, 0x40, 0x50, 0x04, 0x80, 0x04, 0x00, 0x00, 0x00,
  0x20, 0x80, 0x02, 0x80, 0x10, 0x00, 0x00, 0x48, 0x00, 0x03, 0x20, 0x00, 0x00, 0x00, 0x00, 0x00,
  0x00, 0x00, 0x00, 0x00, 0x00, 0x01, 0x20, 0x00, 0x00, 0x00, 0x00, 0x00, 0x01, 0x00, 0xD0, 0x00,
  0x90, 0x00, 0x01, 0x80, 0x28, 0x20, 0x02, 0x00, 0x90, 0x00, 0x00, 0x00, 0x84, 0x40, 0x00, 0x01,
  0x90, 0x00, 0x22, 0x08, 0x44, 0x20, 0x40, 0x01, 0x90, 0x00, 0x00, 0x00, 0x80, 0x02, 0x10, 0x09,
  0x90, 0x00, 0x06, 0x00, 0x62, 0x18, 0x04, 0x10, 0x90, 0x00, 0x06, 0x80, 0x40, 0x91, 0x08, 0x00,
  0x30, 0x00, 0x46, 0x20, 0x6C, 0x08, 0xA0, 0x01, 0x20, 0x00, 0x06, 0x00, 0x00, 0x00, 0x44, 0x20,
  0x20, 0x00, 0x00, 0x00, 0x88, 0x08, 0xAA, 0x00, 0x20, 0x00, 0x0E, 0x00, 0x10, 0x10, 0xD0, 0x30,
  0x80, 0x20, 0x06, 0x40, 0x42, 0x68, 0x10, 0x08, 0x90, 0x00, 0x06, 0x04, 0x02, 0x80, 0x40, 0x12,
  0x80, 0x00, 0x06, 0x01, 0x82, 0x00, 0x18, 0x00, 0x20, 0x04, 0x06, 0x92, 0x81, 0x00, 0x08, 0xC4,
  0x06, 0x20, 0x02, 0x06, 0xA0, 0x16, 0x10, 0x80, 0x06, 0x20, 0x02, 0x06, 0x00, 0x64, 0x00, 0x08,
  0x08, 0x20, 0x02, 0x0E, 0x80, 0x00, 0x80, 0x00, 0x48, 0x00, 0x00, 0x0E, 0x00, 0x20, 0x10, 0x00,
  0x00, 0x00, 0x00, 0x00, 0x00, 0x08, 0xA8, 0x1A, 0x00, 0x00, 0x00, 0x00, 0x04, 0x00, 0x01, 0x42,
  0x00, 0x00, 0x00, 0x00, 0x88, 0x01, 0x00, 0x40, 0x10, 0x20, 0x20, 0x02, 0x02, 0x0C, 0x50, 0x02,
  0x0C, 0x00, 0x00, 0x00, 0x08, 0x40, 0x10, 0x04, 0x10, 0x00, 0x04, 0x00, 0x12, 0x40, 0x82, 0x80,
  0x30, 0x00, 0x00, 0x00, 0x09, 0x80, 0x00, 0x01, 0x08, 0x00, 0x00, 0x00, 0x00, 0x20, 0x00, 0x80,
  0x09, 0x20, 0x00, 0x26, 0x08, 0x80, 0x08, 0x20, 0x10, 0x20, 0x00, 0x06, 0x04, 0x20, 0x00, 0x04,
  0x08, 0x20, 0x00, 0x06, 0x00, 0x10, 0x00, 0x00, 0x08, 0x20, 0x00, 0x86, 0x84, 0x00, 0x08, 0x22,
  0x01, 0x00, 0x00, 0x80, 0x00, 0x00, 0x00, 0x00, 0x00, 0x00, 0x00, 0x00, 0x00, 0x00, 0x00, 0x00,
  0x20, 0x00, 0x00, 0x00, 0x00, 0x00, 0x00, 0x00, 0x00, 0x48, 0x0C, 0x20, 0x00, 0x00, 0x24, 0x43,
  0x60, 0x21, 0x00, 0x80, 0x00, 0x00, 0x00, 0x08, 0x22, 0x01, 0x02, 0x00, 0x00, 0x00, 0x00, 0x80,
  0x82, 0x01, 0x08, 0xA4, 0x00, 0x00, 0x04, 0x81, 0x20, 0x30, 0x00, 0x08, 0x00, 0x00, 0x04, 0x86,
  0x20, 0x0A, 0x00, 0x83, 0x00, 0x00, 0x04, 0x06, 0x80, 0x20, 0x88, 0x81, 0x00, 0x00, 0x04, 0x43,
  0x20, 0x30, 0x04, 0x00, 0x20, 0x00, 0x44, 0x44, 0x01, 0x00, 0x08, 0x00, 0x20, 0x00, 0x11, 0x05,
  0x00, 0x00, 0x12, 0x21, 0x00, 0x00, 0x10, 0x04, 0x60, 0x02, 0x08, 0x02, 0x20, 0x00, 0x04, 0x13,
  0x00, 0x40, 0x04, 0x04, 0x00, 0x00, 0x04, 0x10, 0xC0, 0x50, 0x20, 0x08, 0x20, 0x00, 0x84, 0x24,
  0x20, 0x91, 0x20, 0x20, 0x20, 0x08, 0x04, 0x44, 0x20, 0x48, 0x04, 0x08, 0x24, 0x20, 0x00, 0x04,
  0x00, 0x00, 0x00, 0x01, 0x24, 0x20, 0x01, 0x24, 0x45, 0x20, 0x20, 0x20, 0x40, 0x20, 0x01, 0x00,
  0x04, 0x60, 0x10, 0x90, 0x04, 0x20, 0x00, 0x00, 0x80, 0x20, 0x00, 0x01, 0x22, 0x20, 0x00, 0x04,
  0x04, 0x01, 0x03, 0x00, 0x60, 0x20, 0x00, 0x04, 0x08, 0x00, 0x20, 0x08, 0x40, 0x00, 0x00, 0x00,
  0x00, 0x22, 0x00, 0x0E, 0x02, 0x20, 0x00, 0x04, 0x14, 0x41, 0x02, 0x02, 0x04, 0x20, 0x00, 0x04,
  0x01, 0x00, 0x00, 0x00, 0x05, 0x00, 0x08, 0x00, 0x04, 0x22, 0x34, 0x00, 0x44, 0x00, 0x00, 0x40,
  0x40, 0xA0, 0x18, 0x08, 0x00, 0x00, 0x00, 0x00, 0x04, 0xE2, 0x02, 0x00, 0x08, 0x20, 0x00, 0x00,
  0x82, 0xA2, 0x00, 0x10, 0x88, 0x00, 0x00, 0x00, 0x80, 0xA1, 0x50, 0x20, 0x04, 0x00, 0x00, 0x40,
  0x10, 0x21, 0x18, 0x00, 0x00, 0x00, 0x00, 0x00, 0x00, 0x40, 0x00, 0x0E, 0x20, 0x20, 0x00, 0x10,
  0x00, 0x00, 0x30, 0x00, 0x00, 0x00, 0x00, 0x00, 0x00, 0x00, 0x00, 0x00, 0x00, 0x80, 0x40, 0x00,
  0x20, 0x00, 0x00, 0x00, 0x00, 0x04, 0x00, 0x80, 0x20, 0x00, 0x32, 0x00, 0x01, 0x10, 0x09, 0x10,
  0x20, 0x00, 0x00, 0x02, 0x20, 0x02, 0x02, 0x11, 0x20, 0x00, 0x01, 0x40, 0x42, 0x14, 0x00, 0x04,
  0x20, 0x01, 0x01, 0x82, 0x10, 0x10, 0x01, 0x28, 0x20, 0x00, 0x00, 0xA0, 0x00, 0x60, 0x12, 0x22,
  0x20, 0x01, 0x00, 0x24, 0x00, 0x00, 0xA3, 0x08, 0x20, 0x01, 0x00, 0x04, 0x00, 0x84, 0x22, 0x58,
  0x00, 0x00, 0x00, 0xC4, 0x40, 0x02, 0x20, 0xC0, 0x00, 0x00, 0x02, 0x01, 0x00, 0x24, 0x04, 0x01,
  0x00, 0x00, 0x20, 0x40, 0xA1, 0x08, 0x01, 0x00, 0x00, 0x08, 0x00, 0x84, 0x09, 0x04, 0x80, 0x21,
  0x20, 0x00, 0x00, 0x24, 0x51, 0x00, 0x06, 0xC4, 0x00, 0x02, 0x00, 0x40, 0x08, 0x1A, 0x02, 0x61,
  0x00, 0x02, 0x20, 0x10, 0x49, 0x22, 0x04, 0x10, 0x60, 0x00, 0x00, 0x20, 0x04, 0x80, 0x44, 0x00,
  0x20, 0x00, 0x00, 0x00, 0x20, 0x44, 0x02, 0x88, 0x20, 0x00, 0x00, 0x00, 0x40, 0x90, 0x42, 0x00,
  0x20, 0x00, 0x00, 0x00, 0x80, 0x00, 0x20, 0x00, 0x00, 0x00, 0x00, 0x00, 0x00, 0x00, 0x00, 0x80,
  0x00, 0x00, 0x00, 0x40, 0x01, 0x08, 0x80, 0x00, 0x20, 0x00, 0x02, 0x20, 0x48, 0x80, 0xCA, 0x04,
  0x00, 0x00, 0x08, 0x08, 0xC4, 0x80, 0x00, 0x01, 0x00, 0x00, 0x00, 0x00, 0x00, 0x51, 0x82, 0x85,
  0x01, 0x00, 0x00, 0x90, 0x41, 0x20, 0x08, 0x00, 0x80, 0x00, 0x00, 0x00, 0x80, 0x11, 0x60, 0x00,
  0x60, 0x00, 0x00, 0x48, 0x44, 0x40, 0x00, 0x06, 0xE4, 0x80, 0x00, 0x00, 0x24, 0x00, 0x51, 0x04,
  0x00, 0x80, 0x00, 0x00, 0xA1, 0x00, 0x1C, 0x10, 0x20, 0x80, 0x02, 0x00, 0x01, 0x01, 0x64, 0x02,
  0x40, 0x80, 0x00, 0x10, 0x00, 0x80, 0x02, 0x11, 0x11, 0x08, 0x00, 0x00, 0x00, 0x04, 0x00, 0x00,
  0x00, 0x00, 0x00, 0x00, 0x00, 0x00, 0x00, 0x00, 0x24, 0x00, 0x00, 0x00, 0x00, 0x04, 0x00, 0x00,
  0x00, 0x00, 0x04, 0x08, 0x01, 0x00, 0x01, 0x80, 0x60, 0x10, 0x21, 0x24, 0x10, 0x43, 0x12, 0x00,
  0x00, 0x40, 0x01, 0x00, 0x00, 0x01, 0x00, 0x00, 0x00, 0x00, 0x00, 0x08, 0x81, 0x05, 0x10, 0x00,
  0x00, 0x00, 0x02, 0x00, 0x08, 0x01, 0x10, 0x00, 0x84, 0x00, 0x04, 0x00, 0x00, 0x03, 0x00, 0x02,
  0x25, 0x00, 0x04, 0x00, 0x10, 0x44, 0x00, 0x00, 0x80, 0x40, 0x10, 0x04, 0x01, 0x05, 0x00, 0x00,
  0x09, 0x00, 0x05, 0x02, 0x20, 0x87, 0x01, 0x00, 0x88, 0x00, 0x51, 0x21, 0x0C, 0x40, 0x08, 0x00,
  0x88, 0x00, 0x04, 0x22, 0x00, 0x44, 0x32, 0x00, 0x30, 0x80, 0x00, 0x00, 0x4A, 0x05, 0x00, 0x00,
  0x40, 0x08, 0x02, 0x40, 0x40, 0x43, 0x00, 0x00, 0x10, 0x00, 0x06, 0x04, 0x00, 0x40, 0x11, 0x00,
  0x50, 0x10, 0x00, 0x00, 0x00, 0x40, 0x00, 0x10, 0x02, 0x00, 0x00, 0x10, 0x00, 0x00, 0x83, 0x10,
  0x02, 0x20, 0x10, 0x20, 0x01, 0x02, 0x06, 0xA0, 0x00, 0x08, 0xC0, 0x00, 0x00, 0x00, 0x04, 0x68,
  0x02, 0x10, 0x80, 0x00, 0x00, 0x80, 0x02, 0x82, 0x00, 0x00, 0x80, 0x04, 0x10, 0x01, 0x00, 0x00,
  0x00, 0x00, 0x00, 0x00, 0x18, 0x00, 0x43, 0x01, 0x00, 0x28, 0x00, 0x04, 0x01, 0x80, 0x40, 0x40,
  0x00, 0x00, 0x10, 0x20, 0x02, 0x01, 0x04, 0x02, 0x00, 0x00, 0x10, 0x08, 0x01, 0x00, 0x40, 0x42,
  0x00, 0x10, 0x10, 0x00, 0x01, 0x40, 0x81, 0x02, 0x00, 0x00, 0x10, 0x08, 0x21, 0x88, 0x40, 0x01,
  0x02, 0x00, 0x10, 0x00, 0x04, 0x4C, 0x40, 0x80, 0x00, 0x08, 0x50, 0x00, 0x28, 0x00, 0x41, 0x01,
  0x01, 0x00, 0x10, 0x44, 0x04, 0x00, 0x41, 0x04, 0x00, 0x49, 0x00, 0x00, 0x00, 0x00, 0x81, 0x00,
  0x00, 0x00, 0x00, 0x03, 0x01, 0x0C, 0x45, 0x02, 0x40, 0x49, 0x80, 0x00, 0x00, 0x00, 0x00, 0x00,
  0x00, 0x00, 0x00, 0x00, 0xC0, 0x00, 0x00, 0x00, 0x0A, 0x08, 0x00, 0x00, 0x00, 0x08, 0x96, 0x00,
  0x80, 0x02, 0x00, 0x80, 0x11, 0x80, 0x20, 0x29, 0x00, 0x80, 0x82, 0x00, 0x80, 0x00, 0x08, 0xA8,
  0x08, 0x80, 0x0A, 0x00, 0x81, 0x30, 0x04, 0x00, 0x80, 0x80, 0x1C, 0x02, 0x90, 0x20, 0x09, 0x22,
  0x00, 0x88, 0x04, 0x00, 0x01, 0x20, 0x00, 0x62, 0x06, 0x08, 0x5B, 0x00, 0x05, 0x20, 0x00, 0x80,
  0x02, 0x40, 0x4C, 0x04, 0xE0, 0x00, 0x90, 0x00, 0x82, 0x4C, 0x80, 0x04, 0x11, 0x80, 0x06, 0x22,
  0x88, 0x06, 0x03, 0x00, 0x20, 0x00, 0x00, 0x43, 0x80, 0x0A, 0x12, 0x00, 0x20, 0x00, 0x0C, 0x01,
  0x10, 0x44, 0x00, 0x04, 0x49, 0x80, 0x00, 0x02, 0x00, 0x00, 0x02, 0x00, 0x40, 0x24, 0x00, 0x00,
  0x08, 0x8A, 0x02, 0x06, 0x40, 0x80, 0x81, 0x00, 0x88, 0x81, 0x00, 0x04, 0x90, 0x80, 0x00, 0x09,
  0x22, 0x04, 0x00, 0x00, 0x00, 0x02, 0x20, 0x04, 0x00, 0x00, 0x81, 0x00, 0x04, 0x10, 0x00, 0x02,
  0x00, 0x88, 0x88, 0x01, 0x00, 0xC5, 0x10, 0xE0, 0x72, 0x0C, 0x8C, 0x12, 0x04, 0x80, 0x80, 0x00,
  0x10, 0x48, 0x80, 0x01, 0x01, 0x00, 0x10, 0x88, 0x01, 0x00, 0x80, 0x02, 0x00, 0xC0, 0x00, 0x00,
  0x00, 0x08, 0x80, 0x42, 0x01, 0x20, 0x00, 0x92, 0x28, 0x80, 0x82, 0x04, 0x04, 0x20, 0x00, 0x09,
  0x23, 0x02, 0x01, 0x00, 0x00, 0x08, 0x30, 0x04, 0x02, 0x00, 0xC0, 0x03, 0x04, 0x00, 0x50, 0x10,
  0x01, 0x08, 0xC2, 0x01, 0x04, 0x84, 0x00, 0x94, 0x08, 0x49, 0x02, 0x12, 0x00, 0x80, 0x80, 0x08,
  0x02, 0x00, 0x40, 0x02, 0x00, 0x00, 0x10, 0x00, 0x00, 0x08, 0x88, 0x00, 0x00, 0x00, 0x10, 0x04,
  0x02, 0x80, 0x42, 0x02, 0x00, 0x60, 0x30, 0x00, 0x00, 0x01, 0x42, 0x00, 0x00, 0x00, 0x00, 0x0A,
  0x23, 0x80, 0x02, 0x11, 0x00, 0x00, 0x80, 0x00, 0x00, 0x00, 0x00, 0x00, 0x00, 0x00, 0x00, 0x00,
  0x00, 0x00, 0x00, 0x00, 0x00, 0x04, 0x00, 0x01, 0x40, 0x00, 0x02, 0x02, 0x80, 0x80, 0x00, 0x00,
  0x80, 0x00, 0x08, 0x00, 0x04, 0x40, 0x00, 0x08, 0x02, 0x00, 0x00, 0x00, 0x00, 0x00, 0x01, 0x08,
  0x00, 0x80, 0x10, 0x8A, 0x04, 0x88, 0x01, 0x08, 0xA1, 0xA0, 0x20, 0x00, 0x03, 0x80, 0x00, 0x04,
  0x00, 0x00, 0x06, 0x00, 0x04, 0x60, 0x00, 0x04, 0x40, 0x00, 0x04, 0x00, 0x04, 0x08, 0x00, 0x00,
  0x0E, 0x00, 0x08, 0x82, 0x02, 0x10, 0x06, 0x01, 0x60, 0x10, 0x02, 0x02, 0x08, 0x80, 0x20, 0x00,
  0x82, 0x90, 0x08, 0x00, 0x44, 0x50, 0x00, 0x04, 0x00, 0x00, 0x20, 0x80, 0x02, 0x00, 0x80, 0x01,
  0x00, 0x10, 0x00, 0x08, 0x00, 0x84, 0x20, 0x08, 0x0A, 0x00, 0x00, 0x00, 0x00, 0x10, 0x10, 0x00,
  0x01, 0x00, 0x01, 0x01, 0x00, 0x42, 0x80, 0x00, 0xA1, 0x10, 0x00, 0x23, 0x00, 0x02, 0x42, 0x88,
  0x04, 0x86, 0x00, 0x00, 0x80, 0x00, 0x80, 0x00, 0x02, 0x80, 0x20, 0x0A, 0x40, 0x00, 0xA0, 0x04,
  0x01, 0x00, 0x00, 0x04, 0x01, 0x40, 0x60, 0x01, 0x00, 0x41, 0x10, 0x00, 0x01, 0x00, 0x00, 0x00,
  0x08, 0x00, 0x00, 0x04, 0x14, 0x04, 0x00, 0x00, 0x09, 0x01, 0x00, 0x00, 0x12, 0x00, 0x00, 0x01,
  0x01, 0x41, 0x80, 0x00, 0x00, 0x04, 0x00, 0x10, 0x00, 0x20, 0x10, 0x44, 0x00, 0x02, 0x42, 0x00,
  0x01, 0x81, 0x00, 0x00, 0x0A, 0x04, 0x00, 0x20, 0x01, 0x86, 0x00, 0x40, 0x00, 0x00, 0x00, 0x28,
  0x01, 0x8C, 0x20, 0x01, 0x08, 0x40, 0x00, 0x00, 0x00, 0x22, 0x10, 0x34, 0x12, 0x00, 0x00, 0x20,
  0x04, 0x00, 0x00, 0x00, 0x01, 0x00, 0x50, 0x41, 0x08, 0x40, 0x00, 0x40, 0x09, 0x98, 0x00, 0x00,
  0x00, 0x02, 0x00, 0x00, 0x00, 0x02, 0x00, 0x00, 0x00, 0x00, 0x00, 0x20, 0x20, 0x04, 0x84, 0x40,
  0x04, 0x41, 0x10, 0x00, 0x00, 0x00, 0x00, 0x00, 0x00, 0x00, 0x00, 0x00, 0x2A, 0x00, 0x00, 0x00,
  0xA0, 0x10, 0x00, 0x00, 0x00, 0x08, 0x00, 0x00, 0x00, 0x02, 0x01, 0x00, 0x00, 0x10, 0x20, 0x00,
  0x80, 0x00, 0x11, 0x00, 0x00, 0x00, 0x22, 0x20, 0x00, 0x00, 0x30, 0x00, 0x00, 0x00, 0x00, 0x14,
  0x00, 0x00, 0x00, 0x00, 0x00, 0x00, 0x00, 0x00, 0x10, 0x10, 0x10, 0x01, 0x42, 0x00, 0x00, 0x00,
  0x00, 0x00, 0x40, 0x01, 0x00, 0x00, 0x02, 0x00, 0x80, 0x02, 0x11, 0x00, 0x20, 0x00, 0x01, 0x90,
  0x80, 0x02, 0x40, 0x00, 0x80, 0x20, 0x30, 0x20, 0x80, 0x80, 0x40, 0x04, 0x92, 0x40, 0x21, 0x08,
  0x80, 0x02, 0x01, 0x02, 0x53, 0x80, 0x00, 0x00, 0x80, 0x82, 0x01, 0x01, 0x04, 0x00, 0x00, 0x00,
  0x00, 0x00, 0x40, 0x01, 0x04, 0x00, 0x30, 0x0C, 0x04, 0x40, 0x40, 0x01, 0x02, 0x00, 0x14, 0x20,
  0x40, 0x00, 0x01, 0x00, 0x02, 0x00, 0x00, 0x00, 0x20, 0x04, 0x80, 0x90, 0x01, 0x00, 0x00, 0x00,
  0x20, 0x02, 0x00, 0x00, 0x00, 0x00, 0x00, 0x00, 0x11, 0x80, 0x04, 0x40, 0x04, 0x12, 0x00, 0x02,
  0x00, 0x04, 0x02, 0x20, 0x00, 0x02, 0x00, 0x00, 0x00, 0x00, 0x00, 0xA0, 0x00, 0x00, 0x00, 0x00,
  0x00, 0x00, 0x40, 0x10, 0x00, 0x00, 0xB0, 0x00, 0x00, 0x00, 0x40, 0x30, 0x04, 0x04, 0x50, 0x06,
  0x01, 0x00, 0x42, 0x20, 0x00, 0x80, 0x00, 0x02, 0x00, 0xA0, 0x04, 0x01, 0x00, 0x10, 0x00, 0x00,
  0x00, 0x00, 0x00, 0x20, 0x01, 0x00, 0x00, 0x00, 0x50, 0x08, 0x02, 0x20, 0x00, 0x10, 0x00, 0x00,
  0x01, 0x00, 0x41, 0x01, 0x04, 0x48, 0x00, 0x00, 0x00, 0x02, 0x00, 0x20, 0x01, 0x03, 0x00, 0x00,
  0x40, 0x00, 0x00, 0x00, 0x00, 0x80, 0x00, 0x00, 0x00, 0x03, 0x02, 0x31, 0x00, 0x20, 0x20, 0x00,
  0x00, 0x00, 0x01, 0x40, 0x00, 0x00, 0x00, 0x00, 0x00, 0x90, 0x02, 0x02, 0x11, 0x00, 0x00, 0x00,
  0x00, 0x00, 0x00, 0x00, 0x00, 0x00, 0x00, 0x00, 0x00, 0x00, 0x00, 0x00, 0x80, 0x00, 0x00, 0x10,
  0x00, 0x00, 0x00, 0x00, 0xA2, 0xC2, 0x18, 0x00, 0x51, 0x00, 0x80, 0x40, 0x20, 0x00, 0x00, 0x08,
  0x00, 0x04, 0x40, 0x20, 0x00, 0x00, 0x20, 0x00, 0x04, 0x10, 0x04, 0x80, 0x80, 0x01, 0x00, 0x10,
  0x04, 0x16, 0x50, 0x40, 0x11, 0x00, 0x40, 0x00, 0x18, 0x04, 0x40, 0x20, 0xA0, 0x02, 0x00, 0x80,
  0x00, 0x00, 0x80, 0x00, 0x50, 0x40, 0x00, 0x10, 0x28, 0x01, 0x40, 0x10, 0x00, 0x40, 0x04, 0x50,
  0x24, 0x09, 0x10, 0x20, 0x02, 0xC1, 0x30, 0x48, 0x00, 0x00, 0x20, 0x00, 0x41, 0x00, 0x20, 0x20,
  0x02, 0x00, 0x01, 0x80, 0x00, 0x40, 0x00, 0x80, 0x14, 0x09, 0x00, 0x00, 0x00, 0x00, 0x00, 0x50,
  0x10, 0x01, 0x00, 0x50, 0x04, 0x00, 0x00, 0x00, 0x02, 0x08, 0x62, 0x0C, 0xA0, 0x02, 0x03, 0x10,
  0x00, 0x10, 0x08, 0x40, 0x00, 0x00, 0x00, 0x00, 0x90, 0x00, 0x01, 0x00, 0x02, 0x00, 0x00, 0x00,
  0x84, 0x00, 0x28, 0x60, 0x00, 0x60, 0x00, 0x00, 0x00, 0x01, 0x98, 0x02, 0x00, 0x80, 0x02, 0x42,
  0x94, 0x20, 0x00, 0x00, 0x00, 0x00, 0x00, 0x00, 0x00, 0x00, 0x0A, 0x80, 0x00, 0x00, 0x00, 0x00,
  0x08, 0x00, 0x00, 0x80, 0x00, 0x64, 0x00, 0x00, 0x90, 0x14, 0x10, 0x20, 0x20, 0x80, 0x40, 0x00,
  0x40, 0x00, 0x09, 0x82, 0x00, 0x44, 0x00, 0x00, 0x10, 0x20, 0x50, 0x00, 0x00, 0x0A, 0x00, 0x10,
  0x80, 0x02, 0x10, 0x28, 0x00, 0x14, 0x00, 0x01, 0x80, 0x04, 0x00, 0x44, 0x00, 0x40, 0x00, 0x04,
  0xA0, 0x04, 0x58, 0x10, 0x00, 0x48, 0x00, 0x20, 0x00, 0x00, 0x04, 0x00, 0x00, 0x00, 0x00, 0x02,
  0x88, 0x20, 0x01, 0x22, 0x00, 0x04, 0x00, 0x00, 0x00, 0x00, 0x40, 0x00, 0x00, 0x02, 0x00, 0x00,
  0x10, 0x00, 0x09, 0xA0, 0x20, 0x08, 0x00, 0x00, 0x10, 0x11, 0x00, 0x00, 0x00, 0x00, 0x00, 0x00,
  0x00, 0x00, 0x00, 0x00, 0x20, 0x00, 0x04, 0x00, 0x00, 0x00, 0x00, 0x00, 0x00, 0x00, 0x04, 0x20,
  0x00, 0x00, 0x00, 0x81, 0x00, 0x11, 0x00, 0x00, 0x0A, 0x82, 0x86, 0x00, 0x04, 0x20, 0x00, 0x00,
  0x0A, 0x02, 0x00, 0x80, 0x00, 0x04, 0x80, 0x00, 0x02, 0x00, 0x01, 0x00, 0x20, 0x02, 0x14, 0x00,
  0x01, 0x40, 0x00, 0x00, 0x02, 0x02, 0x00, 0x80, 0x00, 0x80, 0xC5, 0x50, 0x14, 0x00, 0x14, 0x00,
  0x02, 0x00, 0x02, 0x40, 0x01, 0x10, 0x02, 0x80, 0x00, 0x02, 0x20, 0x00, 0x02, 0x80, 0xA9, 0x00,
  0x88, 0x00, 0x00, 0x00, 0x00, 0x12, 0x02, 0x00, 0x40, 0x80, 0x21, 0x80, 0x00, 0x02, 0x00, 0x00,
  0x00, 0x02, 0x01, 0x10, 0x10, 0xA0, 0x40, 0x00, 0x00, 0x00, 0x00, 0x00, 0x00, 0x00, 0x00, 0x00,
  0x00, 0x01, 0x10, 0x80, 0x00, 0x00, 0x04, 0x00, 0x02, 0x00, 0x10, 0x00, 0x26, 0x00, 0x04, 0x00,
  0x60, 0x1A, 0x80, 0x60, 0x00, 0x22, 0x00, 0x0A, 0x0A, 0x00, 0x80, 0x0D, 0x02, 0x04, 0x21, 0x08,
  0x20, 0x00, 0x82, 0x01, 0x90, 0x20, 0x00, 0x80, 0x00, 0x00, 0x40, 0x20, 0x00, 0x02, 0x18, 0x20,
  0x00, 0x80, 0x00, 0x02, 0x00, 0x00, 0x01, 0x00, 0x00, 0x84, 0x00, 0x00, 0x80, 0x00, 0x11, 0x00,
  0x00, 0x04, 0x80, 0x10, 0x40, 0x00, 0x00, 0x04, 0x80, 0x00, 0x00, 0x11, 0x00, 0x40, 0x00, 0x08,
  0x00, 0x20, 0x80, 0x00, 0x40, 0x02, 0x00, 0x00, 0x00, 0xC0, 0x00, 0x00, 0x00, 0x02, 0x08, 0x01,
  0x00, 0x80, 0x80, 0x48, 0x00, 0x00, 0x08, 0x50, 0x01, 0x02, 0x40, 0x22, 0x00, 0x20, 0x04, 0x00,
  0x00, 0x20, 0x00, 0x20, 0x20, 0x0C, 0x12, 0x00, 0x00, 0x01, 0x40, 0x00, 0x00, 0x00, 0x01, 0x84,
  0x00, 0x82, 0x40, 0x60, 0x10, 0x04, 0x80, 0x00, 0x00, 0x00, 0x00, 0x21, 0x00, 0x00, 0x00, 0x00,
  0x40, 0x22, 0x00, 0x40, 0x00, 0x08, 0x00, 0x00, 0x00, 0x00, 0x00, 0x00, 0x00, 0x00, 0x00, 0x00,
  0x30, 0x00, 0x00, 0x00, 0x80, 0x00, 0x00, 0x00, 0x00, 0x04, 0x02, 0x00, 0x00, 0x02, 0x01, 0x40,
  0x08, 0x20, 0x00, 0x00, 0x02, 0x01, 0x00, 0x40, 0x01, 0x23, 0x00, 0x00, 0x01, 0x41, 0x00, 0x40,
  0x01, 0x20, 0x00, 0x01, 0x20, 0x80, 0x40, 0x80, 0x10, 0x00, 0x80, 0x00, 0x08, 0x00, 0x00, 0x00,
  0x00, 0x21, 0x05, 0x00, 0x04, 0x00, 0x80, 0x80, 0x00, 0x10, 0x02, 0x00, 0x40, 0x81, 0x1A, 0x00,
  0x00, 0x80, 0x95, 0x00, 0x89, 0x00, 0x09, 0x10, 0x20, 0x92, 0x02, 0x00, 0x80, 0x02, 0x0B, 0x80,
  0x21, 0x08, 0x08, 0x80, 0x88, 0x00, 0x04, 0x00, 0x01, 0x20, 0xA0, 0x00, 0x04, 0x01, 0x12, 0x80,
  0x05, 0x80, 0x20, 0x00, 0x00, 0x40, 0x12, 0x20, 0x09, 0x80, 0x00, 0x00, 0x00, 0x40, 0x03, 0x40,
  0x05, 0x08, 0x09, 0x00, 0x01, 0x40, 0x80, 0x80, 0x10, 0x00, 0x02, 0x8C, 0x01, 0x00, 0x80, 0x25,
  0x20, 0x42, 0x40, 0xE1, 0x00, 0x00, 0x00, 0x10, 0x80, 0x22, 0x08, 0x09, 0x00, 0x08, 0x81, 0x00,
  0x80, 0x10, 0x01, 0x00, 0x40, 0x1C, 0x00, 0x00, 0x00, 0x80, 0x28, 0x14, 0x00, 0x10, 0x02, 0x08,
  0x00, 0x00, 0x00, 0x00, 0x00, 0x40, 0x80, 0x00, 0x88, 0x01, 0x28, 0x00, 0x00, 0x00, 0x80, 0x0B,
  0x20, 0x21, 0x20, 0x0A, 0x00, 0x00, 0x00, 0x02, 0x20, 0x11, 0x50, 0x00, 0x00, 0x80, 0x00, 0x49,
  0x80, 0x20, 0x08, 0x00, 0x00, 0x80, 0xC0, 0x02, 0x80, 0x10, 0x88, 0x00, 0x00, 0x48, 0x80, 0x10,
  0x20, 0x11, 0x38, 0x09, 0x00, 0x82, 0x02, 0x00, 0x00, 0x01, 0x00, 0x80, 0x00, 0x08, 0x80, 0x02,
  0x80, 0x00, 0x08, 0x00, 0x00, 0x88, 0x80, 0x10, 0x80, 0x04, 0x00, 0x0A, 0x00, 0x20, 0x80, 0x0B,
  0x88, 0x23, 0x10, 0x00, 0x00, 0x00, 0x80, 0x0A, 0x20, 0x00, 0x00, 0x0C, 0x00, 0x40, 0x80, 0x12,
  0x80, 0x20, 0x20, 0x00, 0x00, 0x00, 0x00, 0x00, 0x00, 0x00, 0x00, 0x00, 0x10, 0x00, 0x04, 0x00,
  0x00, 0x00, 0x00, 0x40, 0x00, 0x08, 0x07, 0x00, 0x00, 0x40, 0x01, 0x00, 0x00, 0x10, 0x00, 0x20,
  0xC2, 0x00, 0x10, 0xC0, 0x10, 0x80, 0x01, 0x00, 0x42, 0x01, 0x00, 0x14, 0x10, 0x29, 0x06, 0x02,
  0x48, 0x01, 0x11, 0xA0, 0x10, 0x20, 0x00, 0x20, 0x08, 0x00, 0x80, 0x00, 0x00, 0x00, 0x06, 0x00,
  0x00, 0x00, 0x00, 0x00, 0x00, 0x21, 0x02, 0x00, 0x08, 0x83, 0x10, 0x00, 0x11, 0x19, 0x04, 0x00,
  0x80, 0x80, 0x20, 0x20, 0x04, 0x00, 0x22, 0x00, 0x20, 0x40, 0x80, 0x20, 0x31, 0x58, 0x80, 0x00,
  0x08, 0x40, 0x81, 0x00, 0x10, 0x00, 0x81, 0x20, 0x00, 0x00, 0x08, 0x40, 0x00, 0x02, 0x80, 0x00,
  0x02, 0x00, 0x00, 0x40, 0x00, 0x0C, 0x80, 0x00, 0x20, 0x80, 0x11, 0x00, 0x30, 0x44, 0x11, 0x20,
  0x02, 0x00, 0x02, 0xC0, 0x10, 0x60, 0x00, 0x04, 0x08, 0x01, 0x00, 0x04, 0x40, 0x43, 0x0C, 0x80,
  0x08, 0x01, 0x00, 0x00, 0x44, 0x20, 0x00, 0x0A, 0x80, 0x00, 0x80, 0x01, 0x40, 0x11, 0x14, 0x01,
  0x20, 0x04, 0x00, 0xA0, 0x48, 0x02, 0x84, 0x88, 0x00, 0x00, 0x02, 0x00, 0x00, 0x00, 0x00, 0x00,
  0x00, 0x48, 0x00, 0x00, 0x00, 0x00, 0x18, 0x00, 0x00, 0x40, 0x40, 0x00, 0x00, 0x10, 0x20, 0x06,
  0x00, 0x10, 0x40, 0x01, 0x00, 0x69, 0x14, 0x20, 0x40, 0x00, 0x42, 0x00, 0x80, 0x00, 0x29, 0x80,
  0x00, 0x00, 0x80, 0x00, 0x44, 0x28, 0x10, 0x00, 0x20, 0x00, 0x41, 0x02, 0x00, 0x30, 0x11, 0x02,
  0x01, 0x00, 0x42, 0x01, 0x00, 0x06, 0x10, 0x00, 0x00, 0x10, 0x00, 0x40, 0x84, 0x00, 0x80, 0x80,
  0x00, 0x80, 0x00, 0x00, 0x20, 0x00, 0x08, 0x05, 0x20, 0x40, 0x41, 0x00, 0x80, 0x20, 0x00, 0x00,
  0x00, 0x00, 0x00, 0x00, 0xA0, 0x00, 0x02, 0x08, 0x00, 0x80, 0x01, 0x00, 0xC0, 0x01, 0x00, 0x00,
  0x00, 0x00, 0x00, 0x00, 0x00, 0x00, 0x00, 0x00, 0x00, 0x00, 0x00, 0x00, 0x00, 0x00, 0x00, 0x00,
  0x00, 0x00, 0x00, 0x00, 0x00, 0x05, 0xF5, 0xF5, 0xA5, 0x58, 0x2C, 0xC8, 0x2C, 0xCC, 0x3C, 0xCC,
  0x3C, 0xCC, 0x3C, 0xCC, 0x3C, 0xCC, 0x3C, 0xCC, 0x3C, 0xCC, 0x3C, 0xCC, 0x3C, 0xCC, 0x3C, 0xCF,
  0xFF, 0xFC, 0x0C, 0xF7, 0xB4, 0x88, 0x88, 0x86, 0x66, 0x64, 0x4E, 0xE0, 0x05, 0x50, 0x0C, 0xCF,
  0x00, 0x08, 0x8D, 0xDC, 0xCC, 0xC9, 0x59, 0xA0, 0xCF, 0xC1, 0xBB, 0x10, 0x00, 0x03, 0xA3, 0x57,
  0xB4, 0x8F, 0xFD, 0xFE, 0xFF, 0xFF, 0xBF, 0xFF, 0xFF, 0xE6, 0x99, 0x60, 0x00, 0x06, 0x96, 0x9F,
  0xFD, 0xF0, 0xF6, 0x6F, 0xFF, 0xFC, 0x33, 0xC5, 0xA5, 0xA0, 0xCF, 0xC5, 0x0F, 0xA0, 0x0F, 0xFC,
  0xCF, 0x08, 0x8D, 0xDC, 0xCC, 0xCC, 0x0C, 0x03, 0x07, 0x45, 0x05, 0xF0, 0x00, 0x00, 0x4C, 0x45,
  0x55, 0x50, 0x00, 0x05, 0xCC, 0x05, 0x04, 0x07, 0x01, 0x05, 0x4C, 0x50, 0x50, 0x00, 0x0F, 0xFF,
  0xF0, 0x00, 0x0C, 0xCC, 0xCF, 0xFF, 0xFF, 0xFF, 0xFF, 0xFF, 0xFC, 0xCF, 0xFF, 0x5F, 0xFF, 0xDF,
  0xF5, 0x55, 0xD0, 0xCF, 0xC0, 0x00, 0x00, 0x00, 0x0F, 0xFF, 0xF3, 0xC3, 0x39, 0x69, 0x99, 0x69,
  0x99, 0x69, 0x99, 0x69, 0x99, 0x69, 0x9A, 0x60, 0x8C, 0x3F, 0xFE, 0x4E, 0x4A, 0xA5, 0x5C, 0x0C,
  0x04, 0x44, 0x4F, 0x0F, 0xFC, 0x3C, 0xCC, 0x3C, 0xC6, 0x96, 0x66, 0x96, 0x66, 0x96, 0x6A, 0x95,
  0x4C, 0x3F, 0xFF, 0x77, 0xDA, 0x27, 0xDF, 0x77, 0xDF, 0x7F, 0xFC, 0x0C, 0xF5, 0x05, 0xFD, 0x1D,
  0x14, 0x4E, 0xED, 0x8D, 0x8D, 0x80, 0x08, 0xAC, 0xF0, 0x0A, 0x0C, 0xCF, 0xF0, 0x00, 0x04, 0x4F,
  0x0F, 0xFF, 0xF5, 0x05, 0x5C, 0x8C, 0x0F, 0xAF, 0xFD, 0xD5, 0x5F, 0xFF, 0xFF, 0xFF, 0xF7, 0xFF,
  0x7F, 0xFF, 0xFE, 0xAF, 0xCD, 0xDD, 0xF8, 0xD5, 0x50, 0xD0, 0xF0, 0x00, 0x00, 0x00, 0x00, 0x00,
  0x00, 0x00, 0x00, 0x00, 0x80, 0x00, 0x00, 0x00, 0x00, 0x00, 0x00, 0x00, 0x00, 0x00, 0x00, 0x00,
  0x00, 0x05, 0xF5, 0xF7, 0xB5, 0x5D, 0x7C, 0xCD, 0x7C, 0xCE, 0xBC, 0xCE, 0xBC, 0xCE, 0xBC, 0xCE,
  0xBC, 0xCE, 0xBC, 0xCE, 0xBC, 0xCE, 0xBC, 0xCE, 0xBC, 0xCE, 0xBC, 0xCF, 0xFF, 0xFC, 0x0C, 0xF4,
  0x87, 0xBD, 0xDD, 0xD0, 0xFF, 0x04, 0x4E, 0xEA, 0xAF, 0xFF, 0xFC, 0xCF, 0x0F, 0xF8, 0x8D, 0xD5,
  0x55, 0x59, 0x59, 0xA0, 0xCF, 0xC4, 0xEE, 0x40, 0x00, 0x0C, 0xAC, 0x54, 0x87, 0xBF, 0xFF, 0xFF,
  0xFF, 0xFF, 0xFF, 0xFF, 0xFF, 0xF9, 0x66, 0x90, 0x04, 0x06, 0x96, 0x9F, 0xFD, 0xFF, 0x06, 0x6F,
  0xFF, 0xF3, 0xCC, 0x33, 0x3C, 0xC0, 0xCF, 0xC5, 0x0F, 0xAF, 0x0F, 0x0C, 0xCF, 0x08, 0x8D, 0xD5,
  0x5F, 0x0C, 0xFC, 0xFB, 0x8F, 0xCC, 0x0C, 0xF0, 0x00, 0x03, 0x7F, 0x70, 0xCF, 0xC0, 0x0F, 0xF5,
  0xCC, 0xF5, 0xF4, 0xF7, 0xFB, 0xAF, 0xEC, 0x5F, 0x50, 0x00, 0x0F, 0xFF, 0xC0, 0x00, 0x05, 0x5F,
  0x0F, 0xFF, 0xFF, 0xFB, 0xBF, 0x3F, 0xFC, 0xCF, 0xFF, 0xFF, 0xFF, 0xFF, 0xFF, 0x7F, 0xD0, 0xCF,
  0xC0, 0x00, 0x0C, 0xCC, 0xCF, 0xFF, 0xF3, 0xC3, 0x39, 0x69, 0x99, 0x69, 0x99, 0x69, 0x99, 0x69,
  0x99, 0x69, 0x95, 0x9A, 0xEC, 0x3F, 0xFE, 0x4E, 0x4A, 0xA5, 0x5F, 0x3F, 0x37, 0x77, 0x7F, 0x0F,
  0xFC, 0x3C, 0xCC, 0x3C, 0xC6, 0x96, 0x66, 0x96, 0x66, 0x96, 0x65, 0x6F, 0xDC, 0x3F, 0xF5, 0x1B,
  0xEF, 0xBB, 0xE5, 0x1B, 0xE5, 0x1F, 0xFC, 0x5C, 0x55, 0x05, 0xFD, 0x1D, 0x14, 0x4E, 0xED, 0x8D,
  0x8D, 0x8F, 0xFC, 0xFC, 0xF0, 0x0A, 0x0F, 0xFF, 0xF0, 0x00, 0x07, 0x7F, 0x0F, 0xFF, 0xF5, 0x05,
  0x5C, 0x0C, 0x0F, 0xAF, 0xEF, 0xD5, 0x5F, 0xFF, 0xFF, 0xFF, 0xFF, 0xFF, 0xFF, 0xFF, 0xFF, 0xAF,
  0xCF, 0xFF, 0xF5, 0xF5, 0xFD, 0xDF, 0xF0, 0x00, 0x00, 0x00, 0x00, 0x00, 0x00, 0x00, 0x00, 0x00,
  0x00, 0x20, 0x00, 0x00, 0x00, 0x00, 0x00, 0x00, 0x00, 0x00, 0x08, 0x00, 0x00, 0x52, 0x20, 0x10,
  0x64, 0x00, 0x10, 0x81, 0x10, 0x52, 0x70, 0x00, 0x64, 0x00, 0x18, 0x81, 0x10, 0x52, 0x70, 0x00,
  0x64, 0x00, 0x18, 0x81, 0x10, 0x12, 0x70, 0x00, 0x04, 0x46, 0x08, 0x12, 0x10, 0x36, 0x20, 0x50,
  0x40, 0x56, 0x08, 0x12, 0x10, 0x36, 0x20, 0x50, 0x40, 0x76, 0x08, 0x12, 0x13, 0x34, 0x20, 0x50,
  0x40, 0x56, 0x08, 0x02, 0x10, 0x34, 0x20, 0x50, 0x40, 0x52, 0x08, 0x10, 0x11, 0x36, 0x20, 0x10,
  0x40, 0x16, 0x00, 0x10, 0x10, 0x36, 0x20, 0x50, 0x40, 0x16, 0x08, 0x12, 0x11, 0x36, 0x20, 0x50,
  0x40, 0x16, 0x08, 0x12, 0x11, 0x36, 0x20, 0x50, 0x40, 0x56, 0x08, 0x10, 0x00, 0x36, 0x00, 0x10,
  0x00, 0x56, 0x0A, 0x22, 0xB1, 0x36, 0x20, 0x10, 0x40, 0x10, 0x06, 0x08, 0x12, 0x11, 0x36, 0x20,
  0x50, 0x40, 0x56, 0x0A, 0x22, 0xB1, 0x36, 0x20, 0x53, 0x42, 0x86, 0x08, 0x12, 0x10, 0x36, 0x20,
  0x50, 0x40, 0x12, 0x08, 0x10, 0x00, 0x30, 0x00, 0x10, 0x10, 0x02, 0x08, 0x10, 0x00, 0x00, 0x00,
  0x10, 0x00, 0x50, 0x18, 0x81, 0x02, 0x00, 0x50, 0x00, 0x24, 0x00, 0x10, 0x81, 0x02, 0x00, 0x10,
  0x00, 0x04, 0x02, 0x00, 0x10, 0x10, 0x12, 0x00, 0x10, 0x00, 0x10, 0x10, 0x81, 0x00, 0x00, 0x52,
  0x00, 0x24, 0x00, 0x10, 0x81, 0x02, 0x00, 0x10, 0x00, 0x04, 0x03, 0x20, 0x90, 0x02, 0x00, 0x10,
  0x10, 0x04, 0x12, 0x00, 0x10, 0x00, 0x00, 0x00, 0x10, 0x00, 0x16, 0x08, 0x12, 0x12, 0x12, 0x20,
  0x10, 0x40, 0x56, 0x00, 0x02, 0x12, 0x32, 0x20, 0x50, 0x40, 0x12, 0x00, 0x10, 0x10, 0x12, 0x20,
  0x10, 0x40, 0x16, 0x00, 0x10, 0x00, 0x12, 0x20, 0x50, 0x40, 0x10, 0x04, 0x10, 0x00, 0x00, 0x00,
  0x10, 0x00, 0x10, 0x00, 0x00, 0x00, 0x00, 0x00, 0x00, 0x00, 0x00, 0x00, 0x00, 0x20, 0x00, 0x00,
  0x00, 0x00, 0x00, 0x00, 0x00, 0x00, 0x04, 0x10, 0x22, 0x6C, 0x48, 0x00, 0xA0, 0x04, 0x08, 0x10,
  0x26, 0xEC, 0x00, 0x20, 0x80, 0x24, 0x08, 0x10, 0x26, 0x6C, 0x40, 0x20, 0x80, 0x2C, 0x08, 0x00,
  0x2C, 0x6C, 0x40, 0xA0, 0x80, 0x2C, 0x08, 0x14, 0x22, 0x6C, 0x40, 0xA0, 0x80, 0xAC, 0x08, 0x14,
  0x22, 0x6C, 0x40, 0xA0, 0x8C, 0xAC, 0x08, 0x94, 0x20, 0x6C, 0x60, 0xA0, 0x88, 0xAC, 0x08, 0x10,
  0x00, 0x68, 0x40, 0xA0, 0x80, 0xA4, 0x08, 0x10, 0x20, 0x6C, 0x40, 0x20, 0x80, 0x24, 0x08, 0x10,
  0x00, 0x00, 0x00, 0x20, 0x00, 0x2C, 0x08, 0x10, 0x20, 0x6C, 0x40, 0x20, 0x80, 0xAC, 0x08, 0x14,
  0x20, 0x6C, 0x40, 0xA0, 0x80, 0xAC, 0x08, 0x04, 0x22, 0x6C, 0x48, 0x80, 0x80, 0x24, 0x08, 0x10,
  0x22, 0x6C, 0x40, 0x20, 0x80, 0x20, 0x0C, 0x0A, 0x25, 0x62, 0x6C, 0x40, 0xA6, 0x85, 0x8C, 0x0A,
  0x25, 0x62, 0x6C, 0x40, 0x20, 0x80, 0xA4, 0x08, 0x10, 0x20, 0x6C, 0x40, 0x20, 0x80, 0xA4, 0x00,
  0x10, 0x20, 0x64, 0x40, 0x20, 0x80, 0x2C, 0x00, 0x10, 0x20, 0x24, 0x40, 0x20, 0xC8, 0x08, 0x20,
  0x82, 0x04, 0x24, 0xA0, 0x00, 0x48, 0x00, 0x20, 0x82, 0x04, 0x00, 0x20, 0x00, 0x08, 0x04, 0x00,
  0x10, 0x02, 0x60, 0x00, 0x22, 0x25, 0x04, 0x00, 0x10, 0x04, 0x60, 0x41, 0x20, 0x00, 0x20, 0x20,
  0x82, 0x04, 0x00, 0xA0, 0x00, 0x48, 0x00, 0x20, 0x82, 0x04, 0x00, 0x20, 0x00, 0x08, 0x04, 0x00,
  0x00, 0x08, 0x00, 0x00, 0x20, 0x00, 0x28, 0x28, 0x86, 0x20, 0x24, 0xE0, 0x80, 0xC8, 0x00, 0x28,
  0x82, 0x00, 0x00, 0xA0, 0x00, 0x08, 0x84, 0x08, 0x10, 0x00, 0x00, 0x00, 0x20, 0x00, 0x20, 0x08,
  0x00, 0x00, 0x00, 0x00, 0x20, 0x00, 0xA4, 0x00, 0x10, 0x00, 0x64, 0x00, 0x20, 0x00, 0x20, 0x00,
  0x00, 0x00, 0x00, 0x00, 0x00, 0x00, 0x00, 0x00, 0x00, 0x00, 0x00, 0x00, 0x00, 0x00, 0x00, 0x00,
  0x00, 0x0F, 0xDF, 0xFF, 0xFF, 0xFF, 0xDF, 0xFF, 0xDF, 0xFF, 0xFF, 0xFB, 0xFA, 0xFF, 0xFE, 0xFD,
  0xDD, 0xDF, 0xFF, 0xFF, 0xFF, 0xF5, 0x5F, 0xFC, 0xCF, 0xF0, 0x04, 0x0D, 0xDD, 0xDC, 0xCC, 0x05,
  0x5D, 0x5F, 0xFF, 0xFF, 0xFF, 0xFD, 0xDD, 0xDF, 0xFF, 0xF3, 0xCC, 0x36, 0x66, 0x69, 0x66, 0x9F,
  0xFB, 0xDF, 0xFB, 0xEF, 0xFB, 0xEF, 0xF7, 0xDB, 0xEF, 0xFF, 0xF5, 0xCC, 0x5F, 0x54, 0xFE, 0xFD,
  0x1D, 0x1F, 0xFF, 0xFF, 0xFF, 0xDF, 0xFF, 0xFF, 0xEF, 0xFF, 0xF3, 0x39, 0x66, 0x99, 0x66, 0x95,
  0xA5, 0xAD, 0xDD, 0xDF, 0x0F, 0xAD, 0xFF, 0xFF, 0xF4, 0x08, 0x8D, 0xDF, 0xFF, 0xFC, 0xC5, 0x50,
  0x00, 0x0F, 0xFF, 0xF0, 0x00, 0x0F, 0x0F, 0x00, 0x00, 0x0D, 0x0D, 0xF7, 0x3F, 0xB0, 0xCF, 0xC1,
  0xFD, 0xF0, 0x0C, 0xC5, 0xF0, 0x00, 0x0F, 0xFE, 0x40, 0x00, 0x07, 0xFF, 0xF0, 0x00, 0x07, 0x47,
  0x4F, 0x5C, 0x5F, 0x7F, 0xFF, 0xFF, 0xFF, 0xFF, 0xFD, 0xFF, 0xF0, 0x0F, 0xFF, 0xF0, 0x00, 0x0F,
  0xFA, 0xA5, 0x5F, 0x0F, 0xFF, 0xFF, 0xFF, 0xFF, 0xFF, 0x0F, 0xFC, 0x3C, 0xCC, 0x3C, 0xCC, 0x3C,
  0xC6, 0x96, 0x66, 0x96, 0x66, 0x96, 0x65, 0x6F, 0xDC, 0x3F, 0xFF, 0x5F, 0x5F, 0x0C, 0xC3, 0x35,
  0x55, 0x5C, 0xC0, 0xCF, 0xCC, 0x4F, 0x7A, 0x2F, 0x73, 0x1F, 0xD9, 0x69, 0x99, 0x69, 0x99, 0x69,
  0x99, 0x69, 0x99, 0x69, 0x99, 0x69, 0x95, 0x9A, 0xEC, 0x3F, 0xF6, 0x6F, 0x6F, 0xFF, 0xF7, 0x47,
  0x7E, 0xCF, 0xDF, 0x0F, 0xFC, 0x3C, 0xCC, 0x3C, 0xC6, 0x96, 0x66, 0x96, 0x66, 0x96, 0x66, 0x96,
  0x6F, 0xFF, 0xF7, 0xFF, 0xFF, 0xDF, 0xFF, 0xFF, 0xF0, 0xC0, 0xD0, 0x00, 0x00, 0x00, 0x0F, 0xFF,
  0xF0, 0x00, 0x0D, 0xFD, 0xFF, 0x5C, 0x43, 0x3F, 0xFF, 0xF0, 0x00, 0x00, 0x00, 0x00, 0x00, 0x00,
  0x00, 0x00, 0x00, 0x00, 0x00, 0x00, 0x00, 0x00, 0x00, 0x00, 0x00, 0x00, 0x00, 0x0F, 0xDF, 0xCF,
  0x4F, 0xEF, 0xDF, 0xCF, 0xDF, 0xCF, 0xFF, 0xFF, 0xFF, 0xF0, 0x00, 0x0D, 0xDD, 0xD0, 0x0F, 0xF5,
  0x55, 0x55, 0x5F, 0xFC, 0xCF, 0xF0, 0x04, 0x0F, 0x5F, 0x5C, 0xCC, 0x05, 0x55, 0x5F, 0xFF, 0x7F,
  0xFF, 0xFD, 0xDD, 0xDF, 0xFF, 0xFC, 0x33, 0xC9, 0x99, 0x96, 0x99, 0x6F, 0xFD, 0xBF, 0xFD, 0x7F,
  0xF7, 0xDF, 0xFB, 0xED, 0x7F, 0xF0, 0x05, 0xC0, 0x53, 0x54, 0x0E, 0x01, 0x1D, 0xDF, 0xBF, 0xFF,
  0xFF, 0xFE, 0xFF, 0xFF, 0xFF, 0xFF, 0xFF, 0xF9, 0x66, 0x96, 0x99, 0x6A, 0x5A, 0x5D, 0xDD, 0xD0,
  0x00, 0x00, 0xF0, 0xFF, 0xF0, 0x08, 0x8D, 0xDF, 0xFF, 0xFC, 0xC5, 0x50, 0x00, 0x0D, 0xDF, 0xF0,
  0x00, 0x0F, 0xAF, 0x30, 0x00, 0x08, 0x08, 0xF4, 0x0C, 0x85, 0x55, 0x51, 0x0D, 0x00, 0x0C, 0xC5,
  0x00, 0x00, 0x00, 0x0E, 0x40, 0x00, 0x07, 0xFF, 0xF0, 0x00, 0x00, 0x0F, 0xF0, 0x5C, 0x5F, 0xFF,
  0xF7, 0xFF, 0xFF, 0xFF, 0x7F, 0xFF, 0xF1, 0x1C, 0xCD, 0xD0, 0x00, 0x0D, 0xD8, 0x85, 0x5F, 0x0F,
  0xF0, 0x0E, 0xFF, 0x0F, 0x0F, 0x0F, 0xFC, 0x3C, 0xCC, 0x3C, 0xCC, 0x3C, 0xC6, 0x96, 0x66, 0x96,
  0x66, 0x96, 0x6A, 0x95, 0x4C, 0x3F, 0xFA, 0x0A, 0x0F, 0x0C, 0xC0, 0x00, 0xF0, 0xFF, 0x05, 0x55,
  0x50, 0x43, 0x78, 0x0D, 0x52, 0x0E, 0xC9, 0x69, 0x99, 0x69, 0x99, 0x69, 0x99, 0x69, 0x99, 0x69,
  0x99, 0x69, 0x9A, 0x60, 0x8C, 0x3F, 0xF6, 0x6F, 0x6C, 0x5F, 0x04, 0x44, 0x72, 0x03, 0x1F, 0x0F,
  0xFC, 0x3C, 0xCC, 0x3C, 0xC6, 0x96, 0x66, 0x96, 0x66, 0x96, 0x66, 0x96, 0x6F, 0xFF, 0xF7, 0xFF,
  0xFF, 0xDF, 0xFF, 0xFF, 0xBF, 0xFF, 0xF0, 0x00, 0x00, 0x00, 0x03, 0xFF, 0xF0, 0x00, 0x0D, 0xDD,
  0xFF, 0x5C, 0x4C, 0xCC, 0xCF, 0xF0, 0x00, 0x00, 0x00, 0x00, 0x00, 0x00, 0x00, 0x00, 0x00, 0x00,
  0x00, 0x00, 0x00, 0x04, 0x00, 0x00, 0x00, 0x00, 0x00, 0x02, 0x80, 0x10, 0x02, 0x02, 0x00, 0x40,
  0x00, 0x00, 0x00, 0x64, 0x40, 0x60, 0x00, 0x02, 0x03, 0x00, 0x01, 0x20, 0x04, 0x20, 0x04, 0x14,
  0x80, 0x83, 0x92, 0x04, 0x64, 0x02, 0xA6, 0x44, 0x84, 0x00, 0x00, 0x08, 0x00, 0x42, 0x08, 0x51,
  0x0A, 0x00, 0x88, 0x40, 0x00, 0x02, 0xAB, 0x50, 0x00, 0x48, 0x00, 0x50, 0x04, 0x07, 0x86, 0x03,
  0x00, 0x18, 0x87, 0x40, 0x5B, 0x01, 0x4A, 0x00, 0x85, 0x08, 0x19, 0x4B, 0x00, 0x03, 0x10, 0x03,
  0x54, 0x03, 0x88, 0x80, 0x14, 0x60, 0x17, 0x20, 0x42, 0x00, 0x10, 0x08, 0x08, 0x44, 0x07, 0x00,
  0x00, 0x60, 0x8A, 0x80, 0x08, 0x00, 0x00, 0x00, 0x08, 0x03, 0x02, 0x93, 0x42, 0x80, 0x46, 0x00,
  0x40, 0x00, 0x08, 0x88, 0xB9, 0x08, 0xA8, 0x80, 0x03, 0x00, 0x00, 0x04, 0x80, 0x08, 0x00, 0x48,
  0x00, 0x20, 0x00, 0x02, 0x83, 0x8A, 0x20, 0x81, 0x80, 0x98, 0x0A, 0x05, 0x03, 0x15, 0x82, 0xA4,
  0x04, 0x08, 0x43, 0x00, 0x00, 0x06, 0x08, 0xA6, 0x28, 0x04, 0x80, 0x8A, 0x80, 0x00, 0x62, 0x10,
  0x60, 0x00, 0x60, 0x02, 0x50, 0x90, 0x81, 0x80, 0x40, 0x80, 0x40, 0x90, 0xA0, 0x10, 0x80, 0x10,
  0x18, 0x10, 0x28, 0x90, 0xA0, 0x00, 0x00, 0x00, 0xA0, 0x80, 0xB0, 0x00, 0x20, 0x10, 0x00, 0xA8,
  0x68, 0x00, 0x70, 0xB8, 0x80, 0x04, 0x00, 0x07, 0x00, 0x01, 0x00, 0x48, 0x00, 0x00, 0x80, 0x08,
  0x22, 0x80, 0x12, 0xB0, 0x82, 0xB0, 0x06, 0x90, 0x82, 0x01, 0x02, 0x00, 0x80, 0x00, 0x82, 0x00,
  0x40, 0x00, 0x80, 0x03, 0x0A, 0x03, 0x9A, 0x08, 0x80, 0x02, 0x02, 0x02, 0x60, 0x04, 0x00, 0x44,
  0x40, 0x02, 0x40, 0x82, 0x02, 0x40, 0x00, 0x1A, 0x10, 0x0A, 0x02, 0x00, 0x20, 0x04, 0x20, 0x00,
  0x40, 0x00, 0xA0, 0x00, 0x00, 0x00, 0x20, 0x00, 0x20, 0x00, 0x20, 0x40, 0x00, 0x00, 0x00, 0x00,
  0x00, 0x00, 0x00, 0x00, 0x01, 0x22, 0x41, 0x08, 0x02, 0x12, 0x00, 0x50, 0x20, 0x00, 0xE0, 0x22,
  0x40, 0x24, 0x20, 0x10, 0xD0, 0x22, 0x08, 0x91, 0x80, 0x01, 0x80, 0x40, 0x00, 0x00, 0x42, 0x40,
  0x00, 0x40, 0x00, 0x41, 0x00, 0x08, 0x25, 0x26, 0x2A, 0x42, 0x22, 0x44, 0xC2, 0x20, 0x15, 0x44,
  0x01, 0x21, 0x20, 0x00, 0x00, 0x45, 0x0D, 0x40, 0x00, 0x20, 0x02, 0xD8, 0x0A, 0x00, 0x50, 0x61,
  0x40, 0xD4, 0x61, 0xD0, 0x50, 0xD1, 0x00, 0x40, 0x02, 0xC8, 0x0A, 0xC0, 0x44, 0xE0, 0x04, 0x12,
  0x00, 0x28, 0x80, 0x01, 0x49, 0x1D, 0x44, 0x80, 0x22, 0x50, 0x20, 0x08, 0xE1, 0x01, 0x40, 0x18,
  0x24, 0x08, 0xC5, 0x40, 0xC1, 0x10, 0x12, 0x00, 0x58, 0x00, 0x01, 0xD6, 0x69, 0xD8, 0x25, 0x44,
  0x00, 0x14, 0x06, 0x50, 0xE8, 0x10, 0x08, 0xE2, 0x00, 0x01, 0xE8, 0x22, 0x50, 0x10, 0x00, 0x10,
  0x20, 0x50, 0x10, 0x50, 0x22, 0x40, 0x11, 0xA0, 0xD0, 0x80, 0x11, 0x10, 0xC0, 0x91, 0x40, 0x28,
  0x90, 0xE2, 0x64, 0x22, 0x81, 0xE0, 0x54, 0x01, 0x02, 0x20, 0x00, 0x08, 0x20, 0x0E, 0x20, 0x08,
  0x40, 0x46, 0x04, 0x48, 0x40, 0x48, 0x48, 0x09, 0x00, 0x40, 0x00, 0x0A, 0x00, 0x00, 0x25, 0x01,
  0x25, 0x18, 0x00, 0xE0, 0x00, 0x01, 0x00, 0x00, 0x05, 0x00, 0x04, 0x10, 0x00, 0x00, 0x00, 0x00,
  0x60, 0x00, 0x16, 0x00, 0x12, 0x10, 0x00, 0x01, 0x10, 0x10, 0x50, 0x90, 0x90, 0x00, 0x40, 0x08,
  0x20, 0x05, 0x00, 0x0E, 0x00, 0x08, 0x40, 0x01, 0x40, 0x00, 0x40, 0x09, 0x00, 0x20, 0x11, 0x08,
  0x00, 0x00, 0x01, 0x00, 0x14, 0x01, 0x01, 0x00, 0x10, 0x00, 0x00, 0x40, 0x40, 0x02, 0x40, 0x02,
  0x40, 0x40, 0x00, 0x42, 0x01, 0x02, 0x02, 0x01, 0x05, 0x02, 0x00, 0x00, 0x40, 0x00, 0x06, 0x00,
  0x00, 0x00, 0x80, 0x00, 0x80, 0x06, 0x80, 0x40, 0x00, 0x00, 0x00, 0x04, 0x00, 0x00, 0x00, 0x00,
  0x00, 0x02, 0x00, 0x00, 0x00, 0x04, 0x21, 0x00, 0x80, 0x01, 0x00, 0x04, 0x01, 0x81, 0x81, 0x41,
  0x00, 0x00, 0x30, 0x04, 0x24, 0x04, 0x24, 0x84, 0x21, 0x50, 0x80, 0x00, 0x18, 0x11, 0x09, 0x14,
  0x20, 0x14, 0xA8, 0x20, 0x88, 0x14, 0x80, 0x00, 0x00, 0x80, 0x20, 0x11, 0x00, 0xA0, 0x04, 0x25,
  0x21, 0x90, 0x90, 0x00, 0x04, 0x84, 0x28, 0x82, 0x00, 0x22, 0x80, 0x04, 0x84, 0x00, 0x80, 0x05,
  0x80, 0x80, 0x08, 0x98, 0x00, 0x10, 0x04, 0x90, 0x05, 0x04, 0x21, 0x20, 0x81, 0x84, 0xC0, 0x94,
  0x02, 0x82, 0x03, 0x41, 0x02, 0x88, 0x80, 0xB5, 0x80, 0x10, 0x03, 0xA4, 0x09, 0x01, 0x12, 0x09,
  0x92, 0xA0, 0x88, 0xC4, 0x01, 0x41, 0xB0, 0x04, 0x80, 0x05, 0x80, 0x91, 0x00, 0x01, 0x10, 0x04,
  0x80, 0x4A, 0x00, 0x80, 0xD5, 0x30, 0x03, 0xA2, 0x00, 0x85, 0x91, 0x89, 0x44, 0x83, 0x08, 0x08,
  0x44, 0x09, 0xA2, 0x40, 0x00, 0xA4, 0xC4, 0x00, 0x98, 0xC8, 0x10, 0x81, 0x40, 0x80, 0x89, 0x88,
  0x92, 0x81, 0x81, 0x52, 0x40, 0x00, 0x01, 0xA4, 0x00, 0x10, 0x04, 0x01, 0x04, 0x82, 0x40, 0x00,
  0x00, 0x00, 0x04, 0xA0, 0x00, 0x88, 0x20, 0x80, 0x08, 0x80, 0x04, 0x24, 0x00, 0x09, 0x00, 0x04,
  0x01, 0x40, 0x00, 0x04, 0x10, 0x04, 0x01, 0x02, 0x19, 0x00, 0x04, 0x09, 0x04, 0x18, 0x20, 0x18,
  0x04, 0x04, 0x20, 0x48, 0x20, 0x20, 0x00, 0x48, 0x01, 0xB2, 0x85, 0x84, 0x21, 0x82, 0xD9, 0xC2,
  0x41, 0x90, 0x01, 0x10, 0x00, 0x00, 0x01, 0x52, 0x20, 0x02, 0x20, 0x00, 0x01, 0x00, 0xA0, 0x02,
  0x21, 0x02, 0x00, 0x11, 0x00, 0x14, 0x10, 0x00, 0x00, 0x00, 0x00, 0x22, 0x91, 0x03, 0x00, 0x02,
  0x00, 0x02, 0x00, 0x00, 0x90, 0x00, 0x00, 0x02, 0x00, 0x00, 0x00, 0x00, 0x40, 0x10, 0x00, 0x10,
  0x00, 0x00, 0x00, 0x09, 0x00, 0x00, 0x00, 0x00, 0x00, 0x00, 0x00, 0x00, 0x04, 0x28, 0x04, 0x41,
  0x00, 0x28, 0x84, 0x20, 0x00, 0x04, 0x20, 0x24, 0x02, 0x00, 0x02, 0xA0, 0x10, 0x14, 0xC5, 0x2A,
  0x00, 0x8A, 0x00, 0x80, 0x02, 0x20, 0x00, 0x81, 0x40, 0xA0, 0x00, 0x24, 0x01, 0x20, 0x88, 0xA1,
  0x04, 0x28, 0x05, 0x40, 0x01, 0x09, 0x41, 0x20, 0x04, 0x89, 0x20, 0x1C, 0x82, 0x01, 0x01, 0x29,
  0x00, 0x00, 0x00, 0x00, 0x05, 0x90, 0x01, 0x2C, 0x00, 0x20, 0x01, 0x1C, 0x05, 0x05, 0x24, 0x00,
  0x0D, 0x21, 0x24, 0x09, 0x20, 0x18, 0x01, 0x24, 0x05, 0x00, 0x01, 0x8C, 0x00, 0x00, 0x98, 0x05,
  0x14, 0x00, 0x01, 0x84, 0x04, 0x14, 0x00, 0x00, 0x10, 0x05, 0x18, 0x8A, 0x04, 0x89, 0x08, 0x08,
  0x41, 0x04, 0x01, 0x18, 0x03, 0x14, 0x01, 0x01, 0x23, 0x21, 0x41, 0x28, 0x01, 0xA4, 0x01, 0x05,
  0x0C, 0xC5, 0x24, 0x04, 0xA0, 0x8C, 0x04, 0x08, 0x18, 0x00, 0xA8, 0x4C, 0x1C, 0x22, 0x80, 0x25,
  0x10, 0x02, 0x08, 0x11, 0x00, 0x04, 0x10, 0x05, 0x10, 0x01, 0x80, 0x00, 0x04, 0x05, 0x00, 0x10,
  0x04, 0x19, 0x00, 0x80, 0x10, 0x41, 0x18, 0x01, 0x28, 0x08, 0x00, 0x01, 0x00, 0x01, 0x00, 0x05,
  0x00, 0x88, 0x00, 0x05, 0x20, 0x00, 0x90, 0x1C, 0x10, 0x12, 0x00, 0x28, 0x04, 0x02, 0x20, 0x08,
  0x90, 0x28, 0x00, 0x10, 0x24, 0x00, 0x48, 0x24, 0x18, 0x20, 0xA0, 0x10, 0x2C, 0x4A, 0x80, 0x04,
  0xA0, 0x90, 0x20, 0x10, 0x20, 0x08, 0x88, 0x00, 0x20, 0x08, 0x80, 0x00, 0x00, 0x03, 0x80, 0x44,
  0x00, 0x00, 0x00, 0xC4, 0x00, 0x48, 0x24, 0x01, 0x01, 0x09, 0x01, 0x00, 0x10, 0x08, 0x09, 0x20,
  0x10, 0x40, 0x20, 0x01, 0x00, 0x00, 0x00, 0x08, 0x80, 0x0A, 0x00, 0xA0, 0x44, 0x00, 0x00, 0x04,
  0x80, 0x05, 0x80, 0x08, 0x09, 0x00, 0x00, 0x00, 0x80, 0x40, 0x00, 0x40, 0x00, 0x00, 0x00, 0x00,
  0x00, 0x00, 0x00, 0x00, 0x00, 0x00, 0x00, 0x00, 0x28, 0x00, 0x00, 0x00, 0x00, 0x01, 0x20, 0x00,
  0x00, 0x00, 0x00, 0x00, 0x00, 0x00, 0x40, 0x01, 0x00, 0x08, 0x80, 0x02, 0x44, 0x04, 0x80, 0x00,
  0x00, 0x00, 0x00, 0x04, 0x80, 0x40, 0x20, 0x00, 0x80, 0x04, 0x00, 0x00, 0x00, 0x24, 0x40, 0x14,
  0x00, 0x14, 0x80, 0x04, 0x90, 0x08, 0x80, 0x00, 0x04, 0x00, 0x00, 0x00, 0x00, 0x04, 0x00, 0x00,
  0x00, 0x04, 0x20, 0x81, 0x10, 0x04, 0x00, 0x04, 0x14, 0x00, 0x00, 0x85, 0x40, 0x00, 0x10, 0x08,
  0x00, 0x04, 0x10, 0x09, 0x10, 0x04, 0x04, 0x00, 0x20, 0x01, 0x40, 0x04, 0x19, 0x00, 0x00, 0x08,
  0x00, 0x01, 0xA0, 0x00, 0x10, 0x00, 0x80, 0x01, 0x00, 0x00, 0x00, 0x04, 0x00, 0x04, 0x10, 0x09,
  0x00, 0x00, 0x90, 0x08, 0x21, 0x01, 0x00, 0x18, 0x00, 0x00, 0x08, 0x40, 0x80, 0x01, 0x00, 0x40,
  0x01, 0x80, 0x01, 0x20, 0x08, 0x00, 0x00, 0x00, 0x00, 0x00, 0x04, 0x00, 0x00, 0x00, 0x00, 0x40,
  0x00, 0x00, 0x00, 0x00, 0x01, 0x80, 0x08, 0x00, 0x09, 0x04, 0x00, 0x00, 0x00, 0x00, 0x00, 0x00,
  0x00, 0x00, 0x10, 0x04, 0x00, 0x00, 0x01, 0x00, 0x00, 0x00, 0x00, 0x00, 0x02, 0x00, 0x00, 0x00,
  0x10, 0x00, 0x02, 0x00, 0x04, 0x00, 0x01, 0x00, 0x0A, 0x00, 0x00, 0x00, 0x00, 0x00, 0x00, 0x00,
  0x00, 0x00, 0x00, 0x04, 0x00, 0x80, 0x00, 0x00, 0x0A, 0x00, 0x0C, 0x00, 0x04, 0x20, 0x00, 0x00,
  0x02, 0x20, 0x00, 0xA0, 0x09, 0x20, 0x00, 0x00, 0x80, 0x00, 0x80, 0x80, 0x00, 0x80, 0x88, 0x80,
  0x00, 0x00, 0x00, 0x80, 0x00, 0x80, 0x00, 0x00, 0x00, 0x00, 0x00, 0x00, 0x00, 0x00, 0x08, 0x00,
  0x00, 0x00, 0x08, 0x00, 0x00, 0x00, 0x00, 0x40, 0x00, 0x00, 0x00, 0x00, 0x09, 0x00, 0x00, 0x00,
  0x08, 0x00, 0x00, 0x00, 0x00, 0x00, 0x00, 0x00, 0x00, 0x00, 0x00, 0x00, 0x00, 0x08, 0x00, 0x00,
  0x08, 0x08, 0x00, 0x00, 0x18, 0x00, 0x00, 0x00, 0x00, 0x00, 0x00, 0x00, 0x00, 0x04, 0x00, 0x00,
  0x80, 0x00, 0x10, 0x00, 0x90, 0x02, 0x00, 0x00, 0x30, 0x90, 0xC0, 0x00, 0x90, 0x81, 0xD0, 0x00,
  0x90, 0x00, 0x00, 0x00, 0x40, 0x00, 0x80, 0x00, 0x00, 0x01, 0x10, 0x00, 0x00, 0x00, 0x80, 0x00,
  0x10, 0x02, 0x20, 0x00, 0xB0, 0x00, 0x00, 0x00, 0x00, 0x02, 0x80, 0x00, 0x80, 0x08, 0x10, 0x20,
  0x10, 0x00, 0x00, 0x08, 0x10, 0x00, 0x00, 0xA0, 0x20, 0x00, 0x00, 0x08, 0x00, 0x00, 0x10, 0x00,
  0x20, 0x00, 0x00, 0x02, 0x00, 0x01, 0x10, 0x21, 0x10, 0x04, 0x00, 0x08, 0x00, 0x91, 0x20, 0x00,
  0x10, 0x00, 0x00, 0x00, 0x20, 0x00, 0x00, 0x09, 0x00, 0x08, 0x10, 0x00, 0x00, 0x00, 0x10, 0x02,
  0x00, 0x20, 0x00, 0x22, 0x20, 0x00, 0x05, 0x11, 0x22, 0x00, 0x04, 0x10, 0x00, 0x40, 0x20, 0x00,
  0x02, 0x00, 0x08, 0x00, 0x44, 0x04, 0x04, 0x00, 0x90, 0x90, 0x08, 0x00, 0x08, 0x00, 0x02, 0x00,
  0x20, 0x40, 0x02, 0xC0, 0x00, 0x00, 0x02, 0x40, 0x02, 0x20, 0x00, 0x00, 0x25, 0x00, 0x00, 0x40,
  0x00, 0x01, 0x01, 0x00, 0x01, 0x00, 0x01, 0x00, 0x01, 0x00, 0x01, 0x00, 0x11, 0x00, 0x00, 0x00,
  0x00, 0x00, 0x00, 0x00, 0x04, 0x01, 0x00, 0x00, 0x08, 0x00, 0x04, 0x00, 0x00, 0x00, 0x08, 0x20,
  0x00, 0x20, 0x48, 0x00, 0x08, 0x00, 0x02, 0x00, 0x01, 0x20, 0x02, 0x00, 0x01, 0x00, 0x04, 0x00,
  0x00, 0x00, 0x02, 0x00, 0x02, 0x00, 0x00, 0x00, 0x00, 0x00, 0x02, 0x00, 0x08, 0x02, 0x00, 0x00,
  0x01, 0x00, 0x03, 0x00, 0x00, 0x00, 0x00, 0x90, 0x01, 0x00, 0x03, 0x80, 0x00, 0x80, 0x04, 0x00,
  0x00, 0x90, 0x00, 0x10, 0x04, 0xB0, 0x04, 0x90, 0x00, 0x00, 0x00, 0x00, 0x04, 0x00, 0x00, 0x00,
  0x84, 0x00, 0x00, 0x00, 0x00, 0x00, 0x01, 0x21, 0x00, 0x00, 0x00, 0x00, 0x00, 0x00, 0x00, 0x00,
  0x00, 0x00, 0x00, 0x05, 0x00, 0x00, 0x10, 0x00, 0x00, 0x08, 0x45, 0x00, 0x50, 0x00, 0x05, 0x00,
  0x00, 0x00, 0x40, 0x00, 0x02, 0x00, 0x00, 0x00, 0x05, 0x04, 0x00, 0x01, 0x40, 0x10, 0x50, 0x00,
  0x00, 0x02, 0x50, 0x00, 0x40, 0x10, 0x45, 0x11, 0xC0, 0x22, 0x00, 0x01, 0x40, 0x04, 0x00, 0x00,
  0x02, 0x00, 0x00, 0x00, 0x40, 0x01, 0x16, 0x00, 0x20, 0x00, 0x00, 0x00, 0x00, 0x01, 0x00, 0x01,
  0x01, 0x00, 0x00, 0x12, 0x00, 0x40, 0x40, 0x00, 0xC2, 0x01, 0x40, 0x00, 0x20, 0x01, 0x00, 0x0A,
  0x10, 0x00, 0xC5, 0x00, 0x00, 0x0D, 0x00, 0x00, 0x00, 0x00, 0x00, 0x05, 0x00, 0x02, 0x40, 0x0A,
  0x00, 0x01, 0x00, 0x00, 0x40, 0x01, 0xC0, 0x00, 0xC0, 0x00, 0x00, 0x02, 0x58, 0x02, 0x00, 0x00,
  0x00, 0x00, 0x04, 0x04, 0x01, 0x40, 0xC8, 0xC0, 0x01, 0x00, 0x01, 0x11, 0xC0, 0xC0, 0xC2, 0xC0,
  0x08, 0xC8, 0x02, 0x00, 0x02, 0x00, 0x00, 0xD0, 0x00, 0xC0, 0x08, 0xC0, 0x08, 0x00, 0x00, 0x10,
  0x00, 0x40, 0x08, 0x00, 0x00, 0x00, 0x00, 0x00, 0x00, 0x00, 0x26, 0x02, 0x00, 0x00, 0x00, 0x40,
  0x00, 0x00, 0x00, 0x00, 0x00, 0x00, 0x00, 0x00, 0x00, 0x00, 0x00, 0x00, 0x01, 0x00, 0x00, 0x02,
  0x01, 0x04, 0x00, 0x00, 0x08, 0x00, 0x0A, 0x00, 0x00, 0x00, 0x00, 0x01, 0x80, 0x00, 0x00, 0x40,
  0x00, 0x40, 0x01, 0x40, 0x80, 0x20, 0x00, 0x40, 0x80, 0x20, 0x08, 0x50, 0x40, 0x50, 0x4E, 0x40,
  0x48, 0x00, 0x45, 0x40, 0x00, 0x40, 0x40, 0x40, 0x00, 0x00, 0x00, 0x40, 0x00, 0x40, 0x00, 0x00,
  0x00, 0x00, 0x00, 0x00, 0x00, 0x00, 0x00, 0x20, 0x00, 0x60, 0x00, 0x00, 0x00, 0x02, 0x00, 0x00,
  0x00, 0x02, 0x02, 0x00, 0x02, 0x00, 0x02, 0x00, 0x02, 0x00, 0x00, 0x00, 0x10, 0x00, 0x00, 0x00,
  0x00, 0x00, 0x00, 0x04, 0x00, 0x08, 0x00, 0x00, 0x04, 0x04, 0x00, 0x00, 0x00, 0x00, 0x00, 0x00,
  0x00, 0x04, 0x00, 0x00, 0x00, 0x00, 0x40, 0x00, 0x40, 0x00, 0x00, 0x04, 0x00, 0x00, 0x00, 0x01,
  0x80, 0x01, 0x10, 0x00, 0x00, 0x10, 0x80, 0x00, 0x00, 0x00, 0x80, 0x00, 0x00, 0x00, 0x40, 0x00,
  0x40, 0x00, 0x40, 0x00, 0x00, 0x00, 0x30, 0x00, 0x00, 0x01, 0x00, 0x00, 0x80, 0x00, 0x00, 0x03,
  0x40, 0x08, 0x00, 0x00, 0x00, 0x09, 0x00, 0x04, 0x00, 0x00, 0x00, 0x04, 0x00, 0x00, 0x00, 0x04,
  0x90, 0x40, 0x50, 0x00, 0x02, 0x00, 0x40, 0x00, 0x80, 0x00, 0x01, 0x02, 0x00, 0x06, 0x00, 0x40,
  0x00, 0x00, 0x00, 0x03, 0x00, 0x06, 0x10, 0x00, 0x00, 0x02, 0x00, 0x02, 0x80, 0x02, 0x00, 0x08,
  0x40, 0x08, 0x00, 0x00, 0x00, 0x00, 0x23, 0x02, 0x40, 0x46, 0x00, 0x90, 0x80, 0x00, 0x00, 0x00,
  0x0A, 0x44, 0x00, 0x00, 0x66, 0x00, 0x86, 0x62, 0x00, 0x00, 0x0A, 0x00, 0x80, 0x00, 0x04, 0x00,
  0x02, 0x00, 0x08, 0x00, 0x08, 0x00, 0x00, 0x00, 0x40, 0x00, 0x00, 0x80, 0x00, 0x41, 0x00, 0x80,
  0x08, 0x80, 0x00, 0x60, 0x46, 0x60, 0x00, 0x80, 0x00, 0x02, 0x06, 0x40, 0x02, 0x00, 0x02, 0x00,
  0x00, 0x00, 0x02, 0x00, 0x02, 0x00, 0x01, 0x00, 0x00, 0x00, 0x08, 0xA2, 0x00, 0x00, 0x00, 0x00,
  0x00, 0xA0, 0x02, 0x03, 0x00, 0x00, 0x08, 0x40, 0x20, 0x00, 0x44, 0x80, 0x01, 0x80, 0x00, 0x80,
  0x20, 0x80, 0x08, 0x80, 0x20, 0x00, 0x00, 0x00, 0x80, 0x80, 0x80, 0x80, 0x00, 0x00, 0x00, 0x00,
  0x00, 0x00, 0x00, 0x00, 0x04, 0x08, 0x00, 0x00, 0x02, 0x00, 0x0A, 0x00, 0x03, 0x00, 0x00, 0x00,
  0x02, 0x00, 0x02, 0x00, 0x00, 0x40, 0x00, 0x00, 0x00, 0x02, 0x00, 0x00, 0x04, 0x82, 0x06, 0x00,
  0x02, 0x00, 0x02, 0x00, 0x02, 0x00, 0x00, 0x00, 0x04, 0x00, 0x00, 0x00, 0x00, 0x00, 0x00, 0x80,
  0x00, 0x00, 0x00, 0x00, 0x00, 0x00, 0x00, 0x00, 0x00, 0x01, 0x05, 0x20, 0x00, 0x00, 0x00, 0x00,
  0x00, 0x00, 0x02, 0xCA, 0x20, 0x00, 0x11, 0x48, 0x03, 0x00, 0x20, 0x00, 0x00, 0x00, 0x00, 0x20,
  0x40, 0x50, 0x8A, 0x82, 0x60, 0x02, 0x10, 0x00, 0x15, 0x00, 0x00, 0x00, 0x20, 0x01, 0x10, 0x80,
  0x91, 0x40, 0x50, 0x40, 0x30, 0x02, 0x10, 0x48, 0x11, 0x11, 0x62, 0x2C, 0x20, 0x00, 0x10, 0x20,
  0x10, 0x00, 0x41, 0xC4, 0x48, 0x02, 0x10, 0x00, 0x14, 0x18, 0x04, 0x00, 0x48, 0x00, 0x10, 0x04,
  0x82, 0x44, 0x40, 0x04, 0x48, 0x00, 0x10, 0x08, 0x80, 0x24, 0x60, 0x22, 0x48, 0x00, 0x89, 0x08,
  0x12, 0x20, 0x02, 0xA0, 0x48, 0x02, 0x90, 0x01, 0x01, 0x10, 0x22, 0x10, 0x48, 0x00, 0x10, 0xA0,
  0x03, 0x02, 0x01, 0x04, 0x48, 0x00, 0x10, 0x80, 0x83, 0x00, 0x00, 0x40, 0x25, 0x48, 0x00, 0x30,
  0x02, 0x03, 0x00, 0x40, 0x00, 0x50, 0x00, 0x30, 0x45, 0x45, 0x01, 0x40, 0x88, 0x50, 0x00, 0x10,
  0x10, 0x10, 0x14, 0x00, 0x03, 0x48, 0x01, 0x30, 0x30, 0x94, 0x60, 0x00, 0x00, 0x00, 0x00, 0x00,
  0x85, 0x18, 0x00, 0x04, 0x28, 0x08, 0x00, 0x30, 0x28, 0x41, 0x10, 0x84, 0x40, 0x00, 0x00, 0x80,
  0x90, 0x52, 0x15, 0x00, 0x10, 0x90, 0x00, 0x10, 0x90, 0x98, 0x05, 0x80, 0x12, 0x90, 0x01, 0x10,
  0x10, 0x50, 0x04, 0x51, 0x23, 0x80, 0x00, 0x40, 0x11, 0x01, 0x06, 0x00, 0x22, 0x00, 0x00, 0x00,
  0x08, 0x05, 0x08, 0x20, 0x00, 0x00, 0x01, 0x04, 0xA1, 0x11, 0x04, 0x01, 0x20, 0x00, 0x00, 0x40,
  0x02, 0x02, 0x21, 0x40, 0x04, 0x00, 0x02, 0x00, 0x40, 0x50, 0x00, 0xA0, 0x80, 0x00, 0x00, 0x10,
  0x00, 0x00, 0x80, 0x00, 0x48, 0x00, 0x02, 0x10, 0x00, 0x11, 0x00, 0x20, 0x40, 0x00, 0x00, 0x10,
  0x00, 0x90, 0x40, 0x00, 0x40, 0x00, 0x00, 0x00, 0xA0, 0x02, 0x00, 0x00, 0x00, 0x00, 0x00, 0x00,
  0x00, 0x00, 0x00, 0x00, 0x00, 0x00, 0x01, 0x00, 0x10, 0x20, 0x00, 0x00, 0x00, 0x62, 0xC8, 0x00,
  0x90, 0x00, 0x00, 0x08, 0x00, 0x00, 0x82, 0x06, 0x00, 0x00, 0x00, 0x02, 0x08, 0x00, 0x48, 0x00,
  0x10, 0x00, 0x06, 0x08, 0x00, 0x00, 0x40, 0x00, 0x90, 0x04, 0x06, 0x00, 0x80, 0x28, 0x40, 0x15,
  0x80, 0x00, 0x06, 0x06, 0x40, 0x00, 0x01, 0x00, 0x90, 0x00, 0x06, 0x80, 0x02, 0x00, 0x40, 0x29,
  0x20, 0x04, 0x06, 0x00, 0x81, 0x00, 0x10, 0x20, 0x20, 0x00, 0x06, 0x90, 0x40, 0x00, 0x20, 0x08,
  0x20, 0x00, 0x06, 0x00, 0x0C, 0x14, 0x19, 0x10, 0x20, 0x00, 0x00, 0x86, 0x10, 0x10, 0xD8, 0x02,
  0x20, 0x00, 0x06, 0x05, 0x80, 0x08, 0x00, 0x01, 0x20, 0x00, 0x06, 0x08, 0x00, 0x08, 0x14, 0xA8,
  0x20, 0x20, 0xC6, 0x08, 0x40, 0xA0, 0x00, 0x00, 0x88, 0x20, 0x00, 0x06, 0x94, 0x80, 0x60, 0x00,
  0x06, 0x20, 0x00, 0x00, 0x00, 0x00, 0x10, 0x09, 0x20, 0x20, 0x02, 0x06, 0x43, 0x42, 0x42, 0x88,
  0xA4, 0x20, 0x00, 0x06, 0x80, 0x00, 0x20, 0x88, 0x00, 0x00, 0x00, 0x00, 0x00, 0x00, 0x88, 0x00,
  0x00, 0x00, 0x01, 0x00, 0x84, 0x20, 0x0C, 0x42, 0x01, 0x00, 0x00, 0x00, 0x05, 0x00, 0x00, 0x02,
  0x01, 0x20, 0x00, 0x06, 0x04, 0x00, 0x10, 0x00, 0x08, 0x20, 0x00, 0x06, 0x80, 0x08, 0x80, 0x21,
  0x08, 0x20, 0x01, 0x06, 0x08, 0x20, 0x00, 0x01, 0x08, 0x00, 0x01, 0x00, 0x08, 0x20, 0x50, 0x0A,
  0x08, 0x00, 0x00, 0x20, 0x08, 0x54, 0x40, 0x14, 0x90, 0x00, 0x05, 0x00, 0x98, 0x40, 0x20, 0x44,
  0x00, 0x20, 0x00, 0x06, 0x32, 0x00, 0x00, 0x10, 0x00, 0x00, 0x00, 0x00, 0x82, 0x04, 0x00, 0x00,
  0x00, 0x00, 0x20, 0x01, 0x00, 0x00, 0x20, 0x80, 0x00, 0x00, 0x00, 0x00, 0x00, 0x02, 0x00, 0x00,
  0x00, 0x00, 0x00, 0x00, 0x00, 0x00, 0x00, 0x20, 0x00, 0x00, 0x00, 0x00, 0x00, 0x00, 0x00, 0x00,
  0x00, 0x00, 0x02, 0x24, 0x00, 0x00, 0x12, 0x00, 0x00, 0x08, 0x20, 0x00, 0x00, 0x00, 0x04, 0x01,
  0x40, 0x80, 0x22, 0x22, 0x00, 0x00, 0x00, 0x04, 0x21, 0x00, 0x00, 0x21, 0x00, 0x01, 0x04, 0x01,
  0x20, 0x08, 0x4C, 0x40, 0x00, 0x08, 0x44, 0x24, 0x20, 0x08, 0x01, 0x08, 0x20, 0x01, 0x24, 0x22,
  0x20, 0x22, 0x20, 0x01, 0x00, 0x00, 0x44, 0x04, 0xE0, 0x40, 0x08, 0x00, 0x20, 0x0A, 0x04, 0x14,
  0xA0, 0x84, 0x02, 0x25, 0x20, 0x00, 0x04, 0x40, 0x01, 0x18, 0x0C, 0x00, 0x20, 0x00, 0x24, 0x06,
  0x41, 0x20, 0x08, 0x00, 0x20, 0x00, 0x10, 0x22, 0x61, 0x48, 0x08, 0x24, 0x20, 0x00, 0x24, 0x10,
  0x20, 0x28, 0x20, 0x24, 0x20, 0x00, 0x04, 0x00, 0xC0, 0x02, 0x02, 0x00, 0x20, 0x00, 0x04, 0x12,
  0x00, 0x28, 0x04, 0xA0, 0x00, 0x20, 0x00, 0x04, 0x20, 0x00, 0x20, 0x00, 0x24, 0x20, 0x00, 0x05,
  0x40, 0x20, 0x20, 0x00, 0x09, 0x20, 0x00, 0x04, 0x84, 0x20, 0x48, 0x89, 0x20, 0x20, 0x00, 0x24,
  0x04, 0x61, 0x00, 0x00, 0x25, 0x00, 0x00, 0x80, 0x00, 0x41, 0x38, 0x89, 0x09, 0x20, 0x00, 0x04,
  0x00, 0xA0, 0x20, 0x0A, 0x00, 0x00, 0x00, 0x00, 0x48, 0xA0, 0x00, 0x06, 0x00, 0x20, 0x00, 0x04,
  0x42, 0x40, 0x00, 0x04, 0x81, 0x20, 0x00, 0x04, 0x80, 0x21, 0x38, 0x00, 0x80, 0x00, 0x00, 0x00,
  0x20, 0x60, 0x20, 0x04, 0x00, 0x00, 0x00, 0x00, 0x43, 0x60, 0x24, 0x0A, 0x04, 0x00, 0x00, 0x01,
  0x00, 0x20, 0x58, 0x89, 0x08, 0x00, 0x08, 0x00, 0x10, 0x00, 0x02, 0x08, 0x20, 0x00, 0x01, 0x00,
  0x24, 0x20, 0x00, 0x0C, 0x24, 0x20, 0x00, 0x05, 0x44, 0x01, 0x00, 0x04, 0x02, 0x20, 0x02, 0x24,
  0x00, 0x20, 0x24, 0x0A, 0x24, 0x20, 0x00, 0x0D, 0x44, 0x60, 0x00, 0x00, 0x00, 0x00, 0x00, 0x00,
  0x00, 0x00, 0x00, 0x00, 0x00, 0x00, 0x00, 0x00, 0x00, 0x00, 0x00, 0x00, 0x00, 0x08, 0x08, 0x00,
  0x20, 0x08, 0x00, 0x00, 0x00, 0x08, 0x10, 0x20, 0x20, 0x00, 0x08, 0x48, 0x90, 0x01, 0x01, 0x20,
  0x00, 0x00, 0x00, 0x80, 0x61, 0x22, 0x11, 0x22, 0x20, 0x00, 0x00, 0x00, 0x10, 0x4C, 0x82, 0x00,
  0x20, 0x00, 0x00, 0x44, 0x40, 0x81, 0x02, 0x20, 0x00, 0x00, 0x10, 0x40, 0x11, 0x18, 0x00, 0x42,
  0x20, 0x02, 0x00, 0x14, 0x80, 0x02, 0x00, 0x02, 0x00, 0x00, 0x00, 0xC4, 0x48, 0x10, 0x02, 0x82,
  0x00, 0x00, 0x00, 0x20, 0x50, 0x22, 0x08, 0x00, 0x00, 0x00, 0x10, 0x10, 0x00, 0x04, 0x00, 0x00,
  0x00, 0x02, 0x04, 0x40, 0x00, 0x0C, 0x01, 0x02, 0x00, 0x00, 0x10, 0x80, 0x31, 0x12, 0x81, 0x41,
  0x00, 0x00, 0x00, 0x00, 0x84, 0x40, 0x80, 0x00, 0x00, 0x08, 0x00, 0x44, 0x08, 0x02, 0x09, 0x00,
  0x01, 0x00, 0x00, 0x40, 0x10, 0x84, 0x02, 0x00, 0x00, 0x00, 0x00, 0x42, 0x00, 0x64, 0x2A, 0x22,
  0x02, 0x00, 0x00, 0x20, 0x80, 0x00, 0x00, 0x22, 0x00, 0x00, 0x00, 0x20, 0x40, 0x90, 0x04, 0x10,
  0x01, 0x00, 0x02, 0x00, 0x08, 0x89, 0x00, 0x12, 0x84, 0x00, 0x00, 0x00, 0x41, 0x00, 0x14, 0x10,
  0x21, 0x00, 0x02, 0x00, 0x00, 0x10, 0x10, 0x21, 0x02, 0x00, 0x00, 0x00, 0x40, 0x00, 0x14, 0x07,
  0x08, 0x00, 0x00, 0x20, 0x41, 0x01, 0x01, 0x00, 0x01, 0x00, 0x00, 0x00, 0xC0, 0x40, 0x00, 0x0A,
  0x40, 0x00, 0x00, 0x10, 0xA0, 0x04, 0x01, 0x84, 0x00, 0x00, 0x00, 0x24, 0x00, 0x80, 0x02, 0x80,
  0x00, 0x00, 0x00, 0x00, 0x42, 0x10, 0x08, 0x08, 0x00, 0x80, 0x00, 0x00, 0x00, 0x80, 0x04, 0x02,
  0x00, 0x08, 0x00, 0x08, 0x00, 0x04, 0x00, 0x20, 0x20, 0x08, 0x08, 0x11, 0x88, 0x00, 0x1C, 0x02,
  0x20, 0x08, 0x02, 0x20, 0x80, 0x40, 0x00, 0x00, 0x20, 0x00, 0x00, 0x00, 0x00, 0x08, 0x00, 0x00,
  0x00, 0x00, 0x00, 0x00, 0x00, 0x00, 0x00, 0x00, 0x00, 0x00, 0x10, 0x01, 0x00, 0x40, 0x01, 0x00,
  0x00, 0x00, 0x10, 0x01, 0x11, 0x04, 0x01, 0x00, 0x00, 0x42, 0x81, 0x00, 0x00, 0x43, 0x00, 0x44,
  0x09, 0x00, 0x00, 0x00, 0x40, 0x80, 0x10, 0x02, 0x00, 0x00, 0x01, 0x20, 0x40, 0x44, 0x00, 0x00,
  0x50, 0x00, 0x01, 0x20, 0x00, 0x01, 0x00, 0x00, 0x00, 0x10, 0x0A, 0x48, 0x00, 0x06, 0x10, 0x00,
  0xA3, 0x20, 0x40, 0x21, 0x84, 0x00, 0x08, 0x02, 0x00, 0x10, 0x00, 0x00, 0x40, 0x01, 0x00, 0x00,
  0x00, 0x10, 0x00, 0x01, 0x00, 0x04, 0x00, 0x00, 0xA0, 0x00, 0x00, 0x01, 0x00, 0x44, 0x41, 0x00,
  0x60, 0x14, 0x83, 0x60, 0x00, 0x41, 0x00, 0x00, 0x11, 0x00, 0x09, 0x01, 0x40, 0x41, 0x01, 0x00,
  0x08, 0x10, 0x04, 0x04, 0x48, 0x40, 0x01, 0x00, 0x84, 0x00, 0x00, 0x04, 0xC8, 0x82, 0x04, 0x41,
  0x00, 0xB0, 0x10, 0x01, 0x00, 0x40, 0x83, 0x20, 0x00, 0x04, 0x00, 0x12, 0x42, 0x00, 0x46, 0x08,
  0x00, 0x50, 0x10, 0x04, 0x21, 0x00, 0x46, 0x11, 0x00, 0x01, 0x50, 0x07, 0x08, 0x44, 0x42, 0x02,
  0x00, 0x20, 0x20, 0x20, 0x01, 0x00, 0x04, 0x00, 0x00, 0x80, 0x00, 0x00, 0x01, 0x00, 0x42, 0x41,
  0x00, 0x90, 0x20, 0x23, 0x41, 0x21, 0x02, 0x84, 0x00, 0x80, 0x00, 0x21, 0x20, 0x52, 0x06, 0x10,
  0x00, 0xB0, 0x20, 0x00, 0x00, 0x00, 0x81, 0x04, 0x00, 0x50, 0x00, 0x01, 0x00, 0x40, 0x42, 0x04,
  0x40, 0x40, 0x00, 0x11, 0x00, 0x01, 0x03, 0x00, 0x00, 0x60, 0x10, 0x23, 0x20, 0x02, 0x00, 0x02,
  0x01, 0x00, 0x00, 0x04, 0x01, 0x00, 0x00, 0x00, 0x00, 0x11, 0x10, 0x60, 0x04, 0x11, 0x04, 0x01,
  0x00, 0x80, 0x80, 0x00, 0x00, 0x00, 0x40, 0x00, 0x00, 0x10, 0x00, 0x00, 0x00, 0x06, 0x05, 0x00,
  0x00, 0x50, 0x00, 0x00, 0x00, 0x00, 0x00, 0x01, 0x00, 0x00, 0x00, 0x08, 0x00, 0x00, 0x00, 0x00,
  0x00, 0x00, 0x00, 0x00, 0x00, 0x00, 0x02, 0x00, 0x20, 0x41, 0x00, 0x00, 0x20, 0x08, 0x08, 0x02,
  0x00, 0x4E, 0x14, 0x00, 0x21, 0x10, 0x8A, 0x00, 0x0A, 0x41, 0x00, 0x00, 0x80, 0x00, 0x08, 0x80,
  0x00, 0x08, 0x50, 0x04, 0x41, 0x00, 0x01, 0x04, 0x12, 0x02, 0x08, 0x00, 0x60, 0x20, 0x00, 0x00,
  0x00, 0x0A, 0x00, 0x00, 0x80, 0x30, 0x20, 0x04, 0x02, 0x0A, 0x04, 0x00, 0x40, 0x30, 0x44, 0x61,
  0x44, 0x00, 0xA0, 0x04, 0x48, 0x90, 0x40, 0x22, 0x00, 0x00, 0x40, 0x00, 0x80, 0x00, 0x02, 0x01,
  0x04, 0x04, 0x80, 0x00, 0x52, 0x40, 0x00, 0x00, 0x40, 0xC0, 0x00, 0x00, 0x20, 0x00, 0x10, 0x00,
  0x02, 0x00, 0x40, 0x04, 0x80, 0x00, 0x08, 0x08, 0x80, 0x82, 0x02, 0x02, 0xA0, 0x20, 0x00, 0x60,
  0x80, 0x02, 0x04, 0x00, 0x88, 0x00, 0x00, 0x10, 0x24, 0x80, 0x06, 0x00, 0x00, 0x90, 0x40, 0x00,
  0x22, 0x00, 0x00, 0x02, 0x00, 0x81, 0x20, 0x88, 0x00, 0x00, 0x02, 0x00, 0x00, 0x49, 0x40, 0x00,
  0x00, 0x00, 0x4C, 0x80, 0x05, 0x50, 0x10, 0x02, 0x03, 0x80, 0x42, 0x04, 0x00, 0x08, 0x20, 0x8C,
  0x02, 0x0A, 0x44, 0x0B, 0x00, 0x81, 0x20, 0x00, 0x02, 0x08, 0x82, 0x02, 0x00, 0x21, 0x50, 0x0C,
  0x09, 0x02, 0x02, 0x00, 0x01, 0x10, 0x20, 0x88, 0x08, 0x02, 0x00, 0x59, 0x04, 0x61, 0x50, 0x00,
  0x02, 0x00, 0x08, 0x02, 0x00, 0xC0, 0x20, 0x00, 0x20, 0x00, 0x42, 0x10, 0x00, 0x88, 0x50, 0x88,
  0x80, 0x80, 0x80, 0x40, 0x00, 0xC4, 0x40, 0x02, 0x02, 0x00, 0x81, 0x03, 0x04, 0x20, 0x00, 0x08,
  0x00, 0x00, 0x08, 0x00, 0x00, 0x00, 0x20, 0x01, 0x00, 0x00, 0xC0, 0x00, 0x00, 0x22, 0x00, 0x08,
  0x03, 0x00, 0x40, 0x22, 0x00, 0x81, 0x20, 0x08, 0x11, 0x00, 0x40, 0x00, 0x00, 0xE0, 0x30, 0x00,
  0x00, 0x20, 0x00, 0x00, 0x00, 0x00, 0x00, 0x00, 0x00, 0x00, 0x00, 0x00, 0x00, 0x00, 0x00, 0x00,
  0x00, 0x00, 0x04, 0x01, 0x80, 0x02, 0x01, 0x00, 0x00, 0x00, 0x48, 0x30, 0x08, 0x10, 0x02, 0x02,
  0x20, 0x80, 0x00, 0x00, 0x00, 0x00, 0x40, 0x05, 0x40, 0x00, 0x22, 0x00, 0x00, 0x50, 0x88, 0x02,
  0x14, 0x00, 0x02, 0x10, 0x04, 0x08, 0x09, 0x08, 0x20, 0xA0, 0x00, 0x00, 0x00, 0x10, 0x00, 0x08,
  0x01, 0x00, 0x41, 0x10, 0x25, 0x18, 0xA0, 0x08, 0x0A, 0x00, 0x00, 0x00, 0x1A, 0x80, 0x12, 0x02,
  0x15, 0x00, 0x04, 0x00, 0x00, 0x00, 0x00, 0x08, 0x2E, 0x20, 0x00, 0x00, 0x04, 0x80, 0x06, 0x00,
  0x05, 0x10, 0x00, 0x01, 0x04, 0x04, 0x01, 0x00, 0x40, 0x10, 0x20, 0x00, 0x04, 0x40, 0x00, 0x01,
  0x81, 0x00, 0x04, 0x12, 0x84, 0x00, 0x50, 0x00, 0x61, 0x20, 0x01, 0x01, 0x80, 0x43, 0x22, 0x08,
  0x40, 0x90, 0x00, 0x28, 0x21, 0x18, 0x40, 0x09, 0x04, 0x41, 0x10, 0x20, 0x00, 0x02, 0x40, 0x10,
  0x04, 0x00, 0x00, 0x08, 0x01, 0x00, 0x44, 0xC0, 0x00, 0x00, 0x10, 0x24, 0x01, 0x02, 0x11, 0x21,
  0x01, 0x2A, 0x00, 0x04, 0x30, 0x04, 0x01, 0x40, 0x04, 0x01, 0x00, 0x00, 0x11, 0x01, 0x00, 0x10,
  0x08, 0x00, 0x10, 0x00, 0x01, 0x00, 0x00, 0x01, 0x04, 0x20, 0x00, 0x20, 0x10, 0x04, 0x40, 0x20,
  0x08, 0x2A, 0x40, 0x04, 0x14, 0x04, 0x84, 0x88, 0x00, 0x00, 0x00, 0x50, 0x45, 0x02, 0x50, 0x20,
  0x00, 0x00, 0x50, 0x00, 0x05, 0x00, 0x00, 0x08, 0x04, 0x80, 0x40, 0x0A, 0x0C, 0x04, 0x80, 0x10,
  0x08, 0x00, 0x24, 0x04, 0x10, 0x02, 0x80, 0x20, 0x02, 0x20, 0xA0, 0x24, 0x01, 0x00, 0x10, 0x00,
  0x00, 0x02, 0x00, 0x2A, 0x02, 0x02, 0x04, 0x00, 0x04, 0x00, 0x10, 0x20, 0x4C, 0x10, 0x00, 0x10,
  0x04, 0x00, 0x50, 0x40, 0x00, 0x02, 0x04, 0x00, 0x00, 0x26, 0x40, 0x00, 0x00, 0x80, 0x00, 0x00,
  0x00, 0x00, 0x00, 0x14, 0x00, 0x00, 0x00, 0x00, 0x00, 0x00, 0x00, 0x00, 0x00, 0x00, 0x02, 0x00,
  0x00, 0x00, 0x00, 0x00, 0x10, 0x08, 0x00, 0x41, 0x53, 0x02, 0x00, 0x04, 0x00, 0x00, 0x01, 0x20,
  0x00, 0x00, 0x00, 0x00, 0x01, 0x40, 0x00, 0x0C, 0x07, 0x01, 0x00, 0x00, 0x00, 0x40, 0x00, 0x00,
  0x84, 0x42, 0x10, 0x02, 0x03, 0x00, 0x00, 0x00, 0x00, 0x01, 0x40, 0x00, 0x00, 0x00, 0x04, 0x21,
  0x08, 0x40, 0x00, 0x00, 0x80, 0x00, 0x22, 0x44, 0x00, 0x01, 0x44, 0x00, 0x10, 0x00, 0x00, 0x00,
  0x04, 0x01, 0x58, 0x00, 0x08, 0x40, 0x02, 0x00, 0x00, 0x82, 0x00, 0x00, 0x00, 0x20, 0x00, 0x00,
  0x80, 0x00, 0x20, 0x00, 0x00, 0x00, 0x00, 0x00, 0x00, 0x02, 0x40, 0x00, 0x00, 0x40, 0x20, 0x20,
  0x08, 0x42, 0x01, 0x04, 0x04, 0x00, 0x05, 0x22, 0x02, 0x80, 0x40, 0x00, 0x15, 0x80, 0x00, 0x02,
  0x00, 0x02, 0x82, 0x50, 0x00, 0x04, 0x00, 0x08, 0x20, 0x08, 0x80, 0x20, 0x00, 0x04, 0x00, 0x00,
  0x00, 0xA0, 0x00, 0x01, 0x00, 0x22, 0x00, 0x09, 0xC0, 0xA0, 0x80, 0x02, 0x00, 0x00, 0x00, 0x00,
  0x00, 0x84, 0x00, 0x11, 0x00, 0x80, 0x10, 0x00, 0x00, 0x00, 0x00, 0x00, 0x00, 0x40, 0x20, 0x00,
  0x08, 0x00, 0x40, 0x30, 0x00, 0xC2, 0x00, 0x00, 0x10, 0xA4, 0x00, 0x43, 0x00, 0x44, 0x10, 0x01,
  0x81, 0x44, 0x00, 0x00, 0x00, 0x84, 0x00, 0x14, 0x28, 0x15, 0x00, 0x41, 0x04, 0x05, 0x00, 0x00,
  0x22, 0x04, 0x00, 0x01, 0x10, 0x21, 0x00, 0x00, 0x13, 0x80, 0x00, 0x24, 0x00, 0x01, 0x04, 0x00,
  0x00, 0x00, 0x02, 0x00, 0x00, 0x40, 0x00, 0x00, 0x00, 0x00, 0x00, 0x00, 0x00, 0x00, 0x10, 0x00,
  0x00, 0x40, 0x00, 0x01, 0x01, 0x54, 0x00, 0x00, 0x10, 0x04, 0x00, 0x40, 0x00, 0x02, 0x00, 0x00,
  0x00, 0x00, 0x00, 0x40, 0x04, 0x00, 0x00, 0x00, 0x00, 0x00, 0x00, 0x01, 0x00, 0x00, 0x00, 0x00,
  0x00, 0x00, 0x00, 0x00, 0x00, 0x00, 0x00, 0x00, 0x00, 0x01, 0x00, 0x00, 0x20, 0x00, 0x00, 0x00,
  0x00, 0x01, 0x00, 0x00, 0x00, 0x01, 0x10, 0x00, 0x40, 0x04, 0x20, 0x00, 0x00, 0x00, 0x10, 0x00,
  0x20, 0x00, 0x28, 0x40, 0x11, 0x00, 0x00, 0x10, 0x04, 0x08, 0x50, 0x00, 0x04, 0x02, 0x40, 0x90,
  0x24, 0x00, 0x00, 0x00, 0x00, 0x00, 0x00, 0x00, 0x03, 0x05, 0x10, 0x50, 0x0A, 0x80, 0x40, 0x50,
  0x00, 0x08, 0x06, 0x00, 0x0A, 0x80, 0x40, 0x30, 0x24, 0x00, 0x20, 0x10, 0x04, 0x00, 0x19, 0x00,
  0x01, 0x10, 0x01, 0xA0, 0x00, 0x00, 0x04, 0x10, 0x10, 0x08, 0x60, 0x00, 0x02, 0x00, 0x00, 0x88,
  0x02, 0x01, 0x00, 0x10, 0x00, 0xC0, 0x01, 0x10, 0x14, 0x09, 0x40, 0x20, 0x84, 0x42, 0x04, 0x50,
  0x00, 0x00, 0x4A, 0x00, 0x84, 0x82, 0x82, 0x80, 0x04, 0x00, 0x0A, 0x41, 0x00, 0x05, 0x02, 0x00,
  0x00, 0x02, 0x10, 0x80, 0x00, 0x08, 0x00, 0x40, 0x80, 0x04, 0x45, 0x02, 0xA0, 0x42, 0x01, 0x12,
  0x50, 0x20, 0x00, 0x28, 0x00, 0x04, 0x00, 0x00, 0x80, 0x20, 0x10, 0x90, 0x20, 0x02, 0x00, 0x11,
  0x80, 0x00, 0x01, 0x80, 0x00, 0x00, 0x00, 0x00, 0x48, 0x00, 0x02, 0x40, 0x00, 0x00, 0x40, 0x02,
  0x08, 0x14, 0x35, 0x02, 0x00, 0x08, 0x40, 0xC3, 0x90, 0x24, 0x00, 0x28, 0x00, 0x84, 0x02, 0x02,
  0x80, 0x00, 0x4A, 0x80, 0x60, 0x44, 0x40, 0x44, 0xB0, 0x21, 0x0A, 0x00, 0x04, 0x50, 0x40, 0x00,
  0x00, 0x08, 0x00, 0x00, 0x20, 0x00, 0x00, 0xC1, 0x10, 0x0C, 0x02, 0x82, 0x00, 0x12, 0x42, 0x41,
  0x80, 0x42, 0x05, 0x00, 0x00, 0x43, 0x42, 0x00, 0x00, 0x80, 0x00, 0x81, 0x00, 0x80, 0x02, 0x00,
  0x80, 0x00, 0x88, 0x50, 0x10, 0x44, 0x00, 0x50, 0x80, 0x04, 0x8A, 0x90, 0x20, 0x82, 0x00, 0x00,
  0x80, 0x00, 0x80, 0x00, 0x00, 0x00, 0x00, 0x00, 0x00, 0x00, 0x00, 0x00, 0x00, 0x00, 0x00, 0x00,
  0x00, 0x00, 0x00, 0x00, 0x00, 0x00, 0x00, 0x00, 0x00, 0x80, 0x00, 0x00, 0x00, 0x00, 0x0A, 0x22,
  0x08, 0x41, 0x01, 0x00, 0x0C, 0x04, 0x04, 0x00, 0x04, 0x40, 0x01, 0x80, 0x0A, 0x02, 0x14, 0x00,
  0x01, 0x00, 0x02, 0x00, 0x02, 0x00, 0x15, 0x00, 0x10, 0x00, 0x21, 0x40, 0x0A, 0x10, 0x00, 0x00,
  0x00, 0x00, 0x11, 0x00, 0x00, 0x12, 0xA0, 0x00, 0x40, 0x41, 0x25, 0x40, 0x22, 0x10, 0xA0, 0x40,
  0x20, 0x40, 0x28, 0x80, 0x02, 0x00, 0x00, 0x40, 0x22, 0x00, 0x00, 0x80, 0x04, 0x40, 0x04, 0x40,
  0x02, 0x00, 0x20, 0x00, 0x00, 0x04, 0x00, 0x00, 0x00, 0x00, 0x02, 0x20, 0x28, 0xA0, 0x40, 0x00,
  0x02, 0x00, 0x00, 0x04, 0x02, 0x00, 0x44, 0x80, 0x44, 0x00, 0x52, 0x00, 0x00, 0x00, 0x48, 0x00,
  0x02, 0x41, 0x51, 0x10, 0x30, 0x50, 0x00, 0x00, 0x20, 0x84, 0x80, 0x11, 0x10, 0x22, 0x00, 0x40,
  0x00, 0x00, 0x00, 0x00, 0x20, 0x00, 0x00, 0x00, 0x80, 0x00, 0x80, 0x01, 0x00, 0x00, 0x1A, 0x04,
  0x40, 0x40, 0x00, 0x00, 0x50, 0x02, 0x00, 0x02, 0x80, 0x90, 0x01, 0x40, 0x00, 0x08, 0x0A, 0x00,
  0x00, 0x24, 0x00, 0x00, 0x00, 0x00, 0x48, 0x00, 0x00, 0x24, 0x00, 0x21, 0x80, 0x00, 0x02, 0x85,
  0x00, 0x83, 0x03, 0x10, 0x40, 0x12, 0x0A, 0x8A, 0x20, 0x43, 0x40, 0x05, 0x00, 0x0A, 0x02, 0x00,
  0x00, 0x42, 0x00, 0x90, 0x20, 0x04, 0x10, 0x00, 0x00, 0x08, 0x00, 0x81, 0x00, 0x24, 0x08, 0x00,
  0x00, 0x0A, 0x02, 0x00, 0x40, 0x20, 0x88, 0x10, 0x00, 0x00, 0x00, 0x00, 0x10, 0x00, 0xA0, 0x00,
  0x20, 0x00, 0x00, 0x00, 0x08, 0x02, 0x18, 0x08, 0x82, 0x00, 0x00, 0x00, 0x20, 0x02, 0x11, 0x00,
  0x40, 0x10, 0x00, 0x00, 0x20, 0x02, 0x20, 0x00, 0x00, 0x00, 0x00, 0x20, 0x10, 0x02, 0x20, 0x00,
  0x00, 0x00, 0x00, 0x02, 0x00, 0x00, 0x00, 0x00, 0x00, 0x00, 0x00, 0x00, 0x00, 0x00, 0x00, 0x00,
  0x00, 0x00, 0x04, 0x00, 0x00, 0x00, 0x41, 0x20, 0x00, 0x02, 0x92, 0x00, 0x80, 0x02, 0x02, 0x10,
  0x01, 0x10, 0x08, 0x00, 0x00, 0x80, 0x0A, 0x40, 0x08, 0x28, 0x00, 0x00, 0x08, 0x40, 0x1A, 0x20,
  0x00, 0x21, 0x81, 0x00, 0x09, 0x42, 0x22, 0x10, 0x20, 0x20, 0x00, 0x00, 0x08, 0x80, 0x02, 0x80,
  0x00, 0x80, 0x06, 0x00, 0x40, 0x00, 0x02, 0x80, 0x02, 0x0A, 0x12, 0x00, 0x80, 0x00, 0x01, 0x00,
  0x06, 0x50, 0x01, 0x00, 0x00, 0x40, 0x00, 0x80, 0x00, 0x28, 0x00, 0x00, 0x02, 0x42, 0x00, 0x00,
  0x04, 0x00, 0x00, 0x00, 0x00, 0x80, 0x12, 0x80, 0x10, 0x00, 0x24, 0x00, 0x00, 0x00, 0x12, 0x21,
  0x20, 0x40, 0x0A, 0x00, 0x20, 0x82, 0x00, 0x20, 0x01, 0x58, 0x00, 0x80, 0x20, 0x00, 0x00, 0x80,
  0x21, 0x20, 0x00, 0x8E, 0x00, 0x20, 0x02, 0x04, 0x80, 0x10, 0x20, 0x20, 0x00, 0x08, 0x80, 0x13,
  0x80, 0x01, 0x00, 0x04, 0x00, 0x00, 0x00, 0x80, 0x20, 0x21, 0x44, 0x40, 0x00, 0x88, 0xC2, 0x1B,
  0x40, 0x10, 0x28, 0x86, 0x00, 0x80, 0x80, 0x44, 0x80, 0x08, 0x10, 0x00, 0x00, 0x20, 0xC0, 0x00,
  0x80, 0x01, 0x90, 0x00, 0x00, 0x20, 0x80, 0x00, 0x80, 0x21, 0x20, 0x90, 0x00, 0x21, 0x00, 0x00,
  0x20, 0x08, 0x14, 0x01, 0x00, 0x21, 0x00, 0x90, 0x80, 0x20, 0x10, 0x88, 0x00, 0x81, 0x00, 0x00,
  0x00, 0x20, 0x20, 0x90, 0x20, 0x80, 0x00, 0x00, 0x00, 0x00, 0x18, 0x04, 0x00, 0x00, 0xC0, 0x00,
  0x10, 0x01, 0x30, 0x06, 0x00, 0x00, 0x82, 0x08, 0x10, 0x20, 0x00, 0x04, 0x00, 0x80, 0x02, 0x14,
  0x40, 0x00, 0x24, 0x02, 0x00, 0x80, 0x02, 0x00, 0x00, 0x20, 0x01, 0x80, 0x00, 0x88, 0x80, 0x24,
  0x10, 0x02, 0x00, 0x80, 0x00, 0x80, 0xC0, 0x03, 0x10, 0x02, 0x00, 0x00, 0x00, 0x00, 0x00, 0x00,
  0x00, 0x00, 0x00, 0x00, 0x00, 0x00, 0x00, 0x00, 0x00, 0x00, 0x00, 0x00, 0x00, 0x08, 0x10, 0x00,
  0x81, 0x02, 0x04, 0x80, 0x00, 0x08, 0x84, 0x84, 0xA1, 0x00, 0x11, 0xA4, 0x40, 0x54, 0x90, 0x00,
  0x00, 0x40, 0x00, 0x44, 0x01, 0x08, 0x80, 0x20, 0x08, 0x00, 0x00, 0xC0, 0x10, 0x04, 0x02, 0x20,
  0x00, 0x40, 0x08, 0x00, 0x00, 0x84, 0x80, 0x00, 0x00, 0x00, 0x01, 0x80, 0x10, 0x80, 0x06, 0x00,
  0x82, 0x00, 0x00, 0x00, 0x03, 0x60, 0x08, 0x20, 0x80, 0x42, 0xA1, 0x40, 0x00, 0x14, 0xC2, 0x00,
  0x04, 0x41, 0x12, 0x24, 0x10, 0x08, 0x20, 0x00, 0x00, 0x42, 0x00, 0x40, 0x00, 0x04, 0x40, 0x00,
  0x00, 0x00, 0x01, 0x00, 0x00, 0x0A, 0x85, 0x00, 0x00, 0x80, 0x02, 0xC0, 0x10, 0x04, 0x12, 0x00,
  0x00, 0x41, 0x01, 0x20, 0x11, 0x2A, 0x04, 0x00, 0x22, 0x00, 0x04, 0x40, 0x00, 0x00, 0x02, 0x09,
  0x00, 0x21, 0x00, 0x01, 0xC0, 0x04, 0x14, 0x01, 0x20, 0x40, 0x00, 0x88, 0x04, 0x08, 0x00, 0x20,
  0x00, 0x15, 0x00, 0x01, 0x10, 0x00, 0x10, 0x82, 0x60, 0x81, 0x02, 0x00, 0x00, 0x11, 0x8C, 0x10,
  0x00, 0x08, 0x02, 0x02, 0x24, 0x21, 0x10, 0x00, 0x00, 0x88, 0x40, 0x00, 0x40, 0x00, 0x04, 0x00,
  0x00, 0x88, 0x40, 0x02, 0x40, 0x10, 0x00, 0x10, 0x60, 0x40, 0x00, 0x04, 0x00, 0x00, 0x60, 0x04,
  0x80, 0x00, 0x00, 0x50, 0x14, 0x21, 0x10, 0x00, 0x00, 0x00, 0x40, 0x00, 0x00, 0x10, 0x24, 0x80,
  0x00, 0x00, 0x40, 0x12, 0x88, 0x10, 0x14, 0xA3, 0x40, 0xD2, 0x00, 0x44, 0x80, 0x10, 0x04, 0x00,
  0x00, 0x08, 0x81, 0x00, 0x40, 0x64, 0x00, 0x11, 0x00, 0x02, 0x00, 0x00, 0x80, 0x00, 0x14, 0x04,
  0x28, 0x00, 0x00, 0x00, 0x0C, 0x20, 0x80, 0x00, 0x00, 0x00, 0x00, 0x00, 0x04, 0x00, 0x14, 0x01,
  0x00, 0x02, 0x00, 0x02, 0x40, 0x01, 0x10, 0x00, 0x00, 0x00, 0x01, 0x11, 0x00, 0x00, 0x00, 0x00,
  0x00, 0x00, 0x00, 0x00, 0x00, 0x00, 0x00, 0x00, 0x00, 0x00, 0x00, 0x00, 0x00, 0x00, 0x00, 0x00,
  0x00, 0x0F, 0xFF, 0xFF, 0xFF, 0xAC, 0xFF, 0xF7, 0x7F, 0xF5, 0x0E, 0x40, 0x00, 0x05, 0x0E, 0x4E,
  0xFF, 0xFF, 0xFB, 0xFF, 0xFB, 0xFF, 0xFF, 0xF0, 0x04, 0x08, 0x80, 0x84, 0x05, 0x0C, 0xF4, 0xF3,
  0x3F, 0x36, 0x69, 0x90, 0x00, 0x0A, 0x5A, 0x53, 0x30, 0x0C, 0x04, 0x45, 0x55, 0x50, 0x07, 0x48,
  0x0C, 0x4C, 0x05, 0x0F, 0x0F, 0x0F, 0x08, 0x87, 0x43, 0x07, 0xFF, 0xF5, 0x05, 0xFF, 0xF5, 0xFF,
  0xFF, 0xF0, 0x00, 0x0F, 0xFF, 0xF0, 0x04, 0x00, 0x0F, 0xFF, 0x05, 0x5F, 0xFF, 0xF0, 0x00, 0x00,
  0x00, 0x0D, 0x8F, 0xA0, 0x00, 0x0C, 0xEC, 0xEF, 0x5F, 0xC0, 0x4F, 0x74, 0xCE, 0xC8, 0x0F, 0x72,
  0x0F, 0x0C, 0xCC, 0xC3, 0x0B, 0x8E, 0x4E, 0x4C, 0xCF, 0xC0, 0x04, 0x04, 0xCF, 0xFD, 0xFC, 0x50,
  0x54, 0x57, 0x57, 0xFF, 0xFF, 0xFF, 0xFF, 0xFD, 0xFF, 0xFF, 0xE0, 0x00, 0x0F, 0xFF, 0xFA, 0xFF,
  0xF0, 0x00, 0x05, 0x5C, 0xCE, 0xEE, 0xE3, 0x07, 0x40, 0x4A, 0xE1, 0x1D, 0x10, 0x0F, 0xF0, 0x5F,
  0x50, 0xF0, 0x0C, 0x3C, 0xC6, 0x96, 0x66, 0x96, 0x66, 0x96, 0x66, 0x96, 0x66, 0x96, 0x6A, 0x95,
  0x4C, 0x3F, 0xF8, 0x8D, 0x80, 0x0F, 0xFA, 0x0C, 0xCD, 0x1C, 0x05, 0x55, 0x55, 0x04, 0x47, 0x47,
  0x44, 0x4E, 0x45, 0x0C, 0x0A, 0x0E, 0x45, 0x0F, 0xA5, 0xC5, 0xCF, 0xF7, 0x70, 0xFF, 0x0F, 0xFF,
  0xFF, 0x0F, 0xF5, 0xA5, 0x55, 0xA5, 0x55, 0xA5, 0x55, 0xA5, 0x55, 0xA5, 0x55, 0xA5, 0x56, 0x96,
  0x6F, 0xFF, 0xFF, 0xFF, 0xFF, 0xFF, 0xF5, 0x05, 0x0E, 0x0E, 0xEC, 0xCF, 0xFF, 0xFF, 0xF0, 0x03,
  0x39, 0x49, 0x4D, 0xFF, 0xFF, 0xFF, 0xFF, 0xFF, 0x5F, 0xFF, 0xFF, 0xFD, 0xFF, 0xFF, 0xFF, 0xFF,
  0xFF, 0x7F, 0xF0, 0x00, 0x00, 0x00, 0x00, 0x00, 0x00, 0x00, 0x00, 0x00, 0x00, 0x00, 0x00, 0x00,
  0x00, 0x00, 0x00, 0x00, 0x00, 0x00, 0x00, 0x00, 0x00, 0x00, 0x00, 0x00, 0x00, 0x00, 0x04, 0x0E,
  0xEF, 0xAC, 0xFF, 0xFF, 0xFF, 0xFF, 0xAE, 0x40, 0x00, 0x0F, 0xAE, 0x4E, 0xFF, 0xFF, 0xFB, 0xFF,
  0xFB, 0xFF, 0xFB, 0xF4, 0x09, 0x4F, 0xFF, 0xFC, 0x0F, 0x0C, 0xF4, 0xF3, 0x3F, 0xF9, 0x96, 0x60,
  0x00, 0x05, 0xA5, 0xA3, 0x30, 0x0F, 0x37, 0x70, 0xCF, 0xCF, 0xF7, 0x4B, 0x3F, 0x7C, 0xF5, 0xF4,
  0x4E, 0xEF, 0x0D, 0xD7, 0x4F, 0xC7, 0xFF, 0xFC, 0x0C, 0xFF, 0xFF, 0xFF, 0x3F, 0xF0, 0x00, 0x0F,
  0xFF, 0xF0, 0x04, 0x0F, 0x0F, 0xFF, 0x05, 0x5F, 0xFF, 0xF0, 0x04, 0x00, 0x00, 0x0D, 0xDF, 0xF0,
  0x00, 0x0C, 0xCC, 0xCF, 0xFF, 0xF0, 0x5F, 0x54, 0x4E, 0xEA, 0x0F, 0x5F, 0xDF, 0x0A, 0x0F, 0x57,
  0x4F, 0xCA, 0x0F, 0x5C, 0xCF, 0xC0, 0x07, 0x37, 0xFF, 0xFD, 0xFC, 0x5F, 0x50, 0x1F, 0xDF, 0xFF,
  0xFF, 0x7F, 0xFF, 0xFF, 0xFF, 0xFF, 0xF0, 0x00, 0x0F, 0xFF, 0xFF, 0xFF, 0xF0, 0x04, 0x05, 0x5F,
  0x0E, 0xEE, 0xEB, 0x8F, 0xC5, 0x4F, 0xED, 0xDD, 0x1E, 0x4E, 0x4C, 0x5C, 0x5F, 0x0F, 0xFC, 0x3C,
  0xC6, 0x96, 0x66, 0x96, 0x66, 0x96, 0x66, 0x96, 0x66, 0x96, 0x65, 0x6F, 0xDC, 0x3F, 0xFD, 0xDD,
  0x85, 0xC5, 0xCF, 0x5C, 0xCD, 0x1F, 0x33, 0x0F, 0xCF, 0xAE, 0xE0, 0x0F, 0xFE, 0xEE, 0x45, 0xFC,
  0xFB, 0x1F, 0x5C, 0xCC, 0xC5, 0x05, 0xFF, 0x0F, 0x00, 0x04, 0x4F, 0xFF, 0xFF, 0x0F, 0xFC, 0x3C,
  0xCC, 0x3C, 0xCC, 0x3C, 0xCC, 0x3C, 0xCC, 0x3C, 0xCC, 0x3C, 0xC6, 0x96, 0x6F, 0xFF, 0xFF, 0xFF,
  0xFF, 0xFF, 0xF5, 0x05, 0x0F, 0x0F, 0x0C, 0xCF, 0xFF, 0xFF, 0xF0, 0x03, 0x30, 0x00, 0x0F, 0xFF,
  0xFD, 0xFF, 0xFF, 0xFF, 0xFF, 0xFF, 0xDF, 0xFD, 0xFF, 0xFF, 0xFF, 0xDF, 0xFD, 0xFF, 0xF0, 0x00,
  0x00, 0x00, 0x00, 0x00, 0x00, 0x00, 0x00, 0x00, 0x00, 0x00, 0x00, 0x00, 0x00, 0x00, 0x00, 0x00,
  0x00, 0x00, 0x00, 0x00, 0x00, 0x00, 0x00, 0x10, 0x00, 0x02, 0x00, 0x10, 0x10, 0x36, 0x20, 0x10,
  0x40, 0x10, 0x04, 0x10, 0x00, 0x00, 0x04, 0x00, 0x00, 0x16, 0x08, 0x10, 0x00, 0x36, 0x00, 0x10,
  0x00, 0x16, 0x08, 0x12, 0x11, 0x36, 0x20, 0x10, 0x40, 0x16, 0x08, 0x10, 0x00, 0x36, 0x20, 0x50,
  0x00, 0x16, 0x08, 0x12, 0x10, 0x36, 0x00, 0x50, 0x40, 0x56, 0x08, 0x12, 0x11, 0x36, 0x20, 0x50,
  0x40, 0x56, 0x08, 0x12, 0x11, 0x36, 0x20, 0x50, 0x40, 0x54, 0x08, 0x12, 0x11, 0x36, 0x20, 0x50,
  0x40, 0x16, 0x08, 0x12, 0x11, 0x36, 0xA0, 0x50, 0x40, 0x56, 0x08, 0x00, 0x01, 0x36, 0x24, 0x40,
  0x50, 0x42, 0x08, 0x10, 0x11, 0x36, 0x20, 0x10, 0x40, 0x16, 0x08, 0x10, 0x11, 0x36, 0x20, 0x10,
  0x40, 0x10, 0x06, 0x08, 0x10, 0x11, 0x36, 0x20, 0x50, 0x40, 0x12, 0x08, 0x10, 0x11, 0x36, 0x20,
  0x10, 0x40, 0x16, 0x08, 0x12, 0x11, 0x36, 0x20, 0x50, 0x40, 0x16, 0x08, 0x12, 0x10, 0x36, 0x20,
  0x50, 0x40, 0x52, 0x00, 0x10, 0x00, 0x00, 0x00, 0x10, 0x24, 0x00, 0x10, 0x81, 0x02, 0x00, 0x50,
  0x00, 0x24, 0x00, 0x10, 0x81, 0x02, 0x00, 0x10, 0x00, 0x04, 0x02, 0x00, 0x10, 0x01, 0x30, 0x22,
  0x90, 0x00, 0x12, 0x00, 0x10, 0x01, 0x30, 0x22, 0x90, 0x00, 0x12, 0x00, 0x10, 0x00, 0x30, 0x22,
  0x90, 0x00, 0x10, 0x04, 0x00, 0x04, 0x00, 0x00, 0x10, 0x24, 0x00, 0x10, 0x81, 0x02, 0x00, 0x50,
  0x00, 0x24, 0x00, 0x10, 0x81, 0x02, 0x00, 0x50, 0x00, 0x04, 0x16, 0x08, 0x12, 0x10, 0x32, 0x20,
  0x50, 0x50, 0x02, 0x00, 0x10, 0x00, 0x00, 0x00, 0x10, 0x00, 0x12, 0x00, 0x10, 0x00, 0x00, 0x00,
  0x10, 0x00, 0x12, 0x00, 0x10, 0x00, 0x00, 0x00, 0x10, 0x00, 0x10, 0x00, 0x00, 0x00, 0x00, 0x00,
  0x00, 0x00, 0x00, 0x00, 0x00, 0x00, 0x00, 0x00, 0x00, 0x00, 0x00, 0x00, 0x00, 0x0C, 0x10, 0x24,
  0x22, 0x6C, 0x40, 0x20, 0x80, 0x24, 0x10, 0x00, 0x28, 0x6C, 0x48, 0x00, 0xA0, 0x04, 0x00, 0x00,
  0x00, 0x00, 0x00, 0x20, 0x00, 0x2C, 0x10, 0x04, 0x22, 0x6C, 0x40, 0xA0, 0x80, 0x84, 0x10, 0x20,
  0x00, 0x6C, 0x40, 0x20, 0x80, 0x2C, 0x10, 0x04, 0x20, 0x24, 0x40, 0xA0, 0x80, 0x2C, 0x10, 0x20,
  0x20, 0x6C, 0x40, 0xA0, 0x80, 0xAC, 0x10, 0x24, 0x22, 0x6C, 0x40, 0xA0, 0x80, 0xA8, 0x10, 0x04,
  0x22, 0x6C, 0x40, 0xA0, 0x80, 0x2C, 0x10, 0x20, 0x20, 0x6C, 0x40, 0x20, 0x80, 0x24, 0x00, 0x20,
  0x20, 0x60, 0x40, 0x20, 0x80, 0x2C, 0x10, 0x00, 0x02, 0x6C, 0x40, 0xA0, 0x80, 0xAC, 0x10, 0x20,
  0x22, 0x6C, 0x40, 0x20, 0x80, 0x24, 0x10, 0x20, 0x22, 0x6C, 0x40, 0x20, 0x80, 0x20, 0x04, 0x10,
  0x20, 0x20, 0x6C, 0x40, 0x20, 0x80, 0x2C, 0x10, 0x20, 0x02, 0x6C, 0x40, 0xA0, 0x00, 0x2C, 0x10,
  0x24, 0x20, 0x6C, 0x40, 0xA0, 0x80, 0xAC, 0x10, 0x24, 0x20, 0x6C, 0x40, 0xA0, 0x80, 0xA4, 0x00,
  0x20, 0x00, 0x00, 0x00, 0x20, 0x00, 0x28, 0x31, 0x02, 0x04, 0x6C, 0xE0, 0x80, 0xC8, 0x80, 0x21,
  0x02, 0x04, 0x00, 0x20, 0x00, 0x08, 0x04, 0x00, 0x20, 0x02, 0x60, 0x45, 0x20, 0x00, 0x24, 0x00,
  0x20, 0x00, 0x60, 0x45, 0x20, 0x00, 0x20, 0x21, 0x02, 0x04, 0x00, 0xA0, 0x00, 0x48, 0x00, 0x21,
  0x02, 0x04, 0x00, 0x20, 0x00, 0x08, 0x04, 0x00, 0x20, 0x00, 0x00, 0x00, 0x20, 0x00, 0x24, 0x00,
  0x20, 0x00, 0x00, 0x08, 0x00, 0x20, 0x04, 0x00, 0x20, 0x00, 0x00, 0x00, 0x20, 0x00, 0x24, 0x00,
  0x00, 0x28, 0x60, 0x00, 0x20, 0x80, 0x24, 0x10, 0x02, 0x26, 0x60, 0xE0, 0x00, 0xC8, 0x00, 0x31,
  0x02, 0x24, 0x60, 0x60, 0x00, 0x88, 0x00, 0x00, 0x00, 0x00, 0x00, 0x00, 0x00, 0x00, 0x00, 0x00,
  0x00, 0x00, 0x00, 0x00, 0x00, 0x00, 0x00, 0x00, 0x00, 0x0F, 0xF0, 0x0F, 0xFF, 0xFF, 0xFF, 0xFF,
  0x5F, 0x5F, 0x0F, 0xFF, 0xFF, 0xFF, 0xC5, 0x5F, 0x5F, 0x50, 0x08, 0xC0, 0x00, 0x0F, 0xFF, 0xD0,
  0x00, 0x0C, 0x0C, 0xF0, 0x00, 0x02, 0x2F, 0x20, 0x00, 0x0A, 0xAF, 0xEF, 0xAF, 0xAC, 0x8F, 0xAF,
  0xFC, 0xFF, 0xFF, 0xF0, 0x00, 0x0F, 0x0F, 0xFC, 0xCF, 0xFC, 0xF5, 0xFF, 0xFC, 0xCD, 0x0D, 0xFD,
  0x1D, 0x15, 0x5C, 0xFF, 0x0D, 0xDA, 0xEF, 0xE7, 0x47, 0x40, 0x00, 0x00, 0x00, 0x0F, 0xAF, 0xFC,
  0x5F, 0x5F, 0xF7, 0xF5, 0x5F, 0xF5, 0x55, 0x5F, 0xFF, 0x01, 0x1D, 0xD5, 0x0F, 0xAF, 0x0C, 0xCC,
  0xCF, 0x0F, 0xFB, 0xF0, 0x00, 0x00, 0x04, 0x00, 0x00, 0x0C, 0x0F, 0x3D, 0xFD, 0xDA, 0x8F, 0xFF,
  0x7F, 0x5D, 0xFD, 0xD1, 0x0D, 0xF1, 0x1D, 0xDD, 0x0F, 0x20, 0x05, 0xC5, 0x5C, 0xCF, 0x04, 0x57,
  0x5C, 0x5C, 0xCF, 0xFF, 0xFF, 0xFF, 0xF0, 0x0C, 0x0F, 0xFF, 0xF5, 0x5F, 0xCF, 0xC7, 0x44, 0x47,
  0x75, 0xC5, 0xCF, 0xFD, 0x87, 0x07, 0xF7, 0x7F, 0x3C, 0x0C, 0xF5, 0xFF, 0xFB, 0x1F, 0x5F, 0xFF,
  0xCF, 0x0C, 0xCC, 0x3C, 0xC6, 0x96, 0x66, 0x96, 0x66, 0x96, 0x66, 0x96, 0x66, 0x96, 0x65, 0x6F,
  0xDC, 0x3F, 0xFF, 0x5E, 0x4E, 0xAE, 0xF7, 0x7F, 0x0D, 0x1F, 0xFB, 0x1F, 0x5D, 0x8D, 0xD5, 0x55,
  0x57, 0x47, 0x76, 0x96, 0x66, 0x96, 0x66, 0x96, 0x66, 0x96, 0x66, 0x96, 0x66, 0x96, 0x65, 0x6F,
  0xDC, 0x3F, 0xFC, 0x6F, 0xFC, 0xCF, 0xCF, 0xFF, 0xFF, 0xFF, 0xF5, 0x55, 0x55, 0x55, 0x5F, 0x0F,
  0x00, 0x04, 0x40, 0x0F, 0x03, 0x33, 0x3A, 0xAF, 0xFF, 0xFE, 0xEF, 0xFF, 0xEF, 0xE0, 0xF3, 0x3F,
  0xF0, 0x0F, 0xCF, 0xF0, 0x0C, 0x3C, 0xCC, 0x3C, 0xCC, 0x3C, 0xCC, 0x3C, 0xCC, 0x3C, 0xC5, 0x6F,
  0xDC, 0x3F, 0xF0, 0x00, 0x00, 0x00, 0x00, 0x00, 0x00, 0x00, 0x00, 0x00, 0x00, 0x00, 0x00, 0x00,
  0x00, 0x00, 0x00, 0x00, 0x00, 0x0F, 0xF0, 0xFF, 0xBF, 0xFF, 0x0F, 0x4F, 0x5F, 0x5F, 0x0F, 0xFF,
  0x5F, 0x7F, 0xC5, 0xFD, 0xDF, 0xF0, 0x00, 0x00, 0x00, 0x0F, 0xFF, 0xF0, 0x00, 0x0C, 0x0C, 0x00,
  0x00, 0x02, 0x02, 0x20, 0x00, 0x0F, 0xEF, 0xE0, 0x00, 0x0F, 0xFF, 0xFF, 0xF0, 0xFF, 0xFF, 0xF0,
  0x00, 0x0F, 0xFF, 0xFC, 0xCF, 0xFC, 0x05, 0x0F, 0xFC, 0xC1, 0x01, 0xF0, 0x0F, 0xF5, 0x5C, 0x0F,
  0x01, 0x10, 0x45, 0x40, 0x0F, 0xF0, 0x00, 0x00, 0x00, 0x0F, 0xFF, 0xF0, 0x53, 0x5F, 0xFF, 0xF5,
  0x50, 0x0C, 0xCC, 0xC0, 0x0F, 0x01, 0x1D, 0xD5, 0x0F, 0xAF, 0x0C, 0xCC, 0xCF, 0x0F, 0xFF, 0xF0,
  0x00, 0x00, 0x00, 0x00, 0x00, 0x0C, 0x0F, 0x38, 0x08, 0x80, 0x05, 0x70, 0x40, 0x58, 0x08, 0x81,
  0x5D, 0x50, 0x5F, 0x58, 0x0F, 0x70, 0x05, 0xCC, 0xCD, 0x8D, 0x84, 0x07, 0xF5, 0x55, 0xCF, 0xFF,
  0xFF, 0xFF, 0xF0, 0x00, 0x0F, 0xFF, 0xF5, 0x53, 0x03, 0x07, 0x4C, 0x0F, 0x30, 0xCF, 0xC0, 0x0D,
  0x84, 0x04, 0xF4, 0x4C, 0x05, 0x55, 0x5F, 0xFF, 0xFA, 0x0E, 0x4F, 0xFF, 0xFF, 0x05, 0x5C, 0x3C,
  0xC6, 0x96, 0x66, 0x96, 0x66, 0x96, 0x66, 0x96, 0x66, 0x96, 0x6A, 0x95, 0x4C, 0x3F, 0xFA, 0x0E,
  0x44, 0x04, 0x54, 0x4F, 0x0D, 0x10, 0x0A, 0x0E, 0x4D, 0x88, 0x8C, 0xCF, 0x07, 0x44, 0x46, 0x96,
  0x66, 0x96, 0x66, 0x96, 0x66, 0x96, 0x66, 0x96, 0x66, 0x96, 0x6A, 0x95, 0x4C, 0x3F, 0xFC, 0x6C,
  0x63, 0x3F, 0x30, 0x2F, 0xDF, 0xDF, 0xFC, 0x0C, 0xF0, 0x00, 0x0F, 0xF7, 0x70, 0xFF, 0x00, 0x0F,
  0x03, 0x30, 0x0A, 0xAF, 0xFF, 0xFE, 0xEF, 0xFF, 0xFF, 0xF0, 0xF3, 0x3F, 0xFA, 0x8F, 0xCF, 0xF0,
  0x0C, 0x3C, 0xCC, 0x3C, 0xCC, 0x3C, 0xCC, 0x3C, 0xCC, 0x3C, 0xC5, 0x6F, 0xDC, 0x3F, 0xF0, 0x00,
  0x00, 0x00, 0x00, 0x00, 0x00, 0x00, 0x00, 0x00, 0x00, 0x00, 0x00, 0x00, 0x00, 0x00, 0x00, 0x00,
  0x04, 0x00, 0x00, 0x00, 0x00, 0x00, 0x00, 0x43, 0x00, 0x10, 0x00, 0x00, 0x00, 0x80, 0x00, 0x00,
  0x00, 0x02, 0x01, 0x80, 0x00, 0x00, 0x88, 0x00, 0x01, 0x0A, 0x08, 0x44, 0x08, 0x08, 0x10, 0x88,
  0x14, 0x44, 0x04, 0x60, 0x00, 0x00, 0x04, 0x40, 0x10, 0x10, 0x58, 0x08, 0x44, 0x04, 0x46, 0x00,
  0x08, 0x03, 0x4A, 0x20, 0x04, 0x03, 0x08, 0x42, 0x00, 0x83, 0x05, 0x88, 0x44, 0x08, 0x12, 0x28,
  0x42, 0x00, 0x03, 0x02, 0x80, 0x80, 0x08, 0x0A, 0x03, 0x00, 0x00, 0x88, 0x01, 0x00, 0x00, 0x40,
  0x80, 0x13, 0x08, 0x03, 0x28, 0x80, 0x80, 0x03, 0x88, 0x88, 0x04, 0x01, 0x17, 0x80, 0x03, 0x00,
  0x00, 0x80, 0x48, 0x41, 0x03, 0x40, 0x43, 0x44, 0x45, 0x08, 0x08, 0x80, 0x80, 0x20, 0x00, 0x00,
  0x80, 0x10, 0x00, 0x12, 0x40, 0x04, 0x42, 0x03, 0x44, 0x0A, 0x03, 0x04, 0x04, 0x50, 0x0B, 0x15,
  0x28, 0x00, 0x43, 0x04, 0x42, 0xA3, 0x10, 0x10, 0x83, 0x84, 0x42, 0x88, 0x06, 0x00, 0x40, 0x90,
  0x28, 0x04, 0x00, 0x09, 0x82, 0x08, 0x08, 0x00, 0x47, 0xA1, 0x03, 0x00, 0x02, 0x08, 0x22, 0x10,
  0x02, 0x00, 0x32, 0x81, 0xB0, 0x08, 0x00, 0x0A, 0x80, 0x00, 0x08, 0x00, 0x10, 0x00, 0x10, 0xA0,
  0x90, 0x10, 0x04, 0x08, 0x80, 0x10, 0x00, 0x08, 0x80, 0x30, 0x92, 0x88, 0x80, 0x00, 0x22, 0x08,
  0x22, 0x80, 0x44, 0xB0, 0x00, 0x10, 0x00, 0x00, 0x02, 0x80, 0x40, 0x20, 0x02, 0xA0, 0x00, 0x80,
  0x00, 0xB0, 0x00, 0x10, 0x00, 0x10, 0x00, 0x22, 0x10, 0x16, 0x00, 0x10, 0x00, 0x02, 0x40, 0x12,
  0x80, 0x10, 0x00, 0x08, 0x80, 0x00, 0x83, 0x08, 0x08, 0x0B, 0x80, 0x02, 0x04, 0x40, 0x80, 0x42,
  0x00, 0x43, 0x00, 0x04, 0xA0, 0x04, 0x20, 0x00, 0x40, 0x00, 0xA0, 0x00, 0x40, 0x00, 0x00, 0x00,
  0x00, 0x08, 0x20, 0x00, 0x00, 0x00, 0x00, 0x00, 0x00, 0x00, 0x01, 0x00, 0x20, 0x00, 0x00, 0x00,
  0x00, 0x20, 0x00, 0x00, 0x00, 0x00, 0x01, 0x40, 0x00, 0x00, 0x00, 0x00, 0x00, 0x00, 0x00, 0x41,
  0x00, 0x00, 0x25, 0x00, 0x00, 0x02, 0x01, 0x26, 0xC2, 0x50, 0x00, 0x40, 0xC1, 0x41, 0x00, 0x00,
  0x00, 0x10, 0x00, 0x41, 0x02, 0x00, 0x41, 0x10, 0x40, 0x90, 0x42, 0xC0, 0x05, 0x00, 0x40, 0x28,
  0x00, 0xE0, 0x40, 0x12, 0x48, 0x10, 0xA4, 0x00, 0x40, 0x00, 0x02, 0x00, 0x52, 0x10, 0x10, 0x02,
  0x00, 0x18, 0xE0, 0x12, 0x10, 0x00, 0xE0, 0x21, 0x04, 0x00, 0x82, 0x20, 0x10, 0x80, 0x11, 0x20,
  0x04, 0x00, 0x28, 0xC0, 0x06, 0x16, 0x26, 0xA4, 0xC0, 0x00, 0x20, 0x10, 0xE2, 0x20, 0x20, 0x14,
  0xE0, 0x51, 0x10, 0x51, 0x54, 0x00, 0x04, 0x00, 0x09, 0x08, 0x28, 0x69, 0x44, 0x00, 0x08, 0x80,
  0x06, 0x00, 0x00, 0x00, 0x12, 0x01, 0x08, 0x00, 0x90, 0x48, 0xC0, 0xC0, 0x10, 0xD8, 0x00, 0x00,
  0x02, 0x20, 0xC0, 0x01, 0x40, 0x45, 0x50, 0x62, 0xC0, 0x02, 0x01, 0x40, 0x20, 0xA1, 0x51, 0x40,
  0x22, 0x80, 0xC1, 0x88, 0x60, 0x00, 0xD0, 0x18, 0x22, 0xD5, 0x22, 0x06, 0xC2, 0x10, 0x09, 0x5C,
  0x00, 0x00, 0x00, 0x00, 0x00, 0x14, 0x20, 0x04, 0x00, 0x16, 0x00, 0x00, 0x08, 0x00, 0x10, 0x00,
  0x50, 0x05, 0x00, 0xC6, 0x40, 0x04, 0x08, 0x00, 0x0C, 0x00, 0x80, 0x20, 0x00, 0x00, 0x00, 0x09,
  0x60, 0x01, 0x50, 0x00, 0x00, 0x00, 0x00, 0x80, 0x01, 0x06, 0x80, 0x10, 0x12, 0x01, 0x08, 0x48,
  0x00, 0x40, 0x00, 0x00, 0x00, 0x00, 0x00, 0x40, 0x01, 0x51, 0x00, 0x40, 0x61, 0x40, 0x02, 0x00,
  0x50, 0x01, 0x50, 0x00, 0x10, 0x00, 0x21, 0xC2, 0x01, 0x41, 0x00, 0x0A, 0x00, 0x40, 0x00, 0x00,
  0x20, 0x00, 0x01, 0x01, 0x40, 0x00, 0x00, 0x00, 0x00, 0x00, 0x00, 0x00, 0x00, 0x00, 0xA0, 0x00,
  0x00, 0x00, 0x00, 0x00, 0x04, 0x00, 0x00, 0x00, 0x08, 0x10, 0x30, 0x14, 0x00, 0x00, 0x00, 0x22,
  0x21, 0x81, 0x08, 0x00, 0x01, 0x40, 0x29, 0x04, 0x00, 0x01, 0xB8, 0x04, 0x41, 0x54, 0xA8, 0x58,
  0x50, 0x50, 0x28, 0xA0, 0x02, 0x00, 0x01, 0x00, 0x00, 0x14, 0x01, 0x00, 0x38, 0x00, 0x11, 0x10,
  0x28, 0x05, 0x00, 0x44, 0x00, 0x20, 0x10, 0x04, 0x04, 0x08, 0x09, 0x04, 0x10, 0x04, 0x05, 0x20,
  0x19, 0x20, 0x40, 0x50, 0x00, 0x20, 0x88, 0x12, 0x02, 0xC1, 0x20, 0x08, 0x39, 0x20, 0x81, 0x00,
  0x08, 0x00, 0x09, 0xA0, 0x30, 0x00, 0x50, 0x20, 0xA1, 0x40, 0x02, 0x00, 0x09, 0xB0, 0xA2, 0x90,
  0x24, 0x20, 0x80, 0x40, 0x00, 0x20, 0xC0, 0x81, 0x88, 0x44, 0xA1, 0x28, 0x80, 0x00, 0x20, 0x08,
  0x88, 0x00, 0x03, 0x20, 0x40, 0x13, 0x23, 0x08, 0x93, 0x2A, 0x04, 0x25, 0x30, 0x24, 0xB5, 0x10,
  0x24, 0x10, 0x34, 0x05, 0xC5, 0x02, 0x02, 0x00, 0x82, 0x09, 0x22, 0x01, 0x28, 0x88, 0x00, 0x04,
  0x00, 0x00, 0x01, 0x02, 0x15, 0x20, 0x28, 0x01, 0x80, 0xC4, 0x00, 0x00, 0xC0, 0x41, 0x00, 0x31,
  0x00, 0x02, 0x80, 0x01, 0x88, 0x00, 0x00, 0x82, 0x02, 0x02, 0x00, 0x08, 0x80, 0x13, 0x00, 0x03,
  0x40, 0x03, 0x08, 0x01, 0x84, 0x00, 0xC0, 0x10, 0xA0, 0x00, 0x04, 0x18, 0x00, 0x00, 0x00, 0x08,
  0x00, 0x01, 0xA3, 0x39, 0x29, 0x00, 0x91, 0x03, 0x01, 0x20, 0x24, 0x02, 0x00, 0x08, 0x00, 0x90,
  0x31, 0x20, 0x30, 0x01, 0x22, 0x00, 0x28, 0x21, 0x02, 0x08, 0x09, 0x81, 0xD1, 0x80, 0x44, 0x15,
  0x21, 0x03, 0x04, 0x81, 0x24, 0x00, 0x20, 0x01, 0x00, 0x81, 0x00, 0x03, 0x80, 0x02, 0x80, 0x03,
  0xC0, 0x02, 0xA0, 0x02, 0x10, 0x00, 0x20, 0x24, 0x10, 0x00, 0x00, 0x00, 0x80, 0x00, 0x00, 0x04,
  0x00, 0x02, 0x00, 0x00, 0x40, 0x00, 0x00, 0x00, 0x00, 0x18, 0x00, 0x01, 0x00, 0x00, 0x00, 0x00,
  0x08, 0x00, 0x04, 0x00, 0x10, 0x29, 0xA0, 0x48, 0x00, 0x19, 0x00, 0x08, 0x82, 0x02, 0x0C, 0x80,
  0x04, 0x00, 0x8C, 0x08, 0x00, 0x09, 0x8A, 0x0C, 0x84, 0xA8, 0x00, 0xC8, 0x92, 0xC1, 0x84, 0x01,
  0x04, 0xA1, 0x22, 0x01, 0x25, 0x24, 0x03, 0x00, 0xC8, 0x10, 0x45, 0x24, 0xCC, 0x2C, 0x15, 0xA0,
  0x01, 0x21, 0x11, 0x08, 0x00, 0x08, 0x00, 0xA0, 0x41, 0x28, 0x84, 0x40, 0x94, 0x40, 0x11, 0x41,
  0x01, 0x81, 0x08, 0xC0, 0x48, 0x84, 0xA0, 0x08, 0x2C, 0x21, 0x05, 0x41, 0x48, 0x00, 0x1A, 0x05,
  0xC9, 0x09, 0x14, 0x20, 0x0D, 0x19, 0x12, 0x10, 0x80, 0x00, 0x00, 0x00, 0x00, 0x21, 0x01, 0x10,
  0x41, 0x00, 0x80, 0x04, 0x0C, 0x28, 0x03, 0x28, 0x09, 0x14, 0x49, 0x14, 0x00, 0x01, 0x00, 0x09,
  0x03, 0xA4, 0xA2, 0xA4, 0x08, 0x94, 0x00, 0x48, 0x10, 0x80, 0x08, 0x40, 0x24, 0x41, 0xA0, 0x02,
  0x04, 0x40, 0x00, 0x45, 0x80, 0x42, 0x08, 0x05, 0x08, 0x08, 0x40, 0x4A, 0x00, 0x01, 0x20, 0x24,
  0x20, 0x84, 0x0C, 0x2D, 0x81, 0x04, 0xA4, 0x85, 0x00, 0x03, 0x05, 0x15, 0x21, 0x0A, 0x00, 0x43,
  0x08, 0x41, 0x99, 0x08, 0x08, 0x48, 0xA1, 0x40, 0x00, 0x42, 0x00, 0x00, 0x00, 0x48, 0x20, 0x00,
  0x08, 0x40, 0x80, 0x40, 0x01, 0x40, 0x10, 0x10, 0x10, 0x40, 0x00, 0x00, 0x00, 0xC0, 0x00, 0x12,
  0x00, 0x00, 0x00, 0x22, 0x80, 0x00, 0x00, 0x22, 0xA0, 0x2C, 0xA0, 0x00, 0xC0, 0x00, 0x40, 0x04,
  0x88, 0x00, 0x08, 0x24, 0x2C, 0x2C, 0x04, 0x83, 0x84, 0x80, 0x88, 0xA8, 0x94, 0x20, 0x08, 0x8B,
  0x8C, 0xC9, 0x00, 0xC9, 0x24, 0x8B, 0x04, 0x02, 0x00, 0x0C, 0x00, 0x02, 0x81, 0x00, 0x04, 0x08,
  0x25, 0x04, 0x00, 0x00, 0x20, 0x00, 0x00, 0x01, 0x00, 0x01, 0x84, 0x0C, 0x00, 0x08, 0x00, 0x00,
  0x00, 0x00, 0x00, 0x00, 0x00, 0x40, 0x10, 0x00, 0x00, 0x00, 0x00, 0x00, 0x00, 0x00, 0x00, 0x00,
  0x00, 0x04, 0x04, 0x09, 0x00, 0x01, 0x04, 0x04, 0x04, 0x02, 0x20, 0x4D, 0x40, 0x04, 0x00, 0x0D,
  0x10, 0x04, 0x00, 0x09, 0x00, 0x02, 0x00, 0x02, 0x80, 0x00, 0x80, 0x08, 0x40, 0x01, 0x00, 0x00,
  0x10, 0x09, 0x00, 0x09, 0x00, 0x00, 0x20, 0x0D, 0x00, 0x00, 0x90, 0x00, 0x00, 0x00, 0x09, 0x08,
  0x04, 0x00, 0x10, 0x00, 0x00, 0x01, 0xC0, 0x03, 0x44, 0x05, 0x00, 0x00, 0x20, 0x01, 0x04, 0x00,
  0x05, 0x01, 0x04, 0x04, 0x00, 0x04, 0x40, 0x01, 0x00, 0x01, 0x09, 0x01, 0x04, 0x00, 0x00, 0x02,
  0x12, 0x00, 0x80, 0x05, 0x00, 0x02, 0x10, 0x01, 0x10, 0x04, 0x10, 0x00, 0x02, 0x00, 0x82, 0x00,
  0x82, 0x00, 0x00, 0x00, 0x14, 0x00, 0x42, 0x21, 0x40, 0x01, 0x10, 0x01, 0x40, 0x01, 0x00, 0x01,
  0x00, 0x00, 0x05, 0x10, 0x01, 0x20, 0x00, 0x00, 0x00, 0x00, 0x05, 0x00, 0x00, 0x40, 0x01, 0x40,
  0x00, 0x80, 0x40, 0x00, 0x00, 0x80, 0x05, 0x10, 0x04, 0x10, 0x01, 0x00, 0x00, 0x00, 0x00, 0x01,
  0x00, 0x84, 0x00, 0x00, 0x01, 0x00, 0x00, 0x00, 0x08, 0x40, 0x00, 0x20, 0x03, 0x00, 0x00, 0x00,
  0x01, 0x20, 0x00, 0x00, 0x00, 0x00, 0x00, 0x00, 0x00, 0x00, 0x02, 0x00, 0x00, 0x04, 0x20, 0x00,
  0x00, 0x00, 0x00, 0x04, 0x00, 0x04, 0x00, 0x00, 0x00, 0x04, 0x04, 0x00, 0x00, 0x00, 0x00, 0x02,
  0x04, 0x84, 0x04, 0x00, 0x04, 0x80, 0x02, 0x00, 0x04, 0x00, 0x04, 0x02, 0x0A, 0x02, 0x00, 0x00,
  0x00, 0x00, 0x00, 0x00, 0x00, 0xC0, 0x00, 0x00, 0x08, 0x00, 0x00, 0x00, 0x00, 0x00, 0x0D, 0x80,
  0x03, 0x00, 0x00, 0x00, 0x08, 0x00, 0x00, 0x00, 0x08, 0x20, 0x00, 0x00, 0x80, 0x00, 0x04, 0x00,
  0x00, 0x00, 0x00, 0x00, 0x04, 0x00, 0x00, 0x00, 0x00, 0x00, 0x00, 0x00, 0x00, 0x00, 0x00, 0x00,
  0x00, 0x00, 0x00, 0x00, 0x00, 0x00, 0x00, 0x00, 0x00, 0x00, 0x00, 0x00, 0x00, 0x01, 0x00, 0x00,
  0x00, 0x00, 0x00, 0x09, 0x00, 0x81, 0x00, 0x01, 0x10, 0x00, 0x90, 0x01, 0x00, 0x01, 0x80, 0x00,
  0x00, 0x81, 0x00, 0x01, 0x00, 0x00, 0x80, 0x02, 0x10, 0x00, 0x00, 0x00, 0x10, 0x00, 0x00, 0x00,
  0x00, 0x04, 0x20, 0x00, 0x00, 0x04, 0x00, 0x00, 0x21, 0x00, 0x00, 0x02, 0x00, 0x00, 0x30, 0x00,
  0x00, 0x00, 0x20, 0x01, 0x01, 0x00, 0x00, 0x00, 0x00, 0x00, 0x00, 0x00, 0x00, 0x00, 0x40, 0x04,
  0xA0, 0x00, 0x00, 0x00, 0x00, 0x01, 0x80, 0x40, 0x00, 0x00, 0x00, 0x08, 0x00, 0x00, 0x40, 0x01,
  0x20, 0x02, 0x10, 0x01, 0x20, 0x40, 0x00, 0x03, 0x00, 0x08, 0x40, 0x82, 0x80, 0x00, 0x00, 0x02,
  0x50, 0x00, 0x10, 0x00, 0x10, 0x00, 0x50, 0x00, 0x10, 0x00, 0x00, 0x00, 0x20, 0x00, 0x01, 0x20,
  0x00, 0x20, 0x00, 0x00, 0x00, 0x40, 0x00, 0x08, 0x02, 0x50, 0x00, 0x22, 0x00, 0x20, 0x00, 0x00,
  0x84, 0x20, 0x01, 0x00, 0x03, 0x10, 0x00, 0x00, 0x00, 0x80, 0x00, 0x80, 0x00, 0x40, 0x00, 0x00,
  0x01, 0x20, 0x01, 0x00, 0x03, 0x10, 0x01, 0x40, 0x00, 0x01, 0x08, 0x00, 0x01, 0x00, 0x05, 0x80,
  0x01, 0x40, 0x00, 0x40, 0x00, 0xD0, 0x01, 0x00, 0x00, 0x01, 0x00, 0x40, 0x00, 0x00, 0x00, 0x00,
  0x00, 0x00, 0x00, 0x00, 0x08, 0x00, 0x00, 0x00, 0x00, 0x00, 0x00, 0x00, 0x01, 0x41, 0x42, 0x20,
  0x40, 0x20, 0x40, 0x20, 0x01, 0x00, 0x00, 0x20, 0x03, 0xB0, 0x08, 0x00, 0x00, 0x90, 0x85, 0x00,
  0x04, 0x10, 0x01, 0x00, 0x09, 0x00, 0x00, 0x00, 0x02, 0x00, 0x00, 0x40, 0x00, 0x40, 0x00, 0x00,
  0x02, 0x00, 0x02, 0x00, 0x02, 0x40, 0x00, 0x00, 0x40, 0x00, 0x00, 0x90, 0x00, 0x00, 0x00, 0x90,
  0x01, 0x00, 0x00, 0x00, 0x00, 0x80, 0x00, 0x00, 0x00, 0x00, 0x00, 0x00, 0x00, 0x00, 0x00, 0x00,
  0x00, 0x00, 0x00, 0x00, 0x00, 0x00, 0x00, 0x00, 0x00, 0x00, 0x01, 0x00, 0x00, 0x08, 0x02, 0x00,
  0x02, 0x10, 0x10, 0x20, 0x00, 0x01, 0x00, 0x00, 0x20, 0x00, 0x20, 0x02, 0x00, 0x20, 0x00, 0x00,
  0x00, 0x05, 0x60, 0x00, 0x00, 0x00, 0x00, 0x00, 0x00, 0x00, 0x00, 0x05, 0x00, 0x00, 0x95, 0x02,
  0x00, 0x02, 0x10, 0x00, 0x04, 0x00, 0x00, 0x00, 0x01, 0x00, 0x02, 0x00, 0x00, 0x00, 0x10, 0x00,
  0x10, 0x00, 0xC0, 0x00, 0x22, 0x08, 0x02, 0x00, 0x02, 0x0A, 0x02, 0x09, 0x20, 0x01, 0x10, 0x08,
  0x80, 0x4C, 0x00, 0x09, 0x01, 0x00, 0x02, 0x01, 0x01, 0x00, 0x02, 0x00, 0x80, 0xC9, 0x00, 0x00,
  0x00, 0x01, 0x20, 0x04, 0x01, 0x00, 0x00, 0x28, 0x20, 0x05, 0x40, 0x0D, 0x02, 0x00, 0x40, 0x20,
  0x00, 0x00, 0x00, 0x00, 0x00, 0x00, 0x40, 0x00, 0x00, 0x00, 0x00, 0x10, 0x00, 0x00, 0x00, 0x00,
  0x00, 0x80, 0x02, 0x00, 0x0D, 0x02, 0x00, 0x10, 0x02, 0x00, 0x10, 0xC0, 0x1E, 0x00, 0x00, 0xC0,
  0x00, 0xC0, 0x02, 0xC0, 0x01, 0xE0, 0x00, 0xE0, 0x01, 0x02, 0x01, 0xC0, 0x40, 0x01, 0xC0, 0x40,
  0x00, 0x41, 0x00, 0x80, 0x49, 0xC0, 0x00, 0x40, 0x00, 0x40, 0x40, 0x04, 0x00, 0x00, 0x00, 0x00,
  0x00, 0x00, 0x00, 0x00, 0x05, 0x00, 0x20, 0x80, 0x05, 0x00, 0x00, 0x02, 0x00, 0x02, 0x06, 0x80,
  0x00, 0x01, 0x01, 0x00, 0x80, 0x00, 0x00, 0x00, 0x00, 0x00, 0x0A, 0x00, 0x81, 0x00, 0x00, 0x00,
  0x00, 0x00, 0x01, 0x00, 0x00, 0x82, 0x06, 0x00, 0x00, 0x00, 0x00, 0x00, 0x00, 0x40, 0x00, 0x00,
  0x00, 0x00, 0x00, 0x40, 0x00, 0x40, 0x01, 0x00, 0x09, 0x00, 0x00, 0x00, 0x00, 0x00, 0x00, 0x00,
  0x00, 0x20, 0x00, 0x02, 0x00, 0x00, 0x02, 0x00, 0x00, 0x02, 0x00, 0x00, 0x00, 0x00, 0x00, 0x00,
  0x02, 0x20, 0x00, 0x00, 0x00, 0x00, 0x00, 0x00, 0x00, 0x00, 0x00, 0x04, 0x00, 0x00, 0x00, 0x00,
  0x00, 0x00, 0x00, 0x00, 0x00, 0x00, 0x00, 0x00, 0x00, 0x00, 0x00, 0x04, 0x00, 0x00, 0x00, 0x00,
  0x00, 0x00, 0x00, 0x00, 0x00, 0x00, 0x00, 0x02, 0x00, 0x00, 0x00, 0x00, 0x20, 0x00, 0x00, 0x00,
  0x00, 0x04, 0x00, 0x00, 0x00, 0x00, 0x00, 0x00, 0x00, 0x08, 0x00, 0x00, 0x00, 0x06, 0x20, 0x00,
  0x80, 0x00, 0x00, 0x03, 0x00, 0x00, 0x42, 0x00, 0x00, 0x04, 0x03, 0x08, 0x00, 0x05, 0x00, 0x00,
  0x62, 0x03, 0x00, 0x03, 0x08, 0x02, 0x80, 0x00, 0x83, 0x00, 0x00, 0x00, 0x20, 0x40, 0x10, 0x42,
  0x00, 0x03, 0x02, 0x04, 0x10, 0x00, 0x02, 0x04, 0x00, 0x00, 0x00, 0x06, 0x50, 0x40, 0x00, 0x08,
  0x00, 0x08, 0x01, 0x03, 0x21, 0x00, 0x40, 0x00, 0x80, 0x00, 0x41, 0x04, 0x60, 0x04, 0x80, 0x04,
  0x00, 0x07, 0x80, 0x07, 0x40, 0x00, 0x08, 0x80, 0x08, 0x90, 0x00, 0x00, 0x03, 0x00, 0x04, 0x08,
  0x00, 0x82, 0x04, 0x88, 0x02, 0x00, 0x00, 0x00, 0x00, 0x00, 0x04, 0x10, 0x08, 0x00, 0x06, 0x00,
  0x02, 0x00, 0x00, 0x08, 0x02, 0x00, 0x02, 0x00, 0x46, 0x82, 0x02, 0x40, 0x02, 0x42, 0x02, 0x10,
  0x40, 0x02, 0x08, 0x40, 0x0A, 0x50, 0x8A, 0xB1, 0x02, 0x80, 0x00, 0x80, 0x00, 0x80, 0x00, 0x00,
  0x00, 0x00, 0x03, 0x00, 0x00, 0x00, 0x00, 0x00, 0x00, 0x00, 0x00, 0x23, 0x04, 0x00, 0x00, 0x00,
  0x20, 0x00, 0x00, 0x01, 0x00, 0x00, 0x40, 0x40, 0x00, 0x00, 0x41, 0x40, 0x00, 0x00, 0x00, 0x81,
  0x00, 0x00, 0x04, 0x00, 0x00, 0x00, 0x16, 0x60, 0x04, 0x00, 0x02, 0x00, 0x02, 0x00, 0x00, 0x80,
  0x08, 0x80, 0x00, 0x00, 0x00, 0x80, 0x00, 0x00, 0x00, 0x00, 0x08, 0x00, 0x00, 0x80, 0x00, 0x02,
  0x00, 0x00, 0x00, 0x00, 0x00, 0x02, 0x00, 0x00, 0x00, 0x00, 0x00, 0x00, 0x02, 0x00, 0x00, 0x00,
  0x00, 0x00, 0x00, 0x00, 0x00, 0x00, 0x00, 0x00, 0x00, 0x00, 0x00, 0x00, 0x00, 0x00, 0x00, 0x00,
  0x00, 0x00, 0x00, 0x00, 0x60, 0x00, 0x00, 0x56, 0x10, 0x20, 0x24, 0x00, 0x00, 0x00, 0x00, 0x40,
  0x00, 0x06, 0x40, 0x80, 0x00, 0x00, 0x10, 0x00, 0x10, 0x05, 0x01, 0x90, 0x20, 0x00, 0x10, 0xA8,
  0x00, 0x41, 0x20, 0x40, 0x00, 0x00, 0x02, 0x40, 0x04, 0x00, 0x08, 0x00, 0x48, 0x00, 0x10, 0x40,
  0x18, 0x20, 0x00, 0x40, 0x88, 0x00, 0xD0, 0x01, 0x11, 0x04, 0x44, 0x40, 0x48, 0x00, 0x30, 0x01,
  0x00, 0x10, 0x40, 0x12, 0x48, 0x00, 0x10, 0x21, 0x40, 0x00, 0x42, 0x01, 0x48, 0x00, 0x10, 0x00,
  0x43, 0x60, 0x00, 0x00, 0x48, 0x00, 0x10, 0x01, 0x10, 0x04, 0x01, 0x50, 0x48, 0x01, 0x00, 0x08,
  0x94, 0x00, 0x00, 0x00, 0x48, 0x02, 0x02, 0x10, 0x11, 0x04, 0x05, 0x81, 0x88, 0x02, 0x90, 0x80,
  0x14, 0x00, 0x04, 0x40, 0x40, 0x88, 0x02, 0x00, 0x04, 0x13, 0x04, 0x41, 0x48, 0x50, 0x02, 0x50,
  0x40, 0x15, 0x20, 0x00, 0x68, 0x50, 0x00, 0x10, 0x69, 0x11, 0x09, 0x42, 0x90, 0x90, 0x02, 0x10,
  0x85, 0x11, 0x44, 0x00, 0x19, 0x48, 0x00, 0x10, 0x8D, 0x58, 0x02, 0x84, 0x01, 0x48, 0x00, 0x22,
  0x40, 0x03, 0x14, 0x00, 0x20, 0x00, 0x02, 0x20, 0xB0, 0x12, 0x10, 0x40, 0x10, 0x80, 0x00, 0x00,
  0x10, 0x13, 0x55, 0x82, 0x00, 0x80, 0x00, 0x00, 0x30, 0x12, 0x10, 0x62, 0x80, 0x00, 0x00, 0x01,
  0x00, 0x52, 0x98, 0x82, 0x00, 0x00, 0x00, 0x20, 0x08, 0x93, 0x14, 0x80, 0x1A, 0x90, 0x00, 0x32,
  0x15, 0x00, 0x0A, 0x80, 0x04, 0x00, 0x00, 0x00, 0x00, 0x10, 0x08, 0x00, 0x00, 0x00, 0x00, 0x10,
  0x40, 0x02, 0x80, 0x00, 0x00, 0x00, 0x00, 0x05, 0x00, 0x01, 0x81, 0x00, 0x44, 0x00, 0x02, 0x01,
  0x08, 0x10, 0x00, 0x22, 0x04, 0x00, 0x00, 0x44, 0x10, 0x11, 0x00, 0x00, 0x00, 0x00, 0x00, 0x00,
  0x00, 0x00, 0x00, 0x00, 0x00, 0x00, 0x00, 0x00, 0x00, 0x00, 0x00, 0x00, 0x00, 0x00, 0x24, 0x00,
  0x00, 0x00, 0x06, 0x01, 0x08, 0x00, 0x82, 0x00, 0x00, 0x00, 0x04, 0x00, 0x00, 0x00, 0x04, 0x08,
  0x10, 0x00, 0x00, 0x00, 0x11, 0x02, 0x41, 0x09, 0x90, 0x00, 0x06, 0x00, 0x02, 0x58, 0x06, 0x29,
  0x10, 0x00, 0x12, 0x00, 0x88, 0x51, 0x48, 0x00, 0x20, 0x00, 0x06, 0x12, 0x00, 0x00, 0xC0, 0x30,
  0x20, 0x01, 0x06, 0x04, 0x54, 0x40, 0x12, 0x21, 0x20, 0x00, 0x06, 0x84, 0x02, 0x40, 0x00, 0x08,
  0x20, 0x00, 0x06, 0x04, 0x00, 0x00, 0x01, 0x28, 0x20, 0x00, 0x06, 0x00, 0x00, 0x20, 0x41, 0x32,
  0x20, 0x00, 0x06, 0x24, 0x02, 0x91, 0x88, 0x08, 0x20, 0x00, 0x06, 0x80, 0x81, 0x10, 0xC7, 0x00,
  0x20, 0x00, 0x16, 0x82, 0x00, 0x10, 0x40, 0x10, 0x20, 0x01, 0x06, 0x0A, 0x91, 0x10, 0x04, 0x0A,
  0x26, 0x20, 0x00, 0x0E, 0x02, 0x40, 0xA0, 0x04, 0x02, 0x20, 0x20, 0x06, 0x00, 0x08, 0x20, 0x44,
  0x01, 0x20, 0x02, 0x06, 0x05, 0x54, 0x82, 0x00, 0x80, 0x20, 0x00, 0x06, 0x50, 0x00, 0x10, 0xA0,
  0x00, 0x20, 0x00, 0xC2, 0x00, 0x0C, 0x18, 0x32, 0x10, 0x20, 0x00, 0x06, 0x02, 0x40, 0x40, 0xC2,
  0x89, 0x00, 0x00, 0x00, 0x04, 0x02, 0x08, 0x07, 0x11, 0x20, 0x02, 0x06, 0x81, 0x80, 0x00, 0x00,
  0xB1, 0x20, 0x02, 0x06, 0x8A, 0x02, 0x0A, 0x00, 0x10, 0x00, 0x00, 0x00, 0x0A, 0x02, 0x01, 0x04,
  0x10, 0x00, 0x00, 0x00, 0x88, 0x00, 0x00, 0x26, 0x00, 0x20, 0x00, 0x02, 0x01, 0x42, 0xA1, 0x06,
  0x16, 0x00, 0x00, 0x00, 0x80, 0x00, 0x90, 0x8A, 0x00, 0x00, 0x00, 0x0C, 0x06, 0x41, 0x28, 0x40,
  0x20, 0x20, 0x00, 0x10, 0x00, 0x04, 0x80, 0x04, 0x10, 0x20, 0x00, 0x00, 0x04, 0x0E, 0xA0, 0x85,
  0x00, 0x00, 0x00, 0x01, 0x00, 0x0C, 0x20, 0x00, 0x00, 0x00, 0x00, 0x00, 0x00, 0x00, 0x90, 0x00,
  0x00, 0x00, 0x00, 0x00, 0x00, 0x00, 0x00, 0x00, 0x00, 0x02, 0x10, 0x00, 0x00, 0x00, 0x00, 0x20,
  0x60, 0x1A, 0x09, 0x00, 0x00, 0x00, 0x01, 0x20, 0x00, 0x10, 0x00, 0x04, 0x00, 0x00, 0x04, 0x00,
  0x20, 0x90, 0x0C, 0x02, 0x00, 0x00, 0x04, 0x05, 0x40, 0x00, 0x0A, 0x18, 0x00, 0x00, 0x00, 0x12,
  0x01, 0x20, 0x00, 0x24, 0x20, 0x00, 0x04, 0x14, 0x40, 0x14, 0x0C, 0x89, 0x20, 0x00, 0x04, 0x12,
  0x20, 0x38, 0x02, 0x24, 0x20, 0x00, 0x04, 0x80, 0x60, 0x46, 0x88, 0x01, 0x20, 0x00, 0x04, 0x00,
  0x00, 0x02, 0x04, 0x04, 0x20, 0x00, 0x04, 0x40, 0x00, 0x08, 0x08, 0x88, 0x20, 0x00, 0x84, 0x40,
  0x60, 0x01, 0x00, 0x02, 0x20, 0x00, 0x40, 0x16, 0x20, 0x84, 0x0A, 0x00, 0x20, 0x00, 0x40, 0x84,
  0x60, 0x88, 0x48, 0x08, 0x20, 0x00, 0x04, 0x22, 0x20, 0x28, 0x02, 0x01, 0x22, 0x20, 0x00, 0xB0,
  0x12, 0x20, 0x2A, 0x88, 0x84, 0x20, 0x01, 0x04, 0x25, 0x60, 0x20, 0x09, 0x04, 0x20, 0x00, 0x04,
  0x00, 0x20, 0x30, 0x90, 0x23, 0x20, 0x01, 0x04, 0x12, 0x60, 0x08, 0x08, 0x08, 0x20, 0x00, 0x04,
  0x20, 0x01, 0x42, 0x20, 0x82, 0x20, 0x00, 0x10, 0x14, 0x00, 0x28, 0x0A, 0x08, 0x00, 0x00, 0x80,
  0x08, 0xA0, 0x84, 0x02, 0x08, 0x00, 0x01, 0x00, 0x80, 0x20, 0x00, 0x05, 0x08, 0x00, 0x01, 0x00,
  0x02, 0x60, 0x41, 0x08, 0x08, 0x00, 0x02, 0x00, 0x00, 0x20, 0x04, 0x01, 0x02, 0x00, 0x02, 0x00,
  0x02, 0x62, 0x2A, 0x10, 0x00, 0x20, 0x00, 0x00, 0x40, 0x00, 0x40, 0x01, 0x00, 0x00, 0x01, 0x00,
  0x10, 0x60, 0x01, 0x01, 0x24, 0x00, 0x00, 0x01, 0x12, 0x02, 0x01, 0x08, 0x00, 0x20, 0x00, 0x00,
  0x00, 0x02, 0x10, 0x00, 0x00, 0x20, 0x02, 0x00, 0x10, 0xA0, 0x2A, 0x09, 0x20, 0x20, 0x01, 0x10,
  0x08, 0x20, 0x20, 0x00, 0x00, 0x00, 0x00, 0x00, 0x00, 0x00, 0x00, 0x00, 0x00, 0x00, 0x00, 0x00,
  0x00, 0x00, 0x00, 0x00, 0x00, 0x00, 0x90, 0x00, 0x00, 0x02, 0x20, 0x40, 0x01, 0x08, 0x08, 0xA0,
  0x00, 0x00, 0x00, 0x00, 0x00, 0x11, 0x22, 0x00, 0x20, 0x02, 0x20, 0x00, 0x01, 0x80, 0x84, 0x08,
  0x20, 0x00, 0x00, 0x20, 0x45, 0x00, 0x08, 0x00, 0x20, 0x00, 0x02, 0x00, 0x00, 0x00, 0xA0, 0x00,
  0x00, 0x00, 0x00, 0x10, 0x91, 0x09, 0x0A, 0x01, 0x00, 0x02, 0x00, 0xC4, 0x00, 0x02, 0x00, 0x08,
  0x00, 0x00, 0x40, 0x00, 0x60, 0x08, 0x03, 0x42, 0x00, 0x00, 0x00, 0x80, 0x40, 0x00, 0x08, 0x41,
  0x00, 0x00, 0x00, 0xC4, 0x44, 0x0C, 0x82, 0x02, 0x00, 0x02, 0x00, 0x84, 0x51, 0x40, 0x20, 0x40,
  0x00, 0x00, 0x00, 0x20, 0x10, 0x29, 0x10, 0x20, 0x00, 0x00, 0x00, 0x20, 0x49, 0x14, 0x81, 0x21,
  0x00, 0x00, 0x10, 0x00, 0x00, 0x22, 0x00, 0x04, 0x00, 0x00, 0x00, 0x10, 0xC4, 0x08, 0x00, 0x20,
  0x21, 0x00, 0x08, 0x40, 0x01, 0x00, 0x00, 0x0A, 0x08, 0x00, 0x01, 0x30, 0x40, 0x00, 0x00, 0x00,
  0x02, 0x00, 0x00, 0x00, 0x00, 0x00, 0x12, 0x03, 0x42, 0x00, 0x00, 0x08, 0x40, 0x80, 0x10, 0x00,
  0x01, 0x00, 0x00, 0x40, 0x24, 0x44, 0x04, 0x00, 0x01, 0x00, 0x00, 0x40, 0x00, 0x10, 0x11, 0x10,
  0x01, 0x00, 0x00, 0x00, 0x40, 0x04, 0x22, 0x20, 0x01, 0x00, 0x00, 0x00, 0x40, 0x08, 0x20, 0x00,
  0x00, 0x00, 0x02, 0x01, 0x01, 0x04, 0x80, 0x04, 0xA0, 0x00, 0x02, 0x40, 0x48, 0x00, 0x80, 0x21,
  0x40, 0x00, 0x00, 0x82, 0xC0, 0x00, 0x00, 0x20, 0x00, 0x00, 0x02, 0x00, 0x00, 0x40, 0x01, 0x04,
  0x00, 0x00, 0x00, 0x00, 0x44, 0x00, 0x10, 0x00, 0x80, 0x88, 0x00, 0x04, 0x00, 0x00, 0x08, 0x20,
  0x20, 0x88, 0x00, 0x04, 0xA0, 0x00, 0x08, 0x04, 0x20, 0x08, 0x03, 0x01, 0x00, 0x00, 0x10, 0x00,
  0x00, 0x00, 0x00, 0x00, 0x00, 0x00, 0x00, 0x00, 0x00, 0x00, 0x00, 0x00, 0x00, 0x00, 0x00, 0x00,
  0x00, 0x00, 0x05, 0x00, 0x00, 0x00, 0x00, 0x00, 0x20, 0x00, 0x21, 0x00, 0x00, 0x80, 0x00, 0x00,
  0x40, 0x00, 0x04, 0x08, 0x80, 0x01, 0x20, 0x00, 0x90, 0x50, 0x09, 0x02, 0x01, 0x00, 0x01, 0x00,
  0x40, 0x00, 0x00, 0x20, 0x10, 0x44, 0x00, 0x01, 0x00, 0x00, 0x00, 0x01, 0x00, 0x40, 0x20, 0x00,
  0x20, 0x80, 0x09, 0x60, 0x80, 0x40, 0x84, 0x00, 0x28, 0x50, 0x05, 0x20, 0x00, 0x81, 0x00, 0x00,
  0x11, 0x10, 0x01, 0x00, 0x00, 0x40, 0x60, 0x00, 0x00, 0x00, 0x09, 0x20, 0x00, 0x42, 0x02, 0x00,
  0x00, 0x00, 0x08, 0x00, 0x00, 0x84, 0x04, 0x00, 0x00, 0x00, 0x00, 0x01, 0x01, 0x00, 0x00, 0x02,
  0x00, 0x00, 0x00, 0x00, 0x00, 0x05, 0x04, 0x00, 0x2B, 0x20, 0x01, 0x24, 0x02, 0x00, 0x48, 0x00,
  0x00, 0x10, 0x00, 0x05, 0x00, 0x00, 0x05, 0x10, 0x00, 0x00, 0x00, 0x04, 0xA0, 0x29, 0x06, 0x00,
  0x00, 0x00, 0x10, 0x02, 0xC1, 0xA0, 0x43, 0x00, 0x00, 0x48, 0x00, 0x04, 0x04, 0x02, 0x00, 0x40,
  0x00, 0x48, 0x10, 0x01, 0x01, 0x40, 0x80, 0x01, 0x00, 0x84, 0x40, 0x10, 0x01, 0x02, 0x04, 0x00,
  0x00, 0x40, 0x00, 0x10, 0x00, 0x00, 0x40, 0x41, 0x00, 0xB1, 0x00, 0x05, 0x02, 0x00, 0x81, 0x01,
  0x00, 0x50, 0x60, 0x01, 0x02, 0x04, 0x41, 0x01, 0x01, 0x29, 0x00, 0x10, 0x14, 0x00, 0x40, 0x00,
  0x00, 0x80, 0x10, 0x00, 0x11, 0x00, 0x41, 0x01, 0x00, 0x80, 0x00, 0x0B, 0x20, 0x51, 0x04, 0x01,
  0xA4, 0x24, 0x40, 0x04, 0x00, 0x02, 0x00, 0x02, 0x00, 0x00, 0x20, 0x04, 0x08, 0x00, 0x01, 0x00,
  0x00, 0x25, 0x00, 0x05, 0x22, 0x14, 0x04, 0x30, 0x02, 0x02, 0x10, 0x01, 0x20, 0x40, 0x81, 0x00,
  0x10, 0x40, 0x00, 0x00, 0x04, 0x02, 0x04, 0x00, 0x00, 0x50, 0x00, 0x04, 0x00, 0x00, 0x00, 0x00,
  0x00, 0x00, 0x00, 0x00, 0x00, 0x00, 0x00, 0x00, 0x00, 0x00, 0x00, 0x00, 0x00, 0x00, 0x04, 0x00,
  0x00, 0x88, 0x00, 0x00, 0xA0, 0x00, 0x04, 0x00, 0x88, 0x82, 0x01, 0x00, 0xA0, 0x00, 0x00, 0x00,
  0x80, 0x00, 0x00, 0x00, 0xE1, 0x10, 0x04, 0x43, 0x88, 0x88, 0x00, 0x04, 0x20, 0x00, 0x02, 0x02,
  0x00, 0x46, 0x08, 0x00, 0xA0, 0x00, 0x01, 0x00, 0x00, 0x48, 0x28, 0x06, 0x88, 0x08, 0x88, 0x25,
  0x08, 0x80, 0x80, 0x83, 0x20, 0x00, 0x88, 0x02, 0x08, 0x80, 0x00, 0x00, 0x90, 0x40, 0x20, 0x28,
  0x00, 0x80, 0x02, 0x00, 0x82, 0x80, 0x10, 0x62, 0x00, 0x01, 0x00, 0x00, 0x08, 0x80, 0x81, 0x22,
  0x00, 0x4D, 0x12, 0x06, 0x08, 0x20, 0x44, 0x25, 0x00, 0x80, 0x02, 0x00, 0x40, 0x20, 0x88, 0x02,
  0x09, 0x08, 0x12, 0x00, 0x81, 0x80, 0x49, 0x21, 0x0A, 0x01, 0x10, 0x00, 0x01, 0x20, 0x00, 0x04,
  0x20, 0x01, 0x08, 0x00, 0x04, 0x20, 0x48, 0x02, 0x04, 0x08, 0x86, 0x2A, 0x00, 0xA2, 0x00, 0x00,
  0x00, 0x81, 0x08, 0x42, 0x04, 0x40, 0x20, 0x84, 0x21, 0x08, 0x08, 0x00, 0x01, 0x00, 0x90, 0x00,
  0x01, 0x00, 0x42, 0x01, 0x00, 0x04, 0x00, 0x08, 0x42, 0x18, 0x8C, 0x80, 0x00, 0x88, 0x20, 0x00,
  0x02, 0x08, 0x82, 0x02, 0x01, 0x61, 0x00, 0x84, 0x02, 0x00, 0xC0, 0x03, 0x01, 0x00, 0x00, 0x08,
  0x28, 0x00, 0x48, 0x43, 0x00, 0x80, 0x30, 0x88, 0x01, 0x00, 0x00, 0x12, 0x00, 0x80, 0x00, 0x00,
  0x00, 0x08, 0x82, 0x12, 0x01, 0x01, 0x10, 0x12, 0x08, 0x00, 0x8C, 0x42, 0x44, 0x05, 0x10, 0x02,
  0x02, 0x08, 0x82, 0x00, 0x10, 0x61, 0x30, 0x00, 0x02, 0x08, 0x81, 0x02, 0x00, 0x08, 0x20, 0x8C,
  0x62, 0x00, 0x0C, 0x00, 0x00, 0x02, 0x00, 0x00, 0x01, 0x00, 0x00, 0x00, 0x04, 0x00, 0x10, 0x08,
  0x01, 0x08, 0xC0, 0x10, 0x04, 0x84, 0x10, 0x04, 0x00, 0x00, 0x00, 0x00, 0x00, 0x00, 0x00, 0x00,
  0x00, 0x00, 0x00, 0x00, 0x00, 0x00, 0x00, 0x00, 0x00, 0x00, 0x00, 0x00, 0x02, 0x10, 0x00, 0x04,
  0x00, 0x00, 0x00, 0x00, 0x00, 0x02, 0x04, 0x00, 0x00, 0x00, 0x24, 0x22, 0x02, 0x00, 0x40, 0x00,
  0x04, 0x00, 0x00, 0x08, 0x40, 0x80, 0x29, 0x00, 0x00, 0x00, 0x02, 0x88, 0x00, 0x02, 0x00, 0x00,
  0x40, 0x00, 0x02, 0x41, 0x00, 0x10, 0x02, 0x00, 0x80, 0x10, 0x00, 0x04, 0x00, 0x82, 0x01, 0x00,
  0x80, 0x20, 0x00, 0x08, 0x20, 0x00, 0x20, 0x00, 0x02, 0x00, 0x20, 0x00, 0x24, 0x80, 0x20, 0x04,
  0x01, 0x00, 0x20, 0x00, 0x04, 0x40, 0x29, 0x09, 0x81, 0x00, 0x06, 0x00, 0x00, 0x10, 0x02, 0x02,
  0x82, 0x00, 0x00, 0x00, 0x02, 0x40, 0x00, 0x04, 0x02, 0x00, 0x00, 0x08, 0x00, 0x24, 0x40, 0x08,
  0x00, 0x00, 0x24, 0x00, 0x40, 0x82, 0x09, 0x09, 0x80, 0x10, 0x00, 0x20, 0x00, 0x02, 0x00, 0x20,
  0x00, 0x12, 0x00, 0x0A, 0x0D, 0x00, 0x40, 0x52, 0x85, 0x45, 0x10, 0x20, 0x01, 0x02, 0x20, 0x15,
  0x00, 0x01, 0x50, 0x00, 0x80, 0x40, 0x90, 0x10, 0x08, 0x41, 0x00, 0x20, 0x00, 0x02, 0x03, 0x20,
  0x08, 0x02, 0x40, 0x28, 0x00, 0x00, 0x90, 0x05, 0x00, 0x02, 0x10, 0x00, 0x00, 0x00, 0x80, 0x00,
  0x08, 0x00, 0x00, 0x00, 0x28, 0x42, 0x00, 0x40, 0x00, 0x44, 0x00, 0x20, 0x20, 0x14, 0x00, 0x40,
  0x08, 0x80, 0x80, 0x04, 0x10, 0x02, 0x00, 0x00, 0x08, 0x41, 0x20, 0x00, 0x11, 0x00, 0x00, 0x01,
  0x00, 0x6C, 0x82, 0x40, 0x0D, 0x04, 0x50, 0xE1, 0x01, 0x40, 0x04, 0x08, 0x10, 0x00, 0x40, 0x08,
  0x85, 0x20, 0x00, 0x00, 0x09, 0x00, 0x02, 0x50, 0x0A, 0x02, 0x40, 0x00, 0x00, 0x18, 0x10, 0xA0,
  0x00, 0x40, 0x10, 0x00, 0x14, 0x00, 0x00, 0x28, 0x00, 0x00, 0x40, 0x20, 0x00, 0x40, 0x08, 0x00,
  0x00, 0x80, 0x00, 0x00, 0x00, 0x00, 0x00, 0x00, 0x00, 0x00, 0x00, 0x00, 0x00, 0x00, 0x00, 0x00,
  0x00, 0x00, 0x00, 0x00, 0x00, 0x00, 0x00, 0x10, 0x00, 0x00, 0x00, 0x00, 0x00, 0x00, 0x00, 0x10,
  0x80, 0x40, 0x00, 0x04, 0x60, 0x00, 0x10, 0x40, 0x01, 0x02, 0x00, 0x04, 0x20, 0x00, 0x02, 0x10,
  0x88, 0x20, 0x00, 0x00, 0xE1, 0x40, 0x00, 0x00, 0x80, 0x00, 0x01, 0x04, 0x20, 0x00, 0x00, 0x10,
  0x60, 0x02, 0x40, 0x00, 0x00, 0x08, 0x05, 0x00, 0x20, 0x00, 0x40, 0x84, 0x05, 0x00, 0x04, 0x00,
  0x08, 0x40, 0x42, 0x04, 0x20, 0x10, 0x00, 0x20, 0x08, 0x01, 0x40, 0x00, 0x04, 0x00, 0x06, 0x00,
  0x61, 0x00, 0x00, 0x02, 0x20, 0x00, 0x08, 0x00, 0x63, 0x01, 0x00, 0x00, 0x10, 0x00, 0x30, 0x00,
  0xA0, 0x00, 0x10, 0x01, 0x00, 0x00, 0x00, 0x00, 0x00, 0x00, 0x01, 0x00, 0x00, 0x10, 0x01, 0x04,
  0x04, 0x00, 0x20, 0x01, 0x00, 0x00, 0x00, 0x08, 0x14, 0x00, 0x24, 0x04, 0x02, 0x24, 0x08, 0x00,
  0x00, 0x60, 0x00, 0x00, 0x20, 0x10, 0x40, 0x08, 0x1A, 0x04, 0x40, 0x20, 0x01, 0x04, 0x00, 0x10,
  0x24, 0x09, 0x00, 0x24, 0x00, 0x04, 0x00, 0x08, 0x2C, 0x08, 0x80, 0x44, 0x01, 0x64, 0x10, 0x01,
  0x09, 0x40, 0x01, 0x00, 0x04, 0x50, 0x20, 0x04, 0x08, 0x60, 0x02, 0x31, 0x00, 0x00, 0x40, 0x10,
  0x01, 0x04, 0x00, 0x10, 0x04, 0x01, 0x10, 0x00, 0x01, 0x08, 0x11, 0x10, 0x00, 0x09, 0x00, 0x00,
  0x00, 0x01, 0x40, 0x00, 0x00, 0x00, 0x80, 0x00, 0x00, 0x00, 0x41, 0x20, 0x04, 0x08, 0x49, 0x44,
  0x00, 0x44, 0x01, 0x00, 0x01, 0x04, 0x24, 0x32, 0x00, 0x00, 0x02, 0x11, 0x01, 0x00, 0x00, 0x04,
  0x00, 0x00, 0x00, 0x00, 0x00, 0x00, 0x10, 0x01, 0x01, 0x42, 0x02, 0x08, 0x00, 0x25, 0x80, 0x00,
  0x04, 0x04, 0x40, 0x40, 0x08, 0xC0, 0x00, 0x00, 0x00, 0x04, 0x00, 0x02, 0x00, 0x14, 0x20, 0x00,
  0x00, 0x00, 0x00, 0x00, 0x00, 0x00, 0x00, 0x00, 0x00, 0x00, 0x00, 0x00, 0x00, 0x00, 0x00, 0x00,
  0x00, 0x00, 0x08, 0x00, 0x00, 0x00, 0x00, 0x10, 0x00, 0x00, 0x30, 0x00, 0x60, 0x81, 0x11, 0x10,
  0x10, 0x00, 0x04, 0x00, 0x20, 0x80, 0x00, 0x40, 0x00, 0x48, 0x01, 0x00, 0x94, 0x00, 0x00, 0x00,
  0x10, 0x00, 0x00, 0x10, 0x40, 0x01, 0x01, 0x00, 0x00, 0x05, 0xA0, 0x00, 0x80, 0x00, 0x08, 0x80,
  0x00, 0x00, 0x62, 0xA0, 0x80, 0x41, 0x10, 0x00, 0x64, 0x00, 0x21, 0x00, 0x00, 0x00, 0x42, 0x10,
  0x04, 0x00, 0x80, 0x24, 0x04, 0x00, 0x44, 0x48, 0x04, 0x00, 0x40, 0x00, 0x52, 0x42, 0x00, 0x08,
  0x00, 0x00, 0x40, 0x00, 0x22, 0x00, 0x00, 0x10, 0x14, 0x08, 0x01, 0x80, 0x0A, 0x00, 0x01, 0x00,
  0x00, 0x01, 0x00, 0x00, 0x86, 0x02, 0x00, 0x80, 0x25, 0x00, 0x40, 0x00, 0x80, 0x82, 0x04, 0x00,
  0x20, 0x00, 0x00, 0x01, 0x00, 0x00, 0x00, 0x20, 0x00, 0x04, 0x20, 0x00, 0x00, 0x06, 0x41, 0x01,
  0xA0, 0x04, 0x22, 0x0C, 0x00, 0x04, 0x02, 0x11, 0x00, 0x00, 0x00, 0x40, 0x10, 0x10, 0x00, 0x02,
  0xA0, 0x02, 0x04, 0x80, 0x10, 0x10, 0x80, 0x24, 0x90, 0x02, 0x00, 0x01, 0x80, 0x00, 0x00, 0x80,
  0xA0, 0x08, 0x00, 0x40, 0x00, 0x05, 0x00, 0x01, 0x08, 0x00, 0x00, 0x40, 0x00, 0x51, 0x00, 0x10,
  0x00, 0x04, 0x00, 0x00, 0x40, 0x40, 0x00, 0x43, 0x50, 0x24, 0x40, 0x80, 0x00, 0x48, 0x00, 0x00,
  0x48, 0x00, 0x00, 0x80, 0x00, 0x00, 0x00, 0x03, 0x40, 0x24, 0x05, 0x00, 0x80, 0x50, 0x00, 0x00,
  0x90, 0x12, 0x02, 0x02, 0x00, 0x10, 0x00, 0x01, 0x50, 0x40, 0x00, 0x00, 0x00, 0x08, 0x00, 0x00,
  0x88, 0x00, 0x04, 0xA1, 0x00, 0x00, 0x00, 0x18, 0x08, 0x00, 0x02, 0x10, 0x20, 0x1A, 0x80, 0x00,
  0x00, 0x00, 0x00, 0x00, 0x00, 0x04, 0x00, 0x50, 0x00, 0x00, 0x00, 0x00, 0x00, 0x00, 0x00, 0x40,
  0x00, 0x00, 0x00, 0x00, 0x00, 0x00, 0x00, 0x00, 0x00, 0x00, 0x00, 0x00, 0x00, 0x00, 0x80, 0x60,
  0x00, 0x00, 0x10, 0x00, 0x00, 0x02, 0x04, 0x00, 0x00, 0x80, 0x08, 0x00, 0x00, 0x10, 0x02, 0x00,
  0x00, 0x00, 0x01, 0x40, 0x00, 0x00, 0x04, 0x00, 0x02, 0x00, 0x29, 0x00, 0x02, 0x10, 0x45, 0x00,
  0x20, 0x00, 0x28, 0x50, 0x02, 0x20, 0x00, 0x00, 0x00, 0x02, 0x20, 0x00, 0x34, 0x10, 0x00, 0x80,
  0x02, 0x00, 0x45, 0x80, 0x02, 0x00, 0x00, 0x60, 0x10, 0x00, 0x00, 0x80, 0x02, 0x10, 0x20, 0x08,
  0x04, 0x80, 0x00, 0x20, 0x00, 0x02, 0x00, 0x00, 0x00, 0x00, 0x01, 0x00, 0x20, 0x20, 0x12, 0x00,
  0x40, 0x00, 0x05, 0x20, 0x02, 0x54, 0x08, 0x00, 0x20, 0x00, 0x00, 0x10, 0x02, 0x88, 0x04, 0x00,
  0x00, 0x00, 0x01, 0x50, 0x08, 0x10, 0x20, 0x40, 0x22, 0x40, 0x90, 0x80, 0x02, 0x00, 0x02, 0x00,
  0x00, 0x02, 0x00, 0x20, 0x00, 0x40, 0x22, 0x42, 0x01, 0x80, 0x00, 0x80, 0x10, 0x00, 0x0A, 0x00,
  0x00, 0x82, 0x41, 0x48, 0x80, 0x36, 0x04, 0x41, 0x00, 0x04, 0x00, 0x10, 0x00, 0x01, 0x14, 0x20,
  0x00, 0x02, 0x00, 0x24, 0x00, 0x02, 0x08, 0x00, 0x00, 0x08, 0x82, 0x06, 0x00, 0x22, 0x50, 0x0A,
  0x00, 0x40, 0x80, 0x20, 0x00, 0x04, 0x08, 0x01, 0x00, 0x00, 0x00, 0x00, 0x80, 0x02, 0x0A, 0x40,
  0x20, 0x20, 0x41, 0x00, 0x40, 0x02, 0x01, 0x00, 0x00, 0x02, 0x00, 0x00, 0x00, 0x02, 0x09, 0x00,
  0x00, 0x42, 0x80, 0x00, 0x10, 0x00, 0x82, 0x94, 0x20, 0x0C, 0x43, 0x20, 0x00, 0x02, 0x18, 0x08,
  0x00, 0x8C, 0x40, 0x00, 0x00, 0x16, 0x98, 0x08, 0x00, 0x24, 0x00, 0x10, 0x00, 0x00, 0x51, 0x00,
  0x60, 0x1C, 0x80, 0x40, 0x00, 0x04, 0x20, 0xA0, 0x00, 0x00, 0x00, 0x08, 0x50, 0x00, 0x24, 0x00,
  0x20, 0x20, 0x40, 0x00, 0x80, 0x00, 0x10, 0x00, 0x00, 0x00, 0x01, 0x00, 0x00, 0x00, 0x00, 0x00,
  0x00, 0x00, 0x00, 0x00, 0x00, 0x00, 0x00, 0x00, 0x00, 0x02, 0x80, 0x00, 0x00, 0x00, 0x02, 0x00,
  0x00, 0x00, 0x00, 0x00, 0x08, 0x00, 0x80, 0x00, 0x20, 0x06, 0x00, 0x40, 0x08, 0x40, 0x92, 0x10,
  0x01, 0x11, 0x02, 0x00, 0x20, 0x00, 0x00, 0x00, 0x20, 0x40, 0x20, 0x00, 0x00, 0x40, 0x48, 0x00,
  0x22, 0x40, 0x0C, 0x00, 0x20, 0x02, 0x01, 0x00, 0x10, 0x08, 0x0C, 0x01, 0x00, 0x82, 0x24, 0x40,
  0x20, 0x52, 0x00, 0x40, 0x08, 0x80, 0x10, 0x40, 0x00, 0x40, 0x20, 0x00, 0x06, 0x00, 0x10, 0x00,
  0x01, 0x80, 0x02, 0x00, 0x00, 0x82, 0x00, 0x00, 0x21, 0x20, 0x05, 0x00, 0x01, 0x42, 0x00, 0x00,
  0x08, 0x20, 0x00, 0x00, 0x10, 0x80, 0x00, 0x00, 0x00, 0x30, 0x00, 0x00, 0x05, 0x42, 0x12, 0x20,
  0x20, 0x28, 0x0C, 0x00, 0x10, 0x00, 0x01, 0x10, 0x10, 0x20, 0x00, 0x88, 0x00, 0x01, 0x00, 0x04,
  0x00, 0x01, 0x28, 0x25, 0x00, 0x80, 0x82, 0x00, 0x08, 0x49, 0x50, 0x80, 0x00, 0x10, 0x80, 0x80,
  0x40, 0x20, 0x42, 0x10, 0x00, 0x82, 0x00, 0x00, 0x00, 0x00, 0x40, 0x08, 0x00, 0x80, 0x40, 0x01,
  0x10, 0x08, 0x34, 0x04, 0x00, 0x00, 0x00, 0x00, 0x00, 0x00, 0x20, 0x02, 0x00, 0x88, 0x00, 0x02,
  0x00, 0x01, 0x34, 0x90, 0x00, 0x88, 0x40, 0x02, 0x40, 0x00, 0x34, 0x08, 0x00, 0x8A, 0x00, 0x10,
  0x80, 0x20, 0x18, 0x00, 0x00, 0x80, 0x80, 0x00, 0x18, 0x00, 0x38, 0x00, 0x00, 0x82, 0x00, 0x10,
  0x80, 0x11, 0x30, 0x88, 0x00, 0x00, 0x81, 0x0B, 0x40, 0x04, 0x40, 0x00, 0x80, 0x00, 0x00, 0x08,
  0x40, 0x08, 0x84, 0x00, 0x00, 0x40, 0x80, 0x02, 0x80, 0x41, 0x01, 0x04, 0x40, 0x04, 0x00, 0x00,
  0x88, 0x02, 0x00, 0x00, 0x24, 0x80, 0x00, 0x10, 0x20, 0x00, 0x00, 0x00, 0x00, 0x88, 0x80, 0x03,
  0x80, 0x01, 0x20, 0x00, 0x00, 0x00, 0x00, 0x00, 0x00, 0x00, 0x00, 0x00, 0x00, 0x00, 0x00, 0x00,
  0x00, 0x00, 0x00, 0x00, 0x00, 0x00, 0x00, 0x00, 0x00, 0x00, 0x00, 0x40, 0x11, 0x00, 0x84, 0x00,
  0x01, 0x00, 0x02, 0x10, 0x00, 0x18, 0x88, 0x00, 0x80, 0x42, 0x01, 0x04, 0x00, 0x84, 0x84, 0x00,
  0x04, 0x03, 0x31, 0x24, 0x00, 0x14, 0xA0, 0x00, 0x18, 0x80, 0x00, 0x00, 0x21, 0x12, 0x10, 0x00,
  0x00, 0x00, 0x01, 0x4C, 0x00, 0x19, 0x20, 0x02, 0x10, 0x80, 0x00, 0x44, 0x48, 0x20, 0xC0, 0x00,
  0x08, 0x00, 0x80, 0x20, 0x10, 0x21, 0x01, 0x00, 0x40, 0x01, 0x00, 0x08, 0x04, 0x00, 0x02, 0x00,
  0x18, 0x80, 0x02, 0x10, 0x00, 0x21, 0x00, 0x00, 0x88, 0x42, 0x00, 0x00, 0x08, 0x04, 0x90, 0x00,
  0x80, 0x00, 0x04, 0xC8, 0x11, 0x02, 0x84, 0x00, 0x30, 0x00, 0x01, 0x00, 0x00, 0x1A, 0x20, 0x20,
  0x0A, 0x00, 0x32, 0x14, 0x11, 0x00, 0x00, 0x80, 0x40, 0x00, 0x00, 0x40, 0x25, 0x10, 0x08, 0x90,
  0x08, 0x20, 0x40, 0x12, 0x00, 0x70, 0x00, 0x85, 0x20, 0x40, 0x80, 0x04, 0x44, 0x00, 0x08, 0x00,
  0x00, 0x88, 0x00, 0x90, 0x24, 0x08, 0x14, 0x00, 0x80, 0x89, 0x01, 0x00, 0x40, 0x30, 0x14, 0xA0,
  0x00, 0xD1, 0x00, 0x00, 0x44, 0x00, 0x04, 0x04, 0x00, 0x81, 0x00, 0x04, 0x40, 0x10, 0x11, 0x00,
  0x20, 0x08, 0x40, 0x50, 0x14, 0x08, 0x10, 0x80, 0x00, 0x08, 0x80, 0x02, 0x00, 0x08, 0x18, 0x00,
  0x00, 0x40, 0x00, 0x00, 0x00, 0x00, 0x10, 0x00, 0x00, 0x88, 0x40, 0x01, 0x40, 0x10, 0x00, 0x03,
  0x00, 0x11, 0x00, 0x10, 0x20, 0x04, 0x22, 0x84, 0x00, 0x15, 0x00, 0x00, 0x40, 0xA0, 0x04, 0x86,
  0x40, 0x80, 0x00, 0x00, 0x10, 0x91, 0x40, 0x44, 0x00, 0x04, 0x01, 0x00, 0x80, 0x00, 0x8C, 0x01,
  0x00, 0x80, 0x01, 0x10, 0x80, 0x09, 0x18, 0x01, 0x00, 0x80, 0x40, 0x81, 0x00, 0x00, 0x10, 0x00,
  0x00, 0x00, 0x00, 0x00, 0x00, 0x00, 0x00, 0x00, 0x00, 0x00, 0x00, 0x00, 0x00, 0x00, 0x00, 0x00,
  0x00, 0x0F, 0xFC, 0x9F, 0xFF, 0xFF, 0xF3, 0xFF, 0xFF, 0xFF, 0xFF, 0xFF, 0xFF, 0xFB, 0xFF, 0xFF,
  0xFF, 0xFF, 0xF3, 0x3F, 0xFF, 0xF0, 0x10, 0x0E, 0xFF, 0xFF, 0xF3, 0x3C, 0x4C, 0xCF, 0xDF, 0xFC,
  0xCF, 0xFF, 0xFF, 0xFC, 0xCF, 0xF0, 0x0F, 0x0C, 0xCC, 0xCF, 0xFF, 0xF0, 0x00, 0x0F, 0xFF, 0xF0,
  0x00, 0x00, 0x0F, 0xF0, 0x0F, 0xFC, 0x04, 0x4D, 0x88, 0x85, 0x04, 0x45, 0x0F, 0xA4, 0x45, 0x05,
  0x5C, 0x01, 0x1D, 0xDC, 0xCC, 0xC0, 0x53, 0x5D, 0x11, 0x1C, 0xCC, 0xCC, 0xC5, 0x57, 0xD3, 0x37,
  0xD3, 0x37, 0xD3, 0x37, 0xD3, 0x37, 0xD3, 0x37, 0xD3, 0x37, 0xD3, 0x37, 0xD3, 0x37, 0xD3, 0x37,
  0xD3, 0x37, 0xD3, 0x37, 0xD3, 0x3D, 0x50, 0x07, 0xDF, 0xFF, 0xFF, 0xFC, 0xCC, 0xCF, 0xFF, 0xFF,
  0xFD, 0xD0, 0x0F, 0xFF, 0xFF, 0xFF, 0xFA, 0x0B, 0x1F, 0xDF, 0xF7, 0x47, 0x48, 0x8D, 0x8F, 0xFF,
  0xFC, 0x0F, 0xF5, 0x5F, 0x08, 0x8D, 0x8C, 0xCC, 0xCC, 0xCA, 0x0D, 0x11, 0x10, 0x0E, 0x43, 0x0F,
  0xC4, 0x45, 0x0F, 0xFF, 0xFF, 0xBF, 0xFF, 0xFF, 0xFE, 0xFF, 0xF3, 0xC3, 0x33, 0xC3, 0x33, 0xC3,
  0x39, 0x69, 0x99, 0x69, 0x99, 0x69, 0x9A, 0x60, 0x8C, 0x3F, 0xF5, 0x55, 0x50, 0x45, 0x4C, 0x5C,
  0x55, 0x05, 0x35, 0x55, 0x51, 0x0B, 0xA8, 0x8D, 0xD5, 0x5F, 0x03, 0xC3, 0x39, 0x69, 0x99, 0x69,
  0x99, 0x69, 0x99, 0x69, 0x99, 0x69, 0x9A, 0x60, 0x8C, 0x3F, 0xFF, 0x0C, 0xCE, 0x2C, 0x0F, 0x0C,
  0xCE, 0x2C, 0x09, 0x69, 0x99, 0x69, 0x99, 0x69, 0x99, 0x69, 0x99, 0x69, 0x99, 0x69, 0x9A, 0x60,
  0x8C, 0x3F, 0xFA, 0xF0, 0xFD, 0x2F, 0xFC, 0xBF, 0xA5, 0xFF, 0x5F, 0xF7, 0x70, 0xFF, 0x0F, 0xFF,
  0xFF, 0xFF, 0xFF, 0x3F, 0xFF, 0xFF, 0xFF, 0xBB, 0xEF, 0x7F, 0xF0, 0x00, 0x00, 0x00, 0x00, 0x00,
  0x00, 0x00, 0x00, 0x00, 0x00, 0x00, 0x00, 0x00, 0x00, 0x00, 0x00, 0x00, 0x00, 0x0B, 0xBE, 0xEF,
  0xFF, 0xFF, 0xF3, 0xF0, 0x00, 0x0F, 0xCF, 0xFF, 0xFF, 0xFB, 0xFF, 0xFF, 0xFF, 0xFF, 0xFF, 0xFF,
  0xFF, 0xF5, 0x0A, 0xDE, 0xFF, 0xF0, 0x00, 0x04, 0x0C, 0xCF, 0xDF, 0xFC, 0xCF, 0xFF, 0xFB, 0xFC,
  0xCF, 0xF0, 0x0F, 0x0F, 0xFF, 0xFF, 0xF7, 0xF0, 0x00, 0x0F, 0xF0, 0xF0, 0x00, 0x0D, 0x1D, 0x1F,
  0xFF, 0xFF, 0x37, 0x7D, 0x8D, 0xDF, 0xAE, 0xE4, 0x4E, 0xEE, 0xEF, 0xA5, 0x5F, 0x3D, 0x1D, 0x1C,
  0x5C, 0x5C, 0x5F, 0x5D, 0x1D, 0xD0, 0x0F, 0xFC, 0xC5, 0x57, 0xD3, 0x37, 0xD3, 0x37, 0xD3, 0x37,
  0xD3, 0x37, 0xD3, 0x37, 0xD3, 0x37, 0xD3, 0x37, 0xD3, 0x37, 0xD3, 0x37, 0xD3, 0x37, 0xD3, 0x37,
  0xD3, 0x37, 0xFC, 0x07, 0xDF, 0xFF, 0xFB, 0xFA, 0x0F, 0x5F, 0xFE, 0xFF, 0xFF, 0xF0, 0x0F, 0xFE,
  0xFF, 0xFA, 0xAE, 0x4F, 0x5F, 0xDF, 0xF3, 0x0F, 0xC8, 0xDD, 0xDF, 0xFD, 0xDC, 0x0F, 0xF5, 0x5C,
  0xC8, 0xDD, 0xD0, 0x5F, 0x5C, 0xCF, 0x5D, 0x1D, 0xDF, 0xFE, 0x47, 0x47, 0x4E, 0xEF, 0xAD, 0xFF,
  0xFF, 0xFF, 0xFF, 0xFF, 0xDF, 0xFF, 0xF3, 0xC3, 0x33, 0xC3, 0x33, 0xC3, 0x39, 0x69, 0x99, 0x69,
  0x99, 0x69, 0x95, 0x9A, 0xEC, 0x3F, 0xFC, 0xCF, 0x0A, 0xEF, 0xE0, 0x0F, 0xF5, 0xC5, 0xFC, 0x0F,
  0x35, 0x4F, 0xEF, 0x0F, 0x0C, 0xCF, 0x03, 0xC3, 0x39, 0x69, 0x99, 0x69, 0x99, 0x69, 0x99, 0x69,
  0x99, 0x69, 0x95, 0x9A, 0xEC, 0x3F, 0xFF, 0x05, 0x0E, 0x2F, 0x3F, 0x05, 0x0E, 0x2F, 0x39, 0x69,
  0x99, 0x69, 0x99, 0x69, 0x99, 0x69, 0x99, 0x69, 0x99, 0x69, 0x95, 0x9A, 0xEC, 0x3F, 0xFF, 0xFF,
  0xFF, 0x0F, 0xFF, 0xFF, 0xF5, 0x5F, 0xFF, 0x0F, 0x00, 0x04, 0x4F, 0xF5, 0xF0, 0x00, 0x0F, 0x3F,
  0xFF, 0xFB, 0xFF, 0xBB, 0xE5, 0x1F, 0xF0, 0x00, 0x00, 0x00, 0x00, 0x00, 0x00, 0x00, 0x00, 0x00,
  0x00, 0x00, 0x00, 0x00, 0x00, 0x00, 0x00, 0x00, 0x00, 0x06, 0x08, 0x10, 0x00, 0x36, 0x20, 0x50,
  0x40, 0x12, 0x00, 0x10, 0x00, 0x00, 0x00, 0x10, 0x00, 0x12, 0x00, 0x10, 0x00, 0x00, 0x00, 0x10,
  0x00, 0x16, 0x08, 0x12, 0x10, 0x36, 0x20, 0x50, 0x40, 0x12, 0x00, 0x10, 0x00, 0x00, 0x00, 0x10,
  0x00, 0x16, 0x08, 0x00, 0x00, 0x36, 0x20, 0x50, 0x40, 0x46, 0x08, 0x10, 0x10, 0x12, 0x20, 0x50,
  0x40, 0x56, 0x08, 0x10, 0x11, 0x36, 0x20, 0x10, 0x40, 0x12, 0x08, 0x00, 0x15, 0x36, 0x20, 0x10,
  0x40, 0x12, 0x08, 0x10, 0x11, 0x36, 0x70, 0x40, 0x64, 0x44, 0x18, 0x83, 0x12, 0x36, 0x70, 0x40,
  0x64, 0x44, 0x18, 0x83, 0x12, 0x12, 0x70, 0x40, 0x64, 0x44, 0x18, 0x83, 0x12, 0x36, 0x30, 0x40,
  0x44, 0x46, 0x08, 0x10, 0x01, 0x36, 0x20, 0x50, 0x40, 0x50, 0x06, 0x08, 0x1A, 0x10, 0x36, 0x20,
  0x50, 0x40, 0x52, 0x08, 0x10, 0x11, 0x36, 0x20, 0x10, 0x40, 0x12, 0x08, 0x10, 0x10, 0x36, 0x20,
  0x10, 0x40, 0x16, 0x08, 0x12, 0x10, 0x36, 0x20, 0x50, 0x40, 0x52, 0x08, 0x10, 0x11, 0x36, 0x20,
  0x10, 0x40, 0x14, 0x18, 0x83, 0x12, 0x36, 0x70, 0x40, 0x64, 0x40, 0x10, 0x81, 0x02, 0x00, 0x10,
  0x00, 0x04, 0x02, 0x00, 0x10, 0x01, 0x30, 0x22, 0x90, 0x00, 0x12, 0x00, 0x10, 0x00, 0x30, 0x22,
  0x90, 0x00, 0x10, 0x10, 0x81, 0x02, 0x00, 0x50, 0x00, 0x24, 0x00, 0x10, 0x81, 0x02, 0x00, 0x10,
  0x00, 0x04, 0x00, 0x04, 0x30, 0xA0, 0x30, 0x04, 0x01, 0x02, 0x90, 0x10, 0x81, 0x02, 0x00, 0x50,
  0x00, 0x24, 0x00, 0x10, 0x81, 0x02, 0x00, 0x10, 0x00, 0x04, 0x02, 0x08, 0x10, 0x10, 0x32, 0x20,
  0x10, 0x40, 0x14, 0x0C, 0x00, 0x04, 0x12, 0x00, 0x10, 0x40, 0x10, 0x10, 0x90, 0x02, 0x00, 0x10,
  0x10, 0x04, 0x10, 0x00, 0x00, 0x00, 0x00, 0x00, 0x00, 0x00, 0x00, 0x00, 0x00, 0x00, 0x00, 0x00,
  0x00, 0x00, 0x00, 0x00, 0x00, 0x00, 0x00, 0x00, 0x00, 0x00, 0x00, 0x20, 0x0C, 0x64, 0x01, 0x20,
  0x04, 0x00, 0x20, 0x20, 0x08, 0x2C, 0x10, 0x20, 0x22, 0x6C, 0x00, 0x20, 0x00, 0x24, 0x10, 0x20,
  0x22, 0x6C, 0x64, 0xE0, 0x88, 0xAC, 0x11, 0x20, 0x04, 0x6C, 0x60, 0xA0, 0x08, 0x24, 0x10, 0x20,
  0x22, 0x6C, 0x40, 0x20, 0x80, 0x20, 0x18, 0x00, 0x2A, 0x6C, 0x48, 0x00, 0xA0, 0x08, 0x10, 0x04,
  0x22, 0x6C, 0x40, 0xA0, 0x80, 0x2C, 0x10, 0x04, 0x22, 0x6C, 0x40, 0xA0, 0x80, 0xA4, 0x10, 0x2C,
  0x66, 0x6C, 0x60, 0xA0, 0x88, 0xAC, 0x11, 0x24, 0x24, 0x6C, 0x60, 0xA0, 0x88, 0xA4, 0x00, 0x20,
  0x22, 0xE0, 0x40, 0x20, 0x00, 0x24, 0x10, 0x20, 0x20, 0x60, 0x00, 0x20, 0x80, 0x2C, 0x10, 0x24,
  0x20, 0x24, 0x40, 0xA0, 0x80, 0xA0, 0x00, 0x00, 0x00, 0x00, 0x44, 0x00, 0x00, 0x08, 0x00, 0x18,
  0x00, 0x28, 0x64, 0x48, 0x00, 0xA0, 0x0C, 0x10, 0x24, 0x20, 0x24, 0x40, 0xA0, 0xC8, 0x88, 0x31,
  0x06, 0x24, 0x24, 0xE0, 0x80, 0xC8, 0x88, 0x31, 0x06, 0x26, 0x6C, 0x60, 0x80, 0x88, 0x84, 0x10,
  0x20, 0x20, 0x6C, 0x40, 0x20, 0x80, 0x26, 0x41, 0x20, 0x04, 0x00, 0x20, 0x20, 0x08, 0x20, 0x21,
  0x02, 0x04, 0x00, 0xA0, 0x00, 0x48, 0x00, 0x21, 0x02, 0x04, 0x00, 0x20, 0x00, 0x08, 0x00, 0x21,
  0x02, 0x04, 0x00, 0xA0, 0x00, 0x48, 0x00, 0x21, 0x02, 0x04, 0x00, 0x20, 0x00, 0x08, 0x00, 0x08,
  0x61, 0x40, 0x60, 0x08, 0x02, 0x05, 0x20, 0x08, 0x20, 0x00, 0x00, 0x08, 0x00, 0x20, 0x04, 0x00,
  0x20, 0x00, 0x00, 0x00, 0x20, 0x20, 0x04, 0x00, 0x20, 0x00, 0x64, 0x00, 0x20, 0x80, 0x20, 0x31,
  0x02, 0x26, 0xE0, 0xE0, 0x00, 0xC8, 0x00, 0x31, 0x02, 0x24, 0x60, 0x60, 0x00, 0x88, 0x00, 0x00,
  0x00, 0x00, 0x00, 0x00, 0x00, 0x00, 0x00, 0x00, 0x00, 0x00, 0x00, 0x00, 0x00, 0x00, 0x00, 0x00,
  0x00, 0x00, 0x00, 0x00, 0x00, 0x0F, 0xFF, 0xFA, 0xFA, 0xF8, 0xCB, 0xDA, 0xEB, 0xE2, 0xB6, 0xF0,
  0x2F, 0xFF, 0xF3, 0xFF, 0xFF, 0xFF, 0xFF, 0xF0, 0x00, 0x00, 0xFD, 0xFF, 0xFF, 0xF0, 0x0C, 0x02,
  0x3E, 0x72, 0x3E, 0x72, 0x3E, 0x72, 0x3E, 0x70, 0x3F, 0xFF, 0xC7, 0x4E, 0x4F, 0x5F, 0xFF, 0xCF,
  0x0F, 0xCC, 0x5C, 0x5C, 0x5C, 0x5C, 0x5C, 0x5C, 0x5C, 0x50, 0x00, 0x00, 0x00, 0x03, 0x3C, 0xC4,
  0xF7, 0xFF, 0xFF, 0xF0, 0x00, 0x0F, 0xFF, 0xFF, 0xFF, 0xF7, 0x77, 0x7F, 0xFB, 0xEF, 0xFB, 0xEF,
  0xFB, 0xEF, 0xFB, 0xEF, 0xFB, 0xEF, 0xFB, 0xEB, 0xEF, 0xF0, 0xCF, 0xC0, 0xCF, 0xCC, 0x0F, 0x3C,
  0xCC, 0xC5, 0x0F, 0xA5, 0x55, 0x50, 0x5F, 0x53, 0x0F, 0xCF, 0xFB, 0xF0, 0x04, 0x40, 0x04, 0x0A,
  0xAF, 0xF0, 0x00, 0x00, 0x00, 0x00, 0x00, 0x00, 0x0F, 0xFF, 0xFF, 0x5E, 0x47, 0x4F, 0x3F, 0x5E,
  0x47, 0x4F, 0x3E, 0x4F, 0x5C, 0x0C, 0xF1, 0x1D, 0xDF, 0x0F, 0xFC, 0x3C, 0xCC, 0x3C, 0xCC, 0x3C,
  0xC6, 0x96, 0x66, 0x96, 0x66, 0x96, 0x65, 0x6F, 0xDC, 0x3F, 0xFF, 0xFF, 0xFF, 0xFF, 0xFF, 0xFF,
  0xFF, 0xFF, 0xFF, 0xF3, 0xFF, 0xBB, 0xE5, 0x1B, 0xE5, 0x1F, 0xF3, 0xC3, 0x39, 0x69, 0x99, 0x69,
  0x99, 0x69, 0x99, 0x69, 0x99, 0x69, 0x95, 0x9A, 0xEC, 0x3F, 0xF3, 0xC3, 0x33, 0xC3, 0x33, 0xC3,
  0x39, 0x69, 0x99, 0x69, 0x99, 0x69, 0x95, 0x9A, 0xEC, 0x3F, 0xFF, 0x05, 0x0E, 0x2F, 0x3F, 0x05,
  0x0E, 0x2F, 0x3F, 0xCF, 0x04, 0x44, 0x4F, 0x0F, 0x00, 0x04, 0x4F, 0xFF, 0x0F, 0xFC, 0xC0, 0x0F,
  0xFF, 0xCF, 0x0F, 0xFC, 0xFF, 0xFF, 0x0F, 0xFF, 0xFF, 0x7F, 0x5C, 0x3C, 0xCC, 0x3C, 0xCC, 0x3C,
  0xCC, 0x3C, 0xCC, 0x3C, 0xCC, 0x3C, 0xC5, 0x6F, 0xDC, 0x3F, 0xF0, 0x00, 0x00, 0x00, 0x00, 0x00,
  0x00, 0x00, 0x00, 0x00, 0x00, 0x00, 0x00, 0x00, 0x00, 0x00, 0x00, 0x00, 0x00, 0x00, 0x00, 0x00,
  0x00, 0x0F, 0xFF, 0xFA, 0xFA, 0xF8, 0xCB, 0xDA, 0xAF, 0xA1, 0x79, 0xF0, 0x2F, 0xFF, 0xF3, 0xFF,
  0xCF, 0xFF, 0x5F, 0xF4, 0x00, 0x0D, 0xFD, 0xFF, 0xDF, 0xF0, 0x0C, 0x0A, 0xFA, 0xF0, 0x0F, 0x5A,
  0xFA, 0xF8, 0xAD, 0xB0, 0x3F, 0xF3, 0x07, 0x4E, 0x4A, 0x0F, 0xFF, 0xFF, 0x0F, 0xCC, 0xCC, 0xCC,
  0xCC, 0xCC, 0xCC, 0xCC, 0xCC, 0xC0, 0x00, 0x00, 0x00, 0x03, 0x3C, 0xC4, 0x07, 0x0F, 0xFF, 0xF0,
  0x00, 0x0D, 0xDF, 0xFF, 0xFF, 0xF4, 0x44, 0x4F, 0xF7, 0xDF, 0xF7, 0xDF, 0xF7, 0xDF, 0xF7, 0xDF,
  0xF7, 0xDF, 0xF7, 0xD7, 0xDF, 0xF0, 0xCF, 0xC0, 0xCF, 0xCC, 0x0F, 0x35, 0x55, 0x55, 0x0F, 0xAC,
  0xCC, 0xC0, 0x5F, 0x53, 0x0F, 0xCF, 0xFF, 0xF0, 0x00, 0x00, 0x00, 0x0A, 0xAF, 0xF0, 0x00, 0x00,
  0x00, 0x00, 0x00, 0x00, 0x0F, 0xFF, 0xFA, 0x0E, 0x47, 0x4C, 0x0A, 0x0E, 0x47, 0x4C, 0x0E, 0x4A,
  0x05, 0x55, 0x5D, 0x1D, 0x1F, 0x0F, 0xFC, 0x3C, 0xCC, 0x3C, 0xCC, 0x3C, 0xC6, 0x96, 0x66, 0x96,
  0x66, 0x96, 0x6A, 0x95, 0x4C, 0x3F, 0xFF, 0xFF, 0x77, 0xFF, 0xF7, 0xFF, 0xF7, 0xFF, 0xFF, 0xF3,
  0xFF, 0xBB, 0xEF, 0x77, 0xDF, 0x7F, 0xF3, 0xC3, 0x39, 0x69, 0x99, 0x69, 0x99, 0x69, 0x99, 0x69,
  0x99, 0x69, 0x9A, 0x60, 0x8C, 0x3F, 0xF3, 0xC3, 0x33, 0xC3, 0x33, 0xC3, 0x39, 0x69, 0x99, 0x69,
  0x99, 0x69, 0x9A, 0x60, 0x8C, 0x3F, 0xFF, 0x0C, 0xCE, 0x2C, 0x0F, 0x0C, 0xCE, 0x2C, 0x07, 0x4F,
  0x04, 0x44, 0x4F, 0xF7, 0x70, 0xFF, 0x0F, 0xFF, 0x0F, 0xFC, 0xC0, 0x00, 0x07, 0x4F, 0x0F, 0xFF,
  0xFF, 0xFF, 0x05, 0x5F, 0xF7, 0xF5, 0xFC, 0x3C, 0xCC, 0x3C, 0xCC, 0x3C, 0xCC, 0x3C, 0xCC, 0x3C,
  0xCC, 0x3C, 0xC5, 0x6F, 0xDC, 0x3F, 0xF0, 0x00, 0x00, 0x00, 0x00, 0x00, 0x00, 0x00, 0x00, 0x00,
  0x04, 0x80, 0x00, 0x84, 0x00, 0x00, 0x00, 0x00, 0x00, 0x00, 0x82, 0x00, 0x00, 0x04, 0x80, 0x80,
  0x00, 0x20, 0x00, 0x80, 0x00, 0x84, 0x00, 0x00, 0x08, 0x6B, 0x00, 0x00, 0x00, 0x03, 0x00, 0x00,
  0x08, 0x80, 0x00, 0x48, 0x00, 0x00, 0x00, 0x00, 0x00, 0x40, 0x44, 0x04, 0x0B, 0x84, 0x84, 0x08,
  0x03, 0x80, 0x0A, 0x40, 0x84, 0x40, 0xA4, 0x54, 0x22, 0x04, 0xB0, 0x87, 0x00, 0x82, 0x42, 0x00,
  0x58, 0x00, 0x53, 0x80, 0xA3, 0x91, 0x02, 0x50, 0x17, 0x02, 0x20, 0x20, 0x04, 0x08, 0x00, 0x20,
  0x20, 0x00, 0x08, 0x04, 0x40, 0x02, 0x04, 0x00, 0x05, 0x1A, 0x08, 0x00, 0x03, 0x2B, 0x80, 0x18,
  0x8A, 0x10, 0x00, 0x50, 0x98, 0x40, 0x04, 0x80, 0x84, 0x00, 0x00, 0x04, 0x90, 0x20, 0x88, 0x80,
  0x09, 0x00, 0x04, 0x88, 0x00, 0x00, 0x00, 0x00, 0x00, 0x80, 0x00, 0x80, 0x90, 0x40, 0x00, 0x10,
  0x40, 0x64, 0x60, 0x20, 0x60, 0x80, 0x04, 0x60, 0x60, 0x00, 0x80, 0x40, 0x04, 0x00, 0x04, 0x84,
  0x28, 0x41, 0x80, 0x43, 0x80, 0x08, 0x08, 0x14, 0x08, 0x40, 0x80, 0x00, 0x08, 0x14, 0x84, 0x14,
  0x42, 0x40, 0x00, 0x04, 0x20, 0x00, 0x00, 0x8A, 0x60, 0x41, 0x02, 0x08, 0x80, 0x00, 0x40, 0x04,
  0x20, 0x02, 0x64, 0x00, 0x00, 0x00, 0x40, 0x02, 0x00, 0x24, 0x40, 0x80, 0x00, 0x81, 0x00, 0x00,
  0x00, 0x00, 0x82, 0x0A, 0x10, 0x00, 0x40, 0x00, 0x44, 0x00, 0x08, 0x20, 0x08, 0x50, 0x40, 0x60,
  0x00, 0x00, 0x46, 0x88, 0x00, 0x02, 0x80, 0x00, 0x40, 0x84, 0x60, 0x82, 0x80, 0x12, 0x40, 0x94,
  0x02, 0x94, 0x92, 0x81, 0x86, 0x48, 0x80, 0x88, 0x00, 0x80, 0x20, 0x54, 0x00, 0x44, 0x04, 0x10,
  0x08, 0x00, 0x22, 0x2A, 0x00, 0x08, 0x00, 0x83, 0x06, 0x00, 0x02, 0x00, 0x80, 0x08, 0x80, 0x00,
  0x88, 0x00, 0xA0, 0x00, 0x20, 0x00, 0x00, 0x00, 0x00, 0x00, 0x00, 0x00, 0x00, 0x10, 0x00, 0x00,
  0xC0, 0x00, 0x02, 0x20, 0x00, 0x00, 0x40, 0x00, 0x02, 0x00, 0x01, 0x44, 0x00, 0x02, 0x00, 0x60,
  0x00, 0x22, 0x02, 0xE1, 0x21, 0x00, 0x04, 0xC0, 0x42, 0x00, 0x06, 0x20, 0x00, 0x40, 0x01, 0x60,
  0x01, 0x20, 0x01, 0x22, 0x01, 0x58, 0x41, 0x01, 0x10, 0x00, 0x01, 0xE0, 0x28, 0x01, 0xE2, 0x40,
  0x00, 0x60, 0x00, 0x40, 0x82, 0x40, 0x0D, 0x10, 0x05, 0x20, 0x42, 0xD0, 0x45, 0x00, 0x40, 0x60,
  0x08, 0x44, 0xD8, 0x40, 0x00, 0x08, 0xA5, 0x90, 0x46, 0x11, 0x02, 0x99, 0x0C, 0xC1, 0xC1, 0x40,
  0x40, 0x40, 0xE0, 0x40, 0xC0, 0x00, 0x40, 0x24, 0x60, 0x20, 0x05, 0x00, 0x01, 0x00, 0x44, 0x01,
  0x01, 0x01, 0x41, 0x22, 0x00, 0x29, 0x80, 0xD0, 0x05, 0x98, 0x01, 0x20, 0x20, 0x18, 0x00, 0x64,
  0x98, 0x0D, 0x00, 0x00, 0x11, 0x00, 0x00, 0x0A, 0x08, 0x10, 0x10, 0x01, 0x00, 0x01, 0x20, 0x04,
  0x20, 0x21, 0x10, 0x04, 0x20, 0x19, 0x41, 0x41, 0x11, 0x80, 0x06, 0x20, 0x04, 0x40, 0x00, 0x60,
  0x20, 0x20, 0x66, 0x00, 0xD0, 0x6E, 0x21, 0x68, 0xE0, 0x42, 0x04, 0x00, 0x10, 0x65, 0xD1, 0x56,
  0x10, 0x60, 0xC1, 0x20, 0x01, 0x48, 0x00, 0x20, 0x01, 0x28, 0x10, 0x60, 0x22, 0x02, 0x04, 0x02,
  0x06, 0x00, 0x00, 0x01, 0x40, 0x90, 0x00, 0x40, 0x08, 0x04, 0x08, 0x01, 0x64, 0x00, 0x01, 0x41,
  0x01, 0x10, 0x00, 0x86, 0x00, 0x00, 0x00, 0x00, 0x00, 0x40, 0x40, 0x02, 0x00, 0x00, 0x01, 0x45,
  0x18, 0x00, 0x58, 0x22, 0x28, 0x60, 0x10, 0x61, 0x09, 0x09, 0x20, 0x42, 0x10, 0x42, 0x48, 0x48,
  0x10, 0x06, 0x00, 0x55, 0x10, 0x40, 0x10, 0x40, 0x40, 0x42, 0x00, 0x08, 0x40, 0x00, 0x80, 0x10,
  0x41, 0x00, 0x00, 0x40, 0x02, 0x01, 0x01, 0x00, 0x00, 0x00, 0x41, 0x00, 0x51, 0x00, 0x01, 0x10,
  0x80, 0x00, 0x00, 0x00, 0x00, 0x00, 0x00, 0x00, 0x21, 0x20, 0x00, 0x22, 0x00, 0x00, 0x00, 0xA0,
  0x10, 0x00, 0x01, 0x00, 0x00, 0x05, 0x24, 0x01, 0x01, 0x00, 0x01, 0x08, 0x00, 0x40, 0x40, 0x00,
  0x80, 0x04, 0x49, 0x14, 0x00, 0x00, 0x00, 0x00, 0x29, 0x04, 0x00, 0x88, 0x00, 0x04, 0x00, 0x84,
  0x00, 0x02, 0x00, 0x08, 0x20, 0x24, 0x20, 0x04, 0x80, 0x20, 0x82, 0x14, 0x20, 0x81, 0x01, 0x80,
  0x02, 0x00, 0x00, 0xA4, 0x02, 0xC1, 0x00, 0x00, 0x80, 0x01, 0x80, 0x01, 0x08, 0x80, 0x01, 0x81,
  0xC0, 0x43, 0x88, 0x81, 0x10, 0xC0, 0x40, 0x82, 0x05, 0x00, 0x08, 0x18, 0x10, 0x11, 0x88, 0x08,
  0x00, 0x41, 0x05, 0x23, 0x00, 0x08, 0x20, 0x41, 0x22, 0x40, 0x03, 0xA4, 0xC2, 0x20, 0x08, 0x20,
  0x49, 0x42, 0x43, 0x08, 0x48, 0x80, 0x50, 0x49, 0x00, 0x02, 0x09, 0x09, 0x43, 0x20, 0x01, 0xB3,
  0x20, 0x32, 0x00, 0x20, 0x23, 0x29, 0x41, 0x20, 0x25, 0x04, 0x01, 0x01, 0x02, 0x24, 0x05, 0x03,
  0x01, 0x04, 0x00, 0x00, 0x28, 0x59, 0x14, 0xA0, 0x91, 0x10, 0x20, 0x82, 0x45, 0xC3, 0x08, 0x81,
  0x05, 0x02, 0x20, 0x85, 0x00, 0x00, 0x35, 0x20, 0xA5, 0x02, 0x00, 0x80, 0x00, 0x80, 0x00, 0xA1,
  0x00, 0x02, 0x01, 0x80, 0x20, 0x82, 0x21, 0x80, 0x04, 0x00, 0x99, 0x02, 0x90, 0x00, 0xB0, 0x00,
  0x95, 0x08, 0xB0, 0x00, 0x91, 0x20, 0x91, 0x00, 0x01, 0x01, 0xB0, 0x08, 0x80, 0x00, 0x20, 0x40,
  0x28, 0x40, 0x34, 0x08, 0x04, 0x01, 0x14, 0x04, 0x22, 0x00, 0x38, 0x02, 0x48, 0x01, 0x00, 0x40,
  0x23, 0x09, 0x00, 0x00, 0x40, 0x84, 0x28, 0x88, 0x21, 0x84, 0x89, 0x00, 0x29, 0x32, 0x51, 0x82,
  0x00, 0x00, 0x00, 0x80, 0x00, 0x94, 0x11, 0xA0, 0x08, 0x00, 0x11, 0x05, 0x00, 0x02, 0x10, 0x00,
  0x10, 0x00, 0x00, 0x00, 0x20, 0x02, 0x00, 0x00, 0x84, 0x00, 0x00, 0x00, 0x00, 0x00, 0x00, 0x00,
  0x00, 0x00, 0x00, 0x00, 0xD0, 0xA0, 0x00, 0x00, 0x00, 0x00, 0x02, 0x80, 0x40, 0x09, 0x00, 0x00,
  0x04, 0x04, 0x0A, 0x09, 0x02, 0x84, 0x04, 0x28, 0x00, 0x25, 0x84, 0x22, 0x05, 0x00, 0x88, 0x18,
  0x84, 0x00, 0x00, 0x29, 0x82, 0x08, 0x04, 0x00, 0x04, 0x18, 0x04, 0x0C, 0x04, 0x20, 0x05, 0x04,
  0x91, 0x00, 0x05, 0x10, 0x01, 0x04, 0x00, 0x18, 0x01, 0x0D, 0x03, 0x01, 0x08, 0x81, 0x11, 0x00,
  0x08, 0x00, 0x00, 0x20, 0x01, 0x04, 0x00, 0x24, 0x00, 0x00, 0x41, 0x04, 0x81, 0x80, 0x08, 0x04,
  0xA1, 0x85, 0x84, 0x02, 0x80, 0x0D, 0x02, 0x90, 0x29, 0xA0, 0x00, 0x88, 0x03, 0xC1, 0x84, 0x98,
  0xA0, 0x90, 0x09, 0x95, 0x00, 0x90, 0x88, 0x0C, 0x04, 0x04, 0x84, 0x14, 0x04, 0x92, 0x0C, 0x20,
  0x48, 0x01, 0x15, 0x2C, 0x23, 0x20, 0x04, 0x10, 0x42, 0x81, 0x04, 0x8C, 0xCD, 0x24, 0x09, 0x05,
  0x44, 0x4C, 0x94, 0xC2, 0x0C, 0x02, 0x22, 0x80, 0x18, 0x2C, 0x12, 0x08, 0x24, 0x44, 0x0D, 0x02,
  0x94, 0x1C, 0x10, 0x01, 0x81, 0x42, 0x00, 0x08, 0x1C, 0x84, 0xA0, 0x05, 0x24, 0x10, 0x12, 0x84,
  0x21, 0xA5, 0x10, 0xC1, 0x08, 0x18, 0x14, 0x81, 0x90, 0x80, 0x04, 0x01, 0x04, 0x02, 0x00, 0x01,
  0x04, 0x00, 0x12, 0x81, 0xAC, 0x00, 0x00, 0x0C, 0x00, 0x00, 0x00, 0x00, 0x8C, 0x40, 0x00, 0x00,
  0x03, 0x00, 0x05, 0x04, 0xA0, 0x04, 0x09, 0x80, 0x02, 0x10, 0x00, 0x00, 0x00, 0x80, 0xA0, 0x88,
  0x00, 0x22, 0x18, 0x0C, 0x88, 0x00, 0x20, 0x00, 0x90, 0x09, 0x21, 0x92, 0x14, 0x22, 0x10, 0x20,
  0x05, 0x00, 0x28, 0x04, 0xA0, 0x04, 0x00, 0x03, 0x10, 0x40, 0x42, 0x00, 0x10, 0x00, 0x90, 0x01,
  0x80, 0x04, 0x15, 0x81, 0x80, 0x00, 0x10, 0xC0, 0x84, 0x00, 0x20, 0x00, 0x11, 0x04, 0x00, 0x00,
  0x00, 0x00, 0x04, 0x00, 0x04, 0x00, 0x04, 0x40, 0x00, 0x00, 0x00, 0x00, 0x00, 0x00, 0x00, 0x00,
  0x85, 0x80, 0x00, 0x00, 0x00, 0x00, 0x00, 0x08, 0x40, 0x04, 0x40, 0x00, 0x80, 0x00, 0x00, 0x04,
  0x00, 0x02, 0x40, 0x00, 0x10, 0x03, 0x20, 0x01, 0xA0, 0x04, 0x00, 0x09, 0x80, 0x01, 0x80, 0x00,
  0x00, 0x00, 0x00, 0x00, 0x00, 0x10, 0x10, 0x00, 0x00, 0x00, 0x00, 0x00, 0x00, 0x00, 0x00, 0x02,
  0x00, 0x05, 0x14, 0x00, 0x00, 0x01, 0x00, 0x08, 0x40, 0x04, 0x80, 0x00, 0x00, 0x01, 0x00, 0x08,
  0x01, 0x04, 0x12, 0x40, 0x01, 0x00, 0x04, 0x02, 0x44, 0x18, 0x00, 0x03, 0x0B, 0x0B, 0x02, 0x08,
  0x00, 0x0C, 0x00, 0x04, 0x20, 0x00, 0x04, 0x09, 0x80, 0x0A, 0x84, 0x04, 0x00, 0x01, 0x80, 0x0D,
  0x80, 0x02, 0x00, 0x02, 0x8C, 0x81, 0x90, 0x03, 0xCB, 0x82, 0x00, 0x02, 0x10, 0x08, 0x00, 0x04,
  0x04, 0x04, 0x40, 0x00, 0x20, 0x04, 0x00, 0x04, 0x80, 0x00, 0x08, 0x80, 0x01, 0xA0, 0x00, 0x00,
  0x00, 0x80, 0x00, 0x80, 0x00, 0x00, 0x01, 0x00, 0x00, 0x00, 0x00, 0x80, 0x00, 0xA0, 0x00, 0x00,
  0x00, 0x00, 0x09, 0xC0, 0x01, 0x40, 0x08, 0x80, 0x0D, 0x00, 0x00, 0x00, 0x04, 0x90, 0x28, 0x09,
  0x00, 0x00, 0x21, 0x00, 0x00, 0x40, 0x00, 0x80, 0x00, 0x00, 0x08, 0x00, 0x00, 0x00, 0x00, 0x00,
  0x00, 0x00, 0x00, 0x04, 0x00, 0x04, 0x00, 0x00, 0x00, 0x00, 0x04, 0x00, 0x01, 0x04, 0x21, 0x80,
  0x00, 0x00, 0x00, 0x80, 0x04, 0x00, 0x08, 0x90, 0x04, 0x04, 0x00, 0x02, 0x00, 0x40, 0x00, 0x08,
  0x0A, 0x00, 0x02, 0x00, 0x01, 0x80, 0x80, 0x01, 0x00, 0x00, 0x00, 0x00, 0x00, 0x00, 0x80, 0x00,
  0x00, 0x00, 0x00, 0x10, 0x20, 0x00, 0x08, 0x90, 0x00, 0x00, 0x00, 0x00, 0x00, 0x41, 0x04, 0x80,
  0x00, 0x00, 0x00, 0x00, 0x09, 0x00, 0x00, 0x00, 0x08, 0x00, 0x00, 0x00, 0x00, 0x00, 0x00, 0x00,
  0x00, 0x00, 0x00, 0x00, 0x00, 0x00, 0x00, 0x00, 0x00, 0x00, 0x00, 0x00, 0x01, 0x40, 0x00, 0x02,
  0x01, 0x00, 0x00, 0x08, 0x10, 0x00, 0x10, 0x01, 0x00, 0x00, 0x90, 0x00, 0x00, 0x01, 0x00, 0x00,
  0x10, 0x81, 0x20, 0xC0, 0x20, 0x00, 0x90, 0x00, 0x40, 0x00, 0x00, 0x00, 0x00, 0x00, 0x20, 0x00,
  0x80, 0x10, 0x10, 0x00, 0x00, 0x00, 0x80, 0x00, 0x00, 0x00, 0x80, 0x01, 0x00, 0x01, 0x00, 0x00,
  0x00, 0x00, 0x00, 0x02, 0x10, 0x08, 0x00, 0x00, 0x00, 0x00, 0x40, 0x08, 0x00, 0x01, 0x10, 0x08,
  0x00, 0x00, 0x00, 0x09, 0x10, 0x08, 0x00, 0x01, 0x40, 0x01, 0x00, 0x09, 0x00, 0x08, 0x00, 0x80,
  0x00, 0x08, 0x01, 0x01, 0x00, 0x09, 0x40, 0x25, 0xA0, 0x00, 0x20, 0x00, 0x24, 0x00, 0x00, 0x04,
  0x09, 0x00, 0x10, 0x00, 0x00, 0x20, 0x00, 0x00, 0x10, 0x03, 0x00, 0x00, 0x00, 0x81, 0x50, 0x00,
  0x20, 0x45, 0x00, 0x01, 0x80, 0x20, 0x09, 0x20, 0x01, 0x00, 0x08, 0x01, 0x04, 0xB0, 0x00, 0x00,
  0x00, 0x00, 0x01, 0x00, 0x04, 0x01, 0x00, 0x00, 0x00, 0x40, 0x02, 0x00, 0x02, 0x00, 0x00, 0x30,
  0x00, 0x10, 0x02, 0x40, 0x00, 0x80, 0x00, 0xA0, 0x04, 0x30, 0x12, 0xA0, 0x01, 0x80, 0x10, 0x02,
  0x00, 0x30, 0x00, 0x20, 0x00, 0x00, 0x02, 0x00, 0x02, 0x00, 0x00, 0x00, 0x02, 0x00, 0x00, 0x00,
  0x00, 0x20, 0x01, 0x01, 0x04, 0x00, 0x81, 0x00, 0x00, 0x01, 0x00, 0x00, 0x00, 0x00, 0x01, 0xB0,
  0x00, 0x20, 0x08, 0x30, 0x00, 0x00, 0x00, 0x00, 0x00, 0x10, 0x01, 0x22, 0x03, 0x00, 0x80, 0x20,
  0x00, 0x80, 0x20, 0x20, 0x08, 0x20, 0x00, 0x00, 0x02, 0x00, 0x08, 0x00, 0x01, 0x20, 0x02, 0x20,
  0x00, 0x40, 0x02, 0x20, 0x04, 0x00, 0x00, 0x00, 0x20, 0x10, 0x00, 0x00, 0x00, 0x00, 0x00, 0x40,
  0x00, 0x40, 0x00, 0x40, 0x05, 0x00, 0x00, 0x00, 0x00, 0x00, 0x00, 0x00, 0x00, 0x00, 0x00, 0x80,
  0x00, 0x00, 0x00, 0x00, 0x00, 0x00, 0x00, 0x00, 0x09, 0x90, 0x00, 0x01, 0x00, 0x00, 0x00, 0x00,
  0x00, 0x01, 0x00, 0x00, 0x40, 0x00, 0x00, 0x01, 0x00, 0x00, 0x00, 0x05, 0x00, 0x20, 0x20, 0x15,
  0x20, 0x01, 0x00, 0x00, 0x00, 0x08, 0x40, 0x00, 0x00, 0x00, 0x00, 0x05, 0x20, 0x00, 0x00, 0x00,
  0x00, 0x05, 0x10, 0x02, 0x00, 0x00, 0x10, 0x00, 0x40, 0x00, 0x02, 0x05, 0x00, 0x02, 0x00, 0x05,
  0x00, 0x09, 0x00, 0x00, 0xC0, 0x0A, 0x05, 0x01, 0x00, 0x00, 0x02, 0x20, 0x05, 0x00, 0x01, 0x00,
  0x02, 0x20, 0x00, 0x08, 0x02, 0x00, 0x80, 0x00, 0x00, 0x01, 0x00, 0x22, 0x60, 0x00, 0x00, 0x04,
  0x00, 0x00, 0x02, 0x80, 0x10, 0x00, 0x06, 0x02, 0x0E, 0x01, 0xC0, 0x01, 0x40, 0x48, 0x40, 0x09,
  0x41, 0x00, 0x06, 0x01, 0x00, 0x04, 0x00, 0x01, 0x01, 0x00, 0x00, 0x01, 0x20, 0x08, 0x00, 0x00,
  0x06, 0x00, 0x04, 0x00, 0x08, 0x10, 0x01, 0x00, 0x01, 0x00, 0x05, 0x01, 0x01, 0x00, 0x08, 0x00,
  0x08, 0x00, 0x00, 0x00, 0x06, 0x12, 0x00, 0x40, 0x08, 0x02, 0x00, 0x00, 0x08, 0xC0, 0x00, 0x00,
  0x42, 0x10, 0x00, 0x10, 0x02, 0x00, 0x00, 0x10, 0x04, 0x10, 0x00, 0x08, 0x00, 0x00, 0x00, 0x00,
  0x00, 0x00, 0x00, 0x00, 0x08, 0x00, 0x00, 0x80, 0x08, 0x00, 0x00, 0x02, 0x00, 0x02, 0x04, 0x04,
  0x00, 0x00, 0x00, 0x00, 0x08, 0x40, 0x08, 0x00, 0x00, 0x00, 0x00, 0x01, 0x02, 0x00, 0x00, 0x00,
  0x02, 0x02, 0x06, 0x02, 0x05, 0x00, 0x04, 0x00, 0x00, 0x00, 0x00, 0x00, 0x09, 0x40, 0x01, 0x08,
  0x01, 0x00, 0x06, 0x40, 0x00, 0x00, 0x40, 0x00, 0x04, 0x00, 0x0E, 0x20, 0x02, 0x00, 0x00, 0x10,
  0x08, 0x00, 0x02, 0x00, 0x02, 0x00, 0x01, 0x40, 0x00, 0x00, 0x01, 0x00, 0x00, 0x00, 0x00, 0x00,
  0x04, 0x00, 0x00, 0x00, 0x00, 0x00, 0x00, 0x00, 0x00, 0x40, 0x00, 0x10, 0x40, 0x00, 0x00, 0x00,
  0x00, 0x00, 0x00, 0x00, 0x26, 0xA0, 0x00, 0x0A, 0x02, 0x00, 0x00, 0x00, 0x00, 0x00, 0x00, 0x02,
  0x00, 0x00, 0x00, 0x00, 0x00, 0x00, 0x13, 0x00, 0x00, 0x08, 0x40, 0x88, 0x00, 0x00, 0x00, 0x00,
  0x00, 0x00, 0x00, 0x00, 0x00, 0x03, 0x80, 0x00, 0x00, 0x00, 0x00, 0x00, 0x00, 0x00, 0x00, 0x02,
  0x00, 0x00, 0x00, 0x00, 0x40, 0x04, 0x10, 0x00, 0x00, 0x06, 0x00, 0x00, 0x60, 0x00, 0x20, 0x00,
  0x00, 0x02, 0x80, 0x02, 0x07, 0x00, 0x00, 0x08, 0x04, 0x00, 0x00, 0x08, 0x00, 0x00, 0x00, 0x00,
  0x80, 0x00, 0x21, 0x02, 0x00, 0x00, 0x00, 0x00, 0x43, 0x04, 0x00, 0x00, 0x20, 0x00, 0x00, 0x04,
  0x80, 0x08, 0x00, 0x00, 0x00, 0x00, 0x00, 0x04, 0x00, 0x00, 0x00, 0x00, 0x10, 0x01, 0x00, 0x00,
  0x00, 0x00, 0x00, 0x00, 0x00, 0x10, 0x80, 0x02, 0x80, 0x80, 0x00, 0x00, 0x30, 0x40, 0x00, 0x00,
  0x02, 0x20, 0x0A, 0x02, 0x0A, 0x00, 0x00, 0x22, 0x02, 0x00, 0x02, 0x00, 0x00, 0x02, 0x00, 0x20,
  0x00, 0x02, 0x08, 0x40, 0x03, 0x02, 0x03, 0x00, 0x00, 0x00, 0x00, 0x00, 0x80, 0x00, 0x00, 0x40,
  0x04, 0x00, 0x03, 0x80, 0x00, 0x00, 0x08, 0x00, 0x00, 0x80, 0x00, 0x00, 0x03, 0x00, 0x00, 0x00,
  0x00, 0x60, 0x00, 0x20, 0x00, 0x00, 0x00, 0x00, 0x00, 0x40, 0x00, 0x00, 0x08, 0x00, 0x10, 0x00,
  0x00, 0x80, 0x10, 0x20, 0x00, 0x00, 0x02, 0x02, 0x00, 0x80, 0x00, 0x00, 0x00, 0x00, 0x00, 0x00,
  0x00, 0x00, 0x00, 0x80, 0x00, 0x00, 0x11, 0x40, 0x02, 0x10, 0x02, 0x40, 0x06, 0x40, 0x00, 0x80,
  0x08, 0x60, 0x04, 0x00, 0x00, 0x40, 0x00, 0x80, 0x12, 0x80, 0x00, 0x00, 0x00, 0x00, 0x02, 0x00,
  0x42, 0x04, 0x00, 0x00, 0x00, 0x00, 0x02, 0x80, 0x00, 0x80, 0x00, 0x80, 0x00, 0x03, 0x03, 0x00,
  0x00, 0x00, 0x00, 0x00, 0x00, 0x80, 0x00, 0x00, 0x80, 0x00, 0x00, 0x00, 0x00, 0x00, 0x00, 0x00,
  0x00, 0xC1, 0x00, 0x00, 0x24, 0x80, 0x38, 0x82, 0x04, 0x05, 0x00, 0x00, 0x00, 0x00, 0x00, 0x40,
  0x02, 0x00, 0x42, 0x88, 0x20, 0x00, 0x14, 0x80, 0x15, 0x05, 0x01, 0x20, 0x20, 0x01, 0x00, 0x60,
  0x11, 0x02, 0x46, 0x05, 0x40, 0x01, 0x10, 0x00, 0x10, 0x04, 0x86, 0xD0, 0x48, 0x00, 0x10, 0x80,
  0xD8, 0x00, 0x00, 0x40, 0x88, 0x00, 0x10, 0x10, 0x11, 0x40, 0x00, 0xA0, 0x48, 0x00, 0x10, 0x10,
  0x03, 0x60, 0x81, 0x50, 0x48, 0x00, 0x10, 0x10, 0x00, 0x10, 0x46, 0x08, 0x48, 0x02, 0x10, 0x88,
  0x11, 0x54, 0x02, 0x12, 0x48, 0x00, 0x90, 0x30, 0x52, 0x22, 0x02, 0x20, 0x48, 0x02, 0x00, 0x00,
  0x94, 0x44, 0x44, 0x68, 0x88, 0x00, 0x80, 0x10, 0x10, 0x60, 0x04, 0x0C, 0x48, 0x00, 0x80, 0x80,
  0x52, 0x00, 0x14, 0x48, 0x48, 0x00, 0x00, 0x10, 0x80, 0x00, 0x04, 0x02, 0x0C, 0x48, 0x00, 0x81,
  0x85, 0x10, 0x04, 0x40, 0x40, 0x48, 0x00, 0xA0, 0x24, 0x50, 0x44, 0x29, 0x0C, 0x90, 0x00, 0x10,
  0x40, 0x03, 0x24, 0x00, 0x01, 0x50, 0x00, 0x10, 0x60, 0x20, 0x00, 0x44, 0x10, 0x50, 0x00, 0x50,
  0x08, 0x21, 0x08, 0x40, 0x10, 0x90, 0x00, 0x10, 0x40, 0x82, 0x00, 0x00, 0x40, 0x90, 0x00, 0x10,
  0x80, 0x10, 0x18, 0x00, 0x22, 0x00, 0x00, 0x00, 0x00, 0x00, 0x25, 0x40, 0x00, 0x00, 0x00, 0x20,
  0x01, 0x05, 0x00, 0x40, 0x1A, 0x00, 0x00, 0x00, 0x00, 0x18, 0x10, 0x80, 0x02, 0x10, 0x00, 0x14,
  0x80, 0x02, 0x00, 0x00, 0x02, 0x00, 0x00, 0x00, 0x80, 0x40, 0x10, 0xA0, 0x00, 0x80, 0x00, 0x00,
  0x90, 0x94, 0x00, 0x00, 0x22, 0x80, 0x00, 0x10, 0x80, 0x82, 0x2A, 0x40, 0x58, 0x00, 0x00, 0x10,
  0x00, 0x01, 0x00, 0x00, 0x00, 0x00, 0x00, 0x08, 0x04, 0x00, 0x00, 0x40, 0x00, 0x00, 0x00, 0x20,
  0x00, 0x91, 0x00, 0x00, 0x00, 0x00, 0x00, 0x00, 0x00, 0x00, 0x00, 0x00, 0x01, 0x00, 0x04, 0x09,
  0x90, 0x00, 0x02, 0x08, 0x11, 0x00, 0x88, 0x20, 0x00, 0x04, 0x00, 0x19, 0x81, 0x00, 0x04, 0xA0,
  0x90, 0x02, 0x86, 0x0A, 0x00, 0x00, 0x80, 0x90, 0x80, 0x00, 0x80, 0x1A, 0x40, 0x08, 0x11, 0x00,
  0x30, 0x00, 0x06, 0x00, 0x81, 0x00, 0x20, 0x00, 0x20, 0x01, 0x06, 0x40, 0x01, 0x08, 0x82, 0x28,
  0x20, 0x02, 0x06, 0x84, 0x00, 0x00, 0x14, 0x00, 0x20, 0x00, 0x06, 0x20, 0x20, 0x08, 0x40, 0x10,
  0x20, 0x00, 0x06, 0x05, 0x21, 0x40, 0x01, 0x01, 0x20, 0x04, 0x06, 0x00, 0x94, 0x00, 0x18, 0x00,
  0x20, 0x00, 0x86, 0x84, 0x10, 0x18, 0x01, 0x08, 0x20, 0x00, 0x06, 0xD0, 0x40, 0x10, 0x52, 0x01,
  0x20, 0x02, 0x06, 0x09, 0x15, 0x04, 0x02, 0x01, 0x20, 0x00, 0x01, 0x00, 0x00, 0x08, 0x20, 0x20,
  0x20, 0x00, 0x00, 0xA8, 0x10, 0x60, 0x02, 0x88, 0x01, 0x20, 0x03, 0x00, 0x40, 0x81, 0x22, 0x2A,
  0x25, 0x20, 0x02, 0x80, 0x82, 0x01, 0x00, 0x84, 0x06, 0x20, 0x00, 0x86, 0x01, 0x00, 0x20, 0x00,
  0x10, 0x20, 0x00, 0x06, 0x08, 0x00, 0x0A, 0x00, 0x88, 0x20, 0x00, 0x86, 0x09, 0x40, 0x52, 0x04,
  0x80, 0x20, 0x00, 0x06, 0x01, 0x01, 0x00, 0x00, 0x00, 0x20, 0x02, 0x06, 0x0A, 0x02, 0x02, 0x80,
  0x08, 0x00, 0x00, 0x00, 0x00, 0x0C, 0x10, 0x00, 0x10, 0x00, 0x00, 0x00, 0x08, 0x10, 0x80, 0x00,
  0x00, 0x00, 0x00, 0x00, 0x11, 0x40, 0x41, 0x02, 0x48, 0x00, 0x00, 0x00, 0x00, 0x00, 0x05, 0x0A,
  0x08, 0x00, 0x00, 0x20, 0x00, 0x00, 0x08, 0x07, 0x10, 0x20, 0x02, 0x00, 0x08, 0x02, 0x00, 0x02,
  0x08, 0x20, 0x00, 0x00, 0x00, 0x00, 0x12, 0x08, 0x01, 0x00, 0x00, 0x00, 0x00, 0x00, 0x09, 0x00,
  0x00, 0x20, 0x00, 0x00, 0x02, 0x0C, 0x80, 0x02, 0x08, 0x20, 0x00, 0x01, 0x00, 0x04, 0x20, 0x00,
  0x00, 0x00, 0x00, 0x00, 0x00, 0x00, 0x00, 0x00, 0x20, 0x00, 0x00, 0x10, 0x02, 0x00, 0x20, 0x10,
  0x40, 0x20, 0x00, 0x00, 0x00, 0x08, 0x00, 0x81, 0x00, 0x48, 0xA0, 0x08, 0x00, 0x00, 0x00, 0x40,
  0x60, 0x20, 0x00, 0x04, 0x00, 0x00, 0x01, 0x00, 0x20, 0x20, 0x88, 0x20, 0x00, 0x00, 0x44, 0x07,
  0x20, 0x38, 0x10, 0x25, 0x20, 0x00, 0x04, 0x24, 0x00, 0x44, 0x04, 0x49, 0x20, 0x01, 0x04, 0x40,
  0xA0, 0x11, 0x00, 0x25, 0x20, 0x00, 0x04, 0x44, 0xE0, 0x11, 0x0C, 0x85, 0x20, 0x00, 0x04, 0x18,
  0xE0, 0x80, 0x02, 0x08, 0x20, 0x09, 0x04, 0x24, 0xA0, 0x0A, 0x88, 0x21, 0x20, 0x00, 0x04, 0x00,
  0xA1, 0x20, 0x05, 0x09, 0x20, 0x01, 0x00, 0x16, 0x21, 0x0A, 0x0A, 0x08, 0x20, 0x00, 0x00, 0x09,
  0x60, 0x10, 0x90, 0x00, 0x20, 0x00, 0x00, 0x40, 0x21, 0x26, 0x02, 0x09, 0x20, 0x00, 0x00, 0x10,
  0x41, 0x08, 0x08, 0x01, 0x00, 0x20, 0x00, 0x00, 0x12, 0x20, 0x28, 0x0A, 0x22, 0x20, 0x00, 0x14,
  0x00, 0x20, 0x08, 0x00, 0x00, 0x20, 0x00, 0x84, 0x25, 0x40, 0x28, 0x00, 0x08, 0x20, 0x00, 0x04,
  0x00, 0x80, 0x04, 0xA1, 0x08, 0x20, 0x00, 0x04, 0x10, 0x80, 0x24, 0x89, 0x01, 0x20, 0x00, 0x04,
  0x24, 0x40, 0x24, 0x88, 0x62, 0x20, 0x00, 0x44, 0x10, 0x20, 0x04, 0x00, 0x00, 0x00, 0x00, 0x00,
  0x00, 0x00, 0x00, 0x00, 0x88, 0x00, 0x00, 0x00, 0x00, 0x00, 0x32, 0x00, 0x00, 0x00, 0x00, 0x00,
  0x00, 0x00, 0x08, 0xE4, 0x80, 0x20, 0x00, 0x00, 0x20, 0x61, 0x00, 0x00, 0x00, 0x00, 0x00, 0x04,
  0x27, 0x00, 0x04, 0x0A, 0x00, 0x00, 0x01, 0x01, 0x10, 0x20, 0x50, 0x04, 0x80, 0x20, 0x00, 0x05,
  0x14, 0x60, 0x00, 0x88, 0x18, 0x20, 0x00, 0x04, 0x40, 0x02, 0x34, 0x00, 0x00, 0x20, 0x00, 0x10,
  0x00, 0x00, 0x14, 0x89, 0x08, 0x00, 0x00, 0x40, 0x44, 0x62, 0x20, 0x00, 0x80, 0x00, 0x00, 0x00,
  0x00, 0x00, 0x00, 0x00, 0x10, 0x88, 0x08, 0x10, 0x21, 0x00, 0x08, 0x00, 0x80, 0x01, 0x10, 0x80,
  0x00, 0x00, 0x00, 0x40, 0x08, 0x09, 0x08, 0x00, 0x20, 0x00, 0x30, 0x00, 0x50, 0x01, 0x00, 0x40,
  0x00, 0x00, 0x38, 0x10, 0x80, 0x04, 0x00, 0x68, 0x20, 0x00, 0x00, 0x00, 0x00, 0x22, 0x08, 0x02,
  0x00, 0x00, 0x10, 0x04, 0x80, 0x01, 0x08, 0x01, 0x00, 0x00, 0x00, 0x40, 0x00, 0x28, 0x03, 0x08,
  0x00, 0x00, 0x00, 0x81, 0x08, 0x02, 0x04, 0x04, 0x00, 0x00, 0x00, 0x80, 0x11, 0x02, 0x08, 0x28,
  0x00, 0x00, 0x00, 0x40, 0x40, 0x20, 0x81, 0x48, 0x00, 0x02, 0x10, 0x40, 0x80, 0x00, 0x20, 0x02,
  0x00, 0x00, 0x00, 0x00, 0x08, 0x20, 0x00, 0x08, 0x00, 0x00, 0x90, 0x00, 0x00, 0x08, 0x09, 0x68,
  0x00, 0x02, 0x02, 0x00, 0x90, 0x00, 0x8A, 0x04, 0x00, 0x00, 0x00, 0x00, 0x41, 0x42, 0x00, 0x21,
  0x28, 0x00, 0x00, 0x12, 0x04, 0x11, 0x10, 0x04, 0x00, 0x00, 0x00, 0x00, 0x44, 0x89, 0x04, 0x05,
  0x60, 0x00, 0x02, 0x10, 0x00, 0x08, 0x00, 0x01, 0x22, 0x00, 0x00, 0x50, 0x14, 0x02, 0x00, 0x0A,
  0x00, 0x00, 0x00, 0x00, 0xC0, 0x02, 0x00, 0x06, 0x01, 0x00, 0x00, 0x00, 0x44, 0x10, 0x0A, 0x82,
  0x20, 0x00, 0x00, 0x00, 0x00, 0x00, 0x50, 0x00, 0x80, 0x00, 0x00, 0x00, 0x00, 0x00, 0x02, 0x02,
  0x00, 0x00, 0x00, 0x80, 0x00, 0x00, 0x00, 0x00, 0x80, 0x00, 0x00, 0x00, 0x10, 0x00, 0x08, 0x00,
  0x20, 0x00, 0x00, 0x00, 0x44, 0xA8, 0x48, 0x84, 0x40, 0x00, 0x00, 0x00, 0x00, 0x09, 0x21, 0x04,
  0x30, 0x00, 0x00, 0x02, 0x40, 0x08, 0x20, 0x09, 0x00, 0x08, 0x00, 0x04, 0x00, 0x64, 0x00, 0x20,
  0x00, 0x08, 0x01, 0x10, 0x80, 0x01, 0x20, 0x80, 0x00, 0x88, 0x00, 0x00, 0x00, 0x00, 0x0C, 0x00,
  0x00, 0x80, 0x03, 0x04, 0xC4, 0x80, 0x80, 0x02, 0x00, 0x00, 0x00, 0x00, 0x00, 0x00, 0x00, 0x00,
  0x24, 0x00, 0x00, 0x00, 0x00, 0x44, 0x01, 0x40, 0x00, 0x00, 0x03, 0x40, 0x00, 0x41, 0x00, 0x02,
  0x30, 0x00, 0x10, 0x01, 0x02, 0x05, 0x12, 0x00, 0x89, 0x10, 0x00, 0x60, 0x05, 0x03, 0x00, 0x00,
  0x90, 0x00, 0x01, 0x20, 0x40, 0x85, 0x10, 0x00, 0x40, 0x00, 0x00, 0x00, 0x01, 0x02, 0x00, 0x00,
  0x10, 0x10, 0x40, 0x01, 0xAC, 0x80, 0x01, 0x00, 0x20, 0x20, 0x04, 0x40, 0x00, 0x02, 0x80, 0x00,
  0x51, 0x50, 0x09, 0x08, 0x4D, 0x01, 0x00, 0x20, 0x09, 0x00, 0x04, 0x00, 0x00, 0x42, 0x88, 0x00,
  0x20, 0x40, 0x04, 0x00, 0x00, 0x46, 0x02, 0x00, 0x00, 0x00, 0x20, 0x00, 0x00, 0x04, 0x00, 0x00,
  0x20, 0x00, 0x04, 0x00, 0x10, 0x44, 0x00, 0x00, 0x20, 0x08, 0x08, 0x00, 0x00, 0x44, 0x40, 0x00,
  0x20, 0x08, 0x08, 0x00, 0x00, 0x45, 0x00, 0x80, 0xA1, 0x00, 0x0C, 0x91, 0x00, 0xA8, 0x86, 0x90,
  0x44, 0x10, 0x00, 0x88, 0x40, 0x10, 0x45, 0x00, 0x80, 0x29, 0x00, 0x04, 0x01, 0x80, 0x86, 0x52,
  0x00, 0x48, 0x10, 0x00, 0x00, 0x00, 0x01, 0x00, 0x00, 0x00, 0x10, 0x00, 0x00, 0x00, 0x80, 0x00,
  0x00, 0x40, 0x10, 0x08, 0x01, 0x00, 0x40, 0x91, 0x00, 0x10, 0x10, 0x00, 0x08, 0x00, 0x84, 0x41,
  0x00, 0x80, 0x50, 0x00, 0x00, 0x02, 0x00, 0x00, 0x00, 0x00, 0x40, 0x02, 0x00, 0x00, 0x01, 0x00,
  0x00, 0x40, 0x00, 0x06, 0x20, 0x98, 0x40, 0x80, 0x00, 0x40, 0x04, 0x10, 0x00, 0x10, 0x06, 0x10,
  0x00, 0x64, 0x42, 0x20, 0x01, 0x00, 0x40, 0x02, 0x00, 0x84, 0x10, 0x00, 0x01, 0x00, 0x80, 0x52,
  0x04, 0x11, 0x04, 0x06, 0x01, 0x90, 0x00, 0x00, 0x00, 0x20, 0x10, 0x01, 0x11, 0x00, 0x00, 0x04,
  0x01, 0x04, 0x10, 0x02, 0x00, 0x00, 0x84, 0x00, 0x00, 0x40, 0x80, 0x08, 0x08, 0x10, 0x00, 0x81,
  0x01, 0x10, 0x00, 0x00, 0x00, 0x00, 0x00, 0x00, 0x00, 0x00, 0x00, 0x08, 0x81, 0x10, 0x00, 0x00,
  0x80, 0x88, 0x02, 0x03, 0x00, 0x00, 0x00, 0x00, 0x08, 0x00, 0x00, 0x01, 0x04, 0x00, 0x20, 0x00,
  0x20, 0x44, 0x80, 0x04, 0xA0, 0x00, 0x00, 0x00, 0x40, 0x4A, 0x08, 0x00, 0xA0, 0x00, 0x00, 0x00,
  0x20, 0x82, 0x00, 0x00, 0x00, 0x00, 0x4A, 0x00, 0x08, 0x09, 0x00, 0x06, 0xC0, 0x00, 0x45, 0x00,
  0x80, 0x02, 0x10, 0x02, 0xE0, 0x20, 0x04, 0x00, 0x00, 0x80, 0x40, 0x00, 0x00, 0x00, 0x80, 0x04,
  0x00, 0x00, 0x1B, 0x02, 0x48, 0x00, 0x04, 0x00, 0x81, 0x00, 0x41, 0x00, 0x20, 0x00, 0x00, 0x24,
  0x42, 0x4E, 0x00, 0x04, 0x04, 0x20, 0x04, 0x02, 0x08, 0x80, 0x00, 0x04, 0x20, 0x20, 0x04, 0x02,
  0x08, 0x0A, 0x01, 0x06, 0x85, 0x80, 0x24, 0x02, 0x0A, 0x0A, 0x00, 0x00, 0x20, 0x20, 0x96, 0x00,
  0x08, 0xCE, 0x01, 0x40, 0x04, 0x00, 0x00, 0x02, 0x00, 0x09, 0x49, 0x08, 0x12, 0x20, 0x00, 0x94,
  0x00, 0x00, 0x8A, 0x01, 0x82, 0x10, 0x08, 0x06, 0x00, 0x48, 0x0D, 0x00, 0x80, 0x04, 0x20, 0x00,
  0x00, 0x00, 0x00, 0x00, 0x00, 0x01, 0x30, 0x08, 0x08, 0x08, 0x88, 0x00, 0x00, 0x00, 0x30, 0x04,
  0x04, 0x01, 0x00, 0x02, 0x04, 0x40, 0x80, 0x00, 0x00, 0x08, 0xCA, 0x01, 0x01, 0x20, 0x00, 0x88,
  0x00, 0x00, 0x00, 0x00, 0x00, 0x80, 0x00, 0x00, 0x22, 0x08, 0x00, 0x10, 0x00, 0x00, 0x00, 0x8D,
  0x00, 0x00, 0x81, 0x08, 0x04, 0xC8, 0x08, 0x04, 0x00, 0x04, 0x44, 0x82, 0x00, 0x20, 0x00, 0x80,
  0x03, 0x00, 0x00, 0x10, 0x00, 0x00, 0x20, 0x00, 0x03, 0x08, 0x41, 0x11, 0x02, 0x80, 0x20, 0x01,
  0x01, 0x00, 0x0A, 0x10, 0x02, 0x90, 0x10, 0x20, 0x81, 0x22, 0x00, 0x00, 0x00, 0x21, 0x40, 0x82,
  0x00, 0x00, 0x01, 0x00, 0x00, 0x01, 0x80, 0x0C, 0xA8, 0x0C, 0x88, 0x02, 0x04, 0xA1, 0x80, 0x00,
  0x00, 0x00, 0x00, 0x02, 0x00, 0x00, 0x00, 0x20, 0x02, 0x20, 0x00, 0x00, 0x80, 0x44, 0x21, 0x08,
  0x80, 0x00, 0x00, 0x00, 0x00, 0x40, 0x00, 0x00, 0x00, 0x20, 0x48, 0x01, 0xC0, 0x00, 0x11, 0x00,
  0x00, 0x10, 0x01, 0x04, 0x84, 0x00, 0x42, 0x04, 0x00, 0x00, 0x00, 0x00, 0x04, 0x44, 0x20, 0x08,
  0x48, 0xA0, 0x27, 0x00, 0x00, 0x90, 0xC0, 0x00, 0x00, 0x10, 0x23, 0x09, 0x02, 0x00, 0xC1, 0x08,
  0x0D, 0x00, 0x20, 0x00, 0x02, 0x00, 0x00, 0x00, 0x02, 0x10, 0x00, 0x0A, 0x04, 0x80, 0x00, 0x04,
  0x00, 0x00, 0x00, 0x00, 0x02, 0x00, 0x20, 0x08, 0x00, 0x00, 0x06, 0x00, 0x84, 0x10, 0x00, 0x03,
  0x82, 0x00, 0x00, 0x08, 0x00, 0x00, 0x00, 0x02, 0x02, 0x04, 0x00, 0x08, 0x00, 0x24, 0x04, 0x00,
  0x94, 0x00, 0x20, 0x08, 0x00, 0x14, 0x00, 0x04, 0x01, 0x02, 0x00, 0x00, 0x00, 0x10, 0x04, 0x00,
  0x08, 0x00, 0x00, 0x24, 0x00, 0x00, 0x20, 0x18, 0x02, 0x80, 0x06, 0x02, 0x00, 0x02, 0x44, 0x04,
  0x00, 0x40, 0x08, 0x20, 0x01, 0x00, 0x10, 0x00, 0x88, 0x82, 0x10, 0x00, 0x00, 0x02, 0x00, 0x00,
  0x00, 0x00, 0x00, 0x20, 0x0D, 0x00, 0x50, 0x00, 0x08, 0x82, 0x00, 0x00, 0x11, 0x02, 0x80, 0x11,
  0x03, 0x02, 0x20, 0x00, 0x80, 0x00, 0x22, 0x00, 0x08, 0x48, 0x20, 0x00, 0x08, 0x04, 0x80, 0x00,
  0x08, 0x02, 0x00, 0x00, 0x00, 0x00, 0x00, 0x48, 0x04, 0x51, 0x00, 0x01, 0x00, 0x04, 0x02, 0x29,
  0x00, 0x10, 0x08, 0x20, 0x04, 0x00, 0x01, 0x26, 0x00, 0x00, 0x20, 0x00, 0x08, 0x42, 0x00, 0xC8,
  0x00, 0x42, 0x22, 0x00, 0x88, 0x00, 0x02, 0x08, 0x40, 0x62, 0x20, 0x00, 0x00, 0x01, 0x60, 0x86,
  0x04, 0x40, 0x00, 0x22, 0x10, 0x23, 0x02, 0x11, 0x04, 0x20, 0x10, 0x00, 0x00, 0x00, 0x0A, 0x00,
  0x00, 0x40, 0x10, 0x42, 0x02, 0x00, 0x90, 0x12, 0x00, 0x40, 0x90, 0x00, 0x00, 0x00, 0x00, 0x00,
  0x00, 0x00, 0x00, 0x10, 0x2A, 0x80, 0x00, 0x00, 0x02, 0x10, 0x00, 0x08, 0x00, 0x00, 0x00, 0x20,
  0x01, 0x00, 0x20, 0x04, 0x44, 0x20, 0x01, 0x80, 0x0A, 0x81, 0x02, 0x00, 0x50, 0x00, 0x02, 0x01,
  0x00, 0x20, 0x00, 0x00, 0x64, 0x00, 0x00, 0x00, 0x84, 0x02, 0x02, 0x01, 0x04, 0x00, 0x00, 0x20,
  0x01, 0x00, 0x00, 0x00, 0x03, 0x40, 0x00, 0x24, 0x00, 0x41, 0x02, 0x00, 0x00, 0x10, 0x11, 0x00,
  0x00, 0x00, 0x20, 0x00, 0x40, 0x00, 0x14, 0x10, 0x00, 0x00, 0x40, 0x10, 0x90, 0x30, 0x00, 0x00,
  0x80, 0x40, 0x44, 0x02, 0x01, 0x00, 0x00, 0x80, 0x00, 0x00, 0x01, 0x00, 0x10, 0x00, 0x00, 0x00,
  0x00, 0x04, 0x00, 0x00, 0x00, 0x04, 0x02, 0x80, 0x40, 0xC2, 0x00, 0xA0, 0x00, 0x01, 0x00, 0x00,
  0x00, 0x42, 0x40, 0x01, 0x00, 0x02, 0x42, 0x00, 0xA0, 0x02, 0x40, 0x00, 0x40, 0x00, 0x02, 0x0A,
  0x10, 0x20, 0x04, 0x01, 0x84, 0x24, 0x08, 0x00, 0x00, 0x80, 0x12, 0x40, 0x00, 0x00, 0x00, 0x09,
  0x00, 0x01, 0x40, 0x01, 0x01, 0x14, 0x00, 0x00, 0x00, 0x01, 0x00, 0x40, 0x00, 0x00, 0x00, 0x00,
  0x00, 0x00, 0x00, 0x00, 0x01, 0x00, 0x00, 0x00, 0x00, 0x00, 0x00, 0x00, 0x00, 0x02, 0x00, 0x00,
  0x11, 0x00, 0x04, 0x20, 0x00, 0x25, 0x00, 0x00, 0x02, 0x00, 0x80, 0x00, 0x00, 0x00, 0x00, 0x00,
  0x80, 0x01, 0x00, 0x00, 0x01, 0x04, 0x80, 0x00, 0x00, 0x10, 0x40, 0x20, 0x00, 0x24, 0x00, 0x48,
  0x01, 0x82, 0x80, 0x00, 0x00, 0x45, 0x20, 0x54, 0x00, 0x09, 0x40, 0x01, 0x00, 0x04, 0x00, 0x68,
  0x10, 0x19, 0x00, 0x00, 0x04, 0x08, 0x20, 0x44, 0x00, 0x03, 0x01, 0x22, 0x00, 0x00, 0x00, 0x00,
  0x10, 0x88, 0x40, 0x84, 0x02, 0x44, 0x00, 0x10, 0x00, 0x00, 0x40, 0x00, 0x06, 0x00, 0x00, 0x00,
  0x00, 0x80, 0x00, 0x40, 0x00, 0x14, 0x00, 0x00, 0x00, 0x00, 0x00, 0x10, 0x00, 0x00, 0x00, 0x08,
  0x00, 0x00, 0x00, 0x00, 0xA0, 0x00, 0x01, 0x10, 0x00, 0x00, 0x05, 0x00, 0x00, 0x00, 0x00, 0x20,
  0x00, 0x04, 0x01, 0x00, 0x80, 0x01, 0x10, 0x80, 0x10, 0x50, 0x02, 0x50, 0x00, 0x02, 0x04, 0x40,
  0x04, 0x00, 0x00, 0x00, 0x90, 0x00, 0x02, 0x00, 0x0C, 0x40, 0xA1, 0x00, 0x02, 0x00, 0x00, 0x48,
  0x03, 0x00, 0x02, 0x00, 0x80, 0x02, 0x21, 0x90, 0x20, 0x89, 0x00, 0x20, 0x00, 0x00, 0x02, 0x01,
  0x10, 0x05, 0x00, 0x24, 0x08, 0x00, 0x11, 0x00, 0x04, 0x19, 0x00, 0x80, 0x04, 0x80, 0x21, 0x00,
  0x24, 0x00, 0x42, 0x80, 0x80, 0x02, 0x00, 0x00, 0x10, 0x40, 0x00, 0x80, 0x10, 0x00, 0x00, 0x00,
  0x00, 0x00, 0x41, 0x00, 0x08, 0x00, 0x01, 0x08, 0x20, 0x60, 0x00, 0xA0, 0x08, 0x00, 0x20, 0x00,
  0x00, 0x50, 0x00, 0x21, 0x00, 0x00, 0x00, 0x01, 0x40, 0x20, 0x00, 0x15, 0x44, 0x00, 0x82, 0x42,
  0x00, 0xC0, 0x50, 0x02, 0x10, 0x01, 0x00, 0x00, 0x00, 0x20, 0x20, 0x04, 0x01, 0x40, 0x01, 0x04,
  0x10, 0xE5, 0x40, 0x00, 0x00, 0x01, 0x00, 0x10, 0x08, 0x00, 0x04, 0x00, 0x00, 0x94, 0x00, 0x00,
  0x50, 0x00, 0x00, 0x80, 0x00, 0x90, 0x00, 0x10, 0x80, 0x00, 0x04, 0x40, 0x00, 0x80, 0x00, 0x02,
  0x88, 0x10, 0x00, 0x40, 0x00, 0x00, 0x00, 0x00, 0x80, 0x00, 0x00, 0x40, 0x00, 0x00, 0x00, 0x00,
  0x08, 0x04, 0x00, 0x01, 0x00, 0x09, 0x01, 0x04, 0x00, 0x24, 0x10, 0x62, 0x81, 0x48, 0x82, 0x05,
  0x04, 0x00, 0x00, 0x30, 0x04, 0x92, 0x00, 0x42, 0x40, 0x00, 0x00, 0x00, 0x10, 0x92, 0x40, 0x00,
  0x60, 0x00, 0x05, 0x80, 0x00, 0x58, 0xC2, 0x01, 0x00, 0x20, 0x00, 0x54, 0x10, 0x88, 0x02, 0x81,
  0x00, 0x04, 0x12, 0x04, 0x40, 0x00, 0x00, 0x18, 0x10, 0x01, 0x82, 0x00, 0x00, 0x00, 0x00, 0x00,
  0x00, 0x00, 0x10, 0x00, 0x00, 0x00, 0x00, 0x00, 0x00, 0x00, 0x00, 0x04, 0x20, 0x00, 0x10, 0x20,
  0x00, 0x18, 0x00, 0x20, 0x00, 0x0A, 0x80, 0x00, 0x04, 0x00, 0x09, 0x00, 0x24, 0x04, 0x00, 0x00,
  0x00, 0x40, 0x06, 0x00, 0x04, 0x00, 0x80, 0x00, 0x80, 0x80, 0x20, 0x10, 0x20, 0x00, 0x40, 0x00,
  0x0C, 0x40, 0x22, 0x00, 0x22, 0x01, 0x00, 0x40, 0x01, 0x40, 0x20, 0x00, 0x20, 0x18, 0x20, 0x40,
  0x04, 0x00, 0x10, 0x20, 0x0E, 0x00, 0x00, 0x80, 0x00, 0x00, 0x10, 0x08, 0x00, 0x02, 0x00, 0x08,
  0x22, 0x80, 0x00, 0x80, 0x0A, 0x40, 0x00, 0x00, 0x02, 0x80, 0x00, 0x00, 0x00, 0x10, 0x00, 0x00,
  0x00, 0x00, 0x06, 0x00, 0x00, 0x00, 0x00, 0x00, 0x00, 0x00, 0x00, 0x00, 0x42, 0xA0, 0x00, 0x01,
  0x20, 0x40, 0x00, 0x00, 0x40, 0x02, 0x41, 0x00, 0x24, 0x40, 0x2D, 0x00, 0x02, 0x00, 0x03, 0x04,
  0x00, 0x00, 0x21, 0x08, 0x00, 0x00, 0x00, 0x40, 0x28, 0x40, 0x00, 0x00, 0x08, 0x01, 0x80, 0x00,
  0x00, 0x02, 0x40, 0x00, 0x03, 0x40, 0x02, 0x03, 0x00, 0x02, 0x80, 0x00, 0x00, 0x00, 0xA0, 0x00,
  0x10, 0x00, 0x00, 0x00, 0x00, 0x00, 0x00, 0x80, 0x00, 0x00, 0x00, 0x00, 0x20, 0x02, 0x50, 0x00,
  0x00, 0x0C, 0x00, 0x00, 0x10, 0x0E, 0x56, 0x00, 0x00, 0x00, 0x80, 0x01, 0x00, 0x14, 0x10, 0x00,
  0x00, 0x08, 0x00, 0x00, 0x10, 0x02, 0x00, 0x00, 0x00, 0x0C, 0x00, 0x00, 0x00, 0x22, 0x00, 0x24,
  0x20, 0xC0, 0x00, 0x61, 0x00, 0x01, 0x00, 0x08, 0x00, 0x04, 0x80, 0x00, 0x20, 0x20, 0x08, 0x80,
  0x90, 0x00, 0x40, 0xA0, 0x28, 0x00, 0x42, 0x80, 0x00, 0x08, 0x00, 0x60, 0x00, 0x08, 0x22, 0x06,
  0x00, 0x01, 0x00, 0x08, 0x10, 0x00, 0x90, 0x50, 0x80, 0x20, 0x00, 0x00, 0x00, 0x02, 0x02, 0x00,
  0x00, 0x00, 0x00, 0x06, 0x80, 0x04, 0x08, 0x0A, 0x00, 0x84, 0x82, 0x22, 0x30, 0x00, 0x00, 0x04,
  0x00, 0x00, 0x00, 0x00, 0x00, 0x00, 0x00, 0x00, 0x10, 0x00, 0x04, 0x00, 0x00, 0x48, 0x00, 0x00,
  0x00, 0x04, 0x88, 0x00, 0x01, 0x00, 0x10, 0x00, 0x21, 0x30, 0x96, 0x00, 0x28, 0x80, 0x84, 0x80,
  0x21, 0x00, 0x04, 0x00, 0x10, 0x02, 0x01, 0x10, 0x20, 0x00, 0x24, 0x00, 0x82, 0x00, 0x08, 0x00,
  0x00, 0x08, 0x04, 0x00, 0x00, 0x00, 0x0B, 0x20, 0x00, 0x04, 0x04, 0x40, 0x10, 0x42, 0x02, 0x00,
  0x00, 0x10, 0x04, 0x00, 0x08, 0x80, 0x00, 0x10, 0x05, 0x20, 0x88, 0x00, 0x40, 0x82, 0x04, 0x80,
  0x20, 0x20, 0x04, 0x00, 0x80, 0x00, 0x40, 0x00, 0x03, 0x20, 0x04, 0x00, 0x20, 0x42, 0x00, 0x00,
  0x05, 0x10, 0x00, 0x00, 0x00, 0x00, 0x00, 0x02, 0x00, 0x40, 0x04, 0x00, 0x09, 0x01, 0x1A, 0x00,
  0x21, 0x10, 0x10, 0x00, 0x01, 0x00, 0x00, 0x00, 0x40, 0x00, 0x05, 0x00, 0x48, 0xC1, 0x02, 0x00,
  0x21, 0x10, 0x00, 0x00, 0x01, 0x48, 0x42, 0x11, 0x00, 0x20, 0x00, 0x06, 0x01, 0x40, 0x01, 0x13,
  0x04, 0x21, 0x18, 0x00, 0x80, 0x81, 0x02, 0x11, 0x14, 0x20, 0x00, 0x00, 0x08, 0x08, 0x00, 0x04,
  0x00, 0x00, 0x08, 0x00, 0x00, 0x28, 0x80, 0x00, 0x80, 0x00, 0x28, 0x00, 0x00, 0x82, 0x40, 0x04,
  0x20, 0x20, 0x20, 0x00, 0x00, 0x80, 0x00, 0x10, 0x20, 0x21, 0x00, 0x00, 0x00, 0x00, 0x00, 0x01,
  0x80, 0x00, 0x08, 0x04, 0x00, 0x00, 0x80, 0x12, 0x08, 0x10, 0x40, 0x12, 0x00, 0x48, 0x42, 0x00,
  0x00, 0x20, 0x28, 0x08, 0x00, 0x00, 0x02, 0x10, 0x80, 0xA1, 0x58, 0x00, 0x00, 0x20, 0x80, 0x00,
  0x20, 0x89, 0x38, 0x90, 0x00, 0x00, 0x80, 0x03, 0x00, 0x21, 0x80, 0x02, 0x00, 0x88, 0x00, 0x90,
  0x80, 0x04, 0x08, 0x00, 0x00, 0x20, 0x00, 0x00, 0x80, 0x10, 0x80, 0x00, 0x00, 0x00, 0x00, 0x00,
  0x40, 0x22, 0x00, 0x01, 0x00, 0x44, 0x82, 0x02, 0x80, 0x01, 0x20, 0x00, 0x00, 0x00, 0x00, 0x00,
  0x00, 0x00, 0x00, 0x00, 0x10, 0x80, 0x01, 0x00, 0x02, 0x05, 0x14, 0x00, 0x00, 0x00, 0x04, 0x40,
  0x00, 0x00, 0x01, 0x80, 0x10, 0x10, 0x08, 0x00, 0x48, 0x81, 0x10, 0x00, 0x10, 0x24, 0x04, 0x40,
  0x01, 0x00, 0x02, 0x40, 0x04, 0x00, 0x08, 0x00, 0x02, 0x00, 0x00, 0x00, 0x10, 0x08, 0x60, 0x60,
  0x04, 0x00, 0x00, 0x10, 0x06, 0xC2, 0xC8, 0x20, 0x4C, 0x41, 0x02, 0x08, 0x02, 0x20, 0x08, 0x00,
  0x00, 0x00, 0x00, 0x80, 0x00, 0x00, 0x81, 0x00, 0x80, 0x42, 0x92, 0x00, 0x20, 0x00, 0x0A, 0x00,
  0xA0, 0x43, 0x02, 0x00, 0x02, 0x12, 0x08, 0x00, 0x4A, 0x00, 0x00, 0x24, 0x00, 0x14, 0x82, 0x00,
  0x08, 0x00, 0x00, 0x44, 0x00, 0x04, 0x10, 0x48, 0x91, 0x02, 0x00, 0x41, 0x00, 0x00, 0x82, 0x00,
  0x02, 0x00, 0x40, 0x00, 0x40, 0x20, 0x10, 0x00, 0x80, 0x42, 0x01, 0x00, 0xA0, 0x40, 0x00, 0x20,
  0x41, 0x89, 0x01, 0x02, 0x01, 0x31, 0x00, 0x11, 0x08, 0x82, 0x02, 0x01, 0x00, 0x00, 0x48, 0x88,
  0x21, 0x00, 0x40, 0x01, 0xA1, 0x04, 0x00, 0x00, 0x00, 0x00, 0x00, 0x00, 0x20, 0x00, 0x04, 0x00,
  0x00, 0x00, 0x00, 0x00, 0x00, 0x00, 0x09, 0x00, 0x00, 0x02, 0x00, 0x00, 0x40, 0x20, 0x00, 0x01,
  0x20, 0x00, 0x40, 0x01, 0x10, 0x00, 0x62, 0x00, 0x00, 0x40, 0x00, 0x01, 0x40, 0x00, 0x4A, 0x08,
  0x00, 0x40, 0x00, 0x00, 0x00, 0x10, 0x00, 0x09, 0x00, 0x02, 0x01, 0x04, 0x00, 0x10, 0x19, 0x11,
  0x22, 0x30, 0x40, 0x02, 0x84, 0x00, 0x14, 0x00, 0x20, 0x08, 0x80, 0x00, 0x04, 0x20, 0x08, 0x01,
  0x00, 0x10, 0x41, 0x02, 0x14, 0x21, 0x10, 0x20, 0x00, 0x00, 0x00, 0x04, 0xC0, 0x00, 0x0C, 0x00,
  0x00, 0x00, 0x00, 0x94, 0xA4, 0x30, 0x88, 0x84, 0x20, 0x00, 0x00, 0x00, 0x40, 0x20, 0x01, 0x84,
  0x00, 0x48, 0x00, 0x08, 0x80, 0x09, 0x20, 0x20, 0x00, 0x00, 0x00, 0x00, 0x00, 0x00, 0x00, 0x00,
  0x00, 0x00, 0x00, 0x00, 0x00, 0x00, 0x00, 0x00, 0x00, 0x0F, 0xFF, 0xF0, 0x00, 0x04, 0x04, 0x0C,
  0x03, 0xF7, 0x3B, 0xD5, 0x1B, 0xED, 0xDF, 0x6D, 0x5F, 0xFD, 0xDF, 0xFF, 0xFF, 0xFF, 0xC0, 0x0F,
  0xFF, 0xFF, 0xF7, 0xDF, 0xFB, 0xEF, 0xFB, 0xE3, 0xFF, 0xFF, 0x0F, 0x00, 0x00, 0x05, 0x55, 0x5C,
  0xCA, 0x0C, 0x04, 0x45, 0x55, 0x5C, 0x0C, 0xF5, 0x50, 0xCF, 0xFF, 0xF0, 0x00, 0x0F, 0xDF, 0xDC,
  0xCC, 0xCC, 0xCC, 0xCC, 0xCC, 0xCF, 0xFD, 0x77, 0xDF, 0xF6, 0x66, 0x64, 0x44, 0x44, 0x44, 0x43,
  0xC3, 0x33, 0xC3, 0x33, 0xC3, 0x33, 0xC3, 0x33, 0xC3, 0x33, 0xC3, 0x33, 0xC3, 0x33, 0xC3, 0x33,
  0xC3, 0x33, 0xC3, 0x33, 0xC3, 0x39, 0x54, 0x03, 0xCF, 0xF0, 0xCF, 0xC0, 0x0C, 0xCE, 0x4E, 0x4E,
  0xEE, 0xE0, 0x00, 0x00, 0x00, 0x0F, 0xFF, 0xFF, 0xFF, 0xF0, 0x0F, 0xFF, 0xFF, 0xFF, 0xFF, 0xFF,
  0xFF, 0xFF, 0xF0, 0x00, 0x00, 0x00, 0x0F, 0xFF, 0xFF, 0xFF, 0xFF, 0xFB, 0xB0, 0x00, 0x05, 0x05,
  0xF7, 0x4C, 0x0F, 0xFF, 0xF0, 0x00, 0x00, 0x00, 0x0F, 0x0F, 0xFC, 0x3C, 0xCC, 0x3C, 0xC6, 0x96,
  0x66, 0x96, 0x66, 0x96, 0x66, 0x96, 0x6A, 0x95, 0x4C, 0x3F, 0xFF, 0xFF, 0xF0, 0x00, 0x00, 0x00,
  0x0F, 0xFF, 0xF3, 0xC3, 0x33, 0xC3, 0x33, 0xC3, 0x39, 0x69, 0x99, 0x69, 0x99, 0x69, 0x9A, 0x60,
  0x8C, 0x3F, 0xFF, 0x77, 0xDF, 0x77, 0xDF, 0x77, 0xDF, 0x7F, 0xF0, 0x0F, 0x0E, 0xEE, 0xEF, 0xF7,
  0x70, 0xFF, 0x00, 0xFF, 0xF7, 0x4F, 0x0F, 0xF7, 0x70, 0xFF, 0x0F, 0x05, 0xFE, 0x2C, 0x0F, 0x0C,
  0xCE, 0x2C, 0x00, 0x0C, 0xC4, 0x44, 0x4D, 0x0F, 0x00, 0x00, 0x0D, 0xD8, 0xDF, 0xFF, 0xFF, 0xFC,
  0xC0, 0x00, 0x0D, 0xDF, 0xFF, 0xFF, 0xF0, 0x00, 0xF5, 0x85, 0x54, 0x1C, 0xC4, 0x1C, 0xC0, 0x1F,
  0xC4, 0x1F, 0xF0, 0x00, 0x00, 0x00, 0x00, 0x00, 0x00, 0x00, 0x00, 0x00, 0x80, 0x10, 0x00, 0x00,
  0x00, 0x00, 0x00, 0x00, 0x00, 0x0F, 0xFB, 0xF0, 0x00, 0x0F, 0x0F, 0x0C, 0x03, 0xF7, 0x3B, 0xD5,
  0x0A, 0xFE, 0xEF, 0x9D, 0x5F, 0xFF, 0xFF, 0xFF, 0xFF, 0xFF, 0xFC, 0x0F, 0xF0, 0xFF, 0xFB, 0xEF,
  0xFB, 0xEF, 0xF7, 0xD3, 0xFF, 0xF1, 0x1D, 0xD0, 0x00, 0x0C, 0x0C, 0xFC, 0xCF, 0x5F, 0x37, 0x7C,
  0x0F, 0x35, 0x05, 0xF5, 0x5F, 0xCF, 0xFF, 0xF0, 0x00, 0x0F, 0xFF, 0xFC, 0x5C, 0x5C, 0x5C, 0x5C,
  0x5C, 0x5F, 0xFB, 0xEB, 0xEF, 0xF6, 0x66, 0x67, 0x77, 0x7E, 0xEE, 0xE3, 0xC3, 0x33, 0xC3, 0x33,
  0xC3, 0x33, 0xC3, 0x33, 0xC3, 0x33, 0xC3, 0x33, 0xC3, 0x33, 0xC3, 0x33, 0xC3, 0x33, 0xC3, 0x33,
  0xC3, 0x39, 0x54, 0x03, 0xCF, 0xF0, 0xCF, 0xCF, 0xFC, 0xCE, 0xEE, 0xE0, 0x0F, 0xF0, 0x00, 0x00,
  0x00, 0x0F, 0xFF, 0xFF, 0xFF, 0xF0, 0x0F, 0xFF, 0xFF, 0xFF, 0xFF, 0xFF, 0xFF, 0xFF, 0xF0, 0x00,
  0x00, 0x00, 0x0F, 0xFF, 0xFF, 0xFF, 0xFF, 0xFB, 0xB0, 0x00, 0x0C, 0x0C, 0xF7, 0x4F, 0x3F, 0xFF,
  0xF0, 0x00, 0x00, 0x04, 0x0F, 0x0F, 0xFC, 0x3C, 0xCC, 0x3C, 0xC6, 0x96, 0x66, 0x96, 0x66, 0x96,
  0x66, 0x96, 0x65, 0x6F, 0xDC, 0x3F, 0xFF, 0xFD, 0xD0, 0x00, 0x00, 0x0C, 0x0C, 0xFF, 0xF3, 0xC3,
  0x33, 0xC3, 0x33, 0xC3, 0x39, 0x69, 0x99, 0x69, 0x99, 0x69, 0x95, 0x9A, 0xEC, 0x3F, 0xF5, 0x1B,
  0xE5, 0x1B, 0xE5, 0x1B, 0xE5, 0x1F, 0xF0, 0x0F, 0x0E, 0xEE, 0xEF, 0x0F, 0x00, 0x04, 0x40, 0xFF,
  0xFF, 0xCF, 0x0F, 0x0F, 0x00, 0x04, 0x4F, 0x0C, 0xCE, 0x2F, 0x3F, 0x05, 0x0E, 0x2F, 0x30, 0x0C,
  0xC4, 0x44, 0x4F, 0x2F, 0x00, 0x00, 0x08, 0xDD, 0xDC, 0x3C, 0x7F, 0xFC, 0xC0, 0x04, 0x0D, 0xDF,
  0xFF, 0xFF, 0xF0, 0x00, 0xF5, 0xA5, 0x54, 0x1C, 0xC4, 0x1C, 0xC5, 0x4F, 0xF4, 0x1F, 0xF0, 0x00,
  0x00, 0x00, 0x00, 0x00, 0x00, 0x00, 0x00, 0x00, 0x00, 0x20, 0x00, 0x00, 0x00, 0x00, 0x00, 0x00,
  0x00, 0x02, 0x00, 0x10, 0x00, 0x00, 0x00, 0x10, 0x06, 0x16, 0x00, 0x90, 0x01, 0x36, 0x30, 0x50,
  0x04, 0x16, 0x00, 0x10, 0x00, 0x36, 0x20, 0x50, 0x06, 0x36, 0x08, 0x90, 0x03, 0x36, 0x10, 0x10,
  0x04, 0x56, 0x08, 0x02, 0x10, 0x36, 0x20, 0x10, 0x40, 0x56, 0x08, 0x10, 0x00, 0x12, 0x00, 0x10,
  0x00, 0x16, 0x08, 0x02, 0x11, 0x36, 0x20, 0x50, 0x50, 0x40, 0x0C, 0x00, 0x17, 0x36, 0x30, 0x70,
  0x44, 0x56, 0x08, 0x10, 0x13, 0x36, 0x20, 0x10, 0x64, 0x44, 0x18, 0x83, 0x12, 0x36, 0x70, 0x40,
  0x64, 0x44, 0x10, 0x83, 0x18, 0x12, 0x70, 0x40, 0x64, 0x04, 0x10, 0x81, 0x0A, 0x36, 0x10, 0x00,
  0x04, 0x02, 0x00, 0x10, 0x18, 0x30, 0x20, 0x10, 0x40, 0x10, 0x00, 0x00, 0x0A, 0x22, 0x10, 0x00,
  0x04, 0x00, 0x00, 0x00, 0x80, 0x0A, 0x22, 0x10, 0x00, 0x04, 0x00, 0x00, 0x00, 0x0A, 0x22, 0x10,
  0x00, 0x04, 0x02, 0x08, 0x00, 0x00, 0x32, 0x00, 0x10, 0x50, 0x06, 0x0A, 0x22, 0xB1, 0x36, 0x20,
  0x10, 0x64, 0x04, 0x18, 0x83, 0x12, 0x36, 0x70, 0x40, 0x64, 0x04, 0x18, 0x83, 0x13, 0x36, 0x30,
  0x40, 0x44, 0x06, 0x08, 0x10, 0x02, 0x36, 0x00, 0x10, 0x00, 0x10, 0x10, 0x81, 0x00, 0x00, 0x50,
  0x00, 0x24, 0x00, 0x10, 0x81, 0x00, 0x00, 0x10, 0x00, 0x04, 0x03, 0x20, 0x90, 0x02, 0x00, 0x10,
  0x10, 0x04, 0x12, 0x00, 0x10, 0x00, 0x00, 0x04, 0x00, 0x10, 0x02, 0x00, 0x00, 0x06, 0x00, 0x04,
  0x00, 0x10, 0x00, 0x04, 0x30, 0xA3, 0x70, 0x04, 0x01, 0x02, 0x92, 0x00, 0x10, 0x00, 0x30, 0x24,
  0x00, 0x00, 0x02, 0x08, 0x10, 0x00, 0x00, 0x00, 0x10, 0x00, 0x12, 0x00, 0x10, 0x01, 0x72, 0x20,
  0x10, 0x64, 0x00, 0x10, 0x81, 0x10, 0x32, 0x30, 0x00, 0x44, 0x00, 0x00, 0x00, 0x00, 0x00, 0x00,
  0x00, 0x00, 0x00, 0x00, 0x00, 0x20, 0x00, 0x00, 0x00, 0x00, 0x00, 0x00, 0x00, 0x04, 0x00, 0x00,
  0x00, 0x00, 0x00, 0x20, 0x00, 0x64, 0x08, 0x10, 0x24, 0x6C, 0x00, 0x20, 0x80, 0xA4, 0x08, 0x10,
  0x00, 0x00, 0x00, 0x20, 0x0C, 0x6C, 0x08, 0x94, 0x24, 0x6C, 0x60, 0xA0, 0x88, 0x0C, 0x08, 0x04,
  0x22, 0x6C, 0x40, 0xA0, 0x80, 0x2C, 0x08, 0x14, 0x22, 0x6C, 0x40, 0xA0, 0x80, 0x2C, 0x08, 0x04,
  0x22, 0x6C, 0x40, 0xA0, 0xC8, 0x00, 0x28, 0x86, 0x22, 0x6C, 0x64, 0x80, 0x88, 0x84, 0x08, 0x1C,
  0x62, 0x6C, 0x60, 0xA0, 0x88, 0xAC, 0x08, 0x94, 0x24, 0x6C, 0x60, 0xA0, 0x88, 0xA0, 0x08, 0x00,
  0x04, 0x44, 0x00, 0x00, 0x08, 0x80, 0x08, 0x80, 0x04, 0x44, 0x20, 0x00, 0x08, 0x00, 0x08, 0x00,
  0x00, 0x44, 0x20, 0x00, 0x08, 0x00, 0x00, 0x80, 0x10, 0x44, 0x20, 0x00, 0x08, 0x00, 0x00, 0x00,
  0x80, 0x14, 0x44, 0x20, 0x00, 0x08, 0x00, 0x00, 0x80, 0x10, 0x44, 0x20, 0x00, 0x08, 0x00, 0x04,
  0x00, 0x28, 0x64, 0x48, 0x00, 0xA0, 0x08, 0x08, 0x14, 0x22, 0x6C, 0x40, 0xA0, 0xC8, 0x80, 0x28,
  0x82, 0x26, 0x6C, 0xE0, 0x00, 0xC8, 0x80, 0x28, 0x82, 0x26, 0x6C, 0xE0, 0x00, 0xC8, 0x00, 0x28,
  0x82, 0x20, 0x6C, 0x60, 0x00, 0x88, 0x00, 0x00, 0x00, 0x04, 0x00, 0x00, 0x20, 0x00, 0x24, 0x00,
  0x10, 0x04, 0x00, 0x00, 0x20, 0x00, 0x26, 0x40, 0x90, 0x04, 0x00, 0x20, 0x20, 0x08, 0x24, 0x00,
  0x00, 0x28, 0x60, 0x08, 0x02, 0x05, 0x20, 0x20, 0x82, 0x00, 0x00, 0xA0, 0x00, 0x48, 0x00, 0x20,
  0x82, 0x00, 0x00, 0x20, 0x00, 0x08, 0x04, 0x00, 0x10, 0x20, 0x24, 0x00, 0x20, 0x00, 0x2C, 0x00,
  0x14, 0x20, 0x24, 0x40, 0xA0, 0x00, 0x24, 0x00, 0x00, 0x00, 0x60, 0x00, 0x20, 0x80, 0x24, 0x08,
  0x10, 0x04, 0x00, 0x00, 0x20, 0x00, 0x20, 0x00, 0x00, 0x00, 0x00, 0x00, 0x00, 0x00, 0x00, 0x00,
  0x00, 0x00, 0x00, 0x00, 0x00, 0x00, 0x00, 0x00, 0x00, 0x0E, 0xDF, 0xF0, 0x00, 0x0F, 0x0F, 0xCF,
  0xF3, 0xF0, 0x04, 0x0F, 0xD5, 0x54, 0xC4, 0xCB, 0xFF, 0xF4, 0xD4, 0xD5, 0x44, 0x0F, 0xEF, 0xFF,
  0x00, 0xF7, 0x3B, 0xDC, 0x03, 0xF5, 0x1B, 0xEF, 0xFF, 0xFC, 0xC5, 0x50, 0x00, 0x0A, 0x0F, 0x5F,
  0xFF, 0xF5, 0x5C, 0xFD, 0x8D, 0xDD, 0x0D, 0xFF, 0x07, 0x7D, 0x8D, 0xD0, 0x00, 0x00, 0x0F, 0xF5,
  0xA5, 0x56, 0x96, 0x66, 0x96, 0x65, 0xCF, 0x76, 0x9F, 0xFF, 0xAF, 0x5F, 0xF9, 0xFF, 0xFB, 0xEF,
  0xFB, 0xEF, 0xFB, 0xEF, 0xFB, 0xEF, 0xFB, 0xEE, 0xBF, 0xF0, 0x00, 0x00, 0x00, 0x00, 0x00, 0x0F,
  0xFF, 0xFF, 0xFF, 0xFF, 0xFF, 0xFF, 0xFF, 0xFF, 0xFF, 0xF0, 0x00, 0x00, 0x00, 0x0F, 0xFF, 0xFF,
  0xFF, 0xFF, 0xFF, 0xFF, 0xFF, 0xFF, 0xFF, 0xFF, 0xFF, 0xF0, 0x0F, 0xFF, 0xFF, 0xFF, 0xFF, 0xFF,
  0xFF, 0xFF, 0xFF, 0xFF, 0xFF, 0xFF, 0xFF, 0xFF, 0xFF, 0xFF, 0xFF, 0x37, 0x47, 0x4F, 0x3F, 0x5E,
  0x4F, 0x37, 0x40, 0x00, 0x0F, 0xFF, 0xFF, 0xFF, 0xFF, 0x0F, 0xFC, 0x3C, 0xCC, 0x3C, 0xCC, 0x3C,
  0xCC, 0x3C, 0xC6, 0x96, 0x66, 0x96, 0x66, 0x96, 0x66, 0x96, 0x66, 0x96, 0x66, 0x96, 0x65, 0x6F,
  0xDC, 0x3F, 0xF0, 0x00, 0x00, 0x00, 0x00, 0x0C, 0x00, 0x00, 0x00, 0x04, 0x0F, 0xFF, 0xFF, 0xFF,
  0xF0, 0x00, 0x0F, 0xDD, 0x7F, 0xDD, 0x7F, 0xDD, 0x7F, 0xDF, 0xF7, 0xBD, 0xEF, 0x2F, 0x0F, 0x05,
  0x0E, 0x2F, 0x36, 0x96, 0x66, 0x96, 0x66, 0x96, 0x66, 0x96, 0x66, 0x96, 0x66, 0x96, 0x65, 0x6F,
  0xDC, 0x3F, 0xF4, 0x0F, 0xFB, 0xFF, 0xF0, 0x04, 0x00, 0x04, 0x0E, 0xEE, 0xE0, 0x04, 0x0C, 0xCF,
  0xC3, 0xFC, 0xFF, 0xF0, 0x00, 0x00, 0x0F, 0xFF, 0xFF, 0xF0, 0x0F, 0xF3, 0xFF, 0xFF, 0xFF, 0xDF,
  0xF0, 0x08, 0x00, 0x00, 0x00, 0x00, 0x00, 0x00, 0x00, 0x00, 0x00, 0x21, 0x00, 0x00, 0x00, 0x00,
  0x00, 0x00, 0x00, 0x00, 0x00, 0x0F, 0xFF, 0xF0, 0x00, 0x0F, 0x0F, 0xCF, 0xFF, 0xF0, 0x00, 0x05,
  0x55, 0x5C, 0xC4, 0xCF, 0xDF, 0xF0, 0x50, 0x50, 0x00, 0x0F, 0xFF, 0xF0, 0x0F, 0xF7, 0x3B, 0xDC,
  0x03, 0xFF, 0x77, 0xDF, 0xFF, 0xFC, 0xCF, 0x00, 0x00, 0x0C, 0xCC, 0xCB, 0xBF, 0xF5, 0x5C, 0x0D,
  0x88, 0x88, 0x08, 0xFF, 0x04, 0x4D, 0x88, 0x80, 0x00, 0x0F, 0xF0, 0x05, 0xA5, 0x56, 0x96, 0x69,
  0x69, 0x95, 0xCF, 0x76, 0x9F, 0xFF, 0xAF, 0x5F, 0xFF, 0x9F, 0xF7, 0xDF, 0xF7, 0xDF, 0xF7, 0xDF,
  0xF7, 0xDF, 0xF7, 0xDD, 0x7F, 0xF0, 0x00, 0x00, 0x00, 0x00, 0x00, 0x0F, 0xFF, 0xFF, 0xFF, 0xFF,
  0xFF, 0xFF, 0xFF, 0xFF, 0xFF, 0xF0, 0x00, 0x00, 0x00, 0x0F, 0xFF, 0xFF, 0xFF, 0xFF, 0xFF, 0xFF,
  0xFF, 0xFF, 0xFF, 0xFF, 0xFF, 0xF0, 0x0F, 0xFF, 0xFF, 0xFF, 0xFF, 0xFF, 0xFF, 0xFF, 0xFF, 0xFF,
  0xFF, 0xFF, 0xFF, 0xFF, 0xFF, 0xFF, 0xFC, 0x07, 0x47, 0x4C, 0x0A, 0x0E, 0x4C, 0x07, 0x40, 0x00,
  0x0F, 0xFF, 0xFF, 0xFF, 0xFF, 0x0F, 0xFC, 0x3C, 0xCC, 0x3C, 0xCC, 0x3C, 0xCC, 0x3C, 0xC6, 0x96,
  0x66, 0x96, 0x66, 0x96, 0x66, 0x96, 0x66, 0x96, 0x66, 0x96, 0x6A, 0x95, 0x4C, 0x3F, 0xF0, 0x00,
  0x00, 0x00, 0x00, 0x0C, 0x00, 0x00, 0x00, 0x00, 0x0F, 0xFF, 0xFF, 0xFF, 0xF0, 0x00, 0x05, 0x4E,
  0xB5, 0x4E, 0xB5, 0x4E, 0xB5, 0x4F, 0xF7, 0xBD, 0xED, 0x0F, 0x0F, 0x0C, 0xCE, 0x2C, 0x06, 0x96,
  0x66, 0x96, 0x66, 0x96, 0x66, 0x96, 0x66, 0x96, 0x66, 0x96, 0x6A, 0x95, 0x4C, 0x3F, 0xF0, 0x0F,
  0xFF, 0xFF, 0xF0, 0x00, 0x00, 0x00, 0x0B, 0xBF, 0xB0, 0x00, 0x0C, 0xCC, 0xC3, 0xFC, 0xFF, 0xD0,
  0x00, 0x00, 0x0F, 0xCF, 0xFF, 0xF0, 0x0F, 0xFF, 0xFF, 0xDD, 0xDF, 0xDF, 0xF0, 0x50, 0x10, 0x00,
  0x00, 0x00, 0x00, 0x00, 0x00, 0x00, 0x00, 0x08, 0x00, 0x04, 0x00, 0x00, 0x01, 0x00, 0x01, 0x00,
  0x01, 0x08, 0x00, 0x40, 0x40, 0x08, 0x40, 0x00, 0x40, 0x08, 0x04, 0x0B, 0x04, 0x03, 0x04, 0x0B,
  0x84, 0x0B, 0x08, 0x2B, 0x20, 0x0B, 0x08, 0x0B, 0x84, 0x06, 0x01, 0x02, 0x03, 0x00, 0x07, 0x08,
  0x00, 0x02, 0x1B, 0x83, 0xAA, 0x00, 0x08, 0x00, 0x02, 0x80, 0x02, 0x42, 0x05, 0x03, 0x06, 0x08,
  0x05, 0x00, 0x4B, 0x03, 0x10, 0x00, 0x00, 0x07, 0x39, 0x00, 0x16, 0x80, 0x82, 0x44, 0x83, 0x08,
  0x04, 0x20, 0x04, 0x48, 0x00, 0x00, 0x00, 0x42, 0x04, 0x03, 0x21, 0x08, 0x40, 0x00, 0x08, 0x00,
  0x03, 0x60, 0x18, 0x06, 0xAA, 0x03, 0x21, 0x00, 0xA4, 0x14, 0x90, 0x00, 0x83, 0x50, 0x91, 0x00,
  0xA2, 0x18, 0x13, 0x04, 0x04, 0x00, 0x00, 0x10, 0x10, 0x88, 0x01, 0x80, 0x08, 0x04, 0x00, 0x90,
  0x09, 0x00, 0x00, 0x11, 0x15, 0x43, 0x80, 0x00, 0x10, 0x02, 0x40, 0x00, 0x08, 0x00, 0x43, 0x80,
  0x05, 0x80, 0x23, 0x08, 0x44, 0x4A, 0x80, 0x04, 0x44, 0xA8, 0x00, 0x48, 0x84, 0xA8, 0xB7, 0x04,
  0x30, 0x48, 0x20, 0x0A, 0x50, 0x83, 0x48, 0x02, 0x42, 0x0A, 0x00, 0x43, 0x40, 0x53, 0x00, 0x4A,
  0x00, 0x13, 0x84, 0x20, 0x04, 0x08, 0x80, 0x20, 0x04, 0x00, 0x00, 0x00, 0x00, 0x00, 0x00, 0x00,
  0x00, 0x30, 0x83, 0x01, 0x28, 0x02, 0x00, 0x08, 0x04, 0x00, 0x00, 0x00, 0x00, 0x08, 0x21, 0x00,
  0x80, 0x90, 0x14, 0x04, 0x02, 0x02, 0x01, 0x82, 0x02, 0x09, 0x00, 0x20, 0x20, 0x04, 0x00, 0x40,
  0x40, 0x09, 0x04, 0x04, 0x98, 0x00, 0x40, 0x60, 0x00, 0x14, 0x04, 0x00, 0x89, 0x00, 0x02, 0x04,
  0x82, 0x00, 0x00, 0x10, 0x40, 0x02, 0x08, 0x00, 0x8B, 0x00, 0x00, 0x00, 0x04, 0x00, 0x00, 0x00,
  0x04, 0x00, 0x00, 0x00, 0xA0, 0x00, 0x03, 0x00, 0x80, 0x00, 0x00, 0x00, 0x00, 0x00, 0x00, 0x00,
  0x00, 0x00, 0x00, 0x00, 0x00, 0x00, 0x00, 0x00, 0x00, 0x00, 0x00, 0x00, 0x00, 0x00, 0x01, 0x60,
  0x56, 0x00, 0x41, 0x11, 0x51, 0x11, 0x00, 0x10, 0x02, 0x28, 0x02, 0x10, 0x00, 0x10, 0x25, 0x80,
  0x25, 0x10, 0x20, 0x00, 0x00, 0x12, 0xC0, 0x02, 0xC0, 0x10, 0x60, 0x10, 0x21, 0x00, 0x00, 0x20,
  0x02, 0x20, 0x05, 0x20, 0x02, 0x28, 0x20, 0x4A, 0xC4, 0x60, 0x00, 0x00, 0x84, 0x19, 0x10, 0x48,
  0x02, 0x50, 0x00, 0x10, 0x04, 0x10, 0x00, 0x00, 0x02, 0x00, 0x00, 0x00, 0x02, 0x12, 0x06, 0x51,
  0x28, 0x01, 0x28, 0x11, 0x26, 0x90, 0x20, 0xC0, 0x01, 0xC8, 0xC1, 0x08, 0x28, 0x18, 0x85, 0xE1,
  0x21, 0xC8, 0x80, 0xC1, 0x00, 0xC1, 0x05, 0x48, 0x20, 0x44, 0x0C, 0x00, 0x2A, 0x00, 0x08, 0x20,
  0x02, 0x00, 0xD1, 0x88, 0x0A, 0x00, 0x90, 0x28, 0x01, 0x11, 0x90, 0x00, 0x80, 0x00, 0x00, 0xC0,
  0x00, 0x00, 0x20, 0xC0, 0x00, 0x82, 0x00, 0x40, 0xC0, 0xC2, 0x10, 0x05, 0xD0, 0x08, 0xA0, 0x41,
  0x20, 0x60, 0x20, 0xE0, 0x10, 0x11, 0x21, 0x46, 0x20, 0x01, 0x00, 0x40, 0x01, 0x06, 0x88, 0xC1,
  0x00, 0x10, 0x44, 0xC9, 0x42, 0xC1, 0x01, 0x50, 0x40, 0x40, 0x20, 0x42, 0x11, 0x80, 0x00, 0x11,
  0x20, 0x05, 0x01, 0x81, 0x00, 0x18, 0x01, 0x00, 0x04, 0x00, 0x06, 0x00, 0x02, 0x80, 0x00, 0x80,
  0x04, 0x82, 0x20, 0xC2, 0x10, 0x86, 0x00, 0x00, 0x48, 0x21, 0x20, 0x10, 0x00, 0x40, 0x00, 0x06,
  0x00, 0x40, 0x00, 0x20, 0x48, 0x00, 0x11, 0x85, 0x01, 0x00, 0x20, 0x28, 0x04, 0x40, 0x00, 0x04,
  0x40, 0x00, 0x21, 0x26, 0x04, 0x06, 0xC0, 0x01, 0x14, 0x08, 0x20, 0x20, 0x41, 0x05, 0x00, 0x08,
  0x00, 0x01, 0x00, 0x00, 0x50, 0x00, 0x00, 0x06, 0x10, 0x0E, 0x10, 0x08, 0x10, 0x00, 0x10, 0x00,
  0x10, 0x00, 0x10, 0x08, 0x10, 0x00, 0x00, 0x00, 0x00, 0x00, 0x00, 0x00, 0x00, 0x00, 0x00, 0x00,
  0x00, 0x04, 0x00, 0x04, 0x00, 0x00, 0x08, 0x00, 0x00, 0x00, 0x00, 0x80, 0x80, 0x24, 0x00, 0x80,
  0x00, 0x80, 0x01, 0x80, 0x00, 0x02, 0x40, 0x80, 0x20, 0x80, 0x80, 0x10, 0x80, 0x80, 0xA9, 0x00,
  0x21, 0x84, 0x00, 0x10, 0x00, 0xA5, 0x80, 0x80, 0x80, 0x51, 0x80, 0xA4, 0x00, 0xA4, 0x40, 0xA9,
  0x00, 0xA0, 0x03, 0x10, 0x00, 0x88, 0x41, 0x10, 0x48, 0x00, 0x22, 0x10, 0x80, 0x04, 0x00, 0x88,
  0x88, 0xC0, 0x21, 0xD8, 0x28, 0xB4, 0x20, 0x30, 0x00, 0x00, 0x04, 0x80, 0x81, 0x14, 0xC0, 0xA8,
  0xC0, 0xA4, 0x02, 0x10, 0x30, 0x12, 0x02, 0x13, 0x00, 0x82, 0xC0, 0x04, 0x02, 0x18, 0x14, 0x18,
  0x11, 0x00, 0xA0, 0x18, 0x40, 0x81, 0xC0, 0x10, 0x00, 0x84, 0x04, 0x09, 0x04, 0x20, 0x82, 0x21,
  0x04, 0x54, 0xC4, 0x48, 0x10, 0x08, 0xC5, 0x28, 0x50, 0x12, 0x08, 0x04, 0x08, 0x24, 0x28, 0x00,
  0x00, 0x20, 0x20, 0x15, 0x04, 0x08, 0xA4, 0x42, 0x08, 0x31, 0x04, 0x02, 0x24, 0x81, 0x41, 0x05,
  0x20, 0x02, 0x00, 0x90, 0x20, 0x00, 0x04, 0x01, 0x00, 0x22, 0x08, 0x12, 0x21, 0x48, 0x09, 0x02,
  0x00, 0x12, 0x00, 0x02, 0x00, 0x02, 0x20, 0x08, 0x80, 0x42, 0x20, 0x00, 0x00, 0x02, 0x40, 0x00,
  0x00, 0x03, 0x08, 0x01, 0x01, 0x00, 0x00, 0x00, 0x00, 0x00, 0x40, 0x40, 0x09, 0x40, 0x00, 0x02,
  0x00, 0x44, 0x08, 0x01, 0x98, 0x08, 0x00, 0x00, 0x44, 0x01, 0x48, 0x04, 0xB1, 0x11, 0x00, 0x41,
  0x13, 0x02, 0x08, 0x08, 0x00, 0x55, 0x20, 0xA5, 0x21, 0x02, 0x18, 0x05, 0x08, 0x08, 0x20, 0x08,
  0x41, 0x04, 0x18, 0x90, 0x44, 0x14, 0x21, 0x04, 0x00, 0x40, 0x00, 0x00, 0x42, 0x00, 0x00, 0x00,
  0x80, 0x00, 0x00, 0x00, 0x88, 0x04, 0x88, 0x00, 0x80, 0x00, 0x80, 0x00, 0x80, 0x00, 0x80, 0x00,
  0xA0, 0x00, 0x00, 0x00, 0x00, 0x00, 0x00, 0x00, 0x00, 0x00, 0x00, 0x00, 0x00, 0x00, 0x00, 0x08,
  0x02, 0x00, 0x0A, 0x00, 0x02, 0x01, 0x02, 0x00, 0x00, 0x80, 0x02, 0x04, 0x22, 0x05, 0x05, 0x01,
  0x05, 0x20, 0x85, 0x01, 0x01, 0x01, 0x01, 0x21, 0x80, 0x01, 0x84, 0x01, 0x05, 0x00, 0x0B, 0x20,
  0x09, 0x8C, 0x81, 0x01, 0x0D, 0x90, 0x01, 0x08, 0x01, 0x88, 0x81, 0x8C, 0x00, 0x01, 0x28, 0x11,
  0x01, 0x88, 0x81, 0x11, 0x00, 0x15, 0x10, 0xA1, 0x04, 0x98, 0x00, 0x00, 0x80, 0x80, 0xA1, 0x08,
  0x08, 0x00, 0x00, 0x91, 0x05, 0x94, 0x00, 0x03, 0x05, 0x1C, 0x81, 0x08, 0x81, 0x08, 0x9A, 0x11,
  0x24, 0x20, 0x04, 0x14, 0x11, 0x00, 0x01, 0x10, 0x10, 0x10, 0x4A, 0x2C, 0x25, 0x43, 0x00, 0x90,
  0x20, 0x00, 0x01, 0x10, 0x21, 0x00, 0x20, 0x14, 0x04, 0x80, 0x0A, 0x15, 0x24, 0x20, 0x0A, 0x10,
  0x23, 0x12, 0x0A, 0x18, 0x23, 0x14, 0x08, 0x2A, 0x14, 0x08, 0x18, 0x00, 0x10, 0x09, 0x00, 0xAA,
  0x00, 0x0C, 0x08, 0x08, 0x14, 0x15, 0x18, 0x84, 0x10, 0x01, 0x24, 0x22, 0x21, 0x44, 0x12, 0x01,
  0x11, 0x05, 0x10, 0x83, 0xA4, 0x00, 0x00, 0x40, 0x14, 0x48, 0x00, 0x00, 0x00, 0x40, 0x04, 0x18,
  0x00, 0x48, 0xA0, 0x00, 0x04, 0x48, 0x01, 0xC2, 0x11, 0x00, 0x04, 0x04, 0x01, 0x42, 0x0C, 0x02,
  0x00, 0x00, 0x00, 0x00, 0x04, 0x40, 0x00, 0x02, 0x80, 0x00, 0x10, 0x04, 0x11, 0x08, 0x08, 0x0B,
  0x80, 0x12, 0x9D, 0x10, 0x08, 0x42, 0xA0, 0x00, 0x80, 0x90, 0x0D, 0x10, 0xC0, 0x02, 0x1C, 0x08,
  0x84, 0xA2, 0x99, 0x02, 0x09, 0x82, 0x10, 0x00, 0x10, 0x08, 0x14, 0x28, 0x80, 0x40, 0x10, 0x04,
  0x10, 0x40, 0x90, 0x20, 0x00, 0x80, 0x00, 0x41, 0x08, 0x00, 0x01, 0x00, 0x01, 0x00, 0x00, 0x00,
  0x00, 0x00, 0x08, 0x01, 0x01, 0x00, 0x00, 0x00, 0x00, 0x00, 0x00, 0x01, 0x00, 0x00, 0x00, 0x00,
  0x00, 0x00, 0x00, 0x00, 0x00, 0x00, 0x00, 0x00, 0x00, 0x00, 0x00, 0x20, 0x00, 0x00, 0x00, 0x00,
  0x00, 0x00, 0x00, 0x00, 0x00, 0x00, 0x40, 0x00, 0x01, 0x04, 0x00, 0x00, 0x08, 0x00, 0x00, 0x00,
  0x00, 0x00, 0x00, 0x02, 0x00, 0x04, 0x01, 0x00, 0x00, 0x00, 0x01, 0x02, 0x00, 0x00, 0x10, 0x00,
  0x00, 0x00, 0x80, 0x80, 0x00, 0x00, 0x80, 0x02, 0x00, 0x00, 0x00, 0x00, 0x00, 0x00, 0x00, 0x01,
  0x00, 0x04, 0x00, 0x10, 0xA4, 0x01, 0x00, 0x10, 0x40, 0x00, 0x40, 0x10, 0x04, 0x00, 0x00, 0x00,
  0x11, 0x00, 0x20, 0x08, 0x84, 0x18, 0x04, 0x02, 0x05, 0x10, 0x00, 0x00, 0x14, 0x08, 0x02, 0x04,
  0x40, 0x02, 0x00, 0x00, 0x40, 0x01, 0x02, 0x01, 0x00, 0x00, 0x00, 0x00, 0x00, 0x00, 0x01, 0x00,
  0x10, 0x02, 0x00, 0x04, 0x80, 0x00, 0x00, 0x00, 0x00, 0x10, 0x00, 0x00, 0x14, 0x00, 0x44, 0x10,
  0x80, 0x00, 0x00, 0x40, 0x00, 0x10, 0x00, 0x00, 0x20, 0x00, 0x00, 0x20, 0x24, 0x20, 0x29, 0x40,
  0x23, 0x00, 0x00, 0x40, 0x10, 0x00, 0x03, 0x10, 0x00, 0x80, 0x00, 0x80, 0x00, 0x00, 0x00, 0x00,
  0x01, 0x08, 0x01, 0x10, 0x03, 0x00, 0x00, 0x10, 0x00, 0x80, 0x00, 0x00, 0x00, 0x00, 0x01, 0x80,
  0x00, 0x80, 0x20, 0x00, 0x00, 0x00, 0x00, 0x00, 0x00, 0x04, 0x00, 0x00, 0x00, 0x00, 0x04, 0x00,
  0x00, 0x00, 0x04, 0x01, 0x00, 0x00, 0x00, 0x00, 0x00, 0x02, 0x00, 0x00, 0x00, 0x00, 0x02, 0x80,
  0x00, 0x18, 0x04, 0x02, 0x02, 0x00, 0x0B, 0x22, 0x02, 0x10, 0x00, 0x10, 0x03, 0x10, 0x00, 0x10,
  0x00, 0x41, 0x00, 0x40, 0x00, 0x18, 0x00, 0x40, 0x01, 0x10, 0x00, 0x00, 0x00, 0x80, 0x00, 0x10,
  0x00, 0x90, 0x80, 0x00, 0x00, 0x80, 0x00, 0x10, 0x00, 0x81, 0x00, 0x00, 0x00, 0x00, 0x00, 0x10,
  0x00, 0x00, 0x00, 0x00, 0x00, 0x10, 0x00, 0x00, 0x00, 0x00, 0x00, 0x00, 0x00, 0x00, 0x00, 0x00,
  0x00, 0x00, 0x00, 0x00, 0x00, 0x00, 0x00, 0x00, 0x00, 0x00, 0x00, 0x00, 0x00, 0x00, 0x80, 0x00,
  0x00, 0x00, 0x00, 0x00, 0x80, 0x00, 0x80, 0x01, 0x88, 0x00, 0x80, 0x01, 0x80, 0x00, 0x88, 0x01,
  0x80, 0x01, 0x80, 0x00, 0x80, 0x00, 0x80, 0x01, 0x00, 0x00, 0x10, 0x00, 0x00, 0x00, 0x20, 0x21,
  0x80, 0x00, 0xA0, 0x01, 0x80, 0x00, 0x80, 0x00, 0x00, 0x00, 0x00, 0x00, 0x80, 0x00, 0x00, 0x10,
  0x00, 0x00, 0x81, 0x10, 0x10, 0x01, 0x10, 0x10, 0x00, 0x00, 0x80, 0x00, 0x00, 0x04, 0x00, 0x08,
  0xA0, 0x08, 0x80, 0x01, 0x01, 0x00, 0x00, 0x00, 0x11, 0x08, 0x00, 0x01, 0x10, 0x01, 0x80, 0x00,
  0x20, 0x00, 0x00, 0x00, 0x00, 0x00, 0x00, 0x00, 0x00, 0x00, 0x00, 0x00, 0x00, 0x01, 0x00, 0x20,
  0x40, 0x00, 0x00, 0x00, 0x00, 0x14, 0x00, 0x00, 0x10, 0x00, 0x11, 0x10, 0x00, 0x00, 0x00, 0x10,
  0x00, 0x00, 0x00, 0x00, 0x00, 0x00, 0x00, 0x00, 0x10, 0x01, 0x00, 0x10, 0x10, 0x01, 0x00, 0x10,
  0x11, 0x00, 0x00, 0x28, 0x00, 0xA0, 0x00, 0xB0, 0x00, 0xB8, 0x00, 0x80, 0x00, 0x28, 0x00, 0x02,
  0x21, 0x00, 0x00, 0x00, 0x00, 0x20, 0x00, 0x00, 0x00, 0x00, 0x00, 0x20, 0x00, 0xA0, 0x10, 0x00,
  0x00, 0x00, 0x00, 0x00, 0x00, 0x01, 0x00, 0x00, 0x00, 0x80, 0x00, 0x00, 0x20, 0x00, 0x00, 0x00,
  0x00, 0x00, 0x00, 0x00, 0x00, 0x80, 0x01, 0x00, 0x01, 0x80, 0x00, 0x01, 0x01, 0x08, 0x00, 0x00,
  0x01, 0x80, 0x01, 0x00, 0x00, 0x00, 0x80, 0x00, 0x01, 0x10, 0x00, 0x00, 0x02, 0x10, 0x00, 0x02,
  0x00, 0x08, 0x00, 0x10, 0x00, 0x40, 0x00, 0x00, 0x01, 0x40, 0x00, 0x00, 0x01, 0x20, 0x20, 0x00,
  0x00, 0x20, 0x00, 0x40, 0x00, 0x20, 0x00, 0x00, 0x00, 0x00, 0x00, 0x10, 0x00, 0x00, 0x00, 0x80,
  0x00, 0x00, 0x00, 0x00, 0x00, 0x80, 0x00, 0x00, 0x00, 0x00, 0x00, 0x00, 0x00, 0x00, 0x00, 0x00,
  0x00, 0x00, 0x00, 0x10, 0x00, 0x00, 0x00, 0x00, 0x00, 0x00, 0x20, 0x00, 0x40, 0x00, 0x40, 0x00,
  0xD0, 0x02, 0xD0, 0x44, 0x10, 0x00, 0x10, 0x44, 0x10, 0x40, 0x10, 0x00, 0x10, 0x00, 0x10, 0x00,
  0x10, 0x00, 0x10, 0x00, 0x00, 0x00, 0x00, 0x00, 0x00, 0x02, 0x00, 0x00, 0x16, 0x05, 0x10, 0x00,
  0x10, 0x00, 0x50, 0x00, 0x00, 0x00, 0x00, 0x00, 0x20, 0x02, 0x01, 0x00, 0x12, 0x08, 0x14, 0x00,
  0x01, 0x44, 0x00, 0x00, 0x02, 0x02, 0x15, 0x00, 0x10, 0x08, 0x40, 0x05, 0x12, 0x20, 0x12, 0x00,
  0x48, 0x20, 0x06, 0x05, 0x00, 0x05, 0xC2, 0x00, 0x05, 0x00, 0x16, 0x00, 0x80, 0x08, 0x01, 0x00,
  0x40, 0x00, 0x00, 0x06, 0x00, 0x00, 0x00, 0x00, 0x00, 0x00, 0x00, 0x02, 0x00, 0x00, 0x05, 0x00,
  0x00, 0x0E, 0x00, 0x05, 0x02, 0x06, 0x00, 0x01, 0x00, 0x00, 0x00, 0x02, 0x00, 0x22, 0x02, 0x00,
  0x12, 0x00, 0x00, 0x10, 0x02, 0x10, 0x10, 0x00, 0x00, 0x00, 0x02, 0xC2, 0x00, 0x00, 0x00, 0x90,
  0x05, 0x20, 0x00, 0x00, 0x00, 0x08, 0x00, 0x10, 0x00, 0x02, 0x01, 0x00, 0x08, 0x40, 0x00, 0x50,
  0x01, 0x00, 0x00, 0x00, 0x00, 0x02, 0x00, 0x00, 0x00, 0x22, 0x02, 0x00, 0x02, 0x00, 0x02, 0x02,
  0x02, 0x00, 0x00, 0x40, 0x00, 0x00, 0x41, 0x40, 0x00, 0x00, 0x42, 0x0E, 0x00, 0x06, 0x02, 0x06,
  0x06, 0x10, 0x00, 0x00, 0x00, 0x40, 0x00, 0x00, 0x00, 0x00, 0x02, 0x02, 0x00, 0x00, 0x00, 0x21,
  0x00, 0x00, 0x06, 0x10, 0x00, 0x40, 0x00, 0x50, 0x00, 0x08, 0x06, 0x20, 0x00, 0x00, 0x00, 0x00,
  0x06, 0x10, 0x00, 0x40, 0x00, 0x00, 0x00, 0x00, 0x00, 0x20, 0x00, 0x00, 0x01, 0x00, 0x00, 0x00,
  0x00, 0x00, 0x00, 0x00, 0x00, 0x00, 0x00, 0x00, 0x00, 0x00, 0x00, 0x00, 0x00, 0x10, 0x00, 0x00,
  0x00, 0x00, 0x00, 0x00, 0x00, 0x00, 0x00, 0x00, 0x00, 0x00, 0x00, 0x00, 0x00, 0x00, 0x00, 0x00,
  0x00, 0x00, 0x00, 0x00, 0x00, 0x00, 0x00, 0x00, 0x40, 0x00, 0x50, 0x00, 0x04, 0x00, 0x00, 0x40,
  0x00, 0x00, 0x00, 0x40, 0x00, 0x40, 0x08, 0x00, 0x00, 0x00, 0x04, 0x00, 0x00, 0x03, 0x04, 0x00,
  0x00, 0x03, 0x00, 0x03, 0x00, 0x02, 0x00, 0x02, 0x00, 0x00, 0x00, 0x00, 0x00, 0x00, 0x40, 0x03,
  0x00, 0x00, 0x00, 0x07, 0x00, 0x00, 0x02, 0x00, 0x20, 0x00, 0x00, 0x00, 0x02, 0x80, 0x00, 0x00,
  0x00, 0x02, 0x00, 0x00, 0x0B, 0x03, 0x90, 0x00, 0x00, 0x03, 0x00, 0x00, 0x80, 0x03, 0x00, 0x00,
  0x00, 0x00, 0x00, 0x00, 0x00, 0x00, 0x00, 0x03, 0x10, 0x03, 0x00, 0x08, 0x40, 0x03, 0x00, 0x00,
  0x00, 0x03, 0x07, 0x03, 0x10, 0x00, 0x00, 0x40, 0x00, 0x00, 0x00, 0x00, 0x00, 0x00, 0x00, 0x00,
  0x00, 0x00, 0x00, 0x02, 0x20, 0x00, 0x03, 0x02, 0x00, 0x02, 0x02, 0x03, 0x02, 0x00, 0x00, 0x00,
  0x00, 0x02, 0x00, 0x00, 0x09, 0x02, 0x02, 0x02, 0x02, 0x00, 0x05, 0x04, 0x00, 0x03, 0x00, 0x00,
  0x00, 0x40, 0x00, 0x00, 0x07, 0x82, 0x06, 0x18, 0x40, 0x40, 0x00, 0x40, 0x02, 0x00, 0x00, 0x00,
  0x00, 0x02, 0x04, 0x00, 0x00, 0x02, 0x02, 0x00, 0x02, 0x00, 0x02, 0x02, 0x02, 0x00, 0x00, 0x80,
  0x00, 0x10, 0x80, 0x80, 0x40, 0x00, 0x80, 0x00, 0x03, 0x00, 0x02, 0x00, 0x00, 0x01, 0x02, 0x00,
  0x02, 0x90, 0x01, 0x22, 0x02, 0x10, 0x00, 0x00, 0x00, 0x10, 0x00, 0x00, 0x01, 0x10, 0x10, 0x00,
  0x04, 0x40, 0x00, 0x40, 0x08, 0x00, 0x00, 0x68, 0x00, 0x10, 0x00, 0x00, 0x08, 0x40, 0x00, 0x80,
  0x02, 0x00, 0x00, 0x10, 0x02, 0x00, 0x00, 0x00, 0x02, 0x00, 0x03, 0x90, 0x00, 0x08, 0x00, 0x03,
  0x00, 0x00, 0x00, 0x00, 0x00, 0x00, 0x00, 0x10, 0x00, 0x00, 0x00, 0x00, 0x00, 0x10, 0x00, 0x00,
  0x00, 0x00, 0x00, 0x00, 0x00, 0x00, 0x00, 0x00, 0x00, 0x00, 0x00, 0x00, 0x00, 0x00, 0x00, 0x00,
  0x00, 0x00, 0x00, 0x00, 0x20, 0x00, 0x10, 0x00, 0x22, 0x04, 0x00, 0x08, 0x20, 0x00, 0x50, 0x10,
  0x11, 0x04, 0x02, 0x98, 0x20, 0x01, 0x10, 0x52, 0x60, 0x06, 0x12, 0x08, 0x40, 0x00, 0x50, 0x00,
  0x11, 0x04, 0x00, 0x09, 0x48, 0x00, 0x02, 0x10, 0x01, 0x5A, 0x01, 0x04, 0x48, 0x00, 0x90, 0x00,
  0x90, 0x40, 0x42, 0x00, 0x40, 0x00, 0x00, 0x20, 0x00, 0x00, 0x00, 0x00, 0x50, 0x00, 0x10, 0x81,
  0x02, 0x14, 0x34, 0x5A, 0x50, 0x02, 0x30, 0x00, 0x01, 0x14, 0xA2, 0x5A, 0x48, 0x01, 0x28, 0x92,
  0x11, 0x14, 0x40, 0x48, 0x48, 0x00, 0x10, 0x56, 0x01, 0x00, 0x61, 0xA0, 0x90, 0x00, 0x10, 0x85,
  0x00, 0x10, 0xA0, 0x11, 0x48, 0x00, 0x04, 0x00, 0x10, 0x50, 0x02, 0x24, 0x48, 0x02, 0x01, 0x21,
  0x02, 0x00, 0x02, 0x00, 0x10, 0x90, 0x00, 0x30, 0x00, 0x01, 0x02, 0x00, 0x00, 0x88, 0x01, 0x00,
  0x64, 0x50, 0x16, 0x02, 0x01, 0x90, 0x02, 0x00, 0x08, 0x40, 0x14, 0x00, 0x00, 0x90, 0x02, 0x10,
  0x11, 0x11, 0x40, 0x00, 0x18, 0x90, 0x00, 0x10, 0x01, 0x44, 0x10, 0xA0, 0x20, 0x90, 0x00, 0x10,
  0x04, 0x44, 0x00, 0xB1, 0x20, 0x10, 0x00, 0x10, 0x04, 0x44, 0x04, 0x02, 0x20, 0x00, 0x00, 0x00,
  0x00, 0x83, 0x40, 0x81, 0x40, 0x90, 0x00, 0x10, 0x05, 0x04, 0x04, 0x64, 0x20, 0x00, 0x00, 0x00,
  0x00, 0x00, 0x45, 0x40, 0x00, 0x10, 0x00, 0x00, 0x00, 0x00, 0x00, 0x42, 0x00, 0x10, 0x02, 0x04,
  0x00, 0x14, 0x06, 0x05, 0x20, 0x80, 0x00, 0x21, 0x02, 0x13, 0x20, 0x00, 0x20, 0x00, 0x00, 0x00,
  0x20, 0x02, 0x00, 0x40, 0x14, 0x00, 0x00, 0x00, 0x20, 0x03, 0x0A, 0x42, 0x18, 0x00, 0x00, 0x18,
  0x64, 0x11, 0x04, 0x00, 0x00, 0x00, 0x01, 0x30, 0x01, 0x01, 0x00, 0x00, 0x00, 0x00, 0x00, 0x00,
  0x00, 0x00, 0x00, 0x00, 0x00, 0x00, 0x00, 0x00, 0x00, 0x00, 0x00, 0x00, 0x00, 0x00, 0x01, 0x00,
  0x90, 0x00, 0x06, 0x00, 0x01, 0x10, 0x01, 0x00, 0x90, 0x00, 0x06, 0x02, 0x84, 0x00, 0x80, 0x00,
  0x90, 0x00, 0x06, 0x08, 0x06, 0x20, 0x00, 0x00, 0x30, 0x20, 0x01, 0x10, 0x00, 0x00, 0x21, 0x00,
  0x20, 0x00, 0x96, 0x29, 0x40, 0x00, 0xA0, 0x00, 0x20, 0x22, 0x06, 0x20, 0x42, 0x12, 0x40, 0x10,
  0x20, 0x00, 0x06, 0xB2, 0x20, 0x00, 0x10, 0x00, 0x20, 0x00, 0x06, 0x08, 0x40, 0x00, 0x80, 0x05,
  0x20, 0x00, 0x06, 0x00, 0x84, 0x00, 0x08, 0x00, 0x20, 0x00, 0x26, 0x08, 0x84, 0x02, 0x02, 0x20,
  0x20, 0x00, 0x46, 0x00, 0x44, 0x20, 0x00, 0x90, 0x20, 0x00, 0x06, 0x50, 0x44, 0x80, 0x0A, 0x80,
  0x20, 0x02, 0x26, 0x04, 0x02, 0x88, 0x80, 0x16, 0x20, 0x00, 0x00, 0x14, 0x09, 0x00, 0x00, 0x82,
  0x00, 0x20, 0x04, 0x06, 0x12, 0x00, 0x80, 0x30, 0x09, 0x20, 0x00, 0x06, 0x00, 0x00, 0x00, 0xA8,
  0x80, 0x20, 0x00, 0x08, 0x22, 0x15, 0x00, 0x8A, 0x11, 0x20, 0x00, 0x06, 0x85, 0x00, 0x18, 0x86,
  0x80, 0x20, 0x00, 0x06, 0x04, 0x02, 0x40, 0x06, 0x10, 0x20, 0x00, 0x06, 0x82, 0x02, 0xA8, 0x04,
  0x10, 0x00, 0x00, 0x00, 0x02, 0x02, 0x12, 0x80, 0x90, 0x00, 0x00, 0xC0, 0x00, 0xA8, 0x10, 0x00,
  0x30, 0x20, 0x00, 0x0A, 0x00, 0x02, 0x80, 0x00, 0x02, 0x00, 0x24, 0x02, 0x12, 0x01, 0x00, 0x06,
  0x00, 0x00, 0x00, 0x00, 0x0B, 0x8D, 0x9A, 0x38, 0x00, 0x00, 0x00, 0x20, 0x02, 0x00, 0x12, 0x50,
  0x40, 0x20, 0x02, 0x80, 0x31, 0x80, 0x28, 0x00, 0x80, 0x00, 0x00, 0x00, 0x80, 0x00, 0x02, 0x00,
  0x88, 0x20, 0x01, 0x06, 0x84, 0x00, 0x00, 0x14, 0x00, 0x20, 0x00, 0x06, 0x10, 0x84, 0x60, 0xA8,
  0x00, 0x20, 0x00, 0x06, 0x04, 0x40, 0x00, 0x00, 0x00, 0x00, 0x00, 0x00, 0x00, 0x00, 0x00, 0x00,
  0x00, 0x00, 0x00, 0x00, 0x00, 0x00, 0x00, 0x00, 0x00, 0x00, 0x04, 0x00, 0x00, 0x00, 0x04, 0x00,
  0x00, 0x81, 0x04, 0x00, 0x00, 0x01, 0x04, 0x1C, 0x22, 0x21, 0x00, 0x00, 0x00, 0x00, 0x44, 0x08,
  0x02, 0x00, 0x80, 0x42, 0x00, 0x00, 0x04, 0x04, 0xA0, 0x28, 0x0C, 0x00, 0x20, 0x00, 0x00, 0x81,
  0x00, 0x00, 0x16, 0x21, 0x20, 0x00, 0x04, 0x86, 0x20, 0x00, 0x08, 0x08, 0x00, 0x00, 0x00, 0x04,
  0x61, 0x20, 0x04, 0x00, 0x20, 0x00, 0x04, 0x02, 0x01, 0x21, 0x01, 0x00, 0x20, 0x02, 0x04, 0x00,
  0x02, 0x21, 0x21, 0x01, 0x20, 0x00, 0x40, 0x08, 0x22, 0x21, 0x00, 0x00, 0x20, 0x00, 0x24, 0x28,
  0x02, 0x28, 0x24, 0x03, 0x20, 0x00, 0x04, 0x10, 0x21, 0x08, 0x22, 0x22, 0x20, 0x01, 0x00, 0x80,
  0xE0, 0x04, 0x01, 0x00, 0x20, 0x00, 0x80, 0x00, 0x40, 0x28, 0x02, 0x89, 0x28, 0x20, 0x08, 0x04,
  0x44, 0x60, 0x30, 0x24, 0x88, 0x20, 0x00, 0x00, 0x01, 0x21, 0x40, 0x08, 0x00, 0x20, 0x02, 0x19,
  0x84, 0x00, 0x81, 0x02, 0x02, 0x20, 0x00, 0x44, 0x10, 0x60, 0x08, 0x88, 0x89, 0x20, 0x00, 0x04,
  0x02, 0x20, 0x88, 0x20, 0x82, 0x20, 0x00, 0x04, 0x80, 0x20, 0x88, 0x00, 0x02, 0x20, 0x00, 0x04,
  0x00, 0x20, 0x88, 0x00, 0x48, 0x00, 0x00, 0x00, 0x06, 0x20, 0x00, 0x00, 0x84, 0x20, 0x00, 0x08,
  0x00, 0x00, 0x98, 0x49, 0x00, 0x00, 0x08, 0x08, 0x84, 0x00, 0x12, 0x02, 0x20, 0x20, 0x00, 0x00,
  0x00, 0x20, 0x44, 0x21, 0x24, 0x20, 0x01, 0x00, 0x04, 0x60, 0x00, 0x08, 0xA5, 0x00, 0x00, 0x08,
  0x14, 0x20, 0x24, 0x01, 0x00, 0x00, 0x00, 0x00, 0x00, 0x00, 0x00, 0x00, 0x80, 0x00, 0x00, 0x00,
  0x00, 0xC0, 0x30, 0x00, 0x80, 0x20, 0x00, 0x40, 0x01, 0x22, 0x21, 0x10, 0x00, 0x00, 0x00, 0x42,
  0x40, 0x00, 0x20, 0x00, 0x00, 0x00, 0x00, 0x00, 0x00, 0x00, 0x00, 0x00, 0x00, 0x00, 0x00, 0x00,
  0x00, 0x00, 0x00, 0x00, 0x00, 0x00, 0x08, 0x20, 0x20, 0x00, 0x00, 0x00, 0x0A, 0x20, 0x08, 0x30,
  0x20, 0x03, 0x00, 0x82, 0x00, 0x04, 0x00, 0x90, 0x20, 0x00, 0x00, 0x08, 0x82, 0xC0, 0x00, 0xA0,
  0x20, 0x0B, 0x22, 0x10, 0x11, 0x00, 0x04, 0x31, 0x00, 0x00, 0x10, 0x80, 0x00, 0x24, 0x08, 0xA8,
  0x00, 0x08, 0x00, 0x84, 0x05, 0x10, 0x00, 0x40, 0x00, 0x00, 0x00, 0x00, 0x51, 0x00, 0x00, 0x00,
  0x00, 0x00, 0x00, 0x08, 0x10, 0x24, 0x06, 0x00, 0x00, 0x01, 0x00, 0x02, 0x00, 0x21, 0x04, 0x02,
  0x00, 0x01, 0x00, 0x0A, 0x00, 0x20, 0x00, 0x50, 0x00, 0x00, 0x00, 0x00, 0x40, 0x89, 0x20, 0x08,
  0x00, 0x00, 0x00, 0x01, 0x24, 0x49, 0x04, 0x08, 0x00, 0x00, 0x00, 0x80, 0x85, 0x04, 0x01, 0x00,
  0x00, 0x00, 0x02, 0x90, 0x80, 0x02, 0x08, 0x01, 0x00, 0x00, 0x00, 0x80, 0xC0, 0x71, 0x08, 0x03,
  0x28, 0x00, 0x00, 0x20, 0x25, 0x00, 0x14, 0x10, 0x61, 0x00, 0x00, 0x00, 0x80, 0x40, 0x11, 0x20,
  0x01, 0x00, 0x00, 0x00, 0x20, 0x00, 0x21, 0x04, 0x08, 0x00, 0x00, 0x00, 0x00, 0x24, 0x0A, 0x21,
  0x00, 0x00, 0x00, 0x00, 0x44, 0x64, 0x02, 0x05, 0x40, 0x00, 0x00, 0x00, 0x00, 0x64, 0x10, 0x00,
  0x00, 0x00, 0x00, 0x00, 0x00, 0x00, 0x12, 0x00, 0x00, 0x00, 0x00, 0x00, 0x00, 0x04, 0x01, 0x03,
  0x01, 0x00, 0x08, 0x90, 0xC0, 0x00, 0x20, 0x20, 0x10, 0x00, 0x00, 0x00, 0x00, 0x20, 0x00, 0x00,
  0x00, 0x00, 0x00, 0x00, 0x00, 0x50, 0x20, 0x80, 0x01, 0x00, 0x00, 0x20, 0x80, 0x04, 0x02, 0x82,
  0x00, 0x00, 0x00, 0x00, 0x00, 0x04, 0x00, 0x02, 0x00, 0x80, 0x00, 0x10, 0x25, 0x08, 0x14, 0x01,
  0x10, 0x88, 0x03, 0x10, 0x12, 0x00, 0x04, 0x04, 0x00, 0x80, 0x01, 0x00, 0x80, 0x40, 0x00, 0x00,
  0x00, 0x00, 0x00, 0x00, 0x00, 0x00, 0x00, 0x00, 0x00, 0x00, 0x00, 0x00, 0x00, 0x00, 0x00, 0x00,
  0x00, 0x00, 0x00, 0x00, 0x48, 0x40, 0x02, 0x00, 0x00, 0x10, 0x00, 0x00, 0x00, 0x40, 0x00, 0x00,
  0x40, 0x00, 0x00, 0x00, 0x00, 0x41, 0x00, 0x00, 0x81, 0x50, 0x00, 0x00, 0x01, 0x05, 0x10, 0x00,
  0x48, 0x50, 0x41, 0x22, 0xC0, 0x00, 0x84, 0x00, 0x90, 0x00, 0x21, 0x62, 0x80, 0x84, 0x01, 0x00,
  0x61, 0x10, 0x00, 0x00, 0x00, 0x01, 0x00, 0x00, 0x10, 0x00, 0x00, 0x00, 0x40, 0x04, 0x28, 0x02,
  0x00, 0x80, 0x04, 0x48, 0x00, 0x44, 0x20, 0x00, 0x00, 0x00, 0x04, 0x00, 0x00, 0x04, 0x00, 0x00,
  0x20, 0x00, 0x02, 0x01, 0x00, 0x00, 0x04, 0x01, 0x00, 0x10, 0x0B, 0x20, 0x28, 0x44, 0x52, 0x00,
  0x91, 0x00, 0x00, 0x00, 0x40, 0x04, 0x10, 0x00, 0x04, 0x00, 0x20, 0x00, 0x40, 0x04, 0x00, 0x00,
  0x00, 0x00, 0x01, 0x89, 0x01, 0x00, 0x85, 0x11, 0x00, 0x40, 0x00, 0x04, 0x00, 0x00, 0x04, 0x00,
  0x00, 0x00, 0x00, 0x06, 0x01, 0x04, 0x80, 0x02, 0x80, 0x80, 0x10, 0x04, 0x41, 0x81, 0x04, 0x02,
  0x00, 0x40, 0x50, 0x22, 0x01, 0x82, 0x02, 0x00, 0x00, 0x00, 0x00, 0x00, 0x01, 0x00, 0x40, 0x02,
  0x00, 0x40, 0x10, 0x02, 0x01, 0x00, 0x06, 0x02, 0x00, 0x40, 0x10, 0x00, 0x00, 0x00, 0x40, 0x90,
  0x00, 0x00, 0x00, 0x05, 0x21, 0x30, 0x40, 0x00, 0x00, 0x01, 0x24, 0x80, 0x00, 0x40, 0x41, 0x00,
  0x40, 0x08, 0x04, 0x84, 0x00, 0x00, 0x00, 0x90, 0x00, 0x08, 0x14, 0x00, 0x00, 0x00, 0x05, 0x01,
  0x00, 0x10, 0x00, 0x04, 0x40, 0xC0, 0x41, 0x00, 0x14, 0x91, 0x10, 0x00, 0x00, 0x00, 0x01, 0x00,
  0x00, 0x40, 0x00, 0x01, 0x00, 0x08, 0x00, 0x00, 0x00, 0x40, 0x00, 0x23, 0x00, 0x00, 0x05, 0x00,
  0x00, 0x40, 0x20, 0x01, 0x10, 0x00, 0x41, 0x00, 0x00, 0x00, 0x00, 0x00, 0x00, 0x00, 0x00, 0x00,
  0x00, 0x00, 0x00, 0x00, 0x00, 0x00, 0x00, 0x00, 0x00, 0x00, 0x00, 0x00, 0x00, 0x00, 0x00, 0x01,
  0x00, 0x00, 0x11, 0x01, 0x01, 0x30, 0x10, 0x29, 0x00, 0x80, 0x02, 0x00, 0xC1, 0x90, 0x00, 0x29,
  0x08, 0x88, 0x02, 0x00, 0xC0, 0x10, 0x00, 0x24, 0x00, 0x44, 0x04, 0x00, 0x00, 0x00, 0x40, 0x42,
  0x45, 0x00, 0x50, 0x00, 0x84, 0x10, 0x00, 0x03, 0x89, 0x45, 0x22, 0x04, 0x00, 0x80, 0x00, 0x02,
  0x02, 0x08, 0x02, 0x04, 0x80, 0x00, 0xC8, 0x52, 0x04, 0x00, 0x00, 0x00, 0x00, 0x20, 0x00, 0x05,
  0x00, 0xC4, 0x00, 0x00, 0x81, 0x80, 0x04, 0x02, 0x00, 0x84, 0x00, 0x00, 0xA0, 0x20, 0x00, 0x88,
  0x28, 0xC8, 0x01, 0x00, 0xA0, 0x00, 0x20, 0x80, 0x00, 0x01, 0x00, 0x00, 0x80, 0x10, 0x00, 0x00,
  0x08, 0x80, 0x02, 0x04, 0xA0, 0x00, 0x04, 0x20, 0x09, 0x00, 0x00, 0x00, 0x20, 0x20, 0x00, 0x02,
  0x23, 0x01, 0x0A, 0x02, 0x11, 0x10, 0x50, 0x04, 0x02, 0x00, 0x84, 0x02, 0x04, 0x01, 0x21, 0x02,
  0x02, 0x80, 0x02, 0x01, 0x20, 0xD1, 0x08, 0x04, 0x00, 0x09, 0x00, 0x40, 0x80, 0x60, 0x00, 0x89,
  0x02, 0x48, 0x02, 0x02, 0x04, 0x00, 0x80, 0x08, 0x08, 0x08, 0x88, 0x03, 0x04, 0x40, 0x20, 0x09,
  0x03, 0x08, 0x06, 0x03, 0x00, 0xC0, 0x90, 0x02, 0x22, 0x01, 0x00, 0x12, 0x02, 0x80, 0x20, 0x04,
  0x23, 0x08, 0xC0, 0x00, 0x00, 0x04, 0x20, 0x20, 0xA4, 0x09, 0x00, 0x80, 0x00, 0x80, 0x00, 0x00,
  0x24, 0x00, 0x81, 0x10, 0x04, 0x84, 0x80, 0x88, 0x01, 0x00, 0xC6, 0x00, 0x00, 0x01, 0x08, 0x04,
  0x01, 0x40, 0x8A, 0x00, 0x14, 0x01, 0x00, 0x00, 0x80, 0x01, 0x00, 0x00, 0x00, 0x80, 0x00, 0x20,
  0x22, 0x02, 0x00, 0x00, 0x00, 0x80, 0x00, 0x22, 0x00, 0x40, 0x80, 0x02, 0x04, 0x85, 0x40, 0x00,
  0x00, 0x00, 0x88, 0x10, 0x00, 0x80, 0x00, 0x00, 0x00, 0x00, 0x00, 0x00, 0x00, 0x00, 0x00, 0x00,
  0x00, 0x00, 0x00, 0x00, 0x00, 0x00, 0x00, 0x00, 0x00, 0x00, 0x00, 0x04, 0x00, 0x40, 0x00, 0x00,
  0x00, 0x00, 0x40, 0x04, 0x04, 0x40, 0x10, 0x08, 0x00, 0x40, 0x20, 0x04, 0x00, 0x00, 0x00, 0x08,
  0x09, 0x00, 0x00, 0x05, 0x00, 0x00, 0x00, 0x02, 0x40, 0x20, 0x48, 0x00, 0x04, 0x80, 0x00, 0x08,
  0x01, 0x00, 0x04, 0x08, 0x00, 0x02, 0x11, 0x00, 0x09, 0x00, 0x20, 0x10, 0x22, 0x10, 0x50, 0x00,
  0x02, 0x00, 0x04, 0x09, 0x00, 0x44, 0x21, 0x04, 0x41, 0x10, 0x06, 0x08, 0x04, 0x00, 0x06, 0x08,
  0x00, 0x00, 0x00, 0x08, 0x04, 0x00, 0x00, 0x08, 0x01, 0x00, 0x10, 0x00, 0x01, 0x00, 0x00, 0x08,
  0x4D, 0x00, 0x20, 0x00, 0x02, 0x4A, 0x28, 0x08, 0x40, 0x00, 0x10, 0x00, 0x00, 0x01, 0x10, 0x00,
  0x00, 0x00, 0x00, 0x80, 0x00, 0x04, 0x00, 0x00, 0x01, 0x00, 0x04, 0x02, 0x00, 0x44, 0x22, 0x01,
  0x30, 0xA0, 0x80, 0x00, 0x08, 0x02, 0x00, 0x20, 0x00, 0x20, 0x00, 0x04, 0x12, 0x02, 0x02, 0x10,
  0x00, 0x14, 0x10, 0x00, 0x01, 0x00, 0x80, 0x00, 0x00, 0x01, 0x00, 0x00, 0x08, 0x00, 0x00, 0x20,
  0x00, 0x01, 0x00, 0x40, 0x11, 0x00, 0x50, 0x00, 0x02, 0x01, 0x10, 0x40, 0x08, 0x00, 0x00, 0x20,
  0x00, 0x01, 0x00, 0x02, 0x00, 0x04, 0x00, 0x00, 0x08, 0x00, 0x00, 0x00, 0x00, 0x08, 0x00, 0x00,
  0x08, 0x08, 0x00, 0x42, 0x80, 0x00, 0x82, 0x28, 0x00, 0x02, 0x84, 0x00, 0x00, 0x0B, 0x02, 0x08,
  0x20, 0x01, 0x10, 0x00, 0x04, 0x03, 0x00, 0x01, 0x00, 0x04, 0x08, 0x21, 0x0C, 0x02, 0xA2, 0x65,
  0x00, 0x20, 0x10, 0x02, 0x80, 0x02, 0x00, 0x40, 0x08, 0x00, 0x00, 0x40, 0x00, 0x44, 0x02, 0x20,
  0x00, 0x01, 0x00, 0x28, 0x04, 0x84, 0x04, 0x00, 0x00, 0x00, 0x00, 0x00, 0x10, 0x02, 0x10, 0x00,
  0x08, 0x02, 0x00, 0x00, 0x00, 0x00, 0x00, 0x00, 0x00, 0x00, 0x00, 0x00, 0x00, 0x00, 0x00, 0x00,
  0x00, 0x00, 0x00, 0x00, 0x00, 0x00, 0x00, 0x00, 0x00, 0x00, 0x04, 0x04, 0x00, 0x00, 0x00, 0x00,
  0x00, 0x00, 0x00, 0x00, 0x00, 0x00, 0x08, 0x00, 0x00, 0x50, 0x30, 0x00, 0x00, 0x00, 0x28, 0x50,
  0x17, 0x00, 0x10, 0x04, 0x2D, 0x00, 0x01, 0x09, 0x04, 0x02, 0x23, 0x00, 0x62, 0xA0, 0x2A, 0x00,
  0x14, 0x00, 0x20, 0x00, 0xC8, 0x10, 0x10, 0x00, 0x04, 0x00, 0x00, 0x00, 0x02, 0x40, 0x02, 0x00,
  0x08, 0x02, 0x04, 0x01, 0x00, 0x00, 0x00, 0x00, 0x00, 0x02, 0x00, 0x00, 0x00, 0x00, 0x00, 0x00,
  0x00, 0x00, 0x00, 0x00, 0x00, 0x00, 0x04, 0x09, 0x80, 0x12, 0x80, 0x00, 0x10, 0x50, 0x04, 0x00,
  0x01, 0x00, 0x01, 0x00, 0x28, 0x20, 0x04, 0x50, 0x04, 0x04, 0x00, 0x00, 0x22, 0x00, 0x00, 0x22,
  0x08, 0x00, 0x00, 0x00, 0x20, 0x00, 0x08, 0x04, 0x20, 0xA4, 0x44, 0x10, 0x44, 0x01, 0x00, 0x28,
  0x00, 0x00, 0x00, 0x00, 0x00, 0x88, 0x04, 0x00, 0x00, 0x80, 0x40, 0x04, 0x04, 0x20, 0x44, 0x01,
  0x00, 0x20, 0x05, 0x01, 0x80, 0x10, 0x10, 0x04, 0x01, 0x00, 0xC0, 0x00, 0x00, 0x80, 0x00, 0x00,
  0x00, 0x00, 0x00, 0x10, 0x00, 0x00, 0x00, 0x00, 0x00, 0x01, 0x00, 0x00, 0x04, 0x00, 0x00, 0x00,
  0x00, 0x00, 0x40, 0x00, 0x00, 0x41, 0x00, 0x00, 0x00, 0x80, 0x00, 0x00, 0x01, 0x21, 0x10, 0x00,
  0x10, 0x04, 0x00, 0x40, 0x0C, 0x02, 0x58, 0x04, 0x50, 0x10, 0x40, 0x00, 0x08, 0x14, 0x00, 0x80,
  0x00, 0xA0, 0x02, 0x40, 0x00, 0x00, 0x40, 0x12, 0x24, 0x04, 0x00, 0x04, 0x80, 0xC8, 0x40, 0x00,
  0x20, 0x00, 0x00, 0x00, 0x00, 0x40, 0x00, 0x00, 0x20, 0x00, 0x00, 0x84, 0x04, 0x40, 0x80, 0x00,
  0x1B, 0x00, 0x00, 0x50, 0x00, 0x50, 0x10, 0x00, 0x20, 0x00, 0x40, 0x22, 0x00, 0x00, 0x40, 0x00,
  0x00, 0x00, 0x00, 0x00, 0x00, 0x00, 0x00, 0x00, 0x00, 0x00, 0x00, 0x00, 0x00, 0x00, 0x00, 0x00,
  0x00, 0x08, 0x04, 0x20, 0x00, 0x00, 0x00, 0x28, 0x01, 0x06, 0x00, 0x00, 0x00, 0x00, 0x00, 0x08,
  0x00, 0x00, 0x80, 0x00, 0x00, 0x00, 0x04, 0x08, 0x00, 0x09, 0x28, 0x00, 0x00, 0x00, 0x30, 0x88,
  0x02, 0x44, 0x26, 0x00, 0x04, 0x41, 0x30, 0x00, 0x10, 0x8A, 0x42, 0x50, 0x00, 0x40, 0x40, 0x10,
  0x22, 0x10, 0x40, 0x00, 0x02, 0x00, 0x42, 0x00, 0x00, 0x08, 0x02, 0x00, 0x88, 0x02, 0x00, 0x80,
  0x20, 0x00, 0x02, 0x80, 0x00, 0x00, 0x00, 0x10, 0x00, 0x00, 0x81, 0x00, 0x00, 0x00, 0x00, 0x08,
  0x00, 0x1A, 0x80, 0x00, 0x00, 0x00, 0x00, 0xA8, 0x28, 0x09, 0x22, 0x10, 0x03, 0x00, 0x21, 0x20,
  0x01, 0x40, 0x02, 0x00, 0x00, 0x80, 0x40, 0x00, 0x40, 0x10, 0x00, 0x20, 0x00, 0x00, 0x20, 0x10,
  0x02, 0x00, 0x00, 0x16, 0x0D, 0x00, 0x80, 0x02, 0x90, 0x40, 0x20, 0x01, 0x00, 0x00, 0x00, 0x00,
  0x00, 0x00, 0x18, 0x40, 0x00, 0xB4, 0x02, 0x01, 0x30, 0x10, 0x25, 0x00, 0x00, 0x00, 0x00, 0x00,
  0x00, 0x00, 0x08, 0x00, 0x00, 0x88, 0x00, 0x00, 0x08, 0x00, 0x09, 0x02, 0x00, 0x0A, 0x00, 0x00,
  0x00, 0x00, 0x00, 0x00, 0x00, 0x0A, 0x00, 0x00, 0x00, 0x00, 0x00, 0x00, 0x00, 0x00, 0x00, 0x00,
  0x10, 0x00, 0x00, 0x00, 0x00, 0x14, 0x00, 0x10, 0x00, 0x04, 0x01, 0x02, 0x00, 0x08, 0x00, 0x42,
  0x08, 0x00, 0x80, 0x69, 0x00, 0x14, 0x00, 0x02, 0x00, 0x05, 0x00, 0x00, 0x01, 0x40, 0x80, 0x00,
  0x80, 0x00, 0x09, 0x80, 0x20, 0x40, 0x00, 0x00, 0x04, 0x04, 0x41, 0x04, 0x00, 0x00, 0x00, 0x00,
  0x80, 0x20, 0x00, 0x84, 0x00, 0x00, 0x40, 0x58, 0x40, 0x04, 0x00, 0x44, 0x10, 0x01, 0x00, 0xC0,
  0x10, 0x10, 0x00, 0x80, 0x00, 0x00, 0x40, 0x00, 0x10, 0x02, 0x00, 0x00, 0x00, 0x00, 0x00, 0x00,
  0x00, 0x00, 0x00, 0x00, 0x00, 0x00, 0x00, 0x00, 0x00, 0x00, 0x00, 0x00, 0x00, 0x00, 0x00, 0x00,
  0x00, 0x00, 0x00, 0x00, 0x00, 0x00, 0x80, 0x00, 0x0C, 0x00, 0x00, 0x80, 0x08, 0x28, 0x00, 0x00,
  0x0C, 0x00, 0x20, 0x80, 0x04, 0x10, 0x00, 0x20, 0x0C, 0x80, 0x08, 0x00, 0x00, 0x21, 0x90, 0x00,
  0x40, 0x00, 0x08, 0x10, 0x01, 0x00, 0x08, 0x00, 0xA1, 0x02, 0x21, 0x00, 0x01, 0x40, 0x00, 0x00,
  0x40, 0x00, 0x20, 0x00, 0x00, 0x00, 0x00, 0x00, 0x00, 0x40, 0x00, 0x10, 0x00, 0x14, 0x00, 0x00,
  0x00, 0x00, 0x01, 0xC0, 0x00, 0x00, 0x00, 0x00, 0x00, 0x00, 0x00, 0x00, 0x40, 0x02, 0x00, 0x00,
  0x8D, 0x40, 0x20, 0x00, 0x80, 0x80, 0x00, 0x00, 0x40, 0x02, 0x20, 0x00, 0x00, 0x00, 0x20, 0x00,
  0x00, 0x00, 0x80, 0x00, 0x12, 0x80, 0x02, 0x00, 0x00, 0x00, 0x10, 0x00, 0x01, 0x10, 0x00, 0x00,
  0x00, 0x0A, 0x00, 0x11, 0x20, 0x24, 0x22, 0x00, 0x00, 0x04, 0x00, 0x00, 0x00, 0x40, 0x02, 0x14,
  0x02, 0x00, 0x00, 0x00, 0x81, 0x02, 0x20, 0x00, 0x02, 0x00, 0x02, 0x01, 0xD0, 0x02, 0x90, 0x02,
  0x00, 0x24, 0x00, 0x00, 0x00, 0x22, 0x00, 0x00, 0x00, 0x00, 0x00, 0x00, 0x90, 0x02, 0x00, 0x00,
  0x00, 0x00, 0x00, 0x00, 0x10, 0x02, 0x58, 0x80, 0x00, 0x40, 0x00, 0x20, 0x40, 0x04, 0x00, 0x80,
  0x00, 0x04, 0x80, 0x01, 0x00, 0x08, 0x00, 0x20, 0x40, 0x44, 0x00, 0x12, 0x00, 0x29, 0x02, 0x00,
  0x10, 0x00, 0x00, 0x11, 0x10, 0x00, 0x00, 0x00, 0x00, 0x02, 0x80, 0x25, 0x00, 0x02, 0x02, 0x48,
  0x08, 0x08, 0x40, 0x88, 0x00, 0x72, 0x50, 0x20, 0x00, 0x04, 0x00, 0x20, 0x10, 0x00, 0x0A, 0x20,
  0x00, 0x08, 0x00, 0x00, 0x00, 0x00, 0x0A, 0x02, 0x80, 0x08, 0x02, 0x02, 0xA0, 0x04, 0x51, 0x00,
  0x00, 0x04, 0x00, 0x01, 0x20, 0x00, 0x00, 0x00, 0x00, 0x00, 0x00, 0x00, 0x00, 0x00, 0x00, 0x00,
  0x00, 0x00, 0x00, 0x00, 0x00, 0x00, 0x00, 0x00, 0x00, 0x01, 0x00, 0x00, 0x00, 0x00, 0x00, 0x00,
  0x00, 0x30, 0x00, 0x00, 0x80, 0x80, 0x00, 0x80, 0x01, 0x28, 0x00, 0x00, 0x41, 0x00, 0x00, 0x80,
  0x01, 0x22, 0x00, 0x00, 0x80, 0x80, 0x01, 0x10, 0x01, 0x01, 0x0A, 0x00, 0x10, 0x00, 0x41, 0x40,
  0x20, 0x10, 0xC8, 0x80, 0x29, 0x01, 0x02, 0x80, 0x22, 0x80, 0x00, 0x00, 0x00, 0x80, 0x00, 0x00,
  0x01, 0x41, 0x00, 0x40, 0x14, 0x00, 0x00, 0x08, 0x00, 0x00, 0x00, 0x00, 0x00, 0x00, 0x00, 0x40,
  0x01, 0x20, 0x00, 0x00, 0x00, 0x00, 0x00, 0x00, 0x01, 0x20, 0x02, 0x00, 0x10, 0x80, 0x02, 0x00,
  0x01, 0x30, 0x26, 0x00, 0x80, 0x41, 0x02, 0x00, 0x08, 0x10, 0x22, 0x00, 0x08, 0x00, 0x12, 0x00,
  0x00, 0x20, 0x00, 0x00, 0x00, 0x00, 0x02, 0x00, 0x40, 0x20, 0x04, 0x82, 0x00, 0x80, 0x41, 0x00,
  0x10, 0x20, 0x00, 0x00, 0x00, 0x02, 0x00, 0x00, 0x02, 0x01, 0x88, 0x00, 0x00, 0x08, 0xC0, 0x92,
  0x00, 0x60, 0x20, 0x06, 0x00, 0x40, 0x41, 0x00, 0x12, 0x50, 0x28, 0x01, 0x00, 0x80, 0x80, 0x00,
  0x40, 0x04, 0x20, 0x00, 0x00, 0x00, 0x80, 0x00, 0x80, 0x00, 0x20, 0x00, 0x00, 0x00, 0x80, 0x01,
  0x00, 0x00, 0x28, 0x00, 0x00, 0x08, 0x80, 0x03, 0x40, 0x00, 0x02, 0x00, 0x00, 0x00, 0x82, 0x02,
  0x80, 0x01, 0x50, 0x4C, 0xA2, 0x00, 0x80, 0x00, 0x00, 0x00, 0x00, 0x02, 0x02, 0x0A, 0x40, 0x00,
  0x40, 0x00, 0x10, 0x00, 0x00, 0x20, 0x02, 0x02, 0x10, 0x00, 0x40, 0x20, 0x83, 0x00, 0x00, 0x91,
  0x20, 0x90, 0x00, 0x10, 0x00, 0x01, 0x00, 0x03, 0x10, 0x20, 0x08, 0x10, 0x00, 0x08, 0x80, 0x00,
  0x80, 0x01, 0x28, 0x00, 0x40, 0x08, 0x00, 0x08, 0x80, 0x05, 0x20, 0x00, 0x00, 0x00, 0x80, 0x00,
  0x00, 0x00, 0x00, 0x00, 0x00, 0x00, 0x00, 0x00, 0x00, 0x00, 0x00, 0x00, 0x00, 0x00, 0x00, 0x00,
  0x00, 0x00, 0x00, 0x00, 0x00, 0x04, 0x90, 0x80, 0x00, 0x00, 0x00, 0xA0, 0x00, 0x11, 0x00, 0x00,
  0xC0, 0x00, 0x00, 0x40, 0x01, 0x14, 0x00, 0x00, 0xC0, 0x00, 0x00, 0x40, 0x10, 0x10, 0x81, 0x00,
  0xA2, 0x01, 0x01, 0x40, 0x10, 0x10, 0x01, 0x20, 0x80, 0x40, 0x48, 0xC0, 0x00, 0x81, 0x00, 0x00,
  0x08, 0x01, 0x08, 0x90, 0x00, 0x02, 0x01, 0x20, 0x08, 0x01, 0x00, 0x44, 0x00, 0x00, 0x00, 0x00,
  0x40, 0x00, 0x20, 0x08, 0x13, 0x89, 0x80, 0x00, 0x48, 0x00, 0x01, 0x00, 0x00, 0x04, 0x00, 0x40,
  0x48, 0x00, 0x00, 0x40, 0x40, 0x20, 0x02, 0x00, 0x40, 0x00, 0x00, 0x40, 0x40, 0x00, 0x10, 0x80,
  0x88, 0x40, 0x42, 0x80, 0x29, 0x10, 0x00, 0x00, 0x48, 0x00, 0x00, 0x00, 0x81, 0x01, 0x81, 0x40,
  0x00, 0x01, 0x00, 0x40, 0x50, 0x20, 0x0A, 0x84, 0x04, 0xC1, 0x03, 0x11, 0x01, 0x10, 0x00, 0x80,
  0x40, 0x48, 0x00, 0x00, 0x14, 0x00, 0x20, 0x02, 0x48, 0x00, 0x80, 0x02, 0x20, 0x09, 0x00, 0x12,
  0x01, 0x80, 0x80, 0x04, 0x00, 0x20, 0x04, 0x80, 0x00, 0x00, 0x00, 0x00, 0x90, 0x11, 0x04, 0x80,
  0x40, 0x40, 0x00, 0x00, 0x40, 0x11, 0x04, 0x80, 0x00, 0x40, 0x00, 0x02, 0x40, 0x11, 0x04, 0x00,
  0x00, 0x08, 0x00, 0x01, 0x80, 0x10, 0x00, 0x01, 0x20, 0x90, 0x43, 0x11, 0xC4, 0x00, 0x1A, 0x80,
  0x20, 0x00, 0x01, 0x01, 0xC8, 0x03, 0x00, 0x01, 0x20, 0x02, 0x01, 0x11, 0x90, 0x08, 0x60, 0x00,
  0x01, 0x00, 0x42, 0x00, 0x14, 0x00, 0x00, 0x07, 0x01, 0x31, 0x02, 0x11, 0xA4, 0x40, 0x0A, 0x88,
  0x00, 0x00, 0x00, 0x04, 0x40, 0x11, 0x00, 0x21, 0x20, 0x42, 0x01, 0x00, 0x00, 0x04, 0x00, 0x08,
  0x00, 0x40, 0x01, 0x00, 0x00, 0x10, 0x00, 0x00, 0x00, 0x48, 0x40, 0x91, 0x00, 0x04, 0x00, 0x00,
  0x00, 0x00, 0x00, 0x00, 0x00, 0x00, 0x00, 0x00, 0x00, 0x00, 0x00, 0x00, 0x00, 0x00, 0x00, 0x00,
  0x00, 0x00, 0x0C, 0xCF, 0x5F, 0x5F, 0xF0, 0x0C, 0x3C, 0xCD, 0x7C, 0xCD, 0x7C, 0xCD, 0x7C, 0xCD,
  0x7C, 0xCD, 0x7C, 0xCD, 0x7C, 0xC5, 0x7F, 0xCD, 0x7F, 0xFF, 0xFF, 0xEE, 0xFF, 0xFF, 0xFF, 0x7F,
  0xFD, 0xFF, 0xFF, 0x38, 0x8D, 0x8F, 0xFF, 0xF0, 0x00, 0x04, 0x04, 0xC4, 0x0E, 0xAD, 0x11, 0x1C,
  0xCC, 0xC3, 0x3C, 0xCF, 0x05, 0x5F, 0x0C, 0xCF, 0x0F, 0x06, 0x66, 0x69, 0x66, 0x9F, 0xF0, 0x05,
  0xA5, 0x5C, 0x3C, 0xCC, 0x3C, 0xCC, 0x3C, 0xCC, 0x3C, 0xCC, 0x3C, 0xCC, 0x3C, 0xCC, 0x3C, 0xCC,
  0x3C, 0xCC, 0x3C, 0xCC, 0x3C, 0xC5, 0x6F, 0xDC, 0x3F, 0xF0, 0x87, 0xD0, 0x87, 0xD0, 0x87, 0xD0,
  0x87, 0xD0, 0x87, 0xD0, 0x87, 0xD8, 0x0D, 0x73, 0xFF, 0xF0, 0x05, 0x50, 0x0F, 0xF0, 0xCF, 0xC0,
  0x0C, 0xC0, 0x0A, 0x0E, 0x4A, 0x0E, 0x4C, 0x07, 0x4F, 0x0F, 0xFC, 0x3C, 0xC6, 0x96, 0x66, 0x96,
  0x66, 0x96, 0x66, 0x96, 0x66, 0x96, 0x65, 0x9F, 0x4C, 0x3F, 0xFF, 0xFF, 0xFF, 0xFF, 0xF3, 0x3C,
  0xCC, 0x3C, 0xC6, 0x96, 0x66, 0x96, 0x66, 0x96, 0x66, 0x96, 0x66, 0x96, 0x66, 0x96, 0x66, 0x96,
  0x66, 0x96, 0x66, 0x96, 0x66, 0x96, 0x66, 0x96, 0x66, 0x96, 0x66, 0x96, 0x66, 0x96, 0x6F, 0xF5,
  0x4F, 0xFF, 0xF4, 0x47, 0x7F, 0x0F, 0x05, 0x5F, 0xC0, 0x0F, 0xF7, 0x4F, 0x07, 0xFF, 0xF7, 0x4F,
  0x00, 0x0F, 0xFF, 0xFC, 0x37, 0x4F, 0x07, 0x4F, 0x03, 0xFF, 0x30, 0x00, 0x00, 0x00, 0x0F, 0xFC,
  0x30, 0x04, 0x0F, 0xF7, 0x70, 0xFF, 0x03, 0xFC, 0xFD, 0x0F, 0x0F, 0xCB, 0x8F, 0xFF, 0xFD, 0xD8,
  0xDF, 0xFF, 0xFF, 0xFF, 0xFF, 0xFF, 0xF8, 0xF8, 0xFD, 0x7C, 0xCC, 0x3C, 0xCC, 0x3C, 0xCC, 0x3C,
  0xCC, 0x3C, 0xCC, 0x3C, 0xCC, 0x3C, 0xCC, 0x3C, 0xCF, 0xFF, 0xF0, 0x00, 0x00, 0x00, 0x00, 0x00,
  0x00, 0x00, 0x00, 0x00, 0x00, 0x00, 0x00, 0x00, 0x00, 0x00, 0x00, 0x00, 0x00, 0x00, 0x0C, 0xCF,
  0x5F, 0x5F, 0xF0, 0x0F, 0xFC, 0xCD, 0x7C, 0xCD, 0x7C, 0xCD, 0x7C, 0xCD, 0x7C, 0xCD, 0x7C, 0xCD,
  0x7C, 0xCF, 0xDF, 0xFD, 0x7F, 0xFF, 0xFF, 0xFF, 0xFF, 0xFF, 0xFF, 0xFF, 0xFF, 0xFF, 0xFF, 0xF8,
  0xDD, 0xDF, 0x3F, 0xF0, 0x04, 0x07, 0x37, 0xF4, 0x5E, 0xFD, 0x1D, 0xD5, 0x0F, 0xA3, 0x3C, 0xCF,
  0x0C, 0xCF, 0x05, 0x54, 0x4E, 0xE6, 0x66, 0x69, 0x66, 0x9F, 0xF0, 0x05, 0xA5, 0x5C, 0x3C, 0xCC,
  0x3C, 0xCC, 0x3C, 0xCC, 0x3C, 0xCC, 0x3C, 0xCC, 0x3C, 0xCC, 0x3C, 0xCC, 0x3C, 0xCC, 0x3C, 0xCC,
  0x3C, 0xC5, 0x6F, 0xDC, 0x3F, 0xFA, 0xEB, 0xEA, 0xEB, 0xEA, 0xEB, 0xEA, 0xEB, 0xEA, 0xEB, 0xEA,
  0xEB, 0xEE, 0xAE, 0xB3, 0xFF, 0xFA, 0xAF, 0xFF, 0x0F, 0x00, 0xCF, 0xC3, 0x3F, 0xF0, 0x0F, 0x5E,
  0x4F, 0x5E, 0x4F, 0x37, 0x4F, 0x0F, 0xFC, 0x3C, 0xC6, 0x96, 0x66, 0x96, 0x66, 0x96, 0x66, 0x96,
  0x66, 0x96, 0x65, 0x9F, 0x4C, 0x3F, 0xFF, 0xFF, 0xFF, 0xFF, 0xF3, 0x3C, 0xCC, 0x3C, 0xC6, 0x96,
  0x66, 0x96, 0x66, 0x96, 0x66, 0x96, 0x66, 0x96, 0x66, 0x96, 0x66, 0x96, 0x66, 0x96, 0x66, 0x96,
  0x66, 0x96, 0x66, 0x96, 0x66, 0x96, 0x66, 0x96, 0x66, 0x96, 0x6F, 0xFF, 0xDF, 0xFF, 0xFC, 0xCF,
  0xFC, 0xCF, 0xF5, 0x5F, 0xCF, 0xCF, 0xCF, 0xCF, 0x07, 0xFF, 0x0F, 0xCF, 0x04, 0x0F, 0xF5, 0xAC,
  0x3F, 0xCF, 0x0F, 0xCF, 0x0C, 0xFF, 0xC0, 0x00, 0x00, 0x00, 0x05, 0xAC, 0x30, 0x04, 0x0F, 0x0F,
  0x00, 0x04, 0x4F, 0x3F, 0xCF, 0x2F, 0x0F, 0xC7, 0x4F, 0xFF, 0xF8, 0xDD, 0xDF, 0xFF, 0xFF, 0xFF,
  0xBF, 0xFE, 0xF8, 0xF8, 0xFC, 0x3C, 0xCE, 0xBC, 0xCE, 0xBC, 0xCE, 0xBC, 0xCE, 0xBC, 0xCE, 0xBC,
  0xCE, 0xBC, 0xCE, 0xBC, 0xCF, 0xFF, 0xF0, 0x00, 0x00, 0x00, 0x00, 0x00, 0x00, 0x00, 0x00, 0x00,
  0x00, 0x00, 0x00, 0x00, 0x00, 0x00, 0x00, 0x00, 0x00, 0x02, 0x08, 0x10, 0x11, 0x36, 0x20, 0x10,
  0x64, 0x00, 0x18, 0x81, 0x13, 0x36, 0x70, 0x00, 0x64, 0x00, 0x18, 0x81, 0x12, 0x36, 0x30, 0x00,
  0x44, 0x02, 0x08, 0x10, 0x11, 0x36, 0x20, 0x10, 0x40, 0x16, 0x08, 0x12, 0x11, 0x36, 0x20, 0x50,
  0x40, 0x16, 0x08, 0x12, 0x11, 0x36, 0x20, 0x50, 0x40, 0x16, 0x08, 0x12, 0x10, 0x36, 0x20, 0x10,
  0x40, 0x12, 0x00, 0x10, 0x01, 0x32, 0x20, 0x10, 0x64, 0x00, 0x18, 0x81, 0x13, 0x32, 0x70, 0x00,
  0x64, 0x00, 0x18, 0x89, 0x13, 0x32, 0x70, 0x00, 0x64, 0x00, 0x18, 0x81, 0x12, 0x32, 0x30, 0x00,
  0x44, 0x07, 0x28, 0x92, 0x12, 0x12, 0x30, 0x50, 0x44, 0x56, 0x08, 0x98, 0x02, 0x12, 0x30, 0x50,
  0x04, 0x12, 0x08, 0x18, 0x10, 0x12, 0x20, 0x10, 0x40, 0x10, 0x00, 0x0C, 0x00, 0x14, 0x32, 0x24,
  0x00, 0x24, 0x04, 0x18, 0x8B, 0x12, 0x12, 0x70, 0x40, 0x64, 0x44, 0x18, 0x83, 0x13, 0x36, 0x30,
  0x00, 0x44, 0x06, 0x08, 0x12, 0x11, 0x36, 0x20, 0x50, 0x64, 0x00, 0x18, 0x81, 0x13, 0x36, 0x70,
  0x00, 0x64, 0x00, 0x18, 0x81, 0x12, 0x36, 0x70, 0x00, 0x64, 0x00, 0x10, 0x81, 0x02, 0x00, 0x50,
  0x00, 0x24, 0x00, 0x10, 0x81, 0x02, 0x00, 0x10, 0x00, 0x04, 0x02, 0x08, 0x10, 0x10, 0x12, 0x20,
  0x10, 0x40, 0x10, 0x04, 0x00, 0x04, 0x00, 0x04, 0x00, 0x00, 0x10, 0x04, 0x00, 0x04, 0x00, 0x04,
  0x00, 0x00, 0x10, 0x00, 0x00, 0x00, 0x00, 0x04, 0x00, 0x00, 0x10, 0x04, 0x00, 0x04, 0x30, 0x00,
  0x10, 0x50, 0x02, 0x00, 0x10, 0x00, 0x00, 0x00, 0x10, 0x00, 0x12, 0x00, 0x10, 0x01, 0x30, 0x00,
  0x10, 0x24, 0x00, 0x10, 0x81, 0x03, 0x30, 0x50, 0x00, 0x24, 0x00, 0x10, 0x81, 0x02, 0x30, 0x50,
  0x00, 0x04, 0x00, 0x00, 0x00, 0x00, 0x00, 0x00, 0x00, 0x00, 0x00, 0x00, 0x00, 0x00, 0x00, 0x00,
  0x00, 0x00, 0x00, 0x00, 0x00, 0x04, 0x10, 0x02, 0x26, 0x6C, 0xE0, 0x00, 0xC8, 0x00, 0x31, 0x02,
  0x26, 0x6C, 0xE0, 0x00, 0xC8, 0x00, 0x31, 0x02, 0x26, 0x6C, 0xE0, 0x00, 0xC8, 0x00, 0x31, 0x02,
  0x24, 0x6C, 0x60, 0x00, 0x88, 0x04, 0x10, 0x20, 0x22, 0x6C, 0x40, 0x20, 0x80, 0x2C, 0x10, 0x24,
  0x20, 0x6C, 0x40, 0xA0, 0x80, 0xA4, 0x00, 0x20, 0x00, 0x00, 0x00, 0x20, 0x00, 0x24, 0x10, 0x20,
  0x20, 0x64, 0x40, 0x20, 0x80, 0x2C, 0x10, 0x24, 0x20, 0x6C, 0x40, 0xA0, 0x80, 0xA0, 0x00, 0x00,
  0x00, 0x44, 0x00, 0x00, 0x08, 0x04, 0x00, 0x20, 0x00, 0x24, 0x00, 0x20, 0xA0, 0x0C, 0x10, 0x24,
  0x20, 0x6C, 0x40, 0xA0, 0x80, 0xA0, 0x00, 0x00, 0x00, 0x44, 0x00, 0x00, 0x08, 0x00, 0x00, 0x00,
  0x00, 0x44, 0x00, 0x00, 0x08, 0x00, 0x00, 0x18, 0x00, 0x28, 0x64, 0x48, 0x00, 0xA0, 0x00, 0x00,
  0x00, 0x00, 0x44, 0x00, 0x00, 0x08, 0x00, 0x18, 0x00, 0x2A, 0x64, 0x48, 0x00, 0xA0, 0x00, 0x18,
  0x00, 0x28, 0x64, 0x48, 0x00, 0xA0, 0x0C, 0x10, 0x24, 0x20, 0x24, 0x40, 0xA0, 0x80, 0xA4, 0x10,
  0x20, 0x22, 0x6C, 0x40, 0x20, 0x80, 0x24, 0x10, 0x20, 0x20, 0x6C, 0x40, 0x20, 0x80, 0x24, 0x00,
  0x20, 0x00, 0x00, 0x00, 0x20, 0x00, 0x24, 0x00, 0x20, 0x20, 0x24, 0x40, 0x20, 0x80, 0x24, 0x00,
  0x20, 0x00, 0x00, 0x00, 0x20, 0x00, 0x20, 0x00, 0x20, 0x02, 0xE0, 0x08, 0x02, 0x05, 0x20, 0x00,
  0x00, 0x28, 0x60, 0x40, 0x20, 0x00, 0x20, 0x08, 0x00, 0x08, 0x00, 0x08, 0x00, 0x20, 0x04, 0x00,
  0x00, 0x00, 0x00, 0x00, 0x20, 0x00, 0x24, 0x00, 0x20, 0x00, 0x00, 0x00, 0x20, 0x00, 0x24, 0x00,
  0x20, 0x00, 0x60, 0x00, 0x20, 0x80, 0x24, 0x00, 0x20, 0x00, 0x00, 0x00, 0x20, 0x00, 0x20, 0x00,
  0x00, 0x00, 0x00, 0x00, 0x00, 0x00, 0x00, 0x00, 0x00, 0x00, 0x00, 0x00, 0x00, 0x00, 0x00, 0x00,
  0x00, 0x0F, 0xFF, 0x05, 0xA5, 0x5C, 0x3C, 0xCC, 0x3C, 0xCC, 0x3C, 0xCC, 0x3C, 0xCC, 0x3C, 0xCC,
  0x3C, 0xCC, 0x3C, 0xCC, 0x3C, 0xCC, 0x3C, 0xCC, 0x3C, 0xCC, 0x3C, 0xCC, 0x3C, 0xC5, 0x6F, 0xDC,
  0x3F, 0xFF, 0xFF, 0xDF, 0xFF, 0xFF, 0xFF, 0xFD, 0xFF, 0xFD, 0x1D, 0x1F, 0x0D, 0xDC, 0x4F, 0x7F,
  0xFE, 0x4F, 0xFF, 0xFF, 0xFF, 0xFF, 0xFF, 0xF0, 0x00, 0x0F, 0xF0, 0x03, 0x3C, 0xC0, 0x0F, 0xF0,
  0x0F, 0xFF, 0xF0, 0x0A, 0xA5, 0x53, 0xCC, 0x3F, 0xFF, 0xF0, 0x00, 0x00, 0x00, 0x00, 0x00, 0x0F,
  0xFF, 0xFF, 0xFF, 0xFF, 0xDF, 0xF0, 0x04, 0x4F, 0x5F, 0x5D, 0xDD, 0xD4, 0x44, 0x40, 0x04, 0x0F,
  0x0F, 0x40, 0x00, 0x00, 0x00, 0x00, 0x00, 0x0F, 0xFF, 0xF0, 0x00, 0x00, 0x00, 0x00, 0x00, 0x0F,
  0xFF, 0xF0, 0x07, 0x4F, 0x3F, 0x37, 0x47, 0x4F, 0x3F, 0x5E, 0x40, 0x00, 0x00, 0x00, 0x00, 0x00,
  0x0F, 0xFF, 0xFF, 0x37, 0x4F, 0x5E, 0x4F, 0x37, 0x47, 0x4F, 0x3F, 0x37, 0x47, 0x4F, 0x3F, 0x5E,
  0x4F, 0x37, 0x4A, 0xA5, 0x5C, 0x0F, 0xCC, 0xCF, 0xF5, 0x55, 0x50, 0x0C, 0xC0, 0x05, 0x50, 0x0C,
  0xC0, 0x0F, 0xFC, 0xCC, 0xC0, 0x05, 0x5F, 0x0F, 0x00, 0x0C, 0xCC, 0xCF, 0xF0, 0x00, 0x03, 0xCC,
  0x3F, 0xFF, 0xFF, 0xFF, 0xFF, 0x0F, 0xFF, 0x0D, 0xDC, 0x4F, 0x70, 0x05, 0x0F, 0xFF, 0xF0, 0x0C,
  0x0F, 0xFF, 0xF0, 0x00, 0x0F, 0xFF, 0xFF, 0x05, 0x0E, 0x2F, 0x30, 0x00, 0x0F, 0x2F, 0x03, 0x0F,
  0xC0, 0x00, 0x05, 0xAC, 0x35, 0xAC, 0x3F, 0x0F, 0x00, 0x04, 0x4E, 0x0E, 0xF0, 0x00, 0x0F, 0xFF,
  0x00, 0x00, 0x03, 0xFC, 0xFF, 0xFF, 0xFA, 0xAF, 0xFF, 0xFF, 0xFF, 0x4F, 0x4F, 0xF0, 0x00, 0x0F,
  0x05, 0x4F, 0xFF, 0xFF, 0xFF, 0xFF, 0xFE, 0x0E, 0x00, 0x00, 0x00, 0x00, 0x00, 0x00, 0x00, 0x00,
  0x00, 0x00, 0x00, 0x00, 0x00, 0x00, 0x00, 0x00, 0x00, 0x00, 0x00, 0x00, 0x00, 0x0F, 0xFF, 0x05,
  0xA5, 0x5C, 0x3C, 0xCC, 0x3C, 0xCC, 0x3C, 0xCC, 0x3C, 0xCC, 0x3C, 0xCC, 0x3C, 0xCC, 0x3C, 0xCC,
  0x3C, 0xCC, 0x3C, 0xCC, 0x3C, 0xCC, 0x3C, 0xCC, 0x3C, 0xC5, 0x6F, 0xDC, 0x3F, 0xFF, 0xFF, 0xFE,
  0xFF, 0xFF, 0xBF, 0xFF, 0xFF, 0xF1, 0x1D, 0xDF, 0x01, 0x18, 0x0B, 0x30, 0x0E, 0x4F, 0xFF, 0xFF,
  0xFF, 0xFF, 0xFF, 0xF0, 0x00, 0x0D, 0xD0, 0x01, 0x1C, 0xC0, 0x0D, 0xD8, 0x85, 0x50, 0x00, 0x0A,
  0xA5, 0x5C, 0x33, 0xCA, 0xAA, 0xA0, 0x00, 0x00, 0x00, 0x00, 0x00, 0x0F, 0xFF, 0xFF, 0xFD, 0xDF,
  0xDF, 0xF0, 0x00, 0x0F, 0x7F, 0x7D, 0xDD, 0x00, 0x00, 0x00, 0x00, 0x00, 0x00, 0x00, 0x00, 0x00,
  0x00, 0x00, 0x00, 0x0F, 0xFF, 0xF0, 0x00, 0x00, 0x00, 0x00, 0x00, 0x0F, 0xFF, 0xF0, 0x07, 0x4C,
  0x0C, 0x07, 0x47, 0x4C, 0x0A, 0x0E, 0x40, 0x00, 0x00, 0x00, 0x00, 0x00, 0x0F, 0xFF, 0xFC, 0x07,
  0x4A, 0x0E, 0x4C, 0x07, 0x47, 0x4C, 0x0C, 0x07, 0x47, 0x4C, 0x0A, 0x0E, 0x4C, 0x07, 0x45, 0x5A,
  0xAC, 0x0F, 0xC0, 0x0C, 0xCA, 0xAA, 0xA0, 0x0C, 0xC0, 0x05, 0x50, 0x0C, 0xC0, 0x00, 0x00, 0x00,
  0x00, 0x05, 0x50, 0x00, 0x00, 0x0C, 0xC0, 0x0C, 0xC0, 0x00, 0x03, 0xCC, 0x3F, 0xFF, 0xFF, 0xFF,
  0xFC, 0xCC, 0xCF, 0x0D, 0xDC, 0x4F, 0x70, 0x00, 0x0F, 0xFF, 0xF0, 0x00, 0x00, 0x0F, 0xF0, 0x00,
  0x0F, 0xFF, 0xFF, 0x0C, 0xCE, 0x2C, 0x00, 0x00, 0x0D, 0x0F, 0x03, 0x2F, 0xE0, 0x00, 0x0F, 0xFC,
  0x3F, 0xFC, 0x3F, 0xF7, 0x70, 0xFF, 0x0B, 0x0B, 0xF0, 0x00, 0x0F, 0xFF, 0x00, 0x00, 0x03, 0xFC,
  0xFF, 0xFF, 0xFF, 0xFA, 0xAF, 0xFF, 0xFF, 0x0F, 0x40, 0xF0, 0x00, 0x0F, 0x04, 0x4F, 0xFF, 0xFF,
  0xFF, 0xFF, 0xFE, 0x0E, 0x00, 0x00, 0x00, 0x00, 0x00, 0x00, 0x00, 0x00, 0x00, 0x00, 0x00, 0x00,
  0x00, 0xC0, 0x00, 0x00, 0x00, 0x44, 0x00, 0x00, 0x01, 0x40, 0x00, 0x00, 0x02, 0x00, 0x02, 0x00,
  0x02, 0x00, 0x02, 0x40, 0x00, 0x40, 0x00, 0x00, 0x00, 0x62, 0x02, 0x84, 0x00, 0x00, 0x00, 0x40,
  0x06, 0x08, 0x00, 0x00, 0x00, 0x08, 0x00, 0x00, 0x00, 0x82, 0x04, 0x40, 0x00, 0x40, 0x07, 0x03,
  0x08, 0x44, 0x00, 0x40, 0x00, 0x40, 0x04, 0x40, 0x01, 0x40, 0x00, 0x80, 0x40, 0x00, 0x00, 0x00,
  0x00, 0x00, 0xB2, 0x02, 0x60, 0x00, 0xA2, 0x48, 0x02, 0x04, 0x48, 0x40, 0x40, 0x20, 0xA2, 0x00,
  0x49, 0x22, 0x00, 0x00, 0x03, 0x73, 0x02, 0x24, 0x40, 0x02, 0x00, 0x80, 0x42, 0x04, 0x22, 0x02,
  0x58, 0x04, 0x14, 0x83, 0x00, 0x0B, 0x00, 0x04, 0x00, 0x18, 0x03, 0x50, 0x00, 0x22, 0x01, 0x30,
  0x49, 0x00, 0x00, 0x12, 0x01, 0x8A, 0x00, 0x00, 0x40, 0x80, 0x00, 0xA0, 0x18, 0x48, 0x00, 0xA0,
  0x00, 0x00, 0x83, 0x40, 0x00, 0x00, 0x00, 0x20, 0x18, 0x20, 0x00, 0x00, 0x04, 0x40, 0x00, 0x48,
  0x90, 0x00, 0x03, 0x00, 0x80, 0x40, 0x01, 0x40, 0x00, 0x02, 0x80, 0x04, 0x00, 0xA0, 0x00, 0x00,
  0x00, 0x00, 0x40, 0x87, 0x00, 0x40, 0x00, 0x03, 0x00, 0x03, 0x00, 0x44, 0x00, 0x00, 0x08, 0x00,
  0x00, 0x00, 0x80, 0x00, 0x00, 0x00, 0x04, 0x02, 0x10, 0x00, 0x00, 0x02, 0x00, 0x00, 0xA0, 0x00,
  0x00, 0x00, 0x4A, 0x02, 0x22, 0x00, 0x00, 0x00, 0x04, 0x04, 0x00, 0x00, 0x20, 0x00, 0x60, 0x00,
  0x20, 0x40, 0x20, 0x80, 0x18, 0x00, 0x40, 0x80, 0x20, 0x00, 0x0A, 0x00, 0x94, 0x00, 0x40, 0x00,
  0x10, 0x00, 0x40, 0x00, 0x10, 0x00, 0x02, 0x02, 0x00, 0x02, 0x00, 0x00, 0x04, 0x02, 0x80, 0x42,
  0x04, 0x02, 0x00, 0x00, 0x00, 0x01, 0x44, 0x00, 0x04, 0x00, 0x02, 0x00, 0x22, 0x00, 0x42, 0x00,
  0x40, 0x00, 0xA0, 0x00, 0x00, 0x00, 0x00, 0x00, 0x20, 0x00, 0x20, 0x00, 0x00, 0x10, 0x00, 0x00,
  0x40, 0x00, 0x00, 0x00, 0x00, 0x00, 0x00, 0x00, 0x02, 0x00, 0x00, 0x10, 0x02, 0x10, 0x02, 0x00,
  0x00, 0x10, 0x00, 0x00, 0x00, 0x02, 0x00, 0x11, 0x08, 0x08, 0x01, 0x58, 0x02, 0x10, 0x01, 0x00,
  0x00, 0x00, 0x06, 0x00, 0x00, 0x00, 0xC1, 0x41, 0x06, 0x52, 0xC0, 0x60, 0x05, 0x50, 0x05, 0x40,
  0x00, 0x40, 0x00, 0x40, 0x00, 0x40, 0x02, 0x01, 0x08, 0xC0, 0x04, 0x00, 0x01, 0x00, 0x00, 0x20,
  0x00, 0x20, 0x00, 0x40, 0x00, 0x10, 0x40, 0x01, 0x44, 0x10, 0x02, 0xD0, 0x40, 0x92, 0x4D, 0xC1,
  0x00, 0x00, 0x00, 0x14, 0x44, 0x10, 0x06, 0x10, 0x01, 0x40, 0x02, 0x40, 0x41, 0x00, 0x05, 0x50,
  0xC6, 0xE0, 0xCC, 0xE0, 0xC0, 0xC0, 0x48, 0x41, 0x08, 0x12, 0xC0, 0x00, 0x40, 0x00, 0x11, 0x48,
  0x04, 0x41, 0x00, 0xC0, 0x41, 0x00, 0x08, 0x04, 0xC0, 0x55, 0xD0, 0x20, 0xE0, 0x61, 0x20, 0x05,
  0x00, 0x05, 0x01, 0x06, 0xC4, 0x01, 0x88, 0x01, 0xD1, 0x40, 0x11, 0x40, 0x00, 0x44, 0xC0, 0x00,
  0x01, 0x42, 0x84, 0x46, 0xD1, 0x82, 0x10, 0x00, 0xD4, 0x06, 0x01, 0x06, 0x00, 0x80, 0x08, 0x00,
  0x00, 0x00, 0x00, 0xC0, 0x00, 0x00, 0x00, 0x06, 0x00, 0x00, 0x11, 0x00, 0x00, 0x00, 0x08, 0x00,
  0x00, 0x00, 0x10, 0x01, 0x00, 0x08, 0x10, 0x00, 0x00, 0x00, 0x10, 0x00, 0x02, 0x06, 0x00, 0x00,
  0x10, 0x00, 0x00, 0x00, 0x00, 0x00, 0x10, 0x05, 0x04, 0x05, 0x00, 0x00, 0x00, 0x06, 0x11, 0x08,
  0x40, 0x04, 0x44, 0x40, 0x00, 0x04, 0x40, 0x00, 0x40, 0x00, 0x50, 0x00, 0x08, 0x00, 0x60, 0x00,
  0x00, 0x01, 0x40, 0x02, 0x01, 0x02, 0x00, 0x00, 0x00, 0x02, 0x00, 0x40, 0x40, 0x02, 0x10, 0x00,
  0x20, 0x00, 0x40, 0x05, 0x00, 0x00, 0x02, 0x00, 0x00, 0x00, 0x40, 0x00, 0x41, 0x00, 0x00, 0x00,
  0x00, 0x00, 0x00, 0x00, 0x80, 0x00, 0x80, 0x00, 0x01, 0x80, 0x00, 0x00, 0x00, 0x22, 0x00, 0x00,
  0x00, 0x24, 0x00, 0x04, 0x00, 0x04, 0x01, 0x00, 0x00, 0x00, 0x00, 0x24, 0x00, 0x20, 0x01, 0x91,
  0x00, 0x14, 0x01, 0x24, 0x08, 0x02, 0x00, 0x02, 0x08, 0x82, 0x00, 0x00, 0x00, 0x04, 0x00, 0x00,
  0x00, 0x31, 0x04, 0x00, 0x00, 0x80, 0x00, 0x00, 0x00, 0x84, 0x00, 0x04, 0x00, 0x04, 0x00, 0x90,
  0x00, 0x90, 0x00, 0x20, 0x28, 0x00, 0x01, 0x04, 0x00, 0x04, 0x81, 0x09, 0x01, 0x80, 0x01, 0x94,
  0x01, 0x04, 0x01, 0x24, 0x01, 0x00, 0x04, 0x80, 0x00, 0x88, 0x00, 0x04, 0x00, 0x80, 0x01, 0x89,
  0x09, 0xA9, 0x00, 0xA1, 0x20, 0x18, 0x08, 0x01, 0x02, 0x34, 0x80, 0x04, 0x00, 0x82, 0x01, 0x80,
  0x05, 0x88, 0x00, 0x00, 0x01, 0x00, 0x02, 0x00, 0x00, 0x14, 0x02, 0x09, 0x00, 0x04, 0x04, 0x18,
  0x00, 0x42, 0x08, 0x11, 0x09, 0x02, 0x00, 0x80, 0x04, 0x84, 0x44, 0x28, 0x00, 0x02, 0x08, 0x00,
  0x01, 0x00, 0xB8, 0x00, 0x88, 0x00, 0x00, 0x00, 0x24, 0x01, 0x10, 0x01, 0x30, 0x00, 0xD0, 0x00,
  0x80, 0x40, 0x20, 0x01, 0x05, 0x00, 0x00, 0x40, 0x00, 0x40, 0x28, 0x40, 0xB0, 0x21, 0x00, 0x00,
  0x00, 0x00, 0x08, 0x20, 0xB1, 0x00, 0x08, 0x00, 0x90, 0x00, 0x40, 0x00, 0x08, 0x00, 0x08, 0x00,
  0x80, 0x00, 0x00, 0x01, 0x90, 0x00, 0x00, 0x00, 0x00, 0x00, 0xB9, 0x01, 0x01, 0x01, 0x00, 0x00,
  0x98, 0x04, 0x00, 0x00, 0x09, 0x00, 0x00, 0x00, 0x10, 0x20, 0x08, 0x42, 0x08, 0x01, 0x05, 0x01,
  0x00, 0x01, 0x03, 0x00, 0x00, 0x00, 0x00, 0x00, 0x08, 0x00, 0x01, 0x00, 0x20, 0x00, 0x01, 0x00,
  0x00, 0x00, 0x00, 0x02, 0x00, 0x00, 0x24, 0x01, 0x10, 0x00, 0x00, 0x00, 0x80, 0x00, 0x90, 0x00,
  0x00, 0x00, 0x10, 0x00, 0x01, 0x00, 0x01, 0x00, 0x00, 0x00, 0x00, 0x00, 0x00, 0x00, 0x00, 0x00,
  0x00, 0x00, 0x00, 0x00, 0x00, 0xA0, 0x00, 0x00, 0x80, 0x00, 0x00, 0x00, 0x02, 0x08, 0x00, 0x08,
  0x00, 0x08, 0x00, 0x20, 0x00, 0x40, 0x00, 0x08, 0x00, 0x40, 0x02, 0x04, 0x00, 0x28, 0x00, 0x44,
  0x00, 0x00, 0x04, 0x40, 0x00, 0x00, 0x04, 0x09, 0x00, 0x00, 0x00, 0x09, 0x00, 0x10, 0x02, 0x04,
  0x00, 0x04, 0x01, 0xA0, 0x01, 0x00, 0x00, 0x08, 0x00, 0x08, 0x01, 0x00, 0x02, 0x00, 0x04, 0x04,
  0x00, 0x00, 0x00, 0x08, 0x04, 0x08, 0x00, 0x18, 0x02, 0x00, 0x00, 0x00, 0x00, 0x40, 0x03, 0x0C,
  0x00, 0xA0, 0x08, 0x00, 0x05, 0x08, 0x81, 0x0C, 0x00, 0x00, 0x00, 0x80, 0x08, 0x88, 0x09, 0x04,
  0x00, 0xA0, 0x88, 0x80, 0x14, 0xA0, 0x01, 0x18, 0x00, 0x00, 0x01, 0x01, 0x0A, 0x00, 0x81, 0x12,
  0x03, 0x90, 0x0A, 0xC0, 0x03, 0x18, 0x4A, 0x90, 0x00, 0x00, 0x08, 0x18, 0x02, 0x06, 0x00, 0x10,
  0x44, 0x20, 0x10, 0x00, 0x28, 0x8A, 0x28, 0x08, 0x00, 0x08, 0x0C, 0x80, 0x11, 0x84, 0x00, 0x04,
  0x04, 0x00, 0x14, 0x01, 0x18, 0x80, 0x19, 0x02, 0x14, 0x04, 0x00, 0x00, 0x04, 0x09, 0x49, 0x03,
  0x48, 0x00, 0x0B, 0x80, 0x09, 0x00, 0x00, 0x01, 0x89, 0x02, 0x09, 0x00, 0x00, 0x00, 0x08, 0x01,
  0x8D, 0x00, 0x14, 0x00, 0x09, 0x00, 0x01, 0x00, 0x08, 0x00, 0x10, 0x00, 0x00, 0x01, 0x10, 0x00,
  0x09, 0x00, 0x19, 0x00, 0x04, 0x00, 0x00, 0x00, 0x99, 0x02, 0x00, 0x00, 0x00, 0x00, 0x40, 0x00,
  0x88, 0x00, 0x00, 0x00, 0x90, 0x09, 0x9C, 0x00, 0x90, 0x00, 0x08, 0x02, 0x80, 0x00, 0x80, 0x00,
  0x11, 0x00, 0x40, 0x00, 0x40, 0x00, 0x14, 0x00, 0x90, 0x02, 0x80, 0x00, 0x04, 0x00, 0x00, 0x08,
  0x01, 0x00, 0x08, 0x00, 0x91, 0x00, 0x40, 0x00, 0x09, 0x02, 0x01, 0x00, 0x01, 0x00, 0x10, 0x00,
  0x80, 0x00, 0x00, 0x00, 0x04, 0x00, 0x00, 0x00, 0x00, 0x00, 0x00, 0x00, 0x00, 0x00, 0x00, 0x00,
  0x00, 0x00, 0x00, 0x00, 0x00, 0x00, 0x00, 0x00, 0x00, 0x00, 0x00, 0x01, 0x00, 0x00, 0x00, 0x00,
  0x00, 0x01, 0x00, 0x00, 0x00, 0x00, 0x80, 0x01, 0x00, 0x01, 0x00, 0x04, 0x00, 0x04, 0x00, 0x01,
  0x00, 0x01, 0x00, 0x01, 0x00, 0x00, 0x10, 0x03, 0x00, 0x01, 0x00, 0x00, 0x00, 0x00, 0x10, 0x01,
  0x80, 0x01, 0x20, 0x00, 0x00, 0x00, 0x00, 0x01, 0x00, 0x08, 0x10, 0x00, 0x10, 0x00, 0x00, 0x00,
  0x40, 0x00, 0x20, 0x40, 0x40, 0x00, 0x40, 0x00, 0x10, 0x10, 0x42, 0x18, 0x10, 0x00, 0x00, 0x10,
  0x00, 0x01, 0x40, 0x01, 0x00, 0x00, 0x00, 0x00, 0x00, 0x01, 0x00, 0x40, 0x40, 0x00, 0x10, 0x08,
  0x00, 0x00, 0x10, 0x00, 0x40, 0x23, 0x12, 0x08, 0x10, 0x00, 0x10, 0x00, 0x80, 0x00, 0x82, 0x00,
  0x00, 0x02, 0x10, 0x00, 0x10, 0x00, 0x10, 0x02, 0x10, 0x00, 0x03, 0x10, 0x02, 0x10, 0x00, 0x10,
  0x10, 0x00, 0x80, 0x14, 0x00, 0x00, 0x00, 0x10, 0x40, 0x10, 0x09, 0x10, 0x10, 0x00, 0x19, 0x00,
  0x10, 0x00, 0x08, 0x80, 0x10, 0x00, 0x00, 0x00, 0x00, 0x00, 0x00, 0x20, 0x01, 0x00, 0x05, 0x00,
  0x03, 0x00, 0x00, 0x00, 0x01, 0x00, 0x01, 0x10, 0x01, 0x10, 0x00, 0x00, 0x00, 0x00, 0x01, 0x20,
  0x00, 0x00, 0x00, 0x00, 0x00, 0x00, 0x00, 0x00, 0x00, 0x00, 0x00, 0x20, 0x00, 0x10, 0x00, 0x20,
  0x80, 0x10, 0x02, 0x84, 0x00, 0x00, 0x00, 0x00, 0x08, 0x00, 0x00, 0x00, 0x00, 0xA0, 0x00, 0x80,
  0x00, 0x90, 0x02, 0x10, 0x00, 0x80, 0x02, 0x90, 0x00, 0x80, 0x00, 0x00, 0x00, 0x00, 0x00, 0x00,
  0x00, 0x10, 0x00, 0x10, 0x00, 0x10, 0x00, 0x10, 0x00, 0x80, 0x01, 0x00, 0x00, 0x00, 0x00, 0x00,
  0x01, 0x00, 0x01, 0x00, 0x00, 0x80, 0x00, 0x80, 0x00, 0x80, 0x01, 0x00, 0x00, 0x80, 0x00, 0x00,
  0x00, 0x00, 0x00, 0x00, 0x00, 0x00, 0x00, 0x00, 0x00, 0x00, 0x00, 0x00, 0x01, 0x00, 0x00, 0x00,
  0x00, 0x00, 0x00, 0x00, 0x00, 0x00, 0x00, 0x01, 0x00, 0x01, 0x00, 0x00, 0x00, 0x00, 0x90, 0x00,
  0x00, 0x00, 0x20, 0x01, 0x00, 0x00, 0x00, 0x80, 0x90, 0x82, 0x00, 0x80, 0x80, 0x00, 0x00, 0x00,
  0x00, 0x90, 0x00, 0x01, 0x00, 0x00, 0x00, 0x00, 0x80, 0x00, 0x00, 0x00, 0x00, 0x00, 0x00, 0x00,
  0x90, 0x00, 0x00, 0x00, 0x00, 0x04, 0x10, 0x00, 0x10, 0x00, 0x00, 0x00, 0x00, 0x00, 0x00, 0x00,
  0x00, 0x00, 0x10, 0x00, 0x10, 0x00, 0x10, 0x02, 0x01, 0x00, 0x00, 0x11, 0x00, 0x00, 0x30, 0x01,
  0x80, 0x00, 0x01, 0x80, 0xB0, 0x00, 0x80, 0x00, 0x30, 0x00, 0x00, 0x03, 0xA0, 0x00, 0x20, 0x00,
  0x00, 0x00, 0x00, 0x08, 0x20, 0x00, 0x00, 0x00, 0x40, 0x00, 0x40, 0x00, 0x80, 0x00, 0x00, 0x00,
  0x00, 0x00, 0x00, 0x00, 0x00, 0x00, 0x01, 0x10, 0x00, 0x10, 0x01, 0x00, 0x10, 0x08, 0x20, 0x01,
  0x00, 0x80, 0x08, 0x00, 0x00, 0x00, 0x00, 0x00, 0x10, 0x80, 0x00, 0x80, 0x00, 0x00, 0x08, 0x20,
  0x02, 0xA0, 0x02, 0x90, 0x01, 0x00, 0x82, 0x20, 0x01, 0xA0, 0x00, 0x80, 0x01, 0x80, 0x02, 0x00,
  0x00, 0x00, 0x00, 0x10, 0x01, 0x00, 0x00, 0x00, 0x00, 0x00, 0x00, 0x00, 0x00, 0x00, 0x00, 0x00,
  0x00, 0x00, 0x00, 0x40, 0x00, 0x00, 0x00, 0x00, 0x00, 0x00, 0x00, 0x00, 0x20, 0x11, 0x00, 0x41,
  0x00, 0x00, 0x00, 0x00, 0x08, 0x00, 0x00, 0x00, 0x00, 0x00, 0x00, 0x00, 0x01, 0x40, 0x80, 0x00,
  0x00, 0x00, 0x00, 0x00, 0x00, 0x00, 0x80, 0x00, 0x40, 0x00, 0x80, 0x00, 0x00, 0x10, 0x00, 0x00,
  0x00, 0x00, 0x00, 0x00, 0x20, 0x00, 0x00, 0x00, 0x01, 0x00, 0x00, 0x80, 0x00, 0x00, 0x00, 0x00,
  0x00, 0x20, 0x00, 0x00, 0x00, 0x00, 0x00, 0x00, 0x00, 0x00, 0x00, 0x00, 0x00, 0x00, 0x00, 0x00,
  0x00, 0x00, 0x00, 0x00, 0x00, 0x00, 0x00, 0x00, 0x00, 0x10, 0x00, 0x00, 0x00, 0x00, 0x00, 0x00,
  0x00, 0x02, 0x02, 0x00, 0x00, 0x00, 0x02, 0x00, 0x40, 0x00, 0x00, 0x00, 0x00, 0x00, 0x00, 0x00,
  0x00, 0x00, 0x00, 0x12, 0x00, 0x11, 0xC0, 0x10, 0x10, 0x00, 0x00, 0x00, 0x80, 0x00, 0x20, 0x00,
  0x00, 0x00, 0x00, 0x00, 0xD0, 0x00, 0x10, 0x00, 0x40, 0x00, 0x20, 0x00, 0x80, 0x00, 0x00, 0x00,
  0x00, 0x05, 0x00, 0x06, 0x40, 0x01, 0x00, 0x00, 0x40, 0x06, 0x60, 0x05, 0x40, 0x01, 0x00, 0x02,
  0x00, 0x20, 0x00, 0x20, 0x14, 0x00, 0x00, 0x04, 0x00, 0x08, 0x00, 0x08, 0x15, 0x00, 0x04, 0x20,
  0x00, 0x08, 0xD0, 0x05, 0x00, 0x00, 0x20, 0x04, 0x15, 0x01, 0x10, 0x02, 0x00, 0x20, 0x10, 0x05,
  0x10, 0x00, 0x12, 0x02, 0x00, 0x05, 0x00, 0x00, 0x20, 0x01, 0x40, 0x00, 0x00, 0x00, 0x10, 0x01,
  0x00, 0x00, 0x08, 0x01, 0x00, 0x00, 0x44, 0x10, 0x00, 0x00, 0x02, 0x10, 0x02, 0x10, 0x02, 0x00,
  0x02, 0x10, 0x02, 0x10, 0x00, 0x10, 0x00, 0x10, 0x22, 0x00, 0x02, 0x00, 0x26, 0x10, 0x00, 0x00,
  0x04, 0x00, 0x16, 0x20, 0x00, 0x10, 0x01, 0x10, 0x00, 0x10, 0x00, 0x00, 0x00, 0x80, 0x00, 0x00,
  0x00, 0x10, 0x00, 0x00, 0x06, 0x00, 0x06, 0x20, 0x00, 0x00, 0x01, 0x01, 0x00, 0x40, 0x00, 0x01,
  0x00, 0x00, 0x00, 0x05, 0x00, 0x10, 0x00, 0x20, 0x06, 0x00, 0x00, 0x00, 0x06, 0x05, 0x05, 0x00,
  0x00, 0x00, 0x00, 0x00, 0x00, 0x50, 0x00, 0x40, 0x04, 0x10, 0x00, 0x00, 0x06, 0x40, 0x01, 0x40,
  0x00, 0x40, 0x00, 0x00, 0x00, 0x40, 0x60, 0x00, 0x00, 0x00, 0x00, 0x10, 0x02, 0x10, 0x00, 0x10,
  0x00, 0x40, 0x00, 0x00, 0x00, 0x00, 0x00, 0x20, 0x00, 0x00, 0x00, 0x00, 0x00, 0x00, 0x00, 0x40,
  0x00, 0x42, 0x00, 0x00, 0x00, 0x40, 0x02, 0x00, 0x02, 0x00, 0x00, 0x00, 0x00, 0x00, 0x00, 0x00,
  0x00, 0x00, 0x00, 0x00, 0x00, 0x00, 0x00, 0x00, 0x00, 0x00, 0x00, 0x00, 0x00, 0x02, 0x02, 0x06,
  0x00, 0x02, 0x02, 0x00, 0x40, 0x04, 0x00, 0x00, 0x00, 0x00, 0x00, 0x06, 0x00, 0x04, 0x00, 0x00,
  0x00, 0x08, 0x00, 0x04, 0x00, 0x04, 0x00, 0x04, 0x20, 0x00, 0x00, 0x04, 0x00, 0x04, 0x00, 0x00,
  0x00, 0x00, 0x00, 0x04, 0x00, 0x04, 0x00, 0x00, 0x20, 0x00, 0x00, 0x04, 0x00, 0x00, 0x00, 0x00,
  0x80, 0xA2, 0x00, 0x00, 0x90, 0x00, 0x40, 0x10, 0x90, 0x02, 0x00, 0x02, 0x00, 0x00, 0x01, 0x03,
  0x00, 0x00, 0x00, 0x00, 0x00, 0x03, 0x43, 0x02, 0x00, 0x03, 0x00, 0x03, 0x43, 0x03, 0x03, 0x10,
  0x40, 0xA3, 0x00, 0x00, 0x80, 0x02, 0x40, 0x02, 0x10, 0x09, 0x01, 0x00, 0x40, 0x00, 0x02, 0x02,
  0x03, 0x00, 0x01, 0x00, 0x00, 0x00, 0x90, 0x00, 0x10, 0x00, 0x00, 0x00, 0x10, 0x00, 0x00, 0x02,
  0x01, 0x00, 0x40, 0x00, 0x00, 0x04, 0x02, 0x00, 0x02, 0x00, 0x06, 0x10, 0x12, 0x00, 0x02, 0x00,
  0x00, 0x00, 0x10, 0x00, 0x02, 0x00, 0x02, 0x00, 0x08, 0x80, 0x08, 0x00, 0x00, 0x00, 0x08, 0x80,
  0x06, 0x40, 0x04, 0x00, 0x04, 0x00, 0x08, 0x00, 0x07, 0x20, 0x04, 0x00, 0x06, 0x00, 0x00, 0x00,
  0x00, 0x00, 0x04, 0x00, 0x00, 0x00, 0x02, 0x02, 0x00, 0x80, 0x00, 0x82, 0x00, 0x00, 0x00, 0x10,
  0x00, 0x00, 0x00, 0x00, 0x00, 0x02, 0x01, 0x00, 0x00, 0x00, 0x00, 0x00, 0x00, 0x00, 0x00, 0x00,
  0x00, 0x00, 0x00, 0x00, 0x00, 0x00, 0x11, 0x10, 0x00, 0x00, 0x00, 0x10, 0x00, 0x00, 0x10, 0x00,
  0x40, 0x40, 0x40, 0x00, 0x00, 0x00, 0x00, 0x00, 0x02, 0x00, 0x00, 0x00, 0x40, 0x00, 0x04, 0x00,
  0x02, 0x00, 0x00, 0x00, 0x04, 0x00, 0x04, 0x00, 0x00, 0x00, 0x00, 0x00, 0x00, 0x02, 0x04, 0x00,
  0x00, 0x00, 0x02, 0x00, 0x02, 0x00, 0x00, 0x00, 0x00, 0x00, 0x00, 0x00, 0x00, 0x00, 0x00, 0x00,
  0x00, 0x00, 0x22, 0x10, 0x20, 0x00, 0x14, 0x00, 0x00, 0x00, 0x00, 0x00, 0x10, 0x00, 0x10, 0x00,
  0x00, 0x00, 0x00, 0x10, 0x10, 0x00, 0x50, 0x01, 0x13, 0x00, 0x00, 0x04, 0x30, 0x00, 0x50, 0x14,
  0x01, 0x08, 0x41, 0x40, 0x10, 0x00, 0x10, 0x00, 0x22, 0x40, 0x00, 0x00, 0x50, 0x00, 0x50, 0x80,
  0x03, 0x00, 0x00, 0x10, 0x10, 0x00, 0x50, 0x00, 0x93, 0x18, 0x40, 0x00, 0x40, 0x00, 0x00, 0x00,
  0x00, 0x00, 0x02, 0x00, 0x10, 0x00, 0x10, 0x00, 0x04, 0x04, 0x08, 0x01, 0x90, 0x00, 0x40, 0x10,
  0x14, 0x00, 0x00, 0x04, 0x90, 0x00, 0x10, 0x80, 0x00, 0x00, 0x06, 0x01, 0x90, 0x02, 0x10, 0x32,
  0x10, 0x04, 0x80, 0x00, 0x48, 0x00, 0x30, 0xAC, 0x14, 0x10, 0x00, 0x40, 0x50, 0x00, 0x10, 0x00,
  0x00, 0x10, 0x6C, 0x01, 0x50, 0x00, 0x10, 0x41, 0x01, 0x00, 0x00, 0x00, 0x00, 0xB0, 0x00, 0x10,
  0x00, 0x00, 0x0A, 0x00, 0x02, 0x90, 0x00, 0x10, 0x01, 0x02, 0x00, 0x00, 0x21, 0x90, 0x01, 0x00,
  0x01, 0x02, 0x04, 0x41, 0x94, 0x90, 0x01, 0x50, 0x01, 0x50, 0x04, 0x04, 0x00, 0x90, 0x02, 0x10,
  0x49, 0x02, 0x00, 0x12, 0x20, 0x90, 0x00, 0x10, 0x40, 0x02, 0x18, 0x02, 0x10, 0x10, 0x02, 0x50,
  0x02, 0x45, 0x00, 0x20, 0x40, 0x80, 0x00, 0x00, 0x92, 0x10, 0x40, 0x02, 0x00, 0x00, 0x00, 0x00,
  0x80, 0x52, 0x10, 0x60, 0x10, 0x00, 0x00, 0x40, 0x00, 0x41, 0x20, 0x01, 0x80, 0x00, 0x00, 0x00,
  0x00, 0x00, 0x01, 0xA0, 0x11, 0x10, 0x00, 0x41, 0x90, 0x83, 0x00, 0x52, 0x00, 0x10, 0x00, 0x44,
  0x22, 0x01, 0x01, 0x40, 0x00, 0x00, 0x00, 0x10, 0x20, 0x62, 0x00, 0x00, 0x00, 0x00, 0x00, 0x50,
  0x00, 0x03, 0x00, 0x20, 0x40, 0x00, 0x00, 0x50, 0x10, 0x01, 0x00, 0x00, 0x40, 0x00, 0x00, 0x50,
  0x00, 0x01, 0x00, 0x00, 0x00, 0x00, 0x00, 0x00, 0x00, 0x00, 0x00, 0x00, 0x00, 0x00, 0x00, 0x40,
  0x90, 0x00, 0x00, 0x00, 0x02, 0x00, 0x01, 0x10, 0x00, 0x00, 0x01, 0x00, 0x00, 0x28, 0x05, 0x10,
  0x00, 0x00, 0x01, 0x08, 0x00, 0x28, 0x00, 0x08, 0x80, 0x00, 0x06, 0x02, 0x44, 0x52, 0x00, 0x10,
  0x00, 0x00, 0x01, 0x08, 0x00, 0x28, 0x28, 0x00, 0x20, 0x00, 0x06, 0x08, 0x00, 0x68, 0x20, 0x88,
  0x00, 0x00, 0x00, 0x04, 0x40, 0x00, 0x20, 0x00, 0x20, 0x00, 0x06, 0x00, 0x00, 0x40, 0x00, 0x20,
  0x00, 0x00, 0x00, 0x00, 0x00, 0x01, 0x20, 0x08, 0x20, 0x00, 0x2E, 0x88, 0x00, 0x00, 0x46, 0x08,
  0x20, 0x00, 0x06, 0x00, 0x80, 0x80, 0x00, 0x00, 0x20, 0x00, 0x06, 0x88, 0x04, 0x60, 0x29, 0x00,
  0x20, 0x00, 0x06, 0x00, 0x42, 0x00, 0x00, 0x02, 0x20, 0x24, 0x06, 0x04, 0x8C, 0x42, 0x00, 0x10,
  0x20, 0x00, 0x00, 0x00, 0x2C, 0x10, 0x00, 0x00, 0x00, 0x00, 0x00, 0x06, 0x00, 0x00, 0x10, 0x54,
  0x08, 0x20, 0x00, 0x06, 0x05, 0x40, 0x40, 0x94, 0x00, 0x20, 0x00, 0x08, 0x00, 0x20, 0xA0, 0x01,
  0x08, 0x20, 0x00, 0x06, 0x00, 0x00, 0x50, 0x80, 0x10, 0x20, 0x00, 0x46, 0x00, 0x01, 0xA8, 0x41,
  0x10, 0x20, 0x04, 0x06, 0x2A, 0x00, 0x40, 0x80, 0x00, 0x00, 0x00, 0x01, 0x08, 0x00, 0x20, 0x08,
  0x28, 0x20, 0x02, 0x01, 0x00, 0x00, 0x4A, 0x88, 0x10, 0x00, 0x02, 0x28, 0x0A, 0x02, 0x48, 0x00,
  0x90, 0x00, 0x00, 0x00, 0x88, 0x00, 0x10, 0x00, 0x00, 0x00, 0x00, 0x00, 0x00, 0x40, 0x08, 0x04,
  0x08, 0x00, 0x00, 0x00, 0x00, 0x40, 0x10, 0x45, 0x08, 0x00, 0x00, 0x22, 0x04, 0x0C, 0x28, 0x10,
  0x20, 0x00, 0x00, 0x01, 0x84, 0x00, 0x28, 0x00, 0x00, 0x00, 0x00, 0x01, 0x00, 0x00, 0x28, 0x80,
  0x00, 0x00, 0x00, 0x01, 0x00, 0x00, 0x28, 0x00, 0x00, 0x00, 0x00, 0x00, 0x00, 0x00, 0x00, 0x00,
  0x00, 0x00, 0x00, 0x00, 0x00, 0x00, 0x00, 0x00, 0x20, 0x00, 0x09, 0x24, 0x00, 0x00, 0x01, 0x00,
  0x00, 0x00, 0x00, 0x04, 0x00, 0x00, 0x04, 0x00, 0x00, 0x04, 0x00, 0x48, 0x00, 0x00, 0x04, 0x00,
  0x20, 0x24, 0x00, 0x00, 0x00, 0x00, 0x04, 0x40, 0x00, 0x24, 0x44, 0x04, 0x00, 0x00, 0x04, 0x41,
  0x41, 0x04, 0x10, 0x00, 0x00, 0x00, 0x04, 0x10, 0xC0, 0x24, 0x14, 0x04, 0x00, 0x01, 0x04, 0x80,
  0x20, 0x24, 0x08, 0x00, 0x00, 0x00, 0x00, 0x00, 0x00, 0x10, 0x01, 0x25, 0x20, 0x00, 0x04, 0x00,
  0x01, 0x88, 0x45, 0x08, 0x20, 0x01, 0x00, 0x89, 0x60, 0x08, 0x0A, 0x00, 0x20, 0x00, 0x04, 0x46,
  0xA0, 0x18, 0x40, 0x40, 0x20, 0x00, 0x44, 0x08, 0x63, 0x28, 0x08, 0xA3, 0x20, 0x02, 0x04, 0x03,
  0x20, 0x20, 0x02, 0x24, 0x20, 0x08, 0x04, 0x00, 0x81, 0x28, 0x00, 0x08, 0x00, 0x00, 0x05, 0x14,
  0x60, 0x28, 0x00, 0x00, 0x00, 0x00, 0x00, 0x04, 0x00, 0x21, 0x80, 0x08, 0x00, 0x20, 0x00, 0x04,
  0x10, 0x20, 0x11, 0x88, 0x20, 0x20, 0x02, 0x19, 0x46, 0x61, 0x28, 0x00, 0x00, 0x20, 0x00, 0x84,
  0x14, 0x21, 0x28, 0x00, 0x04, 0x20, 0x02, 0x24, 0x24, 0x60, 0x88, 0x00, 0x85, 0x20, 0x08, 0x04,
  0x80, 0x60, 0x01, 0x8C, 0x23, 0x20, 0x02, 0x04, 0x40, 0x02, 0x20, 0x48, 0x02, 0x00, 0x02, 0x00,
  0x0C, 0x23, 0x11, 0x01, 0x00, 0x00, 0x00, 0x80, 0x20, 0x22, 0x01, 0x08, 0x00, 0x00, 0x00, 0x01,
  0x21, 0x00, 0x20, 0x00, 0x00, 0x00, 0x00, 0x00, 0x00, 0x00, 0x00, 0x08, 0x08, 0x20, 0x00, 0x00,
  0x1C, 0x20, 0x28, 0x01, 0x02, 0x20, 0x00, 0x00, 0x00, 0x00, 0x22, 0x04, 0x00, 0x20, 0x00, 0x04,
  0x00, 0x80, 0x04, 0x00, 0x00, 0x20, 0x00, 0x04, 0x00, 0x00, 0x24, 0x0D, 0x28, 0x20, 0x00, 0x04,
  0x08, 0x40, 0x24, 0x90, 0x00, 0x20, 0x00, 0x04, 0x00, 0x00, 0x20, 0x00, 0x00, 0x00, 0x00, 0x00,
  0x00, 0x00, 0x00, 0x00, 0x00, 0x80, 0x00, 0x00, 0x20, 0x00, 0x02, 0x00, 0x00, 0x40, 0x00, 0x20,
  0x20, 0x00, 0x01, 0x00, 0x00, 0x10, 0x0A, 0x00, 0x20, 0x03, 0x21, 0x00, 0x08, 0x10, 0x00, 0x00,
  0x20, 0x01, 0x00, 0x90, 0x84, 0x00, 0x00, 0x60, 0x20, 0x00, 0x01, 0x82, 0x0A, 0x10, 0x20, 0x00,
  0x20, 0x01, 0x00, 0x24, 0x88, 0x00, 0x04, 0x00, 0x20, 0x03, 0x00, 0x81, 0x08, 0x24, 0x00, 0x00,
  0x00, 0x00, 0x00, 0x00, 0x00, 0x00, 0x00, 0x81, 0x00, 0x00, 0x00, 0x00, 0x08, 0x00, 0x83, 0x21,
  0x00, 0x02, 0x40, 0x00, 0x48, 0x09, 0xA1, 0x20, 0x00, 0x00, 0x00, 0x24, 0x29, 0x0A, 0x80, 0x01,
  0x00, 0x00, 0x00, 0x00, 0x80, 0x04, 0x22, 0x22, 0x00, 0x03, 0x00, 0x40, 0x08, 0x10, 0x02, 0x21,
  0x00, 0x08, 0x00, 0x44, 0x40, 0x08, 0x04, 0x01, 0x20, 0x00, 0x92, 0x00, 0x40, 0x12, 0x00, 0x00,
  0x00, 0x20, 0x00, 0x00, 0x00, 0x31, 0x10, 0x00, 0x00, 0x00, 0x00, 0x00, 0xC4, 0x24, 0x0C, 0x03,
  0x51, 0x00, 0x00, 0x00, 0xC4, 0x10, 0x04, 0x00, 0x00, 0x00, 0x00, 0x40, 0xA5, 0x11, 0x04, 0x04,
  0x00, 0x00, 0x00, 0x00, 0x10, 0xA8, 0x02, 0x80, 0x01, 0x00, 0x00, 0x00, 0x04, 0x68, 0x04, 0x09,
  0x41, 0x00, 0x01, 0x01, 0xC5, 0x00, 0x10, 0x02, 0x40, 0x00, 0x00, 0x04, 0x08, 0x01, 0x00, 0x04,
  0x10, 0x00, 0x00, 0x00, 0x02, 0x00, 0x41, 0x02, 0x50, 0x00, 0x00, 0x44, 0x02, 0x00, 0x00, 0x00,
  0x00, 0x00, 0x00, 0x00, 0x00, 0x80, 0x01, 0x13, 0x41, 0x00, 0x01, 0x04, 0x00, 0xA4, 0x29, 0x04,
  0x20, 0x00, 0x01, 0x04, 0xC4, 0x00, 0x10, 0x00, 0x80, 0x08, 0x00, 0x01, 0x01, 0x06, 0x12, 0x80,
  0x00, 0x08, 0x01, 0x01, 0x00, 0x08, 0x14, 0x0A, 0x20, 0x08, 0x03, 0x21, 0x00, 0x49, 0x10, 0x00,
  0x20, 0x08, 0x01, 0x00, 0x00, 0x09, 0x00, 0x00, 0x00, 0x00, 0x00, 0x00, 0x00, 0x00, 0x00, 0x00,
  0x24, 0x00, 0x00, 0x00, 0x00, 0x04, 0x04, 0x00, 0x40, 0x00, 0x00, 0x00, 0x00, 0x40, 0x00, 0x00,
  0x00, 0x80, 0x00, 0x00, 0x00, 0x40, 0x40, 0x00, 0x51, 0x10, 0x00, 0x00, 0x00, 0x40, 0x00, 0x00,
  0x40, 0x00, 0x00, 0x00, 0x40, 0x40, 0x00, 0x00, 0x40, 0x10, 0x01, 0x20, 0x00, 0x40, 0x10, 0x00,
  0x40, 0x80, 0x01, 0x02, 0x08, 0x44, 0x40, 0x00, 0x70, 0x20, 0x01, 0x30, 0x48, 0x00, 0x00, 0x00,
  0x00, 0x00, 0x08, 0x00, 0x20, 0x01, 0x00, 0x00, 0x00, 0x10, 0x01, 0x02, 0x00, 0x45, 0x01, 0x00,
  0x10, 0x00, 0x04, 0x01, 0x04, 0x00, 0x00, 0x00, 0x00, 0x10, 0x00, 0x01, 0x90, 0x05, 0x20, 0x02,
  0x11, 0x80, 0x41, 0x00, 0x48, 0x04, 0x08, 0x20, 0x10, 0x04, 0x04, 0x10, 0x50, 0x00, 0x00, 0x00,
  0x00, 0x80, 0x01, 0x20, 0x42, 0x05, 0x00, 0x00, 0x71, 0x80, 0x00, 0x00, 0x00, 0x04, 0x00, 0x01,
  0x00, 0x00, 0x00, 0x00, 0x04, 0x00, 0x00, 0x00, 0x00, 0x40, 0x00, 0x04, 0x08, 0x00, 0x41, 0x01,
  0x01, 0x11, 0x00, 0x00, 0x01, 0x00, 0x00, 0x04, 0x00, 0x00, 0x10, 0x04, 0x00, 0x00, 0x00, 0x00,
  0x00, 0x00, 0x00, 0x04, 0x00, 0x00, 0x00, 0x02, 0x00, 0x40, 0x40, 0x00, 0x08, 0x00, 0x44, 0x01,
  0x01, 0x10, 0x10, 0x03, 0x20, 0x00, 0x40, 0x00, 0x00, 0x40, 0x10, 0x08, 0x80, 0x01, 0x01, 0x10,
  0x00, 0x40, 0x10, 0x00, 0x21, 0x00, 0x81, 0x00, 0x00, 0x10, 0x20, 0x00, 0x10, 0x00, 0x00, 0x00,
  0x00, 0x00, 0x08, 0x40, 0x41, 0x00, 0x80, 0x01, 0x00, 0x50, 0x00, 0x05, 0x20, 0x80, 0x04, 0x11,
  0x00, 0x69, 0x00, 0x00, 0x00, 0x40, 0x40, 0x40, 0x00, 0x01, 0x10, 0x00, 0x00, 0x00, 0x40, 0x00,
  0x00, 0x40, 0x80, 0x00, 0x00, 0x40, 0x40, 0x10, 0x00, 0x44, 0x00, 0x00, 0x00, 0x06, 0x04, 0x00,
  0x00, 0x60, 0x80, 0x00, 0x00, 0x00, 0x00, 0x00, 0x00, 0x00, 0x00, 0x00, 0x80, 0x00, 0x00, 0x00,
  0x2A, 0x08, 0x01, 0x00, 0x00, 0x00, 0x00, 0x11, 0x00, 0x40, 0x00, 0x00, 0x00, 0x10, 0x90, 0x11,
  0x00, 0xC0, 0x00, 0x00, 0x00, 0x00, 0x00, 0x03, 0x00, 0x48, 0x20, 0x00, 0x80, 0x00, 0x20, 0x02,
  0x09, 0x40, 0x02, 0x00, 0x00, 0x30, 0x00, 0x11, 0x08, 0x08, 0x00, 0x00, 0x00, 0x10, 0x08, 0x08,
  0x09, 0x44, 0x10, 0x00, 0x21, 0x40, 0x88, 0x00, 0x08, 0x88, 0x20, 0x00, 0x02, 0x20, 0x00, 0x28,
  0x00, 0x00, 0x00, 0x00, 0x81, 0x80, 0x00, 0x00, 0x00, 0x04, 0x01, 0x02, 0x50, 0x00, 0x00, 0x01,
  0x00, 0x00, 0x22, 0x02, 0x60, 0x10, 0x08, 0x08, 0x08, 0x88, 0x10, 0x04, 0x00, 0x20, 0x00, 0x02,
  0x10, 0x88, 0x30, 0x02, 0x40, 0x00, 0x0C, 0x00, 0x01, 0x00, 0x10, 0x02, 0xC3, 0x40, 0x02, 0x02,
  0x00, 0x06, 0x00, 0x00, 0x04, 0x20, 0x00, 0x40, 0x22, 0x14, 0x08, 0x01, 0x04, 0x80, 0x40, 0x08,
  0x00, 0x0C, 0xC0, 0x00, 0x00, 0x40, 0x20, 0x04, 0x00, 0x00, 0x88, 0x00, 0x04, 0x01, 0x00, 0x00,
  0x29, 0x01, 0x00, 0x00, 0x02, 0x10, 0x30, 0x00, 0x23, 0x00, 0x00, 0x00, 0x04, 0x80, 0x20, 0x06,
  0x20, 0x00, 0x0A, 0x00, 0x04, 0x80, 0x00, 0x02, 0x22, 0x00, 0x85, 0x20, 0x04, 0x60, 0x28, 0x82,
  0x22, 0x00, 0x42, 0x00, 0x04, 0x40, 0x20, 0x88, 0x03, 0x00, 0x80, 0x00, 0x00, 0x80, 0x80, 0x00,
  0x01, 0x00, 0x80, 0x00, 0x02, 0xC0, 0x00, 0x00, 0x00, 0x00, 0x80, 0x00, 0x00, 0x00, 0x28, 0x00,
  0x08, 0x80, 0xC2, 0x04, 0x80, 0x40, 0x40, 0x20, 0x65, 0x16, 0x06, 0x22, 0x00, 0x84, 0x80, 0x08,
  0x12, 0x00, 0x40, 0x02, 0x04, 0x00, 0x30, 0x00, 0x11, 0x09, 0x40, 0x00, 0x00, 0x00, 0x10, 0x08,
  0x03, 0x09, 0x40, 0x02, 0x00, 0x00, 0x10, 0x00, 0x11, 0x00, 0x44, 0x20, 0x00, 0x10, 0x10, 0x00,
  0x00, 0x00, 0x00, 0x00, 0x00, 0x00, 0x00, 0x00, 0x00, 0x00, 0x00, 0x00, 0x00, 0x04, 0x00, 0x00,
  0x80, 0x00, 0x00, 0x00, 0x00, 0x00, 0x00, 0x00, 0x00, 0x00, 0x00, 0x80, 0x02, 0x00, 0x00, 0x08,
  0x42, 0x20, 0x00, 0x54, 0x00, 0x00, 0x60, 0x04, 0x40, 0x90, 0x40, 0x55, 0x00, 0x01, 0x50, 0x08,
  0x82, 0x00, 0x00, 0x00, 0x00, 0x50, 0x80, 0x0A, 0x40, 0x00, 0x20, 0x11, 0x40, 0x00, 0x00, 0x04,
  0x40, 0x10, 0x00, 0x00, 0x00, 0x20, 0x40, 0x00, 0x06, 0x00, 0x04, 0x00, 0x00, 0x00, 0x40, 0x00,
  0x00, 0x20, 0x00, 0x20, 0x00, 0x42, 0x40, 0x00, 0x00, 0x90, 0x04, 0x68, 0x40, 0x02, 0x40, 0x00,
  0x02, 0x00, 0x20, 0x02, 0x00, 0x04, 0x05, 0x00, 0x40, 0x10, 0x00, 0x15, 0x02, 0x00, 0x42, 0x00,
  0x00, 0x00, 0x00, 0x04, 0x8A, 0x01, 0x40, 0x00, 0x04, 0x10, 0x00, 0x10, 0x00, 0x82, 0x00, 0x04,
  0x41, 0x10, 0x00, 0x08, 0x60, 0x18, 0x80, 0x00, 0x00, 0x02, 0x00, 0x20, 0x09, 0x00, 0x00, 0x00,
  0x04, 0x02, 0x50, 0x00, 0x0A, 0x00, 0x40, 0x69, 0x00, 0x40, 0xA0, 0x00, 0x00, 0x05, 0x42, 0x01,
  0x00, 0x80, 0x00, 0x04, 0x04, 0x01, 0x00, 0x08, 0x00, 0x02, 0x50, 0x00, 0x04, 0x00, 0x10, 0x09,
  0x00, 0x82, 0x40, 0x00, 0x01, 0x02, 0x00, 0x0A, 0x00, 0x02, 0x10, 0x00, 0x00, 0x02, 0x00, 0x00,
  0x00, 0x00, 0x00, 0x04, 0x0C, 0x04, 0x80, 0x28, 0x08, 0x01, 0x20, 0x00, 0x00, 0x04, 0x40, 0x65,
  0x08, 0x00, 0x00, 0x00, 0x10, 0x04, 0x00, 0x00, 0x00, 0x00, 0x00, 0x20, 0x12, 0x04, 0x01, 0x41,
  0x8A, 0x04, 0x00, 0x44, 0x04, 0x42, 0x42, 0x21, 0x00, 0x82, 0x40, 0x20, 0x11, 0x00, 0x00, 0x25,
  0x00, 0x09, 0x00, 0x00, 0x00, 0x00, 0x00, 0x00, 0x00, 0x40, 0x00, 0x40, 0x4C, 0x00, 0x00, 0x80,
  0x08, 0x42, 0x40, 0x00, 0x00, 0x02, 0x00, 0x00, 0x00, 0x40, 0x00, 0x00, 0x00, 0x00, 0x00, 0x00,
  0x00, 0x00, 0x00, 0x00, 0x2A, 0x00, 0x00, 0x00, 0x40, 0x20, 0x00, 0x00, 0x00, 0x00, 0x00, 0x00,
  0x00, 0x00, 0x00, 0x00, 0x00, 0x00, 0x00, 0x10, 0x00, 0x00, 0x20, 0x01, 0x00, 0x80, 0x00, 0x10,
  0x00, 0x20, 0x02, 0x00, 0x01, 0x80, 0x00, 0x10, 0x04, 0x00, 0x00, 0x02, 0x00, 0x00, 0x00, 0x00,
  0x01, 0x00, 0x00, 0x00, 0x00, 0x00, 0x00, 0x20, 0x00, 0x00, 0x24, 0x01, 0x02, 0x00, 0x00, 0x08,
  0x00, 0x00, 0x18, 0x06, 0x00, 0x00, 0x00, 0x00, 0x04, 0x00, 0x00, 0x04, 0x00, 0x00, 0x30, 0x01,
  0x02, 0x80, 0x80, 0x06, 0x24, 0x00, 0x00, 0x02, 0x06, 0x00, 0x90, 0x06, 0x20, 0x40, 0x00, 0x08,
  0x00, 0x22, 0x42, 0x00, 0x81, 0x00, 0x22, 0x90, 0x40, 0x14, 0x02, 0x0E, 0x03, 0x80, 0xA0, 0x09,
  0x00, 0x00, 0x02, 0x04, 0x28, 0x00, 0x01, 0x00, 0x04, 0x00, 0x38, 0x01, 0x00, 0x00, 0x00, 0x00,
  0x00, 0x42, 0x10, 0x00, 0x00, 0x00, 0x00, 0x00, 0x02, 0x00, 0x00, 0x00, 0x01, 0x00, 0x00, 0x00,
  0x02, 0x02, 0x20, 0x00, 0x00, 0x80, 0x40, 0x28, 0x00, 0x00, 0x00, 0x80, 0x00, 0x21, 0x00, 0x28,
  0x00, 0x03, 0x40, 0x10, 0x00, 0x00, 0x00, 0x29, 0x05, 0x03, 0x02, 0x10, 0x00, 0x00, 0x10, 0x01,
  0x00, 0x00, 0x42, 0x50, 0x00, 0x92, 0x08, 0x10, 0x00, 0x00, 0x81, 0x00, 0x02, 0x01, 0x10, 0x00,
  0x20, 0x00, 0x00, 0x00, 0x00, 0x40, 0x00, 0x00, 0x4C, 0x00, 0x00, 0x04, 0x00, 0x02, 0x10, 0x28,
  0x00, 0x00, 0x00, 0x00, 0x00, 0x01, 0x00, 0x02, 0x00, 0x80, 0x02, 0x10, 0x00, 0x01, 0x00, 0x02,
  0x00, 0x04, 0x00, 0x00, 0x04, 0x00, 0x10, 0x00, 0x00, 0x04, 0x00, 0x20, 0x01, 0x00, 0x00, 0x00,
  0x00, 0x00, 0x00, 0x00, 0x00, 0x00, 0x00, 0x00, 0x10, 0x08, 0x00, 0x10, 0x02, 0x02, 0x80, 0x00,
  0x00, 0x00, 0x00, 0x40, 0x00, 0x00, 0x00, 0x00, 0x00, 0x00, 0x00, 0x00, 0x00, 0x00, 0x00, 0x00,
  0x00, 0x00, 0x00, 0x00, 0x40, 0x00, 0x00, 0x00, 0x00, 0x08, 0x00, 0x00, 0x40, 0x00, 0x00, 0x00,
  0x00, 0x00, 0xA0, 0x00, 0x00, 0x00, 0x10, 0x90, 0x02, 0x88, 0x00, 0x00, 0x08, 0x00, 0x00, 0x80,
  0x04, 0x00, 0x00, 0x20, 0x50, 0x00, 0x40, 0x90, 0x00, 0x08, 0x00, 0x00, 0x01, 0x00, 0x00, 0x80,
  0x02, 0x04, 0x00, 0x00, 0x00, 0x00, 0x04, 0x90, 0x02, 0x00, 0x00, 0x00, 0x06, 0x00, 0x18, 0x10,
  0x01, 0x80, 0x10, 0x00, 0x04, 0x00, 0x00, 0x00, 0x00, 0x40, 0xA0, 0x10, 0x00, 0x00, 0x18, 0x00,
  0x28, 0x01, 0x00, 0x00, 0x86, 0x00, 0x00, 0x80, 0x00, 0x00, 0x80, 0x00, 0x00, 0x02, 0x00, 0x88,
  0x20, 0x00, 0x40, 0x40, 0x50, 0x01, 0x04, 0x10, 0x81, 0x80, 0x00, 0x40, 0x10, 0x00, 0x44, 0x08,
  0x02, 0x00, 0x64, 0x00, 0x08, 0x02, 0x24, 0x10, 0x2C, 0x40, 0x00, 0x21, 0x00, 0x42, 0x01, 0x00,
  0x00, 0x00, 0x04, 0x00, 0x00, 0x04, 0x00, 0x00, 0x90, 0x00, 0x08, 0x80, 0x00, 0x40, 0x00, 0x00,
  0x80, 0x01, 0x20, 0x00, 0x00, 0x00, 0x00, 0x00, 0x90, 0x00, 0x01, 0x00, 0x00, 0x0B, 0x00, 0x00,
  0x00, 0x05, 0x50, 0x00, 0x00, 0x0B, 0x00, 0x00, 0x20, 0x21, 0x40, 0x00, 0x00, 0x14, 0x00, 0x02,
  0x00, 0x0C, 0x18, 0x64, 0x00, 0x08, 0x00, 0x00, 0xA8, 0x01, 0x04, 0x80, 0x10, 0x03, 0x00, 0x00,
  0x30, 0x04, 0x00, 0x00, 0x00, 0x80, 0x00, 0x40, 0x10, 0x20, 0x00, 0x00, 0x00, 0x00, 0x00, 0x00,
  0x08, 0x00, 0x00, 0x44, 0x01, 0x04, 0x00, 0x10, 0x08, 0x02, 0x09, 0x00, 0x20, 0x06, 0x00, 0x00,
  0x30, 0x51, 0x40, 0x40, 0x60, 0x00, 0x02, 0x00, 0x80, 0x00, 0x00, 0x00, 0x00, 0x00, 0x00, 0x00,
  0x90, 0x00, 0x04, 0x40, 0x10, 0x01, 0x00, 0x00, 0x00, 0x04, 0x00, 0x00, 0x00, 0x00, 0x00, 0x08,
  0x80, 0x00, 0x00, 0x00, 0x00, 0x00, 0x00, 0x00, 0x00, 0x00, 0x00, 0x00, 0x20, 0x00, 0x04, 0x00,
  0x00, 0x00, 0x00, 0x10, 0x00, 0x00, 0x00, 0x00, 0x00, 0x00, 0x00, 0x00, 0x00, 0x20, 0x00, 0x00,
  0x04, 0x00, 0x00, 0x00, 0x02, 0x04, 0x80, 0x00, 0x20, 0x00, 0x00, 0x00, 0x00, 0x08, 0x00, 0x80,
  0x02, 0x00, 0x08, 0x00, 0x05, 0x04, 0x00, 0x00, 0x00, 0x00, 0x18, 0x20, 0x00, 0x00, 0x40, 0x80,
  0x14, 0x80, 0x40, 0x00, 0x01, 0x01, 0xA0, 0x60, 0x00, 0x00, 0x40, 0x00, 0x04, 0x00, 0x00, 0x00,
  0x00, 0x00, 0x00, 0x00, 0x00, 0x00, 0x00, 0x80, 0x24, 0x80, 0x40, 0x80, 0x05, 0x10, 0x00, 0x00,
  0x00, 0x80, 0x21, 0x10, 0x06, 0x20, 0x00, 0x00, 0x24, 0x00, 0x28, 0x00, 0x02, 0x00, 0x40, 0x20,
  0x08, 0x40, 0x60, 0x04, 0x24, 0x00, 0x02, 0x00, 0x84, 0x80, 0x00, 0x00, 0x02, 0x10, 0x00, 0x00,
  0x20, 0x00, 0x20, 0x20, 0x01, 0x80, 0x00, 0x00, 0x00, 0x18, 0x80, 0x40, 0x10, 0x04, 0x00, 0x80,
  0x00, 0x00, 0x00, 0x00, 0x00, 0x00, 0x00, 0x00, 0x00, 0x02, 0x80, 0x00, 0x10, 0x00, 0x10, 0x00,
  0x00, 0x89, 0x40, 0x02, 0x40, 0x01, 0x18, 0x80, 0x00, 0x40, 0x00, 0x00, 0x80, 0x00, 0x00, 0x82,
  0x00, 0x40, 0x42, 0x00, 0x80, 0x04, 0x08, 0x00, 0x00, 0x84, 0x80, 0x02, 0x00, 0x21, 0x40, 0x00,
  0x00, 0x01, 0x40, 0x00, 0x00, 0x00, 0x00, 0x00, 0x00, 0x08, 0x00, 0x80, 0x00, 0x08, 0x18, 0x00,
  0x00, 0x0A, 0x40, 0x00, 0x00, 0x06, 0x00, 0x00, 0x00, 0x00, 0x00, 0x00, 0x00, 0x02, 0x08, 0x10,
  0x00, 0x80, 0x80, 0x01, 0x00, 0x02, 0x00, 0x02, 0x85, 0xA0, 0x00, 0x0A, 0x80, 0x04, 0x10, 0x40,
  0x00, 0x10, 0x00, 0x00, 0x00, 0x00, 0x20, 0x00, 0x00, 0x02, 0x00, 0x00, 0x00, 0x00, 0x00, 0x20,
  0x40, 0x10, 0x00, 0x08, 0x80, 0x02, 0x20, 0x00, 0x00, 0x02, 0x00, 0x20, 0x00, 0x00, 0x20, 0x00,
  0x00, 0x00, 0x00, 0x00, 0x00, 0x00, 0x00, 0x00, 0x30, 0x00, 0x00, 0x00, 0x80, 0x00, 0x00, 0x00,
  0x00, 0x01, 0x00, 0x00, 0x80, 0x00, 0x00, 0x00, 0x00, 0x04, 0x08, 0x00, 0x82, 0x00, 0x02, 0x20,
  0x00, 0x10, 0x90, 0x00, 0x80, 0x00, 0x00, 0x10, 0x03, 0x98, 0x00, 0x00, 0x80, 0x00, 0x10, 0x28,
  0x00, 0x90, 0x00, 0x00, 0x88, 0x00, 0x00, 0x20, 0x00, 0x18, 0x08, 0x00, 0x80, 0x80, 0x11, 0x20,
  0x00, 0x50, 0x08, 0x00, 0x00, 0x00, 0x20, 0x00, 0x02, 0x00, 0x82, 0x00, 0x00, 0x00, 0x00, 0x00,
  0x01, 0x04, 0x08, 0x00, 0x02, 0x00, 0x01, 0x80, 0x02, 0x80, 0x01, 0x00, 0x80, 0x00, 0x02, 0x18,
  0x02, 0x20, 0x00, 0x00, 0x00, 0x00, 0x80, 0x00, 0x00, 0x20, 0x08, 0x00, 0x10, 0x00, 0x20, 0x80,
  0x62, 0x00, 0x01, 0x00, 0x20, 0x80, 0x10, 0x80, 0x04, 0x48, 0x08, 0x00, 0x80, 0x02, 0x01, 0x80,
  0x00, 0x10, 0x00, 0x00, 0x40, 0x14, 0x00, 0x32, 0x88, 0x02, 0x18, 0x00, 0x00, 0x10, 0x00, 0x00,
  0x40, 0x01, 0x34, 0x00, 0x00, 0x00, 0x80, 0x12, 0x80, 0x00, 0x28, 0x00, 0x00, 0x40, 0x00, 0x00,
  0x20, 0x20, 0x40, 0x02, 0x00, 0x80, 0x00, 0x00, 0x20, 0x00, 0x04, 0x00, 0x80, 0x00, 0x01, 0x00,
  0x00, 0x20, 0x08, 0x00, 0x00, 0x42, 0x00, 0x10, 0x80, 0x00, 0x28, 0x08, 0x00, 0x00, 0x00, 0x01,
  0x00, 0x00, 0x24, 0x00, 0x00, 0x80, 0x00, 0x00, 0x00, 0x01, 0x28, 0x00, 0x00, 0x82, 0x00, 0x00,
  0x10, 0x08, 0x40, 0x00, 0x00, 0x00, 0x00, 0x00, 0x08, 0x00, 0x48, 0x00, 0x10, 0x88, 0x80, 0x42,
  0x40, 0x20, 0x40, 0x02, 0x22, 0x40, 0x82, 0x30, 0x00, 0x20, 0x00, 0x08, 0x00, 0x0A, 0x02, 0x00,
  0x20, 0x01, 0x81, 0x00, 0x00, 0x80, 0x00, 0x00, 0x20, 0x00, 0x18, 0x00, 0x00, 0x88, 0x00, 0x10,
  0x80, 0x00, 0x21, 0x00, 0x00, 0x80, 0x40, 0x01, 0x10, 0x00, 0x00, 0x00, 0x00, 0x00, 0x00, 0x00,
  0x00, 0x00, 0x00, 0x00, 0x10, 0x80, 0x04, 0x00, 0x00, 0x00, 0x00, 0x40, 0x00, 0x00, 0x00, 0x00,
  0x00, 0x00, 0x00, 0x88, 0x00, 0x1C, 0x01, 0x20, 0x80, 0x00, 0x00, 0x20, 0x04, 0x14, 0x00, 0x00,
  0x80, 0x00, 0x00, 0x14, 0x00, 0x14, 0x80, 0x00, 0x0C, 0x01, 0x00, 0x00, 0x10, 0x12, 0x80, 0x00,
  0x80, 0x00, 0x00, 0x04, 0x04, 0x12, 0x80, 0x20, 0x8A, 0x01, 0x02, 0x10, 0x04, 0x10, 0x00, 0x00,
  0x44, 0x00, 0x00, 0x40, 0x00, 0x00, 0x02, 0x00, 0x20, 0x00, 0x00, 0x44, 0x11, 0x09, 0x00, 0x00,
  0x99, 0x01, 0x01, 0x00, 0x00, 0x19, 0x82, 0x00, 0x26, 0x01, 0x14, 0x00, 0x00, 0x14, 0x00, 0x00,
  0x9C, 0x01, 0x10, 0x48, 0x13, 0x04, 0x00, 0x00, 0x00, 0x80, 0x20, 0xC0, 0x80, 0x04, 0x80, 0x20,
  0x08, 0x40, 0x80, 0xC0, 0x30, 0x8A, 0x06, 0x40, 0x80, 0x00, 0x42, 0x80, 0x04, 0x00, 0x00, 0x40,
  0x00, 0x04, 0x00, 0x20, 0x80, 0x00, 0x14, 0x00, 0x00, 0xC0, 0x00, 0x00, 0x20, 0x00, 0x81, 0x00,
  0x00, 0x58, 0x40, 0x00, 0x20, 0x11, 0x09, 0x80, 0x00, 0x40, 0x00, 0x01, 0x00, 0x20, 0x14, 0x02,
  0x00, 0x80, 0x00, 0x00, 0x44, 0x10, 0x2C, 0x00, 0x00, 0x00, 0x80, 0x00, 0x44, 0x10, 0x04, 0x80,
  0x00, 0x00, 0x40, 0x01, 0xC4, 0x10, 0x01, 0x05, 0x20, 0x40, 0x00, 0x01, 0x40, 0x00, 0x04, 0x00,
  0x80, 0xC0, 0x00, 0x10, 0xC0, 0x00, 0x24, 0x80, 0x00, 0x41, 0x00, 0x80, 0xC0, 0x10, 0x00, 0x00,
  0x00, 0x00, 0x00, 0x00, 0x00, 0x00, 0x04, 0x00, 0x00, 0x40, 0x42, 0x01, 0xC0, 0x24, 0x04, 0x80,
  0x00, 0x00, 0x02, 0x11, 0x20, 0x50, 0x12, 0x00, 0x00, 0x98, 0x01, 0x10, 0x00, 0x00, 0x18, 0x00,
  0x00, 0x84, 0x00, 0x00, 0x40, 0x00, 0x14, 0x40, 0x00, 0x88, 0x01, 0x10, 0x44, 0x10, 0x18, 0x00,
  0x00, 0x86, 0x00, 0x01, 0x44, 0x00, 0x10, 0x00, 0x00, 0x00, 0x00, 0x00, 0x00, 0x00, 0x00, 0x00,
  0x00, 0x00, 0x00, 0x00, 0x00, 0x00, 0x00, 0x00, 0x00, 0x00, 0x00, 0x0F, 0xFF, 0xFF, 0xFF, 0xFF,
  0xFF, 0xFF, 0xFB, 0xFF, 0xFF, 0xFF, 0xFF, 0xFF, 0xFF, 0xFF, 0xDF, 0xFF, 0xFB, 0xBF, 0xFF, 0xFF,
  0xF3, 0x3F, 0xFF, 0xFF, 0xDF, 0xFF, 0xDF, 0xF0, 0x00, 0x0B, 0xBF, 0xFF, 0xFF, 0xFD, 0xFF, 0xFF,
  0xFF, 0xFC, 0xCC, 0xC0, 0x0E, 0x4C, 0xC5, 0x0F, 0x01, 0x1B, 0xF7, 0xF0, 0x0F, 0xFE, 0xFF, 0xF0,
  0x08, 0x06, 0x96, 0x9F, 0xCF, 0xFF, 0xF0, 0x03, 0x3C, 0xC6, 0x99, 0x6F, 0xCF, 0xFF, 0xF7, 0xD7,
  0xDF, 0xF6, 0x69, 0x9F, 0xAF, 0xE6, 0x99, 0x6C, 0x3C, 0xC6, 0x96, 0x69, 0x69, 0x91, 0x0E, 0xF9,
  0xCF, 0xFF, 0x0B, 0xFC, 0xCC, 0xDC, 0x0F, 0x00, 0xFF, 0xBF, 0xFB, 0xB5, 0x5F, 0xFF, 0x0F, 0x07,
  0x2F, 0xFF, 0xFF, 0xFF, 0xFF, 0xF0, 0x0F, 0xFC, 0xCF, 0x00, 0x0D, 0x0D, 0x00, 0xC0, 0xFF, 0xD0,
  0x0F, 0x0F, 0xFC, 0x3C, 0xCC, 0x3C, 0xCC, 0x3C, 0xC6, 0x96, 0x66, 0x96, 0x66, 0x96, 0x6A, 0x95,
  0x4C, 0x3F, 0xFF, 0x0F, 0xFC, 0x3C, 0xCC, 0x3C, 0xC6, 0x96, 0x66, 0x96, 0x66, 0x96, 0x66, 0x96,
  0x66, 0x96, 0x66, 0x96, 0x66, 0x96, 0x66, 0x96, 0x66, 0x96, 0x66, 0x96, 0x66, 0x96, 0x6A, 0x95,
  0x4C, 0x3F, 0xFC, 0xCC, 0xCC, 0xCF, 0xFC, 0x3C, 0xC9, 0x69, 0x99, 0x69, 0x99, 0x69, 0x99, 0x69,
  0x99, 0x69, 0x99, 0x69, 0x99, 0x69, 0x99, 0x69, 0x9C, 0x3F, 0xF0, 0x00, 0x0F, 0x0F, 0xFC, 0x3C,
  0xC6, 0x96, 0x66, 0x96, 0x66, 0x96, 0x61, 0x8C, 0x46, 0x9F, 0xFB, 0xBE, 0xEF, 0xDF, 0xD2, 0x2A,
  0xA5, 0x55, 0x5F, 0xFC, 0x3D, 0xD8, 0xD0, 0x00, 0x0F, 0x0F, 0x0F, 0xFF, 0xFF, 0xFF, 0xFD, 0xDF,
  0xFF, 0xFF, 0xF0, 0xF0, 0xFF, 0xF0, 0x0F, 0xFF, 0xFD, 0xFF, 0xFF, 0xFF, 0xFF, 0xFF, 0xF4, 0x04,
  0x40, 0x00, 0x00, 0x00, 0x00, 0x00, 0x00, 0x00, 0x00, 0x00, 0x00, 0x00, 0x80, 0x00, 0x00, 0x00,
  0x00, 0x00, 0x00, 0x00, 0x00, 0x00, 0x00, 0x0F, 0xFF, 0xFF, 0xFF, 0xFF, 0xFF, 0xFF, 0xFF, 0xFF,
  0xFF, 0xFF, 0xFB, 0xFF, 0xFB, 0xFF, 0xFF, 0xFF, 0xFB, 0xB0, 0x0F, 0xFF, 0xF3, 0x3F, 0xFB, 0xBF,
  0xFF, 0xFF, 0xFF, 0xF0, 0x04, 0x4F, 0xFF, 0xFF, 0xFF, 0xFF, 0xFF, 0xFF, 0xFF, 0xF5, 0x05, 0xFF,
  0xFE, 0x4C, 0xCF, 0xAF, 0x0D, 0xDF, 0xFF, 0xF0, 0x2B, 0xFF, 0xEF, 0xF2, 0x82, 0x06, 0x96, 0x9F,
  0xCF, 0xF0, 0x0F, 0xF3, 0x3C, 0xC9, 0x66, 0x9F, 0x3F, 0xFF, 0xFB, 0xEB, 0xEF, 0xF9, 0x96, 0x6F,
  0xAF, 0x29, 0x66, 0x9C, 0x3C, 0xC6, 0x96, 0x66, 0x96, 0x6E, 0xFF, 0xF9, 0xCF, 0xFF, 0xFF, 0xFC,
  0xCD, 0xDC, 0xCF, 0xF0, 0x50, 0x0F, 0xFB, 0xB5, 0x7F, 0x7F, 0x0F, 0x45, 0x0F, 0xFB, 0xFF, 0xFF,
  0xBF, 0xFF, 0x0F, 0x0C, 0xCF, 0x00, 0x0F, 0x0F, 0x0F, 0x0F, 0x0F, 0xD0, 0x0F, 0x0F, 0xFC, 0x3C,
  0xCC, 0x3C, 0xCC, 0x3C, 0xC6, 0x96, 0x66, 0x96, 0x66, 0x96, 0x65, 0x6F, 0xDC, 0x3F, 0xFF, 0x0F,
  0xFC, 0x3C, 0xCC, 0x3C, 0xC6, 0x96, 0x66, 0x96, 0x66, 0x96, 0x66, 0x96, 0x66, 0x96, 0x66, 0x96,
  0x66, 0x96, 0x66, 0x96, 0x66, 0x96, 0x66, 0x96, 0x66, 0x96, 0x65, 0x6F, 0xDC, 0x3F, 0xFF, 0x0F,
  0xFC, 0xCF, 0xFC, 0x3C, 0xC6, 0x96, 0x66, 0x96, 0x66, 0x96, 0x66, 0x96, 0x66, 0x96, 0x66, 0x96,
  0x66, 0x96, 0x66, 0x96, 0x6C, 0x3F, 0xF0, 0x00, 0x0F, 0x0F, 0xFC, 0x3C, 0xC6, 0x96, 0x66, 0x96,
  0x66, 0x96, 0x6E, 0x7D, 0xC6, 0x9F, 0xF7, 0x7D, 0xD2, 0x02, 0x07, 0x2F, 0xA5, 0x5D, 0x5F, 0xFC,
  0x38, 0xDD, 0xD5, 0x55, 0x5B, 0xBE, 0xEF, 0xFF, 0xFF, 0xFF, 0xFD, 0xDF, 0xFF, 0xFF, 0xF0, 0xF0,
  0x20, 0xE0, 0x0F, 0xFB, 0xFF, 0xFF, 0xFF, 0xFF, 0xFF, 0xFF, 0xF4, 0x44, 0x40, 0x00, 0x00, 0x00,
  0x00, 0x00, 0x00, 0x00, 0x00, 0x00, 0x00, 0x00, 0x00, 0x20, 0x00, 0x00, 0x00, 0x00, 0x00, 0x00,
  0x00, 0x00, 0x00, 0x10, 0x00, 0x00, 0x00, 0x10, 0x00, 0x12, 0x00, 0x10, 0x00, 0x00, 0x00, 0x10,
  0x00, 0x16, 0x08, 0x12, 0x10, 0x36, 0x20, 0x10, 0x40, 0x12, 0x00, 0x10, 0x00, 0x00, 0x00, 0x10,
  0x00, 0x16, 0x08, 0x12, 0x10, 0x36, 0x20, 0x50, 0x40, 0x52, 0x00, 0x10, 0x00, 0x00, 0x00, 0x10,
  0x00, 0x12, 0x08, 0x10, 0x10, 0x36, 0x20, 0x10, 0x00, 0x12, 0x00, 0x10, 0x00, 0x00, 0x00, 0x10,
  0x00, 0x16, 0x08, 0x01, 0x03, 0x36, 0x30, 0x50, 0x44, 0x56, 0x08, 0x12, 0x11, 0x36, 0x20, 0x50,
  0x64, 0x40, 0x18, 0x81, 0x02, 0x36, 0x30, 0x40, 0x44, 0x40, 0x0C, 0x10, 0x10, 0x30, 0x20, 0x10,
  0x10, 0x02, 0x08, 0x10, 0x10, 0x12, 0x24, 0x00, 0x40, 0x12, 0x00, 0x10, 0x00, 0x12, 0x20, 0x10,
  0x40, 0x10, 0x02, 0x08, 0x10, 0x10, 0x36, 0x20, 0x10, 0x24, 0x04, 0x18, 0x83, 0x12, 0x12, 0x70,
  0x40, 0x64, 0x44, 0x18, 0x83, 0x12, 0x36, 0x30, 0x40, 0x44, 0x44, 0x18, 0x83, 0x12, 0x12, 0x70,
  0x40, 0x64, 0x44, 0x18, 0x83, 0x12, 0x12, 0x70, 0x40, 0x64, 0x44, 0x18, 0x83, 0x12, 0x36, 0x70,
  0x40, 0x64, 0x40, 0x10, 0x81, 0x02, 0x00, 0x10, 0x00, 0x04, 0x02, 0x08, 0x10, 0x10, 0x12, 0x50,
  0x00, 0x24, 0x00, 0x10, 0x81, 0x02, 0x00, 0x50, 0x00, 0x24, 0x00, 0x10, 0x81, 0x02, 0x00, 0x50,
  0x00, 0x04, 0x10, 0x00, 0x01, 0x02, 0x00, 0x50, 0x00, 0x24, 0x00, 0x10, 0x81, 0x02, 0x00, 0x10,
  0x00, 0x04, 0x02, 0x00, 0x00, 0x04, 0x00, 0x00, 0x10, 0x00, 0x12, 0x00, 0x10, 0x00, 0x00, 0x00,
  0x10, 0x00, 0x12, 0x00, 0x10, 0x00, 0x00, 0x00, 0x10, 0x00, 0x12, 0x00, 0x10, 0x00, 0x00, 0x00,
  0x10, 0x00, 0x12, 0x00, 0x10, 0x00, 0x00, 0x00, 0x10, 0x00, 0x10, 0x00, 0x00, 0x00, 0x00, 0x00,
  0x00, 0x00, 0x00, 0x00, 0x00, 0x20, 0x00, 0x00, 0x00, 0x00, 0x00, 0x00, 0x00, 0x04, 0x10, 0x02,
  0x26, 0x60, 0xE0, 0x00, 0xC8, 0x00, 0x31, 0x02, 0x26, 0x60, 0xE0, 0x00, 0xC8, 0x00, 0x31, 0x02,
  0x26, 0x60, 0xE0, 0x00, 0xC8, 0x00, 0x31, 0x02, 0x26, 0x60, 0xE0, 0x00, 0xC8, 0x00, 0x31, 0x02,
  0x26, 0x60, 0xE0, 0x00, 0xC8, 0x00, 0x31, 0x02, 0x24, 0x60, 0x60, 0x00, 0x88, 0x00, 0x00, 0x20,
  0x00, 0x00, 0x00, 0x20, 0x00, 0x2C, 0x10, 0x24, 0x22, 0x6C, 0x40, 0xA0, 0xC8, 0x00, 0x31, 0x02,
  0x24, 0x6C, 0x60, 0x00, 0x88, 0x0C, 0x10, 0x20, 0x00, 0x24, 0x40, 0x20, 0x80, 0x24, 0x00, 0x20,
  0x00, 0x64, 0x00, 0x20, 0x00, 0x2C, 0x10, 0x24, 0x20, 0x6C, 0x40, 0xA6, 0x85, 0x8C, 0x10, 0x24,
  0x20, 0x24, 0x40, 0x20, 0x80, 0x24, 0x00, 0x20, 0x00, 0x6C, 0x00, 0x20, 0x80, 0x20, 0x04, 0x00,
  0x20, 0x20, 0x24, 0x40, 0x20, 0x80, 0x20, 0x31, 0x02, 0x26, 0x6C, 0xE0, 0x00, 0xC8, 0x00, 0x31,
  0x02, 0x26, 0x6C, 0xE0, 0x00, 0xC8, 0x00, 0x31, 0x02, 0x26, 0x6C, 0x60, 0x00, 0x88, 0x00, 0x31,
  0x02, 0x26, 0x6C, 0xE0, 0x00, 0xC8, 0x00, 0x31, 0x02, 0x26, 0x6C, 0xE0, 0x00, 0xC8, 0x00, 0x31,
  0x02, 0x24, 0x6C, 0x60, 0x00, 0x88, 0x04, 0x00, 0x20, 0x00, 0x00, 0x08, 0x00, 0x48, 0x00, 0x21,
  0x02, 0x04, 0x00, 0xA0, 0x00, 0x48, 0x00, 0x21, 0x02, 0x04, 0x00, 0xA0, 0x00, 0x08, 0x00, 0x00,
  0x20, 0x00, 0x00, 0x00, 0x20, 0x00, 0x20, 0x08, 0x00, 0x2A, 0xE0, 0x08, 0x00, 0x00, 0x24, 0x00,
  0x00, 0x28, 0x60, 0x00, 0x20, 0xA0, 0x00, 0x00, 0x20, 0x22, 0x64, 0xE0, 0x00, 0xC8, 0x00, 0x31,
  0x02, 0x26, 0x64, 0xE0, 0x00, 0xC8, 0x00, 0x31, 0x02, 0x26, 0x64, 0xE0, 0x00, 0xC8, 0x00, 0x31,
  0x02, 0x24, 0x64, 0x60, 0x00, 0x88, 0x00, 0x00, 0x00, 0x00, 0x00, 0x00, 0x00, 0x00, 0x00, 0x00,
  0x00, 0x00, 0x00, 0x00, 0x00, 0x00, 0x00, 0x00, 0x00, 0x0F, 0xF0, 0x0C, 0x3C, 0xCC, 0x3C, 0xCC,
  0x3C, 0xCC, 0x3C, 0xCC, 0x3C, 0xCC, 0x3C, 0xCC, 0x3C, 0xCC, 0x3C, 0xCC, 0x3C, 0xCC, 0x3C, 0xCC,
  0x3C, 0xCC, 0x3C, 0xCC, 0x3C, 0xCC, 0x3C, 0xCC, 0x3C, 0xCC, 0x3C, 0xCC, 0x3C, 0xCC, 0x3C, 0xCC,
  0x3C, 0xCC, 0x3C, 0xCC, 0x3C, 0xC5, 0x6F, 0xDC, 0x3F, 0xF0, 0x00, 0x0F, 0xFF, 0xF0, 0x00, 0x0F,
  0xFF, 0xF0, 0x00, 0x0F, 0xFF, 0xFF, 0xFF, 0xFA, 0x5A, 0xA9, 0x69, 0x99, 0x69, 0x95, 0x9A, 0xEC,
  0x3F, 0xF3, 0x3C, 0xC3, 0x3C, 0xCF, 0xFF, 0xF4, 0x04, 0x0D, 0xDD, 0xDF, 0xF7, 0xF0, 0x0F, 0xFF,
  0xF0, 0x0F, 0xFF, 0xF9, 0x40, 0x0F, 0xFA, 0xA0, 0x00, 0x0D, 0xDD, 0xDF, 0xFF, 0x3A, 0xA0, 0x0F,
  0x0F, 0x3D, 0xCF, 0xFF, 0xFF, 0xFF, 0xFF, 0x30, 0x0F, 0xF0, 0x0F, 0xFF, 0xF3, 0xB3, 0xBD, 0xDF,
  0xFF, 0xFF, 0xFC, 0x3C, 0xCC, 0x3C, 0xCC, 0x3C, 0xCC, 0x3C, 0xCC, 0x3C, 0xC6, 0x96, 0x66, 0x96,
  0x66, 0x96, 0x66, 0x96, 0x66, 0x96, 0x65, 0x6F, 0xDC, 0x3F, 0xFF, 0x0F, 0xFC, 0x3C, 0xCC, 0x3C,
  0xC5, 0xA5, 0x55, 0xA5, 0x55, 0xA5, 0x55, 0xA5, 0x55, 0xA5, 0x56, 0x96, 0x66, 0x96, 0x65, 0x6F,
  0xDC, 0x3F, 0xFF, 0xFC, 0xCF, 0xFF, 0xFF, 0xCF, 0x0F, 0x0F, 0xFC, 0x3C, 0xCC, 0x3C, 0xCC, 0x3C,
  0xC6, 0x96, 0x66, 0x96, 0x66, 0x96, 0x66, 0x96, 0x6F, 0xFF, 0xF0, 0x00, 0x0F, 0xFF, 0xFF, 0xFF,
  0xFF, 0xFF, 0xF5, 0xAC, 0x3F, 0x2F, 0x05, 0xAC, 0x3F, 0xFF, 0xFE, 0xED, 0xD0, 0xFF, 0xEF, 0x3F,
  0xCF, 0x2F, 0x00, 0x00, 0x0F, 0xF0, 0x0C, 0x3C, 0xCC, 0x3C, 0xCC, 0x3C, 0xCC, 0x3C, 0xCC, 0x3C,
  0xCC, 0x3C, 0xCC, 0x3C, 0xCC, 0x3C, 0xCC, 0x3C, 0xCC, 0x3C, 0xCC, 0x3C, 0xCC, 0x3C, 0xC5, 0x6F,
  0xDC, 0x3F, 0xF0, 0x00, 0x00, 0x00, 0x00, 0x00, 0x00, 0x00, 0x00, 0x00, 0x00, 0x00, 0x00, 0x00,
  0x00, 0x00, 0x00, 0x00, 0x00, 0x0F, 0xF0, 0x0C, 0x3C, 0xCC, 0x3C, 0xCC, 0x3C, 0xCC, 0x3C, 0xCC,
  0x3C, 0xCC, 0x3C, 0xCC, 0x3C, 0xCC, 0x3C, 0xCC, 0x3C, 0xCC, 0x3C, 0xCC, 0x3C, 0xCC, 0x3C, 0xCC,
  0x3C, 0xCC, 0x3C, 0xCC, 0x3C, 0xCC, 0x3C, 0xCC, 0x3C, 0xCC, 0x3C, 0xCC, 0x3C, 0xCC, 0x3C, 0xCC,
  0x3C, 0xC5, 0x6F, 0xDC, 0x3F, 0xF0, 0x00, 0x0F, 0xFF, 0xF0, 0x00, 0x0F, 0xFF, 0xF0, 0x00, 0x0F,
  0xFF, 0xFF, 0xFF, 0xF5, 0xA5, 0x59, 0x69, 0x99, 0x69, 0x9A, 0x60, 0x8C, 0x3F, 0xF3, 0x3C, 0xC3,
  0x3C, 0xCF, 0x5F, 0xF0, 0x04, 0x0D, 0xDD, 0xDF, 0xFF, 0xFF, 0xF0, 0x0F, 0xF0, 0x07, 0x77, 0x74,
  0x00, 0x0F, 0xFA, 0xA0, 0x00, 0x0D, 0xDD, 0xDF, 0xFF, 0x3A, 0xA0, 0x0F, 0x8F, 0xFC, 0xCF, 0xFC,
  0xCC, 0xCF, 0xFF, 0xF0, 0xCF, 0x00, 0x0F, 0xFF, 0xFB, 0xBB, 0xBD, 0xDF, 0xF4, 0x44, 0x4C, 0x3C,
  0xCC, 0x3C, 0xCC, 0x3C, 0xCC, 0x3C, 0xCC, 0x3C, 0xC6, 0x96, 0x66, 0x96, 0x66, 0x96, 0x66, 0x96,
  0x66, 0x96, 0x6A, 0x95, 0x4C, 0x3F, 0xFF, 0x0F, 0xFC, 0x3C, 0xCC, 0x3C, 0xC6, 0x96, 0x66, 0x96,
  0x6A, 0x5A, 0xAA, 0x5A, 0xAA, 0x5A, 0xA9, 0x69, 0x96, 0x96, 0x6A, 0x95, 0x4C, 0x3F, 0xFF, 0x0C,
  0xCF, 0xFF, 0xF7, 0x4F, 0x0F, 0x0F, 0xFC, 0x3C, 0xCC, 0x3C, 0xCC, 0x3C, 0xC6, 0x96, 0x66, 0x96,
  0x66, 0x96, 0x66, 0x96, 0x6F, 0xFF, 0xF0, 0x00, 0x0F, 0xFF, 0xFF, 0xFF, 0xFF, 0xFF, 0xFF, 0xFC,
  0x3D, 0x0F, 0x0F, 0xFC, 0x3F, 0xFF, 0xFB, 0xB7, 0x70, 0xF0, 0xE3, 0xFC, 0xFD, 0x0F, 0x00, 0x00,
  0x0F, 0xF2, 0x2C, 0x3C, 0xCC, 0x3C, 0xCC, 0x3C, 0xCC, 0x3C, 0xCC, 0x3C, 0xCC, 0x3C, 0xCC, 0x3C,
  0xCC, 0x3C, 0xCC, 0x3C, 0xCC, 0x3C, 0xCC, 0x3C, 0xCC, 0x3C, 0xC5, 0x6F, 0xDC, 0x3F, 0xF0, 0x00,
  0x00, 0x00, 0x00, 0x00, 0x00, 0x00, 0x00, 0x00, 0x00, 0x00, 0x00, 0x00, 0x00, 0x00, 0x00, 0x00,
  0x00, 0x00, 0x00, 0x00, 0x00, 0x00, 0x00, 0x00, 0x00, 0x00, 0x00, 0x00, 0x00, 0x00, 0x00, 0x00,
  0x00, 0x00, 0x00, 0x80, 0x00, 0x00, 0x02, 0x02, 0x03, 0x50, 0x00, 0x00, 0x00, 0x00, 0x00, 0x00,
  0x00, 0x20, 0x00, 0x00, 0x00, 0x00, 0x00, 0x08, 0x01, 0x80, 0x00, 0x00, 0x00, 0x01, 0x00, 0x00,
  0x00, 0x86, 0x00, 0x00, 0x00, 0x00, 0x03, 0x08, 0x02, 0x40, 0x00, 0x00, 0x00, 0x00, 0x00, 0x00,
  0x08, 0x04, 0x00, 0x80, 0x00, 0x00, 0x00, 0x00, 0x01, 0x00, 0x01, 0x00, 0x00, 0x88, 0x00, 0x00,
  0x00, 0x40, 0x00, 0x10, 0x00, 0x00, 0x00, 0x00, 0x00, 0x00, 0x00, 0x00, 0x00, 0x00, 0x00, 0x04,
  0x01, 0x00, 0x00, 0x04, 0x00, 0x84, 0x00, 0x04, 0x00, 0x80, 0x00, 0x40, 0x00, 0x80, 0x01, 0x00,
  0x00, 0x00, 0x00, 0x00, 0x00, 0x00, 0x00, 0x00, 0x00, 0x00, 0x04, 0x01, 0x00, 0x00, 0x09, 0x00,
  0x00, 0x0A, 0x10, 0x00, 0x10, 0x00, 0x08, 0x00, 0x00, 0x00, 0x00, 0x00, 0x84, 0x00, 0x04, 0x01,
  0x00, 0x00, 0x00, 0x00, 0x04, 0x00, 0x04, 0x01, 0x00, 0x00, 0x01, 0x00, 0x00, 0x00, 0x00, 0x00,
  0x00, 0x00, 0x00, 0x00, 0x00, 0x00, 0x00, 0x00, 0x00, 0x00, 0x04, 0x00, 0x80, 0x00, 0x00, 0x00,
  0x00, 0x00, 0x00, 0x00, 0x00, 0x00, 0x00, 0x00, 0x00, 0x00, 0x00, 0x00, 0x80, 0x00, 0x03, 0x00,
  0x00, 0x02, 0x00, 0x00, 0x80, 0x00, 0x00, 0x00, 0x00, 0x00, 0x00, 0x00, 0x00, 0x00, 0x08, 0x00,
  0x04, 0x00, 0x00, 0x00, 0x00, 0x00, 0x00, 0x00, 0x00, 0x00, 0x00, 0x00, 0x00, 0x00, 0x00, 0x00,
  0x00, 0x00, 0x00, 0x00, 0x00, 0x00, 0x00, 0x00, 0x00, 0x00, 0x00, 0x00, 0x00, 0x00, 0x00, 0x00,
  0x00, 0x00, 0x00, 0x00, 0x00, 0x00, 0x00, 0x00, 0x00, 0x00, 0x00, 0x00, 0x00, 0x00, 0x00, 0x00,
  0x00, 0x00, 0x00, 0x00, 0x00, 0x00, 0x00, 0x00, 0x00, 0x00, 0x00, 0x00, 0x00, 0x00, 0x00, 0x00,
  0x06, 0x00, 0x00, 0x00, 0x00, 0x00, 0x00, 0x00, 0x00, 0x00, 0x00, 0x00, 0x00, 0x00, 0x05, 0x00,
  0x00, 0x08, 0x01, 0x10, 0x08, 0x40, 0x00, 0x00, 0x00, 0x00, 0x00, 0x00, 0x00, 0x80, 0x05, 0x00,
  0x05, 0x00, 0x00, 0x01, 0x00, 0x00, 0x00, 0x00, 0x00, 0x00, 0x00, 0x00, 0x04, 0x02, 0x00, 0x00,
  0x00, 0x00, 0x00, 0x00, 0x01, 0x10, 0x00, 0x00, 0x00, 0x10, 0x00, 0x00, 0x00, 0x01, 0x04, 0x01,
  0x04, 0x00, 0x04, 0x00, 0x08, 0x01, 0x04, 0x00, 0x00, 0x00, 0x04, 0x00, 0x00, 0x08, 0x05, 0x01,
  0x00, 0x00, 0x04, 0x00, 0x05, 0x10, 0x05, 0x00, 0x05, 0x10, 0x00, 0x00, 0x00, 0x00, 0x00, 0x14,
  0x00, 0x01, 0x00, 0x00, 0x00, 0x00, 0x00, 0x00, 0x00, 0x00, 0x00, 0x01, 0x06, 0x10, 0x01, 0x01,
  0x00, 0x00, 0x00, 0x00, 0x00, 0x00, 0x00, 0x04, 0x00, 0x05, 0x00, 0x04, 0x90, 0x02, 0x00, 0x00,
  0x00, 0x00, 0x00, 0x00, 0x00, 0x05, 0x00, 0x05, 0x00, 0x00, 0x00, 0x04, 0x80, 0x00, 0x00, 0x00,
  0x01, 0x04, 0x00, 0x00, 0x10, 0x00, 0x00, 0x00, 0x01, 0x00, 0x00, 0x00, 0x00, 0x00, 0x00, 0x00,
  0x01, 0x05, 0x00, 0x00, 0x00, 0x00, 0x00, 0x00, 0x00, 0x00, 0x06, 0x00, 0x00, 0x00, 0x00, 0x00,
  0x00, 0x00, 0x00, 0x00, 0x00, 0x00, 0x00, 0x00, 0x04, 0x00, 0x00, 0x00, 0x02, 0x00, 0xC0, 0x00,
  0x00, 0x00, 0x00, 0x00, 0x00, 0x00, 0x00, 0x00, 0x00, 0x05, 0x00, 0x00, 0x00, 0x04, 0x00, 0x00,
  0x00, 0x00, 0x00, 0x00, 0x10, 0x00, 0x00, 0x00, 0x00, 0x00, 0x00, 0x00, 0x00, 0x00, 0x00, 0x00,
  0x01, 0x00, 0x00, 0x00, 0x00, 0x00, 0x00, 0x00, 0x00, 0x00, 0x00, 0x00, 0x00, 0x00, 0x00, 0x00,
  0x00, 0x00, 0x00, 0x00, 0x00, 0x00, 0x00, 0x00, 0x00, 0x00, 0x00, 0x00, 0x00, 0x00, 0x00, 0x00,
  0x00, 0x00, 0x00, 0x00, 0x00, 0x00, 0x00, 0x00, 0x00, 0x00, 0x00, 0x00, 0x00, 0x10, 0x00, 0x00,
  0x00, 0x00, 0x00, 0x14, 0x00, 0x08, 0x00, 0x00, 0x00, 0x10, 0x00, 0x54, 0x00, 0x00, 0x00, 0x83,
  0x00, 0x84, 0x00, 0x50, 0x00, 0x10, 0x00, 0x00, 0x00, 0x14, 0x00, 0x10, 0x00, 0x00, 0x00, 0x08,
  0x00, 0x34, 0x01, 0x10, 0x00, 0x00, 0x00, 0x10, 0x01, 0x32, 0x00, 0x10, 0x00, 0x00, 0x00, 0x00,
  0x00, 0x48, 0x00, 0x14, 0x00, 0x00, 0x00, 0x00, 0x04, 0x08, 0x01, 0x20, 0x01, 0x14, 0x01, 0x00,
  0x04, 0x00, 0x00, 0x01, 0x00, 0x24, 0x11, 0x00, 0x00, 0x28, 0x00, 0x00, 0x00, 0x00, 0x01, 0x02,
  0x00, 0x00, 0x00, 0x10, 0x00, 0x00, 0x00, 0x18, 0x00, 0x10, 0x00, 0x09, 0x00, 0x38, 0x00, 0x18,
  0x00, 0x20, 0x00, 0x20, 0x00, 0x20, 0x00, 0x00, 0x00, 0x00, 0x00, 0x00, 0x10, 0x00, 0x00, 0x00,
  0x00, 0x00, 0x18, 0x00, 0x04, 0x00, 0x00, 0x01, 0xA5, 0x00, 0xA8, 0x00, 0x44, 0x00, 0x08, 0x00,
  0x48, 0x00, 0x04, 0x00, 0x58, 0x00, 0x18, 0x00, 0x34, 0x04, 0x04, 0x00, 0x38, 0x01, 0x18, 0x00,
  0x44, 0x01, 0x50, 0x00, 0x10, 0x00, 0x11, 0x01, 0x54, 0x01, 0x50, 0x00, 0x14, 0x00, 0x00, 0x00,
  0x40, 0x00, 0x18, 0x00, 0x20, 0x00, 0x00, 0x00, 0x10, 0x00, 0x00, 0x00, 0x04, 0x00, 0x00, 0x00,
  0x00, 0x00, 0x00, 0x00, 0x21, 0x00, 0x00, 0x00, 0x00, 0x01, 0x10, 0x00, 0x20, 0x00, 0x00, 0x00,
  0x00, 0x00, 0x00, 0x00, 0x01, 0x00, 0x02, 0x00, 0x08, 0x01, 0x00, 0x00, 0x10, 0x00, 0x00, 0x00,
  0x01, 0x00, 0x00, 0x00, 0x00, 0x00, 0x00, 0x00, 0x00, 0x00, 0x00, 0x00, 0x10, 0x00, 0x00, 0x00,
  0x00, 0x00, 0x10, 0x00, 0x10, 0x00, 0x00, 0x00, 0x00, 0x00, 0x00, 0x00, 0x10, 0x00, 0x00, 0x00,
  0x00, 0x00, 0x00, 0x00, 0x00, 0x00, 0x00, 0x00, 0x00, 0x00, 0x00, 0x00, 0x00, 0x00, 0x00, 0x00,
  0x00, 0x00, 0x00, 0x00, 0x00, 0x00, 0x00, 0x00, 0x00, 0x40, 0x00, 0x00, 0x00, 0x00, 0x00, 0x48,
  0x00, 0x08, 0x00, 0x00, 0x00, 0x40, 0x00, 0x48, 0x00, 0x01, 0x00, 0x08, 0x01, 0x08, 0x00, 0x90,
  0x00, 0x40, 0x00, 0x00, 0x00, 0x48, 0x00, 0x40, 0x00, 0x00, 0x00, 0x04, 0x02, 0x48, 0x02, 0x40,
  0x00, 0x04, 0x00, 0x10, 0x00, 0x40, 0x00, 0x40, 0x00, 0x00, 0x00, 0x01, 0x00, 0x48, 0x00, 0x18,
  0x00, 0x40, 0x00, 0x00, 0x00, 0x02, 0x00, 0x04, 0x00, 0x48, 0x00, 0x00, 0x02, 0x04, 0x00, 0x02,
  0x00, 0x00, 0x20, 0x00, 0x00, 0x00, 0x00, 0x14, 0x00, 0x00, 0x00, 0x08, 0x00, 0x10, 0x00, 0x20,
  0x00, 0x40, 0x00, 0x20, 0x04, 0x40, 0x00, 0x10, 0x00, 0x14, 0x00, 0x10, 0x00, 0x00, 0x00, 0x00,
  0x00, 0x00, 0x02, 0x04, 0x00, 0x10, 0x04, 0x02, 0x10, 0x00, 0x00, 0x00, 0x00, 0x00, 0x20, 0x00,
  0x08, 0x00, 0x05, 0x00, 0x0C, 0x01, 0x88, 0x00, 0x98, 0x00, 0x00, 0x00, 0x88, 0x00, 0x08, 0x00,
  0x40, 0x00, 0x40, 0x00, 0x48, 0x08, 0x08, 0x00, 0xC4, 0x00, 0x40, 0x02, 0x98, 0x02, 0xC2, 0x00,
  0x44, 0x00, 0x44, 0x04, 0x98, 0x02, 0xC0, 0x00, 0x1C, 0x00, 0x00, 0x00, 0x80, 0x00, 0x10, 0x00,
  0x00, 0x00, 0x00, 0x00, 0x10, 0x00, 0x00, 0x00, 0x08, 0x00, 0x00, 0x00, 0x00, 0x00, 0x00, 0x00,
  0x00, 0x00, 0x00, 0x00, 0x02, 0x00, 0x40, 0x00, 0x00, 0x00, 0x00, 0x00, 0x00, 0x00, 0x00, 0x00,
  0x04, 0x00, 0x00, 0x00, 0x00, 0x00, 0x00, 0x00, 0x10, 0x00, 0x00, 0x00, 0x14, 0x00, 0x00, 0x00,
  0x00, 0x00, 0x00, 0x00, 0x00, 0x00, 0x00, 0x00, 0x44, 0x00, 0x00, 0x00, 0x00, 0x00, 0x40, 0x00,
  0x40, 0x00, 0x00, 0x00, 0x00, 0x00, 0x00, 0x00, 0x40, 0x00, 0x00, 0x00, 0x00, 0x00, 0x00, 0x00,
  0x00, 0x00, 0x00, 0x00, 0x00, 0x00, 0x00, 0x00, 0x00, 0x00, 0x00, 0x00, 0x00, 0x00, 0x00, 0x00,
  0x00, 0x00, 0x00, 0x00, 0x00, 0x00, 0x00, 0x00, 0x00, 0x00, 0x40, 0x00, 0x00, 0x00, 0x00, 0x00,
  0x00, 0x00, 0x00, 0x00, 0x00, 0x00, 0x00, 0x02, 0x00, 0x00, 0x10, 0x00, 0x10, 0x00, 0x00, 0x00,
  0x10, 0x00, 0x00, 0x00, 0x00, 0x00, 0x00, 0x00, 0x10, 0x00, 0x00, 0x00, 0x10, 0x00, 0x00, 0x00,
  0x80, 0x00, 0x04, 0x00, 0x10, 0x00, 0x00, 0x00, 0x10, 0x00, 0x20, 0x40, 0x00, 0x00, 0x00, 0x02,
  0x00, 0x10, 0x40, 0x00, 0x40, 0x00, 0x00, 0x10, 0x00, 0x02, 0x80, 0x00, 0x00, 0x10, 0x00, 0x10,
  0x24, 0x14, 0x02, 0x40, 0x00, 0x10, 0x00, 0x00, 0x40, 0x10, 0x10, 0x10, 0x10, 0x00, 0x20, 0x00,
  0x10, 0x00, 0x10, 0x40, 0x00, 0x00, 0x40, 0x00, 0x10, 0x00, 0x00, 0x00, 0x10, 0x40, 0x00, 0x00,
  0x10, 0x00, 0x00, 0x40, 0x10, 0x00, 0x00, 0x00, 0x00, 0x00, 0x10, 0x40, 0x10, 0x04, 0x10, 0x00,
  0x00, 0x00, 0x40, 0x00, 0x00, 0x00, 0x10, 0x10, 0x00, 0x40, 0x00, 0x10, 0x00, 0x42, 0x00, 0x10,
  0x00, 0x00, 0x00, 0x00, 0x20, 0x10, 0x00, 0x00, 0x40, 0x00, 0x00, 0x00, 0x10, 0x02, 0x00, 0x00,
  0x00, 0x20, 0x00, 0x00, 0x00, 0x00, 0x00, 0x00, 0x00, 0x00, 0x00, 0x00, 0x02, 0x00, 0x00, 0x00,
  0x20, 0x00, 0x00, 0x00, 0x00, 0x00, 0x00, 0x00, 0x00, 0x00, 0x00, 0x00, 0x00, 0x00, 0x00, 0x80,
  0x00, 0x00, 0x00, 0x00, 0x10, 0x00, 0x00, 0x40, 0x00, 0x00, 0x00, 0x00, 0x00, 0x00, 0x00, 0x00,
  0x00, 0x00, 0x00, 0x00, 0x00, 0x00, 0x00, 0x10, 0x10, 0x00, 0x00, 0x00, 0x00, 0x00, 0x00, 0x00,
  0x00, 0x00, 0x00, 0x00, 0x00, 0x40, 0x00, 0x00, 0x00, 0x00, 0x00, 0x00, 0x00, 0x00, 0x00, 0x00,
  0x00, 0x00, 0x00, 0x00, 0x00, 0x00, 0x00, 0x00, 0x00, 0x00, 0x00, 0x00, 0x00, 0x00, 0x00, 0x00,
  0x00, 0x00, 0x00, 0x00, 0x00, 0x00, 0x00, 0x00, 0x00, 0x00, 0x00, 0x00, 0x00, 0x00, 0x00, 0x00,
  0x00, 0x00, 0x00, 0x00, 0x00, 0x00, 0x10, 0x00, 0x00, 0x00, 0x00, 0x00, 0x00, 0x00, 0x00, 0x00,
  0x00, 0x00, 0x90, 0x00, 0x81, 0x00, 0x10, 0x00, 0x10, 0x00, 0x00, 0x00, 0x10, 0x00, 0x00, 0x00,
  0x00, 0x00, 0x00, 0x00, 0x00, 0x00, 0x00, 0x00, 0x10, 0x00, 0x00, 0x00, 0x20, 0x00, 0x01, 0x00,
  0x10, 0x01, 0x00, 0x80, 0x00, 0x90, 0x00, 0x00, 0x00, 0x00, 0x00, 0x01, 0x00, 0x10, 0x10, 0x00,
  0x00, 0x00, 0x00, 0x00, 0x00, 0x01, 0x00, 0x00, 0x00, 0x10, 0x00, 0x10, 0x01, 0x01, 0x00, 0x00,
  0x00, 0x10, 0x00, 0x01, 0x00, 0x10, 0x10, 0x00, 0x10, 0x00, 0x10, 0x00, 0x30, 0x00, 0x10, 0x00,
  0x00, 0x00, 0x10, 0x00, 0x00, 0x01, 0x00, 0x00, 0x00, 0x00, 0x00, 0x00, 0x00, 0x00, 0x00, 0x10,
  0x10, 0x00, 0x00, 0x00, 0x00, 0x00, 0x10, 0x00, 0x00, 0x01, 0x10, 0x90, 0x80, 0x90, 0x10, 0x00,
  0x00, 0x00, 0x11, 0x10, 0x00, 0x10, 0x00, 0x10, 0x00, 0x10, 0x00, 0x00, 0x00, 0x00, 0x00, 0x00,
  0x00, 0x10, 0x00, 0x00, 0x00, 0x00, 0x00, 0x00, 0x10, 0x00, 0x00, 0x00, 0x00, 0x00, 0x00, 0x00,
  0x00, 0x00, 0x00, 0x00, 0x00, 0x00, 0x00, 0x00, 0x00, 0x00, 0x00, 0x00, 0x00, 0x00, 0x00, 0x00,
  0x20, 0x00, 0x00, 0x00, 0x00, 0x00, 0x00, 0x00, 0x00, 0x00, 0x00, 0x80, 0x00, 0x80, 0x00, 0x00,
  0x10, 0x00, 0x01, 0x00, 0x00, 0x00, 0x00, 0x00, 0x00, 0x00, 0x00, 0x00, 0x00, 0x00, 0x00, 0x00,
  0x00, 0x00, 0x00, 0x10, 0x10, 0x00, 0x00, 0x00, 0x00, 0x00, 0x00, 0x00, 0x00, 0x00, 0x00, 0x00,
  0x00, 0x00, 0x00, 0x00, 0x00, 0x00, 0x00, 0x00, 0x00, 0x00, 0x00, 0x00, 0x00, 0x00, 0x00, 0x00,
  0x00, 0x00, 0x00, 0x00, 0x00, 0x00, 0x00, 0x00, 0x00, 0x00, 0x00, 0x00, 0x00, 0x00, 0x00, 0x00,
  0x00, 0x00, 0x00, 0x00, 0x00, 0x00, 0x00, 0x00, 0x00, 0x00, 0x00, 0x00, 0x00, 0x00, 0x00, 0x00,
  0x00, 0x00, 0x00, 0x00, 0x00, 0x00, 0x00, 0x00, 0x00, 0x00, 0x00, 0x00, 0x00, 0x00, 0x00, 0x02,
  0x10, 0x00, 0x00, 0x00, 0x00, 0x00, 0x00, 0x00, 0x00, 0x00, 0x00, 0x00, 0x00, 0x00, 0x00, 0x00,
  0x10, 0x00, 0x00, 0x00, 0x00, 0x00, 0x00, 0x00, 0x00, 0x00, 0x00, 0x00, 0x00, 0x00, 0x00, 0x02,
  0x00, 0x00, 0x10, 0x00, 0x00, 0x00, 0x00, 0x00, 0x00, 0x00, 0x00, 0x00, 0x10, 0x00, 0x00, 0x15,
  0x00, 0x00, 0x00, 0x00, 0x00, 0x00, 0x00, 0x00, 0x10, 0x10, 0x01, 0x20, 0x00, 0x00, 0x00, 0x04,
  0x10, 0x00, 0x00, 0x15, 0x00, 0x06, 0x00, 0x06, 0x00, 0x00, 0x05, 0x20, 0x00, 0x00, 0x00, 0x00,
  0x10, 0x04, 0x00, 0x00, 0x10, 0x20, 0x00, 0x00, 0x00, 0x00, 0x00, 0x00, 0x00, 0x00, 0x05, 0x00,
  0x00, 0x00, 0x00, 0x00, 0x16, 0x00, 0x05, 0x00, 0x00, 0x00, 0x00, 0x00, 0x00, 0x00, 0x04, 0x00,
  0x00, 0x00, 0x00, 0x00, 0x00, 0x00, 0x00, 0x10, 0x00, 0x00, 0x00, 0x00, 0x00, 0x00, 0x00, 0x00,
  0x10, 0x00, 0x00, 0x00, 0x00, 0x01, 0x00, 0x00, 0x00, 0x00, 0x00, 0x00, 0x00, 0x00, 0x00, 0x00,
  0x00, 0x00, 0x00, 0x00, 0x01, 0x00, 0x00, 0x00, 0x10, 0x00, 0x00, 0x00, 0x00, 0x00, 0x00, 0x00,
  0x00, 0x00, 0x00, 0x00, 0x00, 0x00, 0x00, 0x40, 0x00, 0x20, 0x40, 0x00, 0x00, 0x00, 0x04, 0x10,
  0x00, 0x00, 0x00, 0x00, 0x00, 0x00, 0x00, 0x00, 0x00, 0x00, 0x00, 0x00, 0x00, 0x00, 0x00, 0x00,
  0x00, 0x00, 0x00, 0x00, 0x00, 0x00, 0x00, 0x00, 0x00, 0x00, 0x00, 0x00, 0x00, 0x10, 0x00, 0x00,
  0x00, 0x00, 0x00, 0x00, 0x00, 0x00, 0x00, 0x00, 0x00, 0x00, 0x00, 0x00, 0x00, 0x00, 0x00, 0x00,
  0x00, 0x00, 0x00, 0x00, 0x00, 0x00, 0x00, 0x00, 0x00, 0x00, 0x00, 0x00, 0x00, 0x00, 0x00, 0x00,
  0x00, 0x00, 0x00, 0x00, 0x00, 0x00, 0x00, 0x00, 0x00, 0x00, 0x00, 0x00, 0x00, 0x00, 0x00, 0x00,
  0x00, 0x00, 0x00, 0x00, 0x00, 0x00, 0x00, 0x00, 0x00, 0x00, 0x00, 0x00, 0x02, 0x00, 0x00, 0x00,
  0x00, 0x00, 0x00, 0x00, 0x00, 0x00, 0x00, 0x00, 0x00, 0x00, 0x00, 0x00, 0x00, 0x00, 0x00, 0x00,
  0x00, 0x00, 0x00, 0x00, 0x00, 0x00, 0x00, 0x00, 0x00, 0x02, 0x00, 0x12, 0x10, 0x00, 0x00, 0x10,
  0x00, 0x00, 0x00, 0x00, 0x00, 0x00, 0x00, 0x00, 0x00, 0x00, 0x00, 0x00, 0x00, 0x00, 0x20, 0x00,
  0x00, 0x00, 0x00, 0x00, 0x00, 0x00, 0x00, 0x00, 0x00, 0x00, 0x00, 0x00, 0x00, 0x00, 0x00, 0x00,
  0x00, 0x00, 0x00, 0x00, 0x80, 0x00, 0x00, 0x00, 0x00, 0x00, 0x00, 0x00, 0x00, 0x00, 0x00, 0x00,
  0x00, 0x00, 0x00, 0x00, 0x10, 0x00, 0x00, 0x00, 0x00, 0x00, 0x00, 0x00, 0x00, 0x00, 0x00, 0x10,
  0x00, 0x00, 0x00, 0x00, 0x10, 0x00, 0x00, 0x00, 0x00, 0x00, 0x00, 0x00, 0x00, 0x00, 0x00, 0x00,
  0x00, 0x01, 0x00, 0x00, 0x00, 0x00, 0x00, 0x00, 0x10, 0x00, 0x00, 0x00, 0x00, 0x00, 0x00, 0x00,
  0x00, 0x00, 0x00, 0x00, 0x00, 0x10, 0x00, 0x00, 0x00, 0x00, 0x00, 0x00, 0x00, 0x00, 0x00, 0x00,
  0x00, 0x00, 0x00, 0x00, 0x00, 0x00, 0x00, 0x00, 0x80, 0x00, 0x00, 0x00, 0x00, 0x00, 0x00, 0x00,
  0x00, 0x00, 0x00, 0x10, 0x00, 0x00, 0x80, 0x00, 0x00, 0x00, 0x00, 0x00, 0x00, 0x00, 0x00, 0x00,
  0x00, 0x00, 0x00, 0x00, 0x00, 0x00, 0x00, 0x00, 0x00, 0x00, 0x00, 0x00, 0x00, 0x00, 0x00, 0x00,
  0x00, 0x00, 0x00, 0x00, 0x00, 0x00, 0x00, 0x00, 0x00, 0x00, 0x00, 0x00, 0x00, 0x00, 0x00, 0x00,
  0x00, 0x00, 0x00, 0x00, 0x00, 0x00, 0x00, 0x00, 0x00, 0x00, 0x00, 0x00, 0x00, 0x00, 0x00, 0x00,
  0x00, 0x00, 0x00, 0x00, 0x00, 0x00, 0x00, 0x00, 0x00, 0x00, 0x00, 0x00, 0x00, 0x00, 0x00, 0x00,
  0x00, 0x00, 0x00, 0x00, 0x00, 0x00, 0x00, 0x00, 0x00, 0x00, 0x00, 0x00, 0x00, 0x00, 0x00, 0x00,
  0x00, 0x00, 0x00, 0x40, 0x00, 0x00, 0x00, 0x01, 0x00, 0x00, 0x00, 0x00, 0x00, 0x00, 0x00, 0x00,
  0x00, 0x00, 0x00, 0x00, 0x00, 0x00, 0x00, 0x00, 0x00, 0x00, 0x00, 0x00, 0x00, 0x00, 0x00, 0x00,
  0x00, 0x00, 0x00, 0x00, 0x00, 0x00, 0x00, 0x01, 0x00, 0x00, 0x00, 0x00, 0x00, 0x00, 0x00, 0x00,
  0x00, 0x00, 0x00, 0x00, 0x00, 0x00, 0x00, 0x00, 0x00, 0x00, 0x00, 0x00, 0x00, 0x00, 0x00, 0x00,
  0x00, 0x00, 0x00, 0x00, 0x00, 0x00, 0x00, 0x00, 0x00, 0x00, 0x00, 0x00, 0x00, 0x00, 0x00, 0x00,
  0x00, 0x00, 0x00, 0x00, 0x00, 0x00, 0x00, 0x00, 0x00, 0x00, 0x00, 0x00, 0x00, 0x00, 0x00, 0x90,
  0x00, 0x00, 0x00, 0x00, 0x00, 0x00, 0x00, 0x00, 0x00, 0x00, 0x00, 0x00, 0x00, 0x00, 0x00, 0x00,
  0x00, 0x00, 0x00, 0x00, 0x00, 0x00, 0x00, 0x00, 0x00, 0x00, 0x00, 0x00, 0x00, 0x00, 0x00, 0x00,
  0x00, 0x00, 0x00, 0x40, 0x00, 0x00, 0x00, 0x00, 0x10, 0x00, 0x00, 0x00, 0x00, 0x00, 0x00, 0x00,
  0x00, 0x00, 0x00, 0x00, 0x00, 0x00, 0x00, 0x00, 0x00, 0x00, 0x00, 0x00, 0x00, 0x00, 0x00, 0x00,
  0x00, 0x00, 0x00, 0x00, 0x00, 0x00, 0x00, 0x00, 0x00, 0x00, 0x00, 0x00, 0x60, 0x00, 0x00, 0x00,
  0x00, 0x04, 0x00, 0x00, 0x00, 0x00, 0x00, 0x00, 0x00, 0x00, 0x00, 0x00, 0x00, 0x00, 0x00, 0x00,
  0x00, 0x00, 0x00, 0x00, 0x00, 0x00, 0x00, 0x00, 0x00, 0x00, 0x00, 0x00, 0x00, 0x00, 0x00, 0x00,
  0x00, 0x00, 0x00, 0x00, 0x00, 0x00, 0x00, 0x00, 0x00, 0x00, 0x00, 0x00, 0x00, 0x00, 0x00, 0x00,
  0x00, 0x00, 0x00, 0x00, 0x00, 0x00, 0x00, 0x00, 0x00, 0x00, 0x00, 0x00, 0x00, 0x00, 0x00, 0x00,
  0x00, 0x00, 0x00, 0x00, 0x00, 0x00, 0x00, 0x00, 0x00, 0x00, 0x00, 0x00, 0x00, 0x00, 0x00, 0x00,
  0x00, 0x00, 0x00, 0x00, 0x00, 0x00, 0x00, 0x00, 0x00, 0x00, 0x00, 0x00, 0x00, 0x00, 0x20, 0x01,
  0x00, 0x80, 0x00, 0x04, 0x00, 0x00, 0x00, 0x00, 0x00, 0x00, 0x00, 0x00, 0x00, 0x00, 0x00, 0x00,
  0x00, 0x00, 0x00, 0x00, 0x00, 0x00, 0x00, 0x00, 0x00, 0x00, 0x00, 0x00, 0x00, 0x00, 0x01, 0x01,
  0x00, 0x80, 0x00, 0x04, 0x00, 0x00, 0x00, 0x00, 0x00, 0x00, 0x00, 0x00, 0x00, 0x00, 0x00, 0x00,
  0x00, 0x00, 0x00, 0x00, 0x00, 0x00, 0x00, 0x00, 0x00, 0x00, 0x00, 0x00, 0x00, 0x00, 0x00, 0x00,
  0x00, 0x00, 0x00, 0x00, 0x00, 0x00, 0x00, 0x00, 0x00, 0x00, 0x00, 0x00, 0x00, 0x00, 0x00, 0x00,
  0x00, 0x00, 0x00, 0x00, 0x00, 0x00, 0x00, 0x00, 0x00, 0x00, 0x00, 0x00, 0x00, 0x00, 0x00, 0x00,
  0x00, 0x00, 0x00, 0x00, 0x00, 0x00, 0x10, 0x24, 0x08, 0x00, 0x80, 0x00, 0x00, 0x00, 0x00, 0x00,
  0x00, 0x00, 0x00, 0x00, 0x00, 0x00, 0x00, 0x00, 0x00, 0x00, 0x00, 0x00, 0x00, 0x00, 0x01, 0x04,
  0x08, 0x00, 0x00, 0x00, 0x00, 0x00, 0x00, 0x00, 0x00, 0x00, 0x00, 0x00, 0x00, 0x00, 0x00, 0x00,
  0x00, 0x00, 0x00, 0x00, 0x00, 0x00, 0x00, 0x00, 0x00, 0x00, 0x00, 0x00, 0x00, 0x00, 0x00, 0x00,
  0x00, 0x00, 0x00, 0x00, 0x00, 0x00, 0x00, 0x00, 0x09, 0x00, 0x80, 0x00, 0x0A, 0x00, 0x00, 0x00,
  0x00, 0x00, 0x00, 0x00, 0x00, 0x00, 0x00, 0x00, 0x00, 0x00, 0x00, 0x00, 0x00, 0x00, 0x00, 0x00,
  0x00, 0x00, 0x00, 0x00, 0x00, 0x00, 0x00, 0x00, 0x00, 0x00, 0x00, 0x00, 0x00, 0x00, 0x00, 0x00,
  0x00, 0x00, 0x00, 0x00, 0x00, 0x00, 0x00, 0x00, 0x00, 0x00, 0x00, 0x00, 0x00, 0x00, 0x00, 0x00,
  0x00, 0x00, 0x00, 0x00, 0x00, 0x00, 0x00, 0x00, 0x00, 0x00, 0x00, 0x00, 0x00, 0x00, 0x00, 0x00,
  0x00, 0x00, 0x00, 0x00, 0x00, 0x00, 0x00, 0x00, 0x00, 0x00, 0x00, 0x00, 0x00, 0x00, 0x00, 0x00,
  0x00, 0x00, 0x00, 0x00, 0x00, 0x00, 0x00, 0x00, 0x00, 0x00, 0x00, 0x10, 0x00, 0x00, 0x00, 0x00,
  0x00, 0x00, 0x00, 0x00, 0x00, 0x00, 0x00, 0x00, 0x00, 0x00, 0x00, 0x00, 0x00, 0x00, 0x00, 0x00,
  0x00, 0x00, 0x00, 0x00, 0x00, 0x00, 0x00, 0x00, 0x00, 0x00, 0x00, 0x10, 0x00, 0x00, 0x00, 0x00,
  0x00, 0x00, 0x00, 0x00, 0x00, 0x00, 0x00, 0x00, 0x00, 0x00, 0x00, 0x00, 0x00, 0x00, 0x00, 0x00,
  0x00, 0x00, 0x00, 0x00, 0x00, 0x00, 0x00, 0x00, 0x00, 0x00, 0x00, 0x00, 0x00, 0x00, 0x00, 0x00,
  0x00, 0x00, 0x00, 0x00, 0x00, 0x00, 0x00, 0x00, 0x00, 0x00, 0x00, 0x00, 0x00, 0x00, 0x00, 0x00,
  0x00, 0x00, 0x00, 0x00, 0x00, 0x00, 0x00, 0x48, 0x00, 0x00, 0x00, 0x00, 0x00, 0x00, 0x00, 0x00,
  0x00, 0x00, 0x00, 0x40, 0x08, 0x00, 0x00, 0x00, 0x00, 0x00, 0x00, 0x00, 0x00, 0x00, 0x00, 0x00,
  0x00, 0x00, 0x00, 0x00, 0x00, 0x00, 0x00, 0x00, 0x00, 0x00, 0x00, 0x40, 0x00, 0x00, 0x00, 0x00,
  0x08, 0x00, 0x00, 0x00, 0x00, 0x00, 0x00, 0x00, 0x00, 0x00, 0x00, 0x00, 0x00, 0x00, 0x00, 0x00,
  0x00, 0x00, 0x00, 0x00, 0x00, 0x00, 0x00, 0x00, 0x00, 0x00, 0x00, 0x00, 0x00, 0x00, 0x00, 0x00,
  0x00, 0x00, 0x00, 0x00, 0x10, 0x00, 0x00, 0x00, 0x00, 0x02, 0x00, 0x00, 0x00, 0x00, 0x00, 0x00,
  0x00, 0x00, 0x00, 0x00, 0x00, 0x00, 0x00, 0x00, 0x00, 0x00, 0x00, 0x00, 0x00, 0x00, 0x00, 0x00,
  0x00, 0x00, 0x00, 0x00, 0x00, 0x00, 0x00, 0x00, 0x00, 0x00, 0x00, 0x00, 0x00, 0x00, 0x00, 0x00,
  0x00, 0x00, 0x00, 0x00, 0x00, 0x00, 0x00, 0x00, 0x00, 0x00, 0x00, 0x00, 0x00, 0x00, 0x00, 0x00,
  0x00, 0x00, 0x00, 0x00, 0x00, 0x00, 0x00, 0x00, 0x00, 0x00, 0x00, 0x00, 0x00, 0x00, 0x00, 0x00,
  0x00, 0x00, 0x00, 0x00, 0x00, 0x00, 0x00, 0x00, 0x00, 0x00, 0x00, 0x00, 0x00, 0x00, 0x00, 0x00,
  0x00, 0x00, 0x00, 0x00, 0x00, 0x00, 0x40, 0x20, 0x02, 0x00, 0x00, 0x00, 0x00, 0x00, 0x00, 0x00,
  0x00, 0x00, 0x00, 0x00, 0x00, 0x00, 0x00, 0x00, 0x00, 0x00, 0x00, 0x00, 0x00, 0x00, 0x00, 0x00,
  0x00, 0x00, 0x00, 0x00, 0x00, 0x00, 0x00, 0x20, 0x02, 0x00, 0x00, 0x00, 0x00, 0x00, 0x00, 0x00,
  0x00, 0x00, 0x00, 0x00, 0x00, 0x00, 0x00, 0x00, 0x00, 0x00, 0x00, 0x00, 0x00, 0x00, 0x00, 0x00,
  0x00, 0x00, 0x00, 0x00, 0x00, 0x00, 0x00, 0x00, 0x00, 0x00, 0x00, 0x00, 0x00, 0x00, 0x00, 0x00,
  0x00, 0x00, 0x00, 0x00, 0x00, 0x00, 0x00, 0x00, 0x00, 0x00, 0x00, 0x00, 0x00, 0x00, 0x00, 0x00,
  0x00, 0x00, 0x00, 0x00, 0x00, 0x02, 0x00, 0x00, 0x00, 0x00, 0x00, 0x00, 0x00, 0x00, 0x80, 0x40,
  0x00, 0x02, 0x00, 0x00, 0x00, 0x00, 0x00, 0x00, 0x00, 0x00, 0x00, 0x00, 0x00, 0x00, 0x00, 0x00,
  0x00, 0x00, 0x00, 0x00, 0x00, 0x00, 0x00, 0x00, 0x10, 0x00, 0x00, 0x00, 0x00, 0x00, 0x00, 0x00,
  0x00, 0x00, 0x00, 0x00, 0x00, 0x00, 0x00, 0x00, 0x00, 0x00, 0x00, 0x00, 0x00, 0x00, 0x00, 0x00,
  0x00, 0x00, 0x00, 0x00, 0x00, 0x00, 0x00, 0x00, 0x00, 0x00, 0x00, 0x00, 0x00, 0x00, 0x00, 0x00,
  0x10, 0x02, 0x00, 0x00, 0x00, 0x00, 0x00, 0x00, 0x00, 0x00, 0x00, 0x00, 0x00, 0x00, 0x00, 0x00,
  0x00, 0x00, 0x00, 0x00, 0x00, 0x00, 0x00, 0x00, 0x00, 0x00, 0x00, 0x00, 0x00, 0x00, 0x00, 0x00,
  0x00, 0x00, 0x00, 0x00, 0x00, 0x00, 0x00, 0x00, 0x00, 0x00, 0x00, 0x00, 0x00, 0x00, 0x00, 0x00,
  0x00, 0x00, 0x00, 0x00, 0x00, 0x00, 0x00, 0x00, 0x00, 0x00, 0x00, 0x00, 0x00, 0x00, 0x00, 0x00,
  0x00, 0x00, 0x00, 0x00, 0x00, 0x00, 0x00, 0x00, 0x00, 0x00, 0x00, 0x00, 0x00, 0x00, 0x00, 0x00,
  0x00, 0x00, 0x00, 0x00, 0x00, 0x00, 0x00, 0x00, 0x00, 0x00, 0x00, 0x00, 0x00, 0x00, 0x00, 0x00,
  0x00, 0x00, 0x04, 0x00, 0x00, 0x00, 0x00, 0x00, 0x00, 0x00, 0x00, 0x00, 0x00, 0x00, 0x00, 0x00,
  0x00, 0x00, 0x00, 0x00, 0x00, 0x00, 0x00, 0x00, 0x00, 0x00, 0x00, 0x00, 0x00, 0x00, 0x00, 0x00,
  0x00, 0x00, 0x04, 0x00, 0x00, 0x00, 0x00, 0x00, 0x00, 0x00, 0x00, 0x00, 0x00, 0x00, 0x00, 0x00,
  0x00, 0x00, 0x00, 0x00, 0x00, 0x00, 0x00, 0x00, 0x00, 0x00, 0x00, 0x00, 0x00, 0x00, 0x00, 0x00,
  0x00, 0x00, 0x00, 0x00, 0x00, 0x00, 0x00, 0x00, 0x00, 0x00, 0x00, 0x00, 0x00, 0x00, 0x00, 0x00,
  0x00, 0x00, 0x00, 0x00, 0x00, 0x00, 0x00, 0x00, 0x00, 0x00, 0x00, 0x00, 0x00, 0x00, 0x00, 0x00,
  0x00, 0x20, 0x08, 0x00, 0x00, 0x00, 0x00, 0x00, 0x00, 0x00, 0x00, 0x04, 0x00, 0x00, 0x00, 0x00,
  0x00, 0x00, 0x00, 0x00, 0x00, 0x00, 0x00, 0x00, 0x00, 0x00, 0x00, 0x00, 0x00, 0x00, 0x00, 0x00,
  0x00, 0x00, 0x00, 0x04, 0x00, 0x00, 0x00, 0x00, 0x00, 0x00, 0x00, 0x00, 0x00, 0x00, 0x00, 0x00,
  0x00, 0x00, 0x00, 0x00, 0x00, 0x00, 0x00, 0x00, 0x00, 0x00, 0x00, 0x00, 0x00, 0x00, 0x00, 0x00,
  0x00, 0x00, 0x00, 0x00, 0x00, 0x00, 0x00, 0x00, 0x00, 0x00, 0x00, 0x04, 0x00, 0x00, 0x00, 0x00,
  0x00, 0x00, 0x00, 0x00, 0x00, 0x00, 0x00, 0x00, 0x00, 0x00, 0x00, 0x00, 0x00, 0x00, 0x00, 0x00,
  0x00, 0x00, 0x00, 0x00, 0x00, 0x00, 0x00, 0x00, 0x00, 0x00, 0x00, 0x00, 0x00, 0x00, 0x00, 0x00,
  0x00, 0x00, 0x00, 0x00, 0x00, 0x00, 0x00, 0x00, 0x00, 0x00, 0x00, 0x00, 0x00, 0x00, 0x00, 0x00,
  0x00, 0x00, 0x00, 0x00, 0x00, 0x00, 0x00, 0x00, 0x00, 0x00, 0x00, 0x00, 0x00, 0x00, 0x00, 0x00,
  0x00, 0x00, 0x00, 0x00, 0x00, 0x00, 0x00, 0x00, 0x00, 0x00, 0x00, 0x00, 0x00, 0x00, 0x00, 0x00,
  0x00, 0x00, 0x00, 0x00, 0x00, 0x00, 0x00, 0x00, 0x00, 0x00, 0x00, 0x00, 0x00, 0x00, 0x00, 0x00,
  0x00, 0x00, 0x00, 0x00, 0x00, 0x00, 0x00, 0x00, 0x00, 0x00, 0x00, 0x00, 0x00, 0x00, 0x00, 0x00,
  0x00, 0x00, 0x00, 0x00, 0x00, 0x00, 0x00, 0x00, 0x00, 0x00, 0x00, 0x00, 0x00, 0x00, 0x00, 0x00,
  0x00, 0x00, 0x00, 0x00, 0x00, 0x00, 0x00, 0x00, 0x00, 0x00, 0x00, 0x00, 0x00, 0x00, 0x00, 0x00,
  0x00, 0x00, 0x00, 0x00, 0x00, 0x00, 0x00, 0x00, 0x00, 0x00, 0x00, 0x00, 0x00, 0x00, 0x00, 0x00,
  0x00, 0x00, 0x00, 0x00, 0x00, 0x00, 0x00, 0x00, 0x00, 0x00, 0x00, 0x00, 0x00, 0x00, 0x00, 0x00,
  0x00, 0x00, 0x00, 0x00, 0x00, 0x00, 0x00, 0x00, 0x00, 0x00, 0x00, 0x80, 0x00, 0x00, 0x08, 0x88,
  0x00, 0x00, 0x00, 0x00, 0x00, 0x00, 0x00, 0x00, 0x00, 0x00, 0x00, 0x00, 0x00, 0x00, 0x00, 0x00,
  0x00, 0x00, 0x00, 0x00, 0x00, 0x00, 0x00, 0x00, 0x00, 0x00, 0x00, 0x00, 0x00, 0x00, 0x00, 0x00,
  0x00, 0x00, 0x00, 0x00, 0x00, 0x00, 0x00, 0x00, 0x00, 0x00, 0x00, 0x00, 0x00, 0x00, 0x00, 0x00,
  0x00, 0x00, 0x00, 0x00, 0x00, 0x00, 0x00, 0x00, 0x00, 0x00, 0x00, 0x00, 0x00, 0x00, 0x00, 0x00,
  0x00, 0x00, 0x00, 0x00, 0x00, 0x00, 0x00, 0x00, 0x00, 0x00, 0x00, 0x00, 0x00, 0x00, 0x00, 0x00,
  0x00, 0x00, 0x00, 0x00, 0x00, 0x00, 0x00, 0x00, 0x00, 0x00, 0x00, 0x00, 0x00, 0x00, 0x00, 0x00,
  0x00, 0x00, 0x00, 0x00, 0x00, 0x00, 0x00, 0x00, 0x00, 0x00, 0x00, 0x00, 0x00, 0x00, 0x00, 0x00,
  0x00, 0x00, 0x00, 0x00, 0x00, 0x00, 0x00, 0x00, 0x00, 0x00, 0x00, 0x00, 0x00, 0x00, 0x00, 0x00,
  0x00, 0x00, 0x00, 0x00, 0x00, 0x00, 0x00, 0x00, 0x00, 0x00, 0x00, 0x00, 0x00, 0x00, 0x00, 0x00,
  0x00, 0x00, 0x00, 0x00, 0x00, 0x00, 0x00, 0x00, 0x00, 0x00, 0x00, 0x00, 0x00, 0x00, 0x00, 0x00,
  0x00, 0x00, 0x00, 0x00, 0x00, 0x00, 0x00, 0x00, 0x00, 0x00, 0x08, 0x00, 0x00, 0x00, 0x00, 0x00,
  0x00, 0x00, 0x00, 0x00, 0x00, 0x00, 0x00, 0x00, 0x00, 0x00, 0x00, 0x00, 0x00, 0x00, 0x00, 0x00,
  0x00, 0x00, 0x00, 0x00, 0x00, 0x00, 0x00, 0x00, 0x00, 0x00, 0x08, 0x00, 0x00, 0x00, 0x00, 0x00,
  0x00, 0x00, 0x00, 0x00, 0x00, 0x00, 0x00, 0x00, 0x00, 0x00, 0x00, 0x00, 0x00, 0x00, 0x00, 0x00,
  0x00, 0x00, 0x00, 0x00, 0x00, 0x00, 0x00, 0x00, 0x00, 0x00, 0x00, 0x00, 0x00, 0x00, 0x00, 0x00,
  0x00, 0x00, 0x00, 0x00, 0x00, 0x00, 0x00, 0x00, 0x00, 0x00, 0x00, 0x00, 0x00, 0x00, 0x00, 0x00,
  0x00, 0x00, 0x00, 0x00, 0x00, 0x00, 0x00, 0x80, 0x00, 0x10, 0x00, 0x00, 0x00, 0x00, 0x00, 0x00,
  0x00, 0x00, 0x00, 0x04, 0x00, 0x00, 0x00, 0x00, 0x00, 0x00, 0x00, 0x00, 0x00, 0x00, 0x00, 0x00,
  0x00, 0x00, 0x00, 0x00, 0x00, 0x00, 0x00, 0x00, 0x00, 0x00, 0x00, 0x04, 0x00, 0x00, 0x00, 0x00,
  0x00, 0x00, 0x00, 0x00, 0x00, 0x00, 0x00, 0x00, 0x00, 0x00, 0x00, 0x00, 0x00, 0x00, 0x00, 0x00,
  0x00, 0x00, 0x00, 0x00, 0x00, 0x00, 0x00, 0x00, 0x00, 0x00, 0x00, 0x00, 0x00, 0x00, 0x00, 0x00,
  0x00, 0x00, 0x00, 0x08, 0x00, 0x00, 0x00, 0x00, 0x00, 0x00, 0x00, 0x00, 0x00, 0x00, 0x00, 0x00,
  0x00, 0x00, 0x00, 0x00, 0x00, 0x00, 0x00, 0x00, 0x00, 0x00, 0x00, 0x00, 0x00, 0x00, 0x00, 0x00,
  0x00, 0x00, 0x00, 0x00, 0x00, 0x00, 0x00, 0x00, 0x00, 0x00, 0x00, 0x00, 0x00, 0x00, 0x00, 0x00,
  0x00, 0x00, 0x00, 0x00, 0x00, 0x00, 0x00, 0x00, 0x00, 0x00, 0x00, 0x00, 0x00, 0x00, 0x00, 0x00,
  0x00, 0x00, 0x00, 0x00, 0x00, 0x00, 0x00, 0x00, 0x00, 0x00, 0x00, 0x00, 0x00, 0x00, 0x00, 0x00,
  0x00, 0x00, 0x00, 0x00, 0x00, 0x00, 0x00, 0x00, 0x00, 0x00, 0x00, 0x00, 0x00, 0x00, 0x00, 0x00,
  0x00, 0x00, 0x00, 0x00, 0x00, 0x00, 0x00, 0x00, 0x00, 0x00, 0x00, 0x00, 0x00, 0x00, 0x00, 0x00,
  0x00, 0x00, 0x00, 0x00, 0x00, 0x00, 0x00, 0x00, 0x00, 0x00, 0x00, 0x00, 0x00, 0x00, 0x00, 0x00,
  0x00, 0x00, 0x00, 0x00, 0x00, 0x00, 0x00, 0x00, 0x00, 0x00, 0x00, 0x00, 0x00, 0x00, 0x00, 0x00,
  0x00, 0x00, 0x00, 0x00, 0x00, 0x00, 0x00, 0x00, 0x00, 0x00, 0x00, 0x00, 0x00, 0x00, 0x00, 0x00,
  0x00, 0x00, 0x00, 0x00, 0x00, 0x00, 0x00, 0x00, 0x00, 0x00, 0x00, 0x00, 0x00, 0x00, 0x00, 0x00,
  0x00, 0x00, 0x00, 0x00, 0x00, 0x00, 0x00, 0x00, 0x00, 0x00, 0x00, 0x00, 0x00, 0x00, 0x00, 0x00,
  0x00, 0x00, 0x00, 0x00, 0x00, 0x00, 0x00, 0x00, 0x00, 0x00, 0x00, 0x00, 0x00, 0x00, 0x00, 0x00,
  0x00, 0x00, 0x00, 0x00, 0x00, 0x00, 0x00, 0x00, 0x00, 0x00, 0x00, 0x00, 0x00, 0x00, 0x00, 0x00,
  0x00, 0x00, 0x00, 0x00, 0x00, 0x00, 0x00, 0x00, 0x00, 0x00, 0x00, 0x00, 0x00, 0x00, 0x00, 0x00,
  0x00, 0x00, 0x00, 0x00, 0x00, 0x00, 0x00, 0x00, 0x00, 0x00, 0x00, 0x00, 0x00, 0x00, 0x00, 0x00,
  0x00, 0x00, 0x00, 0x00, 0x00, 0x00, 0x00, 0x00, 0x00, 0x00, 0x00, 0x00, 0x00, 0x00, 0x00, 0x00,
  0x00, 0x00, 0x00, 0x00, 0x00, 0x00, 0x00, 0x00, 0x00, 0x00, 0x00, 0x00, 0x00, 0x00, 0x00, 0x00,
  0x00, 0x00, 0x00, 0x00, 0x00, 0x00, 0x00, 0x00, 0x00, 0x00, 0x00, 0x00, 0x00, 0x00, 0x00, 0x00,
  0x00, 0x00, 0x00, 0x00, 0x00, 0x00, 0x00, 0x00, 0x00, 0x00, 0x00, 0x00, 0x00, 0x00, 0x00, 0x00,
  0x00, 0x00, 0x00, 0x00, 0x00, 0x00, 0x00, 0x00, 0x00, 0x00, 0x00, 0x00, 0x00, 0x00, 0x00, 0x00,
  0x00, 0x00, 0x00, 0x00, 0x00, 0x00, 0x00, 0x00, 0x00, 0x00, 0x00, 0x00, 0x00, 0x00, 0x00, 0x00,
  0x00, 0x00, 0x00, 0x00, 0x00, 0x00, 0x00, 0x00, 0x00, 0x00, 0x00, 0x00, 0x00, 0x00, 0x00, 0x00,
  0x00, 0x00, 0x00, 0x00, 0x00, 0x00, 0x00, 0x44, 0x00, 0x00, 0x00, 0x00, 0x00, 0x00, 0x00, 0x00,
  0x00, 0x00, 0x00, 0x00, 0x00, 0x00, 0x00, 0x00, 0x00, 0x00, 0x00, 0x00, 0x00, 0x00, 0x00, 0x00,
  0x00, 0x00, 0x00, 0x00, 0x00, 0x00, 0x00, 0x44, 0x00, 0x00, 0x00, 0x00, 0x00, 0x00, 0x00, 0x00,
  0x00, 0x00, 0x00, 0x00, 0x00, 0x00, 0x00, 0x00, 0x00, 0x00, 0x00, 0x00, 0x00, 0x00, 0x00, 0x00,
  0x00, 0x00, 0x00, 0x00, 0x00, 0x00, 0x00, 0x00, 0x00, 0x00, 0x00, 0x00, 0x00, 0x00, 0x00, 0x00,
  0x00, 0x00, 0x00, 0x00, 0x00, 0x00, 0x00, 0x00, 0x00, 0x00, 0x00, 0x00, 0x00, 0x00, 0x00, 0x08,
  0x00, 0x00, 0x00, 0x00, 0x00, 0x00, 0x00, 0x00, 0x00, 0x00, 0x00, 0x00, 0x00, 0x00, 0x00, 0x00,
  0x00, 0x80, 0x00, 0x00, 0x00, 0x00, 0x00, 0x00, 0x00, 0x00, 0x00, 0x00, 0x00, 0x00, 0x00, 0x00,
  0x00, 0x00, 0x00, 0x00, 0x00, 0x00, 0x00, 0x21, 0x80, 0x00, 0x00, 0x00, 0x00, 0x00, 0x00, 0x00,
  0x00, 0x00, 0x00, 0x00, 0x00, 0x00, 0x00, 0x00, 0x00, 0x00, 0x00, 0x00, 0x00, 0x00, 0x00, 0x00,
  0x00, 0x00, 0x00, 0x00, 0x00, 0x00, 0x00, 0x00, 0x00, 0x00, 0x00, 0x00, 0x00, 0x00, 0x00, 0x00,
  0x44, 0x00, 0x00, 0x00, 0x00, 0x00, 0x00, 0x00, 0x00, 0x00, 0x00, 0x00, 0x00, 0x00, 0x00, 0x00,
  0x00, 0x00, 0x00, 0x00, 0x00, 0x00, 0x00, 0x00, 0x00, 0x00, 0x00, 0x00, 0x00, 0x00, 0x00, 0x00,
  0x00, 0x00, 0x00, 0x00, 0x00, 0x00, 0x00, 0x00, 0x00, 0x00, 0x00, 0x00, 0x00, 0x00, 0x00, 0x00,
  0x00, 0x00, 0x00, 0x00, 0x00, 0x00, 0x00, 0x00, 0x00, 0x00, 0x00, 0x00, 0x00, 0x00, 0x00, 0x00,
  0x00, 0x00, 0x00, 0x00, 0x00, 0x00, 0x00, 0x00, 0x00, 0x00, 0x00, 0x00, 0x00, 0x00, 0x00, 0x00,
  0x00, 0x00, 0x00, 0x00, 0x00, 0x00, 0x00, 0x00, 0x00, 0x00, 0x00, 0x00, 0x00, 0x00, 0x00, 0x00,
  0x00, 0x51, 0x04, 0x01, 0x00, 0x00, 0x00, 0x00, 0x00, 0x00, 0x00, 0x00, 0x00, 0x00, 0x00, 0x00,
  0x00, 0x00, 0x00, 0x00, 0x00, 0x00, 0x00, 0x00, 0x00, 0x00, 0x00, 0x00, 0x00, 0x00, 0x00, 0x00,
  0x00, 0x50, 0x00, 0x00, 0x00, 0x00, 0x00, 0x00, 0x00, 0x00, 0x00, 0x00, 0x00, 0x00, 0x00, 0x00,
  0x00, 0x00, 0x00, 0x00, 0x00, 0x00, 0x00, 0x00, 0x00, 0x00, 0x00, 0x00, 0x00, 0x00, 0x00, 0x00,
  0x00, 0x00, 0x00, 0x00, 0x00, 0x00, 0x00, 0x00, 0x00, 0x00, 0x00, 0x00, 0x00, 0x00, 0x00, 0x00,
  0x00, 0x00, 0x00, 0x00, 0x00, 0x00, 0x00, 0x00, 0x00, 0x00, 0x00, 0x00, 0x00, 0x00, 0x00, 0x00,
  0x00, 0x00, 0x00, 0x00, 0x00, 0x00, 0x00, 0x00, 0x00, 0x00, 0x61, 0x04, 0x01, 0x00, 0x00, 0x00,
  0x00, 0x00, 0x00, 0x00, 0x00, 0x00, 0x00, 0x00, 0x00, 0x00, 0x00, 0x00, 0x00, 0x00, 0x00, 0x00,
  0x00, 0x00, 0x80, 0x00, 0x08, 0x00, 0x00, 0x00, 0x00, 0x00, 0x00, 0x00, 0x00, 0x00, 0x00, 0x00,
  0x00, 0x00, 0x00, 0x00, 0x00, 0x00, 0x00, 0x00, 0x00, 0x00, 0x00, 0x00, 0x00, 0x00, 0x00, 0x00,
  0x00, 0x00, 0x00, 0x00, 0x00, 0x00, 0x00, 0x00, 0x00, 0x00, 0x90, 0x00, 0x00, 0x00, 0x00, 0x00,
  0x00, 0x00, 0x00, 0x00, 0x00, 0x00, 0x00, 0x00, 0x00, 0x00, 0x00, 0x00, 0x00, 0x00, 0x00, 0x00,
  0x00, 0x00, 0x00, 0x00, 0x00, 0x00, 0x00, 0x00, 0x00, 0x00, 0x00, 0x00, 0x00, 0x00, 0x00, 0x00,
  0x00, 0x00, 0x00, 0x00, 0x00, 0x00, 0x00, 0x00, 0x00, 0x00, 0x00, 0x00, 0x00, 0x00, 0x00, 0x00,
  0x00, 0x00, 0x00, 0x00, 0x00, 0x00, 0x00, 0x00, 0x00, 0x00, 0x00, 0x00, 0x00, 0x00, 0x00, 0x00,
  0x00, 0x00, 0x00, 0x00, 0x00, 0x00, 0x00, 0x00, 0x00, 0x00, 0x00, 0x00, 0x00, 0x00, 0x00, 0x00,
  0x00, 0x00, 0x00, 0x00, 0x00, 0x00, 0x00, 0x00, 0x00, 0x00, 0x00, 0x00, 0x00, 0x08, 0x01, 0x80,
  0xC0, 0x00, 0x00, 0x00, 0x00, 0x00, 0x00, 0x00, 0x00, 0x00, 0x00, 0x00, 0x00, 0x00, 0x00, 0x00,
  0x00, 0x00, 0x00, 0x00, 0x00, 0x00, 0x00, 0x00, 0x00, 0x00, 0x00, 0x00, 0x00, 0x08, 0x01, 0x80,
  0xC0, 0x00, 0x00, 0x00, 0x00, 0x00, 0x00, 0x00, 0x00, 0x00, 0x00, 0x00, 0x00, 0x00, 0x00, 0x00,
  0x00, 0x00, 0x00, 0x00, 0x00, 0x00, 0x00, 0x00, 0x00, 0x00, 0x00, 0x00, 0x00, 0x00, 0x00, 0x00,
  0x00, 0x00, 0x00, 0x00, 0x00, 0x00, 0x00, 0x00, 0x00, 0x00, 0x00, 0x00, 0x00, 0x00, 0x00, 0x00,
  0x00, 0x00, 0x00, 0x00, 0x00, 0x00, 0x00, 0x00, 0x00, 0x00, 0x02, 0x00, 0x00, 0x00, 0x00, 0x00,
  0x00, 0x00, 0x00, 0x00, 0x00, 0x00, 0x08, 0x01, 0x44, 0x40, 0x00, 0x00, 0x00, 0x00, 0x00, 0x00,
  0x00, 0x00, 0x00, 0x00, 0x00, 0x00, 0x00, 0x00, 0x00, 0x00, 0x00, 0x00, 0x00, 0x00, 0x00, 0x00,
  0x80, 0x80, 0x00, 0x00, 0x00, 0x00, 0x00, 0x00, 0x00, 0x00, 0x00, 0x00, 0x00, 0x00, 0x00, 0x00,
  0x00, 0x00, 0x00, 0x00, 0x00, 0x00, 0x00, 0x00, 0x00, 0x00, 0x00, 0x00, 0x00, 0x00, 0x00, 0x00,
  0x00, 0x00, 0x00, 0x00, 0x00, 0x00, 0x08, 0x01, 0x80, 0xC0, 0x00, 0x00, 0x00, 0x00, 0x00, 0x00,
  0x00, 0x00, 0x00, 0x00, 0x00, 0x00, 0x00, 0x00, 0x00, 0x00, 0x00, 0x00, 0x00, 0x00, 0x00, 0x00,
  0x00, 0x00, 0x00, 0x00, 0x00, 0x00, 0x00, 0x00, 0x00, 0x00, 0x00, 0x00, 0x00, 0x00, 0x00, 0x00,
  0x00, 0x00, 0x00, 0x00, 0x00, 0x00, 0x00, 0x00, 0x00, 0x00, 0x00, 0x00, 0x00, 0x00, 0x00, 0x00,
  0x00, 0x00, 0x00, 0x00, 0x00, 0x00, 0x00, 0x00, 0x00, 0x00, 0x00, 0x00, 0x00, 0x00, 0x00, 0x00,
  0x00, 0x00, 0x00, 0x00, 0x00, 0x00, 0x00, 0x00, 0x00, 0x00, 0x00, 0x00, 0x00, 0x00, 0x00, 0x00,
  0x00, 0x00, 0x00, 0x00, 0x00, 0x00, 0x00, 0x00, 0x00, 0x40, 0x10, 0x00, 0x00, 0x00, 0x00, 0x00,
  0x00, 0x00, 0x00, 0x00, 0x00, 0x00, 0x00, 0x00, 0x00, 0x00, 0x00, 0x00, 0x00, 0x00, 0x00, 0x00,
  0x00, 0x00, 0x00, 0x00, 0x00, 0x00, 0x00, 0x00, 0x00, 0x80, 0x54, 0x01, 0x00, 0x00, 0x00, 0x00,
  0x00, 0x00, 0x00, 0x00, 0x00, 0x00, 0x00, 0x00, 0x00, 0x00, 0x00, 0x00, 0x00, 0x00, 0x00, 0x00,
  0x00, 0x00, 0x00, 0x00, 0x00, 0x00, 0x00, 0x00, 0x00, 0x00, 0x00, 0x00, 0x00, 0x00, 0x00, 0x00,
  0x00, 0x00, 0x00, 0x00, 0x00, 0x00, 0x00, 0x00, 0x00, 0x00, 0x00, 0x00, 0x00, 0x00, 0x00, 0x00,
  0x00, 0x00, 0x00, 0x40, 0x00, 0x00, 0x00, 0x80, 0x00, 0x00, 0x00, 0x00, 0x00, 0x00, 0x00, 0x00,
  0x00, 0x00, 0x40, 0x10, 0x80, 0x00, 0x00, 0x00, 0x00, 0x00, 0x00, 0x00, 0x00, 0x00, 0x00, 0x00,
  0x00, 0x00, 0x00, 0x00, 0x00, 0x00, 0x00, 0x00, 0x00, 0x00, 0x41, 0x01, 0x00, 0x00, 0x00, 0x00,
  0x00, 0x00, 0x00, 0x00, 0x00, 0x00, 0x00, 0x00, 0x00, 0x00, 0x00, 0x00, 0x00, 0x00, 0x00, 0x00,
  0x00, 0x00, 0x00, 0x00, 0x00, 0x00, 0x00, 0x00, 0x00, 0x00, 0x00, 0x00, 0x00, 0x00, 0x00, 0x00,
  0x00, 0x00, 0x41, 0x11, 0x00, 0x40, 0x00, 0x00, 0x00, 0x00, 0x00, 0x00, 0x00, 0x00, 0x00, 0x00,
  0x00, 0x00, 0x00, 0x00, 0x00, 0x00, 0x00, 0x00, 0x00, 0x00, 0x00, 0x00, 0x00, 0x00, 0x00, 0x00,
  0x00, 0x00, 0x00, 0x00, 0x00, 0x00, 0x00, 0x00, 0x00, 0x00, 0x00, 0x00, 0x00, 0x00, 0x00, 0x00,
  0x00, 0x00, 0x00, 0x00, 0x00, 0x00, 0x00, 0x00, 0x00, 0x00, 0x00, 0x00, 0x00, 0x00, 0x00, 0x00,
  0x00, 0x00, 0x00, 0x00, 0x00, 0x00, 0x00, 0x00, 0x00, 0x00, 0x00, 0x00, 0x00, 0x00, 0x00, 0x00,
  0x00, 0x00, 0x00, 0x00, 0x00, 0x00, 0x00, 0x00, 0x00, 0x00, 0x00, 0x00, 0x00, 0x00, 0x00, 0x00,
  0x00, 0x00, 0x00, 0x00, 0x00, 0x00, 0x00, 0x03, 0x00, 0x00, 0x00, 0x00, 0x00, 0x00, 0x00, 0x00,
  0x00, 0x00, 0x00, 0x00, 0x00, 0x00, 0x00, 0x00, 0x00, 0x00, 0x00, 0x00, 0x00, 0x00, 0x00, 0x00,
  0x00, 0x00, 0x00, 0x00, 0x00, 0x00, 0x00, 0x03, 0x00, 0x00, 0x00, 0x00, 0x00, 0x00, 0x00, 0x00,
  0x00, 0x00, 0x00, 0x00, 0x00, 0x00, 0x00, 0x00, 0x00, 0x00, 0x00, 0x00, 0x00, 0x00, 0x00, 0x00,
  0x00, 0x00, 0x00, 0x00, 0x00, 0x00, 0x00, 0x00, 0x00, 0x00, 0x00, 0x00, 0x00, 0x00, 0x00, 0x00,
  0x00, 0x00, 0x00, 0x00, 0x00, 0x00, 0x00, 0x00, 0x00, 0x00, 0x00, 0x00, 0x00, 0x00, 0x00, 0x00,
  0x00, 0x02, 0xC0, 0x00, 0x00, 0x00, 0x00, 0x00, 0x00, 0x00, 0x00, 0x00, 0x00, 0x00, 0x00, 0x00,
  0x03, 0x00, 0x00, 0x00, 0x00, 0x00, 0x00, 0x00, 0x00, 0x00, 0x00, 0x00, 0x00, 0x00, 0x00, 0x00,
  0x00, 0x00, 0x00, 0x00, 0x00, 0x00, 0x00, 0x00, 0x02, 0x00, 0x00, 0x00, 0x00, 0x00, 0x00, 0x00,
  0x00, 0x00, 0x00, 0x00, 0x00, 0x00, 0x00, 0x00, 0x00, 0x00, 0x00, 0x00, 0x00, 0x00, 0x00, 0x00,
  0x00, 0x00, 0x00, 0x00, 0x00, 0x00, 0x00, 0x00, 0x00, 0x00, 0x00, 0x00, 0x00, 0x00, 0x00, 0x00,
  0x03, 0x00, 0x00, 0x00, 0x00, 0x00, 0x00, 0x00, 0x00, 0x00, 0x00, 0x00, 0x00, 0x00, 0x00, 0x00,
  0x00, 0x00, 0x00, 0x00, 0x00, 0x00, 0x00, 0x00, 0x00, 0x00, 0x00, 0x00, 0x00, 0x00, 0x00, 0x00,
  0x00, 0x00, 0x00, 0x00, 0x00, 0x00, 0x00, 0x00, 0x00, 0x00, 0x00, 0x00, 0x00, 0x00, 0x00, 0x00,
  0x00, 0x00, 0x00, 0x00, 0x00, 0x00, 0x00, 0x00, 0x00, 0x00, 0x00, 0x00, 0x00, 0x00, 0x00, 0x00,
  0x00, 0x00, 0x00, 0x00, 0x00, 0x00, 0x00, 0x00, 0x00, 0x00, 0x00, 0x00, 0x00, 0x00, 0x00, 0x00,
  0x00, 0x00, 0x00, 0x00, 0x00, 0x00, 0x00, 0x00, 0x00, 0x00, 0x00, 0x00, 0x00, 0x00, 0x00, 0x00,
  0x00, 0x00, 0x00, 0x00, 0x00, 0x00, 0x00, 0x00, 0x00, 0x00, 0x00, 0x00, 0x00, 0x00, 0x00, 0x00,
  0x00, 0x00, 0x00, 0x00, 0x00, 0x00, 0x00, 0x00, 0x00, 0x00, 0x00, 0x00, 0x00, 0x00, 0x00, 0x00,
  0x00, 0x00, 0x00, 0x00, 0x00, 0x00, 0x00, 0x00, 0x00, 0x00, 0x00, 0x00, 0x00, 0x00, 0x00, 0x00,
  0x00, 0x00, 0x00, 0x00, 0x00, 0x00, 0x00, 0x00, 0x00, 0x00, 0x00, 0x00, 0x00, 0x00, 0x00, 0x00,
  0x00, 0x00, 0x00, 0x00, 0x00, 0x00, 0x00, 0x00, 0x00, 0x00, 0x00, 0x00, 0x00, 0x00, 0x00, 0x00,
  0x00, 0x00, 0x00, 0x00, 0x00, 0x00, 0x00, 0x00, 0x00, 0x00, 0x00, 0x00, 0x00, 0x00, 0x00, 0x00,
  0x00, 0x00, 0x00, 0x00, 0x00, 0x00, 0x00, 0x00, 0x00, 0x00, 0x00, 0x00, 0x00, 0x00, 0x00, 0x00,
  0x00, 0x00, 0x00, 0x00, 0x00, 0x00, 0x00, 0x00, 0x00, 0x00, 0x00, 0x00, 0x00, 0x00, 0x00, 0x00,
  0x00, 0x00, 0x00, 0x00, 0x00, 0x00, 0x00, 0x00, 0x00, 0x00, 0x00, 0x00, 0x00, 0x00, 0x00, 0x00,
  0x00, 0x00, 0x00, 0x00, 0x00, 0x00, 0x00, 0x00, 0x00, 0x00, 0x00, 0x00, 0x00, 0x00, 0x00, 0x00,
  0x00, 0x00, 0x00, 0x00, 0x00, 0x00, 0x00, 0x00, 0x00, 0x00, 0x00, 0x00, 0x00, 0x00, 0x00, 0x00,
  0x00, 0x00, 0x00, 0x00, 0x00, 0x00, 0x00, 0x00, 0x00, 0x00, 0x00, 0x00, 0x00, 0x00, 0x00, 0x00,
  0x00, 0x00, 0x00, 0x00, 0x00, 0x00, 0x00, 0x00, 0x00, 0x00, 0x00, 0x00, 0x00, 0x00, 0x00, 0x00,
  0x00, 0x00, 0x00, 0x00, 0x00, 0x00, 0x00, 0x00, 0x00, 0x00, 0x00, 0x00, 0x00, 0x00, 0x00, 0x00,
  0x00, 0x00, 0x00, 0x00, 0x00, 0x00, 0x00, 0x00, 0x00, 0x00, 0x00, 0x00, 0x00, 0x00, 0x00, 0x00,
  0x00, 0x00, 0x00, 0x00, 0x00, 0x00, 0x00, 0x00, 0x00, 0x00, 0x00, 0x00, 0x00, 0x00, 0x00, 0x00,
  0x00, 0x00, 0x00, 0x00, 0x00, 0x00, 0x00, 0x00, 0x00, 0x00, 0x00, 0x00, 0x00, 0x00, 0x00, 0x01,
  0x01, 0x00, 0x00, 0x00, 0x00, 0x00, 0x00, 0x00, 0x00, 0x00, 0x00, 0x00, 0x00, 0x00, 0x00, 0x00,
  0x00, 0x00, 0x00, 0x00, 0x00, 0x00, 0x00, 0x00, 0x00, 0x00, 0x00, 0x00, 0x00, 0x00, 0x00, 0x01,
  0x01, 0x00, 0x00, 0x00, 0x00, 0x00, 0x00, 0x00, 0x00, 0x00, 0x00, 0x00, 0x00, 0x00, 0x00, 0x00,
  0x00, 0x00, 0x00, 0x00, 0x00, 0x00, 0x00, 0x00, 0x00, 0x00, 0x00, 0x00, 0x00, 0x00, 0x00, 0x00,
  0x00, 0x00, 0x00, 0x00, 0x00, 0x00, 0x00, 0x00, 0x00, 0x00, 0x00, 0x00, 0x00, 0x00, 0x00, 0x00,
  0x00, 0x00, 0x00, 0x00, 0x00, 0x00, 0x00, 0x00, 0x00, 0x20, 0x00, 0x40, 0x00, 0x00, 0x00, 0x00,
  0x00, 0x00, 0x00, 0x00, 0x00, 0x00, 0x00, 0x00, 0x01, 0x01, 0x00, 0x00, 0x00, 0x00, 0x00, 0x00,
  0x00, 0x00, 0x00, 0x00, 0x00, 0x00, 0x00, 0x00, 0x00, 0x00, 0x00, 0x00, 0x00, 0x00, 0x00, 0x00,
  0x00, 0x00, 0x00, 0x00, 0x00, 0x00, 0x00, 0x00, 0x00, 0x00, 0x00, 0x00, 0x00, 0x00, 0x00, 0x00,
  0x00, 0x00, 0x00, 0x00, 0x00, 0x00, 0x00, 0x00, 0x00, 0x00, 0x00, 0x00, 0x00, 0x00, 0x00, 0x00,
  0x00, 0x00, 0x00, 0x00, 0x00, 0x00, 0x00, 0x00, 0x01, 0x01, 0x00, 0x00, 0x00, 0x00, 0x00, 0x00,
  0x00, 0x00, 0x00, 0x00, 0x00, 0x00, 0x00, 0x00, 0x00, 0x00, 0x00, 0x00, 0x00, 0x00, 0x00, 0x00,
  0x00, 0x00, 0x00, 0x00, 0x00, 0x00, 0x00, 0x00, 0x00, 0x00, 0x00, 0x00, 0x00, 0x00, 0x00, 0x00,
  0x00, 0x00, 0x00, 0x00, 0x00, 0x00, 0x00, 0x00, 0x00, 0x00, 0x00, 0x00, 0x00, 0x00, 0x00, 0x00,
  0x00, 0x00, 0x00, 0x00, 0x00, 0x00, 0x00, 0x00, 0x00, 0x00, 0x00, 0x00, 0x00, 0x00, 0x00, 0x00,
  0x00, 0x00, 0x00, 0x00, 0x00, 0x00, 0x00, 0x00, 0x00, 0x00, 0x00, 0x00, 0x00, 0x00, 0x00, 0x00,
  0x00, 0x00, 0x00, 0x00, 0x00, 0x00, 0x00, 0x00, 0x00, 0x00, 0x00, 0x00, 0x00, 0x00, 0x00, 0x00,
  0x00, 0x00, 0x00, 0x00, 0x00, 0x00, 0x00, 0x00, 0x00, 0x00, 0x00, 0x00, 0x00, 0x00, 0x00, 0x00,
  0x00, 0x00, 0x00, 0x00, 0x00, 0x00, 0x00, 0x00, 0x00, 0x00, 0x00, 0x00, 0x00, 0x00, 0x00, 0x00,
  0x00, 0x00, 0x00, 0x00, 0x00, 0x00, 0x00, 0x00, 0x00, 0x00, 0x00, 0x00, 0x00, 0x00, 0x00, 0x00,
  0x00, 0x00, 0x00, 0x00, 0x00, 0x00, 0x00, 0x00, 0x00, 0x00, 0x00, 0x00, 0x00, 0x00, 0x00, 0x00,
  0x00, 0x00, 0x00, 0x00, 0x00, 0x00, 0x00, 0x00, 0x00, 0x00, 0x00, 0x00, 0x00, 0x00, 0x00, 0x00,
  0x00, 0x00, 0x00, 0x00, 0x02, 0x00, 0x08, 0x00, 0x00, 0x00, 0x00, 0x00, 0x00, 0x00, 0x00, 0x00,
  0x00, 0x00, 0x00, 0x00, 0x00, 0x00, 0x00, 0x00, 0x00, 0x00, 0x00, 0x00, 0x00, 0x00, 0x00, 0x00,
  0x00, 0x00, 0x00, 0x00, 0x00, 0x00, 0x00, 0x00, 0x00, 0x00, 0x00, 0x00, 0x00, 0x00, 0x00, 0x00,
  0x00, 0x00, 0x00, 0x00, 0x00, 0x00, 0x00, 0x00, 0x00, 0x00, 0x00, 0x00, 0x00, 0x00, 0x00, 0x00,
  0x00, 0x00, 0x00, 0x00, 0x00, 0x00, 0x00, 0x00, 0x00, 0x00, 0x00, 0x00, 0x00, 0x00, 0x00, 0x00,
  0x00, 0x00, 0x00, 0x00, 0x00, 0x00, 0x00, 0x00, 0x00, 0x00, 0x00, 0x00, 0x00, 0x00, 0x00, 0x00,
  0x00, 0x00, 0x00, 0x00, 0x00, 0x00, 0x00, 0x00, 0x00, 0x00, 0x00, 0x00, 0x00, 0x00, 0x00, 0x00,
  0x00, 0x00, 0x00, 0x00, 0x00, 0x00, 0x00, 0x00, 0x00, 0x00, 0x00, 0x00, 0x00, 0x00, 0x00, 0x00,
  0x00, 0x00, 0x00, 0x00, 0x00, 0x00, 0x00, 0x00, 0x00, 0x00, 0x00, 0x00, 0x00, 0x00, 0x00, 0x00,
  0x00, 0x00, 0x00, 0x00, 0x00, 0x00, 0x00, 0x00, 0x00, 0x00, 0x00, 0x00, 0x00, 0x00, 0x00, 0x00,
  0x00, 0x00, 0x00, 0x00, 0x00, 0x00, 0x00, 0x00, 0x00, 0x00, 0x00, 0x00, 0x00, 0x00, 0x00, 0x00,
  0x00, 0x00, 0x00, 0x00, 0x00, 0x00, 0x00, 0x00, 0x00, 0x00, 0x00, 0x00, 0x00, 0x00, 0x00, 0x00,
  0x00, 0x00, 0x00, 0x00, 0x00, 0x00, 0x00, 0x00, 0x00, 0x00, 0x00, 0x00, 0x00, 0x00, 0x00, 0x00,
  0x00, 0x00, 0x00, 0x00, 0x00, 0x00, 0x00, 0x00, 0x00, 0x00, 0x00, 0x00, 0x00, 0x00, 0x00, 0x00,
  0x00, 0x00, 0x00, 0x00, 0x00, 0x00, 0x00, 0x00, 0x00, 0x00, 0x00, 0x00, 0x00, 0x00, 0x00, 0x00,
  0x00, 0x00, 0x00, 0x00, 0x00, 0x00, 0x00, 0x00, 0x00, 0x00, 0x00, 0x00, 0x00, 0x00, 0x00, 0x00,
  0x00, 0x00, 0x00, 0x00, 0x00, 0x00, 0x00, 0x00, 0x00, 0x00, 0x00, 0x00, 0x00, 0x00, 0x00, 0x00,
  0x00, 0x00, 0x00, 0x00, 0x00, 0x00, 0x00, 0x00, 0x00, 0x00, 0x00, 0x00, 0x00, 0x00, 0x00, 0x00,
  0x00, 0x00, 0x00, 0x00, 0x00, 0x00, 0x00, 0x00, 0x00, 0x00, 0x00, 0x00, 0x00, 0x00, 0x00, 0x00,
  0x00, 0x00, 0x00, 0x00, 0x00, 0x00, 0x00, 0x00, 0x00, 0x00, 0x00, 0x00, 0x00, 0x00, 0x00, 0x00,
  0x00, 0x00, 0x00, 0x00, 0x00, 0x00, 0x00, 0x00, 0x00, 0x00, 0x00, 0x00, 0x00, 0x00, 0x00, 0x00,
  0x00, 0x00, 0x00, 0x00, 0x00, 0x00, 0x00, 0x00, 0x00, 0x00, 0x00, 0x00, 0x00, 0x00, 0x00, 0x00,
  0x00, 0x00, 0x00, 0x00, 0x00, 0x00, 0x00, 0x00, 0x00, 0x00, 0x00, 0x00, 0x00, 0x00, 0x00, 0x00,
  0x00, 0x00, 0x00, 0x00, 0x00, 0x00, 0x00, 0x00, 0x00, 0x00, 0x00, 0x00, 0x00, 0x00, 0x00, 0x00,
  0x00, 0x00, 0x00, 0x00, 0x00, 0x00, 0x00, 0x00, 0x00, 0x00, 0x00, 0x00, 0x00, 0x00, 0x00, 0x00,
  0x00, 0x00, 0x00, 0x00, 0x00, 0x00, 0x00, 0x00, 0x00, 0x00, 0x00, 0x00, 0x00, 0x00, 0x00, 0x00,
  0x00, 0x00, 0x00, 0x00, 0x00, 0x00, 0x00, 0x00, 0x00, 0x00, 0x00, 0x00, 0x00, 0x00, 0x10, 0x12,
  0x1C, 0x82, 0x40, 0x00, 0x00, 0x00, 0x00, 0x00, 0x00, 0x00, 0x00, 0x00, 0x00, 0x00, 0x00, 0x00,
  0x00, 0x00, 0x00, 0x00, 0x00, 0x00, 0x00, 0x00, 0x00, 0x00, 0x00, 0x00, 0x00, 0x00, 0x00, 0x00,
  0x00, 0x00, 0x00, 0x80, 0x24, 0xC0, 0x92, 0x40, 0x00, 0x00, 0x00, 0x00, 0x00, 0x00, 0x00, 0x00,
  0x00, 0x00, 0x00, 0x00, 0x00, 0x00, 0x00, 0x00, 0x00, 0x00, 0x00, 0x00, 0x00, 0x00, 0x00, 0x00,
  0x00, 0x00, 0x00, 0x00, 0x00, 0x00, 0x00, 0x00, 0x00, 0x00, 0x00, 0x00, 0x00, 0x00, 0x00, 0x00,
  0x00, 0x00, 0x00, 0x00, 0x00, 0x00, 0x00, 0x00, 0x00, 0x00, 0x00, 0x00, 0x00, 0x00, 0x00, 0x00,
  0x00, 0x40, 0x08, 0x9C, 0x24, 0x80, 0x00, 0x00, 0x00, 0x00, 0x00, 0x00, 0x00, 0x00, 0x00, 0x00,
  0x00, 0x00, 0x00, 0x00, 0x04, 0x3E, 0x00, 0x00, 0x00, 0x00, 0x00, 0x00, 0x00, 0x00, 0x00, 0x00,
  0x00, 0x00, 0x00, 0x00, 0x00, 0x00, 0x00, 0x00, 0x00, 0x00, 0x00, 0x00, 0x00, 0x00, 0x00, 0x00,
  0x00, 0x00, 0x40, 0x08, 0x9C, 0x24, 0x80, 0x00, 0x00, 0x00, 0x00, 0x00, 0x00, 0x00, 0x00, 0x00,
  0x00, 0x00, 0x00, 0x00, 0x00, 0x00, 0x00, 0x00, 0x00, 0x00, 0x00, 0x00, 0x00, 0x00, 0x00, 0x00,
  0x00, 0x00, 0x00, 0x00, 0x00, 0x00, 0x00, 0x00, 0x00, 0x00, 0x00, 0x00, 0x00, 0x00, 0x00, 0x08,
  0x09, 0x0E, 0x41, 0x20, 0x00, 0x00, 0x00, 0x00, 0x00, 0x00, 0x00, 0x00, 0x00, 0x00, 0x00, 0x00,
  0x00, 0x00, 0x00, 0x00, 0x00, 0x00, 0x00, 0x00, 0x00, 0x00, 0x00, 0x00, 0x00, 0x00, 0x00, 0x00,
  0x00, 0x00, 0x00, 0x00, 0x00, 0x00, 0x00, 0x00, 0x00, 0x00, 0x00, 0x00, 0x00, 0x00, 0x00, 0x00,
  0x00, 0x00, 0x00, 0x00, 0x00, 0x00, 0x00, 0x00, 0x00, 0x00, 0x00, 0x00, 0x00, 0x00, 0x00, 0x00,
  0xA0, 0x00, 0x00, 0x00, 0xA0, 0x00, 0x00, 0x00, 0xA0, 0x00, 0x00, 0x00, 0xA0, 0x00, 0x00, 0x00,
  0xA0, 0x00, 0x00, 0x00, 0xA0, 0x00, 0x00, 0x00, 0xA0, 0x00, 0x00, 0x00, 0xA0, 0x00, 0x00, 0x00,
  0xA0, 0x00, 0x00, 0x00, 0xA0, 0x00, 0x00, 0x00, 0xA0, 0x00, 0x00, 0x00, 0xA0, 0x00, 0x00, 0x00,
  0xA0, 0x00, 0x00, 0x00, 0xA0, 0x00, 0x00, 0x00, 0xA0, 0x00, 0x00, 0x00, 0xA0, 0x00, 0x00, 0x00,
  0xA0, 0x00, 0x00, 0x00, 0xA0, 0x00, 0x00, 0x00, 0xA0, 0x00, 0x00, 0x00, 0xA0, 0x00, 0x00, 0x00,
  0xA0, 0x00, 0x00, 0x00, 0xA0, 0x00, 0x00, 0x00, 0xA0, 0x00, 0x00, 0x00, 0xA0, 0x00, 0x00, 0x00,
  0xA0, 0x00, 0x00, 0x00, 0xA0, 0x00, 0x00, 0x00, 0xA0, 0x00, 0x00, 0x00, 0xA0, 0x00, 0x00, 0x00,
  0xA0, 0x00, 0x00, 0x00, 0xA0, 0x00, 0x00, 0x00, 0xA8, 0x80, 0x00, 0x01, 0x00, 0x00, 0x00, 0x11,
  0xA8, 0x00, 0x00, 0x01, 0x9A, 0x97, 0x85, 0xF4, 0xAD, 0xC0, 0x00, 0x01, 0xFF, 0xFF, 0xFF, 0xFF,
  0xA9, 0x00, 0x00, 0x01, 0x00, 0x00, 0x00, 0x10, 0xA8, 0x80, 0x00, 0x01, 0x00, 0x00, 0x00, 0x09,
  0xA8, 0x80, 0x00, 0x01, 0x00, 0x00, 0x00, 0x07, 0xA8, 0x00, 0x00, 0x01, 0x63, 0x24, 0xA9, 0xD3,
  0xA8, 0x80, 0x00, 0x01, 0x00, 0x00, 0x00, 0x0B, 0xA0, 0x00, 0x00, 0x00, 0xA0, 0x00, 0x00, 0x00,
  0xA0, 0x00, 0x00, 0x00, 0xA0, 0x00, 0x00, 0x00, 0xA0, 0x00, 0x00, 0x00, 0xA0, 0x00, 0x00, 0x00,
  0xA0, 0x00, 0x00, 0x00, 0xA0, 0x00, 0x00, 0x00, 0xA0, 0x00, 0x00, 0x00, 0xA0, 0x00, 0x00, 0x00,
  0xA0, 0x00, 0x00, 0x00, 0xA0, 0x00, 0x00, 0x00, 0xA0, 0x00, 0x00, 0x00, 0xA0, 0x00, 0x00, 0x00,
  0xA0, 0x00, 0x00, 0x00, 0xA0, 0x00, 0x00, 0x00, 0xA0, 0x00, 0x00, 0x00, 0xA0, 0x00, 0x00, 0x00,
  0xA0, 0x00, 0x00, 0x00, 0xA0, 0x00, 0x00, 0x00, 0xA0, 0x00, 0x00, 0x00, 0xA0, 0x00, 0x00, 0x00,
  0xA0, 0x00, 0x00, 0x00, 0xA0, 0x00, 0x00, 0x00, 0xA0, 0x00, 0x00, 0x00, 0xA0, 0x00, 0x00, 0x00,
  0xA0, 0x00, 0x00, 0x00, 0xA0, 0x00, 0x00, 0x00, 0xA0, 0x00, 0x00, 0x00, 0xA0, 0x00, 0x00, 0x00,
  0xA0, 0x00, 0x00, 0x00, 0xA0, 0x00, 0x00, 0x00, 0xA0, 0x00, 0x00, 0x00, 0xA0, 0x00, 0x00, 0x00,
  0xA0, 0x00, 0x00, 0x00, 0xA0, 0x00, 0x00, 0x00, 0xA0, 0x00, 0x00, 0x00, 0xA0, 0x00, 0x00, 0x00,
  0xA0, 0x00, 0x00, 0x00, 0xA0, 0x00, 0x00, 0x00, 0xA0, 0x00, 0x00, 0x00, 0xA0, 0x00, 0x00, 0x00,
  0xA0, 0x00, 0x00, 0x00, 0xA0, 0x00, 0x00, 0x00, 0xA0, 0x00, 0x00, 0x00, 0xA0, 0x00, 0x00, 0x00,
  0xA0, 0x00, 0x00, 0x00, 0xA0, 0x00, 0x00, 0x00, 0xA0, 0x00, 0x00, 0x00, 0xA0, 0x00, 0x00, 0x00,
  0xA0, 0x00, 0x00, 0x00, 0xA0, 0x00, 0x00, 0x00, 0xA0, 0x00, 0x00, 0x00, 0xA0, 0x00, 0x00, 0x00,
  0xA0, 0x00, 0x00, 0x00, 0xA0, 0x00, 0x00, 0x00, 0xA0, 0x00, 0x00, 0x00, 0xA0, 0x00, 0x00, 0x00,
  0xA0, 0x00, 0x00, 0x00, 0xA0, 0x00, 0x00, 0x00, 0xA0, 0x00, 0x00, 0x00, 0xA0, 0x00, 0x00, 0x00,
  0xA0, 0x00, 0x00, 0x00, 0xA0, 0x00, 0x00, 0x00, 0xA0, 0x00, 0x00, 0x00, 0xA0, 0x00, 0x00, 0x00,
  0xA0, 0x00, 0x00, 0x00, 0xA0, 0x00, 0x00, 0x00, 0xA0, 0x00, 0x00, 0x00, 0xA0, 0x00, 0x00, 0x00,
  0xA0, 0x00, 0x00, 0x00, 0xA0, 0x00, 0x00, 0x00, 0xA0, 0x00, 0x00, 0x00, 0xA0, 0x00, 0x00, 0x00,
  0xA0, 0x00, 0x00, 0x00, 0xA0, 0x00, 0x00, 0x00, 0xA0, 0x00, 0x00, 0x00, 0xA0, 0x00, 0x00, 0x00,
  0xA0, 0x00, 0x00, 0x00, 0xA0, 0x00, 0x00, 0x00, 0xA0, 0x00, 0x00, 0x00, 0xA0, 0x00, 0x00, 0x00,
  0xA0, 0x00, 0x00, 0x00, 0xA0, 0x00, 0x00, 0x00, 0xA0, 0x00, 0x00, 0x00, 0xA0, 0x00, 0x00, 0x00,
  0xA0, 0x00, 0x00, 0x00, 0xA0, 0x00, 0x00, 0x00, 0xA0, 0x00, 0x00, 0x00, 0xA0, 0x00, 0x00, 0x00,
  0xA0, 0x00, 0x00, 0x00, 0xA0, 0x00, 0x00, 0x00, 0xA0, 0x00, 0x00, 0x00, 0xA0, 0x00, 0x00, 0x00,
  0xA0, 0x00, 0x00, 0x00, 0xA0, 0x00, 0x00, 0x00, 0xA0, 0x00, 0x00, 0x00, 0xA0, 0x00, 0x00, 0x00,
  0xA0, 0x00, 0x00, 0x00, 0xA0, 0x00, 0x00, 0x00
};
#endif

/*** end of file ***/
