/*
 * Copyright © 2023, ConvenientPower
 *
 * This program is free software; you can redistribute it and/or modify
 * it under the terms of the GNU General Public License version 2 as
 * published by the Free Software Foundation.
 *
 */

#ifndef __CPS_WLS_CHARGER_H__
#define __CPS_WLS_CHARGER_H__

#define CPS_WLS_FAIL   -1
#define CPS_WLS_SUCCESS 0

/*****************************************************************************
 *  CMD REG
 ****************************************************************************/
#define ADDR_BUFFER0        0x0F00 //0x20000f00
#define ADDR_BUFFER1        0x1300 //0x20001300
#define ADDR_CMD            0x17F0 //0x200017f0
#define ADDR_FLAG           0x17F4 //0x200017f4
#define ADDR_BUF_SIZE       0x17F8 //0x200017f8

#define PGM_BUFFER0          0x10
#define PGM_BUFFER1          0x20

#define PGM_BUFFER0_1        0x50
#define PGM_ERASER_0         0x60
#define PGM_ERASER_1         0x70
#define PGM_WR_FLAG          0x80

#define CACL_CRC_APP         0x90
#define CACL_CRC_TEST        0xB0

#define PGM_ADDR_SET         0xC0
#define SYS_RESET            0xE0

#define RUNNING              0x66
#define PASS                 0x55
#define FAIL                 0xAA
#define ILLEGAL              0x40

//****************system mode***************
#define SYS_MODE_BACK_POWER            1
#define SYS_MODE_TX                    2
#define SYS_MODE_RX                    3

/*rx中断定义*/
#define RX_INT_POWER_ON                 (0x01 << 0)
#define RX_INT_READY                    (0x01 << 1)
#define RX_INT_MLDO_OFF                 (0x01 << 2)
#define RX_INT_MLDO_ON                  (0x01 << 3)
#define RX_INT_HEAVY_LOAD               (0x01 << 5)
#define RX_INT_LIGHT_LOAD               (0x01 << 6)
#define RX_INT_FSK_TIMEOUT              (0x01 << 7)
#define RX_INT_FSK_PKT                  (0x01 << 8)
#define RX_INT_VRECT_OVP                (0x01 << 9)
#define RX_INT_VRECT_OVP_TO             (0x01 << 10)
#define RX_INT_VRECT_OVP_BVP            (0x01 << 11)
#define RX_INT_CHIP_OTP                 (0x01 << 12)
#define RX_INT_CHIP_HTP                 (0x01 << 13)
#define RX_INT_MLDO_OCP                 (0x01 << 14)
#define RX_INT_MLDO_HOCP                (0x01 << 15)
#define RX_INT_MLDO_OPP                 (0x01 << 17)
#define RX_INT_MLDO_UVP                 (0x01 << 18)
#define RX_INT_MLDO_OVP                 (0x01 << 19)
#define RX_INT_AC_LOSS                  (0x01 << 20)
#define RX_INT_SR_BR_SW_FAIL            (0x01 << 22)
#define RX_INT_SR_BR_SW_SUCC            (0x01 << 23)
#define RX_INT_START_OV                 (0x01 << 26)

/*rx命令定义*/
#define RX_CMD_SEND_DATA                (0x01 << 0)
#define RX_CMD_FAST_CHARGING            (0x01 << 1)
#define RX_CMD_SEND_EPT                 (0x01 << 2)
#define RX_CMD_BOOST_EN                 (0x01 << 4)
#define RX_CMD_BOOST_DIS                (0x01 << 5)

/*rx FUN_EN 定义*/
#define RX_FUN_WATCHDOG_EN              (0x01 << 0)
#define RX_FUN_CMA12_EN                 (0x01 << 1)
#define RX_FUN_CMB12_EN                 (0x01 << 2)
#define RX_FUN_CM_POLARITY_EN           (0x01 << 3)
#define RX_FUN_RP24BIT_EN               (0x01 << 4)
#define RX_FUN_MLDO_EN                  (0x01 << 5)
#define RX_FUN_LDO_4P0_EN               (0x01 << 6)
#define RX_FUN_ASK_DUMMY_LOAD_EN        (0x01 << 7)

/*tx中断定义*/
#define TX_INT_INIT_DONE                (0x01 << 0)
#define TX_INT_PING                     (0x01 << 1)
#define TX_INT_SSP                      (0x01 << 2)
#define TX_INT_IDP                      (0x01 << 3)
#define TX_INT_CFGP                     (0x01 << 4)
#define TX_INT_PVT_ASK                  (0x01 << 5)
#define TX_INT_EPT                      (0x01 << 6)
#define TX_INT_AC_DET                   (0x01 << 7)
#define TX_INT_HTP                      (0x01 << 8)
#define TX_INT_BR_H_T_F                 (0x01 << 9)
#define TX_INT_BR_F_T_H                 (0x01 << 10)
#define TX_INT_LP_END                   (0x01 << 11)

/*tx命令定义*/
#define TX_CMD_CRC_CHECK                (0x01 << 0)
#define TX_CMD_SEND_FSK                 (0x01 << 2)
#define TX_CMD_ENTER_TX_MODE            (0x01 << 3)
#define TX_CMD_ENTER_BP_MODE            (0x01 << 4)
#define TX_CMD_ENTER_FULL_BR            (0x01 << 5)
#define TX_CMD_ENTER_HALF_BR            (0x01 << 6)

/*tx FUN_EN 定义*/
#define TX_FUN_PING_EN                  (0x01 << 0)
#define TX_FUN_FOD_EN                   (0x01 << 1)
#define TX_FUN_RP_24BIT_TYPE_EN         (0x01 << 2)
#define TX_FUN_Q_FACTOR_EN              (0x01 << 3)
#define TX_FUN_LP_EN                    (0x01 << 4)
#define TX_FUN_BR_CTRL_EN               (0x01 << 5)

/*tx EPT定义*/
#define EPT_VRECT_OVP                   (0x01 << 14)
#define EPT_SR_OCP                      (0x01 << 13)
#define EPT_Q_FOD                       (0x01 << 12)
#define EPT_POCP                        (0x01 << 11)
#define EPT_OTP                         (0x01 << 10)
#define EPT_FOD                         (0x01 << 9)
#define EPT_UVP                         (0x01 << 8)
#define EPT_OVP                         (0x01 << 7)
#define EPT_OCP                         (0x01 << 6)
#define EPT_RPP_TYPE_ERR                (0x01 << 5)
#define EPT_RPP_TO                      (0x01 << 4)
#define EPT_CEP_TO                      (0x01 << 3)
#define EPT_RCV_EPT                     (0x01 << 2)
#define EPT_SSP                         (0x01 << 1)
#define EPT_WRONG_PACKET                (0x01 << 0)

/*****************************************************************************
 *  Log
 ****************************************************************************/
#define CPS_LOG_NONE             0
#define CPS_LOG_ERR              1
#define CPS_LOG_DEBG             2
#define CPS_LOG_FULL             3

#define ENABLE_CPS_LOG CPS_LOG_FULL

#define cps_wls_log(num, fmt, args...) \
  do                                   \
  {                                    \
    if (ENABLE_CPS_LOG >= (int)num)    \
      printk(fmt, ##args);             \
  } while (0)

/*-------------------------------------------------------------------*/
struct cps_wls_chrg_chip
{
  struct i2c_client *client;
  struct device *dev;
  struct regmap *regmap;
  struct regmap *regmap32;
  char *name;
  struct power_supply *wl_psy;
  struct power_supply *batt_psy;
  struct power_supply *usb_psy;
  struct power_supply *dc_psy;
  struct power_supply_desc   wl_psd;
  struct power_supply_config wl_psc;
  struct power_supply_desc batt_psd;
  struct power_supply_desc usb_psd;
  struct power_supply_desc dc_psd;
  struct pinctrl       *cps_pinctrl;
  struct pinctrl_state *cps_gpio_active;
  struct pinctrl_state *cps_gpio_suspend;

  //struct wake_lock cps_wls_wake_lock;
  struct mutex irq_lock;
  struct mutex i2c_lock;
	
  struct task_struct *notify_task;
  
  const struct firmware *firm_data_bin;
  int state;
  int wls_charge_int;
  int wls_charger_ovp_en;
  int wls_charger_ovp_flag;
  int wls_mod0_gp1;
  int wls_mod1_gp2;
  int cps_wls_irq;
  int reg_addr;
  int reg_data;
  int rx_ovp;
  int rx_ocp;
  int rx_opp;
  int rx_ht_thl;
  int rx_vout_target;
  int rx_ept_rsn;
  int rx_irect;
  int rx_vrect;
  int rx_vout;
  int rx_die_temp;
  int rx_ntc;
  int rx_neg_power;
  int rx_neg_protocol;
  int command_flag;
};

typedef enum ept_reason
{
  EPT_UNKONWN = 0,
  EPT_CC,
  EPT_IF,
  EPT_OT,
  EPT_OV,
  EPT_OC,
  EPT_BF,
  EPT_RES1,
  EPT_NP,
  EPT_RES2,
  EPT_NF,
  EPT_RS,
} ept_reason_e;

int cps_wls_current = 0;
int cps_wls_get_int_flag(void);
void wls_charger_ovp_en_set(int en);
void wls_charger_ovp_flag_set(int en);
int wls_mod0_gp1_get(void);
void wls_mod1_gp2_set(int en);

// bootloader
const unsigned char CPS4021_BL[0x800] = {
	// CPS4021_BL_00_42_V1.1_CRC8FBF
	0x68, 0x0B, 0x00, 0x20, 0xED, 0x06, 0x00, 0x20,
	0xF5, 0x06, 0x00, 0x20, 0x9F, 0x06, 0x00, 0x20,
	0x00, 0x00, 0x00, 0x00, 0x00, 0x00, 0x00, 0x00,
	0x00, 0x00, 0x00, 0x00, 0x00, 0x00, 0x00, 0x00,
	0x00, 0x00, 0x00, 0x00, 0x00, 0x00, 0x00, 0x00,
	0x00, 0x00, 0x00, 0x00, 0xF9, 0x06, 0x00, 0x20,
	0x00, 0x00, 0x00, 0x00, 0x00, 0x00, 0x00, 0x00,
	0xFB, 0x06, 0x00, 0x20, 0xFD, 0x06, 0x00, 0x20,
	0xFF, 0x06, 0x00, 0x20, 0xFF, 0x06, 0x00, 0x20,
	0xFF, 0x06, 0x00, 0x20, 0xFF, 0x06, 0x00, 0x20,
	0xFF, 0x06, 0x00, 0x20, 0xFF, 0x06, 0x00, 0x20,
	0xFF, 0x06, 0x00, 0x20, 0xFF, 0x06, 0x00, 0x20,
	0xFF, 0x06, 0x00, 0x20, 0xFF, 0x06, 0x00, 0x20,
	0xFF, 0x06, 0x00, 0x20, 0xFF, 0x06, 0x00, 0x20,
	0xFF, 0x06, 0x00, 0x20, 0xFF, 0x06, 0x00, 0x20,
	0xFF, 0x06, 0x00, 0x20, 0xFF, 0x06, 0x00, 0x20,
	0xFF, 0x06, 0x00, 0x20, 0xFF, 0x06, 0x00, 0x20,
	0xFF, 0x06, 0x00, 0x20, 0xFF, 0x06, 0x00, 0x20,
	0xFF, 0x06, 0x00, 0x20, 0xFF, 0x06, 0x00, 0x20,
	0xFF, 0x06, 0x00, 0x20, 0xFF, 0x06, 0x00, 0x20,
	0xFF, 0x06, 0x00, 0x20, 0xFF, 0x06, 0x00, 0x20,
	0xFF, 0x06, 0x00, 0x20, 0xFF, 0x06, 0x00, 0x20,
	0xFF, 0x06, 0x00, 0x20, 0xFF, 0x06, 0x00, 0x20,
	0xFF, 0x06, 0x00, 0x20, 0xFF, 0x06, 0x00, 0x20,
	0x00, 0x01, 0x00, 0x42, 0x01, 0x01, 0x00, 0x00,
	0xBC, 0x07, 0x00, 0x00, 0x00, 0xF0, 0x02, 0xF8,
	0x00, 0xF0, 0x3E, 0xF8, 0x0C, 0xA0, 0x30, 0xC8,
	0x08, 0x38, 0x24, 0x18, 0x2D, 0x18, 0xA2, 0x46,
	0x67, 0x1E, 0xAB, 0x46, 0x54, 0x46, 0x5D, 0x46,
	0xAC, 0x42, 0x01, 0xD1, 0x00, 0xF0, 0x30, 0xF8,
	0x7E, 0x46, 0x0F, 0x3E, 0x0F, 0xCC, 0xB6, 0x46,
	0x01, 0x26, 0x33, 0x42, 0x00, 0xD0, 0xFB, 0x1A,
	0xA2, 0x46, 0xAB, 0x46, 0x33, 0x43, 0x18, 0x47,
	0x8C, 0x06, 0x00, 0x00, 0xAC, 0x06, 0x00, 0x00,
	0x10, 0x3A, 0x02, 0xD3, 0x78, 0xC8, 0x78, 0xC1,
	0xFA, 0xD8, 0x52, 0x07, 0x01, 0xD3, 0x30, 0xC8,
	0x30, 0xC1, 0x01, 0xD5, 0x04, 0x68, 0x0C, 0x60,
	0x70, 0x47, 0x00, 0x00, 0x00, 0x23, 0x00, 0x24,
	0x00, 0x25, 0x00, 0x26, 0x10, 0x3A, 0x01, 0xD3,
	0x78, 0xC1, 0xFB, 0xD8, 0x52, 0x07, 0x00, 0xD3,
	0x30, 0xC1, 0x00, 0xD5, 0x0B, 0x60, 0x70, 0x47,
	0x1F, 0xB5, 0x1F, 0xBD, 0x10, 0xB5, 0x10, 0xBD,
	0x00, 0xF0, 0xED, 0xFA, 0x11, 0x46, 0xFF, 0xF7,
	0xF7, 0xFF, 0x00, 0xF0, 0x18, 0xF9, 0x00, 0xF0,
	0x05, 0xFB, 0x03, 0xB4, 0xFF, 0xF7, 0xF2, 0xFF,
	0x03, 0xBC, 0x00, 0xF0, 0x0B, 0xFB, 0x00, 0x00,
	0x10, 0xB5, 0x00, 0x20, 0x01, 0x21, 0x99, 0x4A,
	0xC9, 0x03, 0x43, 0x18, 0x1B, 0x68, 0x84, 0x08,
	0xA4, 0x00, 0x00, 0x1D, 0x13, 0x51, 0xFF, 0x28,
	0xF7, 0xDD, 0x10, 0xBD, 0x10, 0xB5, 0x00, 0x20,
	0x92, 0x49, 0x01, 0x22, 0xD2, 0x03, 0x83, 0x08,
	0x9B, 0x00, 0x84, 0x18, 0xCB, 0x58, 0x24, 0x68,
	0xA3, 0x42, 0x01, 0xD0, 0x01, 0x20, 0x10, 0xBD,
	0x00, 0x1D, 0xFF, 0x28, 0xF3, 0xDD, 0x00, 0x20,
	0x10, 0xBD, 0x00, 0x27, 0x3C, 0x46, 0x8A, 0x49,
	0x08, 0x68, 0x00, 0x28, 0xFB, 0xD0, 0x00, 0x22,
	0x0A, 0x60, 0x88, 0x49, 0x16, 0x46, 0x09, 0x68,
	0xFF, 0x22, 0x01, 0x32, 0x91, 0x42, 0x7D, 0xDC,
	0x66, 0x22, 0x85, 0x49, 0x90, 0x28, 0x0A, 0x60,
	0x79, 0xD0, 0x06, 0xDC, 0x10, 0x28, 0x23, 0xD0,
	0x20, 0x28, 0x39, 0xD0, 0x60, 0x28, 0x71, 0xD1,
	0x53, 0xE0, 0xB0, 0x28, 0x04, 0xD0, 0xC0, 0x28,
	0x6E, 0xD0, 0xE0, 0x28, 0xF7, 0xD1, 0xAF, 0xE0,
	0x00, 0xF0, 0x6A, 0xF9, 0x7B, 0x48, 0x85, 0x68,
	0x80, 0x14, 0x85, 0x42, 0x02, 0xDD, 0x7A, 0x48,
	0x05, 0x60, 0xBA, 0xE0, 0x01, 0x20, 0x29, 0x1F,
	0x40, 0x07, 0x00, 0xF0, 0x03, 0xF9, 0x76, 0x4A,
	0x76, 0x49, 0x10, 0x60, 0x69, 0x18, 0xC9, 0x6F,
	0x51, 0x60, 0x88, 0x42, 0x62, 0xD1, 0xAE, 0xE0,
	0x00, 0xF0, 0x3F, 0xF9, 0x00, 0x25, 0x0D, 0xE0,
	0x01, 0x20, 0xC0, 0x03, 0x84, 0x42, 0x07, 0xDA,
	0x6D, 0x48, 0xA9, 0x00, 0x41, 0x58, 0x20, 0x46,
	0x00, 0xF0, 0xB7, 0xF9, 0x24, 0x1D, 0x00, 0xE0,
	0x01, 0x26, 0x6D, 0x1C, 0x65, 0x48, 0x00, 0x68,
	0x85, 0x42, 0xED, 0xDB, 0x66, 0x48, 0x16, 0xE0,
	0x00, 0xF0, 0x27, 0xF9, 0x00, 0x25, 0x0D, 0xE0,
	0x01, 0x20, 0xC0, 0x03, 0x84, 0x42, 0x07, 0xDA,
	0x63, 0x48, 0xA9, 0x00, 0x41, 0x58, 0x20, 0x46,
	0x00, 0xF0, 0x9F, 0xF9, 0x24, 0x1D, 0x00, 0xE0,
	0x01, 0x26, 0x6D, 0x1C, 0x59, 0x48, 0x00, 0x68,
	0x85, 0x42, 0xED, 0xDB, 0x5C, 0x48, 0x04, 0x60,
	0x00, 0xF0, 0x22, 0xF9, 0x70, 0x1C, 0x72, 0xD0,
	0x75, 0xE0, 0x00, 0xF0, 0x0A, 0xF9, 0x00, 0xF0,
	0x35, 0xF9, 0x00, 0xF0, 0x19, 0xF9, 0x00, 0xF0,
	0x17, 0xF9, 0xFF, 0xF7, 0x73, 0xFF, 0x00, 0x28,
	0x69, 0xD0, 0x54, 0x48, 0x01, 0x68, 0x49, 0x1C,
	0x01, 0x60, 0x00, 0xF0, 0xFA, 0xF8, 0x01, 0x20,
	0xC0, 0x03, 0x00, 0xF0, 0x46, 0xF9, 0x00, 0x25,
	0xA8, 0x08, 0x46, 0x49, 0x80, 0x00, 0x09, 0x58,
	0x01, 0x20, 0x02, 0xE0, 0x53, 0xE0, 0x0E, 0xE0,
	0x3F, 0xE0, 0xC0, 0x03, 0x28, 0x18, 0x00, 0xF0,
	0x6C, 0xF9, 0x2D, 0x1D, 0xFF, 0x2D, 0xEF, 0xDD,
	0x00, 0xF0, 0xF6, 0xF8, 0x7F, 0x1C, 0xFF, 0xB2,
	0x03, 0x2F, 0xD8, 0xD9, 0x49, 0xE0, 0x00, 0xF0,
	0xEF, 0xF8, 0xC0, 0x20, 0x85, 0x68, 0x00, 0x2D,
	0x43, 0xDB, 0x01, 0x20, 0xC0, 0x03, 0x85, 0x42,
	0x3F, 0xDC, 0xC8, 0x2D, 0x3D, 0xDB, 0x29, 0x1F,
	0x00, 0x20, 0x00, 0xF0, 0x87, 0xF8, 0x01, 0x46,
	0x37, 0x48, 0x80, 0x3D, 0x01, 0x60, 0xEA, 0x6F,
	0x42, 0x60, 0x91, 0x42, 0x31, 0xD1, 0x00, 0xF0,
	0xD7, 0xF8, 0x37, 0x48, 0x80, 0x6B, 0x37, 0x4D,
	0xA8, 0x42, 0x08, 0xD0, 0x00, 0xF0, 0xBD, 0xF8,
	0x33, 0x48, 0x29, 0x46, 0x38, 0x30, 0x00, 0xF0,
	0x3C, 0xF9, 0x00, 0xF0, 0xC9, 0xF8, 0x00, 0xF0,
	0xB4, 0xF8, 0x2F, 0x48, 0x29, 0x46, 0xC4, 0x38,
	0x00, 0xF0, 0x33, 0xF9, 0x00, 0xF0, 0xC0, 0xF8,
	0x19, 0xE0, 0x27, 0x48, 0x04, 0x68, 0x16, 0xE0,
	0x7D, 0x20, 0xC0, 0x00, 0x00, 0xF0, 0x97, 0xF8,
	0x29, 0x4A, 0x11, 0x69, 0x01, 0x20, 0xC0, 0x03,
	0x81, 0x43, 0x11, 0x61, 0x10, 0x69, 0x08, 0x21,
	0x08, 0x43, 0x10, 0x61, 0x07, 0xE0, 0x1C, 0x49,
	0x40, 0x20, 0x08, 0x60, 0x1B, 0xE7, 0x00, 0x2E,
	0x01, 0xD0, 0xAA, 0x21, 0x00, 0xE0, 0x55, 0x21,
	0x17, 0x48, 0x01, 0x60, 0x13, 0xE7, 0xFF, 0x20,
	0x1A, 0x49, 0x01, 0x30, 0x08, 0x60, 0x13, 0x49,
	0x13, 0x4A, 0x08, 0x60, 0x10, 0x49, 0x00, 0x20,
	0x08, 0x60, 0x66, 0x21, 0x11, 0x60, 0x18, 0x49,
	0x0A, 0x69, 0x02, 0x23, 0x1A, 0x43, 0x0A, 0x61,
	0x15, 0x49, 0x80, 0x31, 0x08, 0x62, 0x16, 0x49,
	0x14, 0x48, 0xC8, 0x61, 0x00, 0xF0, 0x97, 0xF8,
	0x00, 0xF0, 0x86, 0xF8, 0x00, 0xF0, 0x42, 0xF8,
	0xFF, 0xF7, 0xD2, 0xFE, 0x00, 0xF0, 0x22, 0xF8,
	0x00, 0xF0, 0x51, 0xF8, 0x00, 0xF0, 0x4F, 0xF9,
	0xFF, 0xF7, 0xEB, 0xFE, 0x00, 0x0E, 0x00, 0x20,
	0xF0, 0x17, 0x00, 0x20, 0xF8, 0x17, 0x00, 0x20,
	0xF4, 0x17, 0x00, 0x20, 0xC0, 0x00, 0x00, 0x20,
	0x00, 0x0F, 0x00, 0x20, 0x80, 0xFF, 0xFF, 0x1F,
	0x00, 0x13, 0x00, 0x20, 0xFC, 0x17, 0x00, 0x20,
	0xC0, 0x80, 0x00, 0x00, 0x85, 0xE1, 0x24, 0x57,
	0x00, 0x00, 0x04, 0x40, 0x50, 0x12, 0x00, 0x00,
	0x40, 0xE7, 0x00, 0x40, 0xA2, 0x49, 0x00, 0x20,
	0x08, 0x60, 0x70, 0x47, 0x70, 0xB5, 0x04, 0x46,
	0x00, 0x20, 0xA0, 0x4D, 0x02, 0x46, 0x0E, 0xE0,
	0xA3, 0x5C, 0x1B, 0x02, 0x58, 0x40, 0x00, 0x23,
	0x06, 0x04, 0x02, 0xD5, 0x40, 0x00, 0x68, 0x40,
	0x00, 0xE0, 0x40, 0x00, 0x5B, 0x1C, 0x80, 0xB2,
	0x08, 0x2B, 0xF5, 0xDB, 0x52, 0x1C, 0x8A, 0x42,
	0xEE, 0xDB, 0x70, 0xBD, 0x10, 0xB5, 0x96, 0x48,
	0x96, 0x49, 0xC0, 0x6B, 0x88, 0x42, 0x0C, 0xD1,
	0x93, 0x49, 0x00, 0x20, 0x94, 0x4A, 0x40, 0x39,
	0x43, 0x18, 0x84, 0x18, 0x1B, 0x68, 0x00, 0x1D,
	0x23, 0x60, 0x3C, 0x28, 0xF8, 0xDB, 0x01, 0x20,
	0x10, 0xBD, 0x00, 0x20, 0x10, 0xBD, 0x90, 0x48,
	0x8E, 0x49, 0x01, 0x60, 0x8F, 0x4A, 0x00, 0x21,
	0x91, 0x60, 0x19, 0x22, 0x86, 0x4B, 0xD2, 0x03,
	0x5A, 0x60, 0x01, 0x60, 0x70, 0x47, 0x2A, 0x21,
	0x48, 0x43, 0x8B, 0x49, 0x40, 0x1E, 0x48, 0x61,
	0x00, 0x20, 0x88, 0x61, 0x05, 0x22, 0x0A, 0x61,
	0x0A, 0x69, 0xD2, 0x03, 0xFC, 0xD5, 0x08, 0x61,
	0x70, 0x47, 0x86, 0x49, 0x08, 0x68, 0x00, 0x28,
	0x0D, 0xD1, 0x85, 0x48, 0x82, 0x6B, 0x85, 0x4B,
	0x12, 0x0C, 0x12, 0x04, 0xD2, 0x18, 0x82, 0x63,
	0x82, 0x6B, 0x83, 0x4B, 0x92, 0xB2, 0xD2, 0x18,
	0x82, 0x63, 0x01, 0x20, 0x08, 0x60, 0x70, 0x47,
	0x7C, 0x49, 0x08, 0x68, 0x01, 0x28, 0x09, 0xD1,
	0x7B, 0x48, 0x82, 0x6B, 0x12, 0x0C, 0x12, 0x04,
	0x82, 0x63, 0x82, 0x6B, 0x92, 0xB2, 0x82, 0x63,
	0x00, 0x20, 0x08, 0x60, 0x70, 0x47, 0x76, 0x48,
	0xC0, 0x38, 0x41, 0x69, 0x01, 0x22, 0x11, 0x43,
	0x41, 0x61, 0x41, 0x69, 0x02, 0x22, 0x11, 0x43,
	0x41, 0x61, 0x70, 0x47, 0x30, 0xB5, 0x70, 0x4B,
	0xC0, 0x3B, 0x58, 0x69, 0x59, 0x15, 0x88, 0x43,
	0x58, 0x61, 0x18, 0x69, 0x80, 0x21, 0x88, 0x43,
	0x18, 0x61, 0x18, 0x69, 0x10, 0x24, 0x20, 0x43,
	0x18, 0x61, 0x02, 0x20, 0xFF, 0xF7, 0xB3, 0xFF,
	0x18, 0x69, 0x40, 0x25, 0x28, 0x43, 0x18, 0x61,
	0x68, 0x48, 0xFF, 0xF7, 0xAC, 0xFF, 0x18, 0x69,
	0xA8, 0x43, 0x18, 0x61, 0x02, 0x20, 0xFF, 0xF7,
	0xA6, 0xFF, 0x18, 0x69, 0xA0, 0x43, 0x18, 0x61,
	0x30, 0xBD, 0x30, 0xB5, 0x5E, 0x4B, 0xC0, 0x3B,
	0x59, 0x69, 0x5A, 0x15, 0x91, 0x43, 0x59, 0x61,
	0x92, 0x01, 0x80, 0x21, 0x90, 0x42, 0x09, 0xD2,
	0x1A, 0x69, 0x8A, 0x43, 0x1A, 0x61, 0x59, 0x68,
	0x80, 0xB2, 0x09, 0x0C, 0x09, 0x04, 0x01, 0x43,
	0x59, 0x60, 0x06, 0xE0, 0x18, 0x69, 0x08, 0x43,
	0x18, 0x61, 0x58, 0x68, 0x00, 0x0C, 0x00, 0x04,
	0x58, 0x60, 0x18, 0x69, 0x04, 0x24, 0x20, 0x43,
	0x18, 0x61, 0x02, 0x20, 0xFF, 0xF7, 0x7F, 0xFF,
	0x18, 0x69, 0x40, 0x25, 0x28, 0x43, 0x18, 0x61,
	0x4F, 0x48, 0xFF, 0xF7, 0x78, 0xFF, 0x18, 0x69,
	0xA8, 0x43, 0x18, 0x61, 0x02, 0x20, 0xFF, 0xF7,
	0x72, 0xFF, 0x18, 0x69, 0xA0, 0x43, 0x18, 0x61,
	0x30, 0xBD, 0xF0, 0xB5, 0x44, 0x4B, 0xC0, 0x3B,
	0x9A, 0x68, 0x99, 0x60, 0x01, 0x22, 0xD2, 0x03,
	0x80, 0x21, 0x90, 0x42, 0x1A, 0x69, 0x06, 0xD2,
	0x8A, 0x43, 0x1A, 0x61, 0x59, 0x68, 0x80, 0xB2,
	0x09, 0x0C, 0x09, 0x04, 0x05, 0xE0, 0x0A, 0x43,
	0x1A, 0x61, 0x59, 0x68, 0xC0, 0xB2, 0x09, 0x0C,
	0x09, 0x04, 0x01, 0x43, 0x59, 0x60, 0x58, 0x69,
	0x01, 0x21, 0x89, 0x02, 0x88, 0x43, 0x58, 0x61,
	0x18, 0x69, 0x02, 0x27, 0x38, 0x43, 0x18, 0x61,
	0x18, 0x69, 0x20, 0x24, 0x20, 0x43, 0x18, 0x61,
	0x38, 0x46, 0xFF, 0xF7, 0x44, 0xFF, 0x18, 0x69,
	0x40, 0x26, 0x30, 0x43, 0x18, 0x61, 0x00, 0x25,
	0x18, 0x69, 0x20, 0x43, 0x18, 0x61, 0x23, 0x20,
	0xFF, 0xF7, 0x39, 0xFF, 0x18, 0x69, 0xA0, 0x43,
	0x18, 0x61, 0x23, 0x20, 0xFF, 0xF7, 0x33, 0xFF,
	0x6D, 0x1C, 0xED, 0xB2, 0x04, 0x2D, 0xEF, 0xD3,
	0x18, 0x69, 0xB0, 0x43, 0x18, 0x61, 0x02, 0x20,
	0xFF, 0xF7, 0x29, 0xFF, 0x18, 0x69, 0xB8, 0x43,
	0x18, 0x61, 0xF0, 0xBD, 0x18, 0x49, 0x80, 0x39,
	0xCA, 0x8A, 0x52, 0x0A, 0x05, 0xD0, 0xCA, 0x8A,
	0x3F, 0x23, 0x9B, 0x02, 0x1A, 0x43, 0x12, 0xB2,
	0x01, 0xE0, 0x16, 0x22, 0x8A, 0x5E, 0x89, 0x8A,
	0x80, 0x1A, 0x48, 0x43, 0x41, 0x02, 0x1D, 0x48,
	0x02, 0x68, 0xD2, 0x0A, 0xD2, 0x02, 0x49, 0x0D,
	0x0A, 0x43, 0x02, 0x60, 0x70, 0x47, 0x0A, 0x48,
	0x41, 0x68, 0x01, 0x22, 0x52, 0x04, 0x11, 0x43,
	0x41, 0x60, 0x16, 0x48, 0x01, 0x68, 0x16, 0x4A,
	0x11, 0x40, 0x19, 0x22, 0xD2, 0x04, 0x89, 0x18,
	0x01, 0x60, 0x07, 0x49, 0x13, 0x48, 0x80, 0x31,
	0x48, 0x63, 0x13, 0x48, 0xD2, 0xE7, 0xFE, 0xE7,
	0x00, 0x00, 0x04, 0x40, 0x21, 0x10, 0x00, 0x00,
	0xC0, 0x80, 0x00, 0x00, 0x4E, 0x87, 0x55, 0x74,
	0x00, 0xF0, 0x00, 0x40, 0x51, 0xE5, 0xCC, 0x1A,
	0x00, 0x84, 0x00, 0x40, 0x00, 0x80, 0x00, 0x40,
	0x00, 0xE0, 0x00, 0xE0, 0x00, 0x08, 0x00, 0x20,
	0xC0, 0x20, 0x01, 0x40, 0x78, 0x56, 0x00, 0x00,
	0x00, 0x00, 0x34, 0x12, 0x90, 0xD0, 0x03, 0x00,
	0x60, 0x5B, 0x03, 0x00, 0x00, 0x40, 0x00, 0x40,
	0xFF, 0xFF, 0x00, 0xFE, 0x03, 0x00, 0x00, 0x01,
	0x44, 0x16, 0x00, 0x00, 0x07, 0x48, 0x80, 0x47,
	0x07, 0x48, 0x00, 0x47, 0xFE, 0xE7, 0xFE, 0xE7,
	0xFE, 0xE7, 0xFE, 0xE7, 0xFE, 0xE7, 0xFE, 0xE7,
	0x04, 0x48, 0x05, 0x49, 0x05, 0x4A, 0x06, 0x4B,
	0x70, 0x47, 0x00, 0x00, 0x27, 0x07, 0x00, 0x20,
	0xCD, 0x00, 0x00, 0x20, 0x68, 0x08, 0x00, 0x20,
	0x68, 0x0B, 0x00, 0x20, 0x68, 0x09, 0x00, 0x20,
	0x68, 0x09, 0x00, 0x20, 0x70, 0x47, 0x70, 0x47,
	0x70, 0x47, 0x70, 0x47, 0x70, 0x47, 0x75, 0x46,
	0x00, 0xF0, 0x24, 0xF8, 0xAE, 0x46, 0x05, 0x00,
	0x69, 0x46, 0x53, 0x46, 0xC0, 0x08, 0xC0, 0x00,
	0x85, 0x46, 0x18, 0xB0, 0x20, 0xB5, 0xFF, 0xF7,
	0xDB, 0xFF, 0x60, 0xBC, 0x00, 0x27, 0x49, 0x08,
	0xB6, 0x46, 0x00, 0x26, 0xC0, 0xC5, 0xC0, 0xC5,
	0xC0, 0xC5, 0xC0, 0xC5, 0xC0, 0xC5, 0xC0, 0xC5,
	0xC0, 0xC5, 0xC0, 0xC5, 0x40, 0x3D, 0x49, 0x00,
	0x8D, 0x46, 0x70, 0x47, 0x10, 0xB5, 0x04, 0x46,
	0xC0, 0x46, 0xC0, 0x46, 0x20, 0x46, 0xFF, 0xF7,
	0xF4, 0xFC, 0x10, 0xBD, 0x00, 0x48, 0x70, 0x47,
	0x04, 0x08, 0x00, 0x20, 0x01, 0x49, 0x18, 0x20,
	0xAB, 0xBE, 0xFE, 0xE7, 0x26, 0x00, 0x02, 0x00,
	0x70, 0x47, 0x00, 0x00, 0xB4, 0x07, 0x00, 0x20,
	0x00, 0x08, 0x00, 0x20, 0x04, 0x00, 0x00, 0x00,
	0x10, 0x01, 0x00, 0x20, 0xB8, 0x07, 0x00, 0x20,
	0x04, 0x08, 0x00, 0x20, 0xFC, 0x0F, 0x00, 0x00,
	0x2C, 0x01, 0x00, 0x20, 0x00, 0x00, 0x00, 0x00,
	0x19, 0x15, 0x00, 0x00, 0x00, 0x00, 0x00, 0x00,
	0x00, 0x00, 0x00, 0x00, 0x00, 0x00, 0x00, 0x00,
	0x00, 0x00, 0x00, 0x00, 0x00, 0x00, 0x00, 0x00,
	0x00, 0x00, 0x00, 0x00, 0x00, 0x00, 0x00, 0x00,
	0x00, 0x00, 0x00, 0x00, 0x00, 0x00, 0x00, 0x00,
	0x00, 0x00, 0x00, 0x00, 0x00, 0x00, 0x00, 0x00,
	0x00, 0x00, 0x00, 0x00, 0x00, 0x00, 0x00, 0x00,
	0x00, 0x00, 0x00, 0x00, 0x00, 0x00, 0x00, 0x00,
	0x00, 0x00, 0x00, 0x00, 0x00, 0x00, 0x00, 0x00,
};

//firmware
const unsigned char CPS4021_FW[0x8000] = {
		// CPS4021_00_4F_V0.6_CRC30A6
	0xC8, 0x0D, 0x00, 0x20, 0xF1, 0x00, 0x00, 0x00,
	0xF9, 0x00, 0x00, 0x00, 0xFB, 0x00, 0x00, 0x00,
	0x00, 0x00, 0x00, 0x00, 0x00, 0x00, 0x00, 0x00,
	0x00, 0x00, 0x00, 0x00, 0x00, 0x00, 0x00, 0x00,
	0x00, 0x00, 0x00, 0x00, 0x00, 0x00, 0x00, 0x00,
	0x00, 0x00, 0x00, 0x00, 0xFD, 0x00, 0x00, 0x00,
	0x00, 0x00, 0x00, 0x00, 0x00, 0x00, 0x00, 0x00,
	0xFF, 0x00, 0x00, 0x00, 0x01, 0x06, 0x00, 0x00,
	0x5D, 0x05, 0x00, 0x00, 0x03, 0x01, 0x00, 0x00,
	0x03, 0x01, 0x00, 0x00, 0x03, 0x01, 0x00, 0x00,
	0x03, 0x01, 0x00, 0x00, 0x51, 0x02, 0x00, 0x00,
	0xC5, 0x03, 0x00, 0x00, 0x03, 0x01, 0x00, 0x00,
	0x4D, 0x04, 0x00, 0x00, 0x3D, 0x06, 0x00, 0x00,
	0x03, 0x01, 0x00, 0x00, 0x03, 0x01, 0x00, 0x00,
	0x03, 0x01, 0x00, 0x00, 0x03, 0x01, 0x00, 0x00,
	0x03, 0x01, 0x00, 0x00, 0x71, 0x03, 0x00, 0x00,
	0x03, 0x01, 0x00, 0x00, 0x03, 0x01, 0x00, 0x00,
	0x03, 0x01, 0x00, 0x00, 0x1D, 0x03, 0x00, 0x00,
	0x03, 0x01, 0x00, 0x00, 0xC1, 0x05, 0x00, 0x00,
	0x03, 0x01, 0x00, 0x00, 0x03, 0x01, 0x00, 0x00,
	0x03, 0x01, 0x00, 0x00, 0x03, 0x01, 0x00, 0x00,
	0x03, 0x01, 0x00, 0x00, 0xC7, 0x03, 0x00, 0x00,
	0xC3, 0x04, 0x00, 0x00, 0x51, 0x06, 0x00, 0x00,
	0x93, 0x04, 0x00, 0x00, 0x25, 0x03, 0x00, 0x00,
	0x00, 0x01, 0x00, 0x4F, 0x00, 0x06, 0x00, 0x00,
	0xA4, 0x7E, 0x00, 0x00, 0x01, 0x13, 0x00, 0x00,
	0x03, 0xB4, 0x01, 0x48, 0x01, 0x90, 0x01, 0xBD,
	0x01, 0x16, 0x00, 0x20, 0x03, 0x48, 0x85, 0x46,
	0x00, 0xF0, 0x80, 0xF8, 0x00, 0x48, 0x00, 0x47,
	0xB9, 0x29, 0x00, 0x00, 0xC8, 0x0D, 0x00, 0x20,
	0x04, 0x48, 0x80, 0x47, 0x04, 0x48, 0x00, 0x47,
	0xFE, 0xE7, 0xFE, 0xE7, 0xFE, 0xE7, 0xFE, 0xE7,
	0xFE, 0xE7, 0xFE, 0xE7, 0xDD, 0x03, 0x00, 0x00,
	0xDD, 0x00, 0x00, 0x00, 0x03, 0x46, 0x0B, 0x43,
	0x9B, 0x07, 0x03, 0xD0, 0x09, 0xE0, 0x08, 0xC9,
	0x12, 0x1F, 0x08, 0xC0, 0x04, 0x2A, 0xFA, 0xD2,
	0x03, 0xE0, 0x0B, 0x78, 0x03, 0x70, 0x40, 0x1C,
	0x49, 0x1C, 0x52, 0x1E, 0xF9, 0xD2, 0x70, 0x47,
	0xD2, 0xB2, 0x01, 0xE0, 0x02, 0x70, 0x40, 0x1C,
	0x49, 0x1E, 0xFB, 0xD2, 0x70, 0x47, 0x00, 0x22,
	0xF6, 0xE7, 0x10, 0xB5, 0x13, 0x46, 0x0A, 0x46,
	0x04, 0x46, 0x19, 0x46, 0xFF, 0xF7, 0xF0, 0xFF,
	0x20, 0x46, 0x10, 0xBD, 0x70, 0xB5, 0x04, 0x46,
	0x00, 0x29, 0x03, 0xD0, 0x00, 0x20, 0x20, 0x22,
	0x01, 0x23, 0x10, 0xE0, 0x00, 0x28, 0x01, 0xD0,
	0x00, 0x20, 0xC0, 0x43, 0xC0, 0x46, 0xC0, 0x46,
	0x0D, 0xE0, 0x25, 0x46, 0xD5, 0x40, 0x8D, 0x42,
	0x05, 0xD3, 0x0D, 0x46, 0x95, 0x40, 0x64, 0x1B,
	0x1D, 0x46, 0x95, 0x40, 0x40, 0x19, 0x15, 0x46,
	0x52, 0x1E, 0x00, 0x2D, 0xF1, 0xDC, 0x21, 0x46,
	0x70, 0xBD, 0x00, 0x00, 0x70, 0xB5, 0x00, 0x25,
	0x04, 0x46, 0x2E, 0x46, 0x00, 0x29, 0x11, 0xD0,
	0x00, 0x2C, 0x01, 0xDA, 0x01, 0x25, 0x44, 0x42,
	0x00, 0x29, 0x01, 0xDA, 0x01, 0x26, 0x49, 0x42,
	0x20, 0x46, 0xFF, 0xF7, 0xCF, 0xFF, 0xB5, 0x42,
	0x00, 0xD0, 0x40, 0x42, 0x00, 0x2D, 0x00, 0xD0,
	0x49, 0x42, 0x70, 0xBD, 0x00, 0x2C, 0x02, 0xDA,
	0x01, 0x21, 0xC9, 0x07, 0x02, 0xE0, 0x00, 0x2C,
	0x00, 0xDD, 0x03, 0x49, 0x08, 0x46, 0xC0, 0x46,
	0xC0, 0x46, 0x21, 0x46, 0x70, 0xBD, 0x00, 0x00,
	0xFF, 0xFF, 0xFF, 0x7F, 0x1C, 0xB5, 0x09, 0x48,
	0x00, 0x90, 0x09, 0x48, 0x01, 0x90, 0x05, 0x46,
	0x01, 0x26, 0x00, 0x9C, 0x05, 0xE0, 0xE3, 0x68,
	0x07, 0xCC, 0x33, 0x43, 0x0C, 0x3C, 0x98, 0x47,
	0x10, 0x34, 0xAC, 0x42, 0xF7, 0xD3, 0xFF, 0xF7,
	0x6D, 0xFF, 0x00, 0x00, 0xF4, 0x53, 0x00, 0x00,
	0x24, 0x54, 0x00, 0x00, 0x30, 0xB5, 0x8C, 0x18,
	0x02, 0x78, 0x40, 0x1C, 0x13, 0x07, 0x1B, 0x0F,
	0x01, 0xD1, 0x03, 0x78, 0x40, 0x1C, 0x12, 0x09,
	0x06, 0xD1, 0x02, 0x78, 0x40, 0x1C, 0x03, 0xE0,
	0x05, 0x78, 0x0D, 0x70, 0x40, 0x1C, 0x49, 0x1C,
	0x5B, 0x1E, 0xF9, 0xD1, 0x01, 0xE0, 0x0B, 0x70,
	0x49, 0x1C, 0x52, 0x1E, 0xFB, 0xD1, 0xA1, 0x42,
	0xE6, 0xD3, 0x00, 0x20, 0x30, 0xBD, 0x00, 0x00,
	0xB0, 0xB5, 0x0C, 0x20, 0x01, 0xF0, 0x66, 0xFD,
	0x2B, 0x4C, 0x00, 0x28, 0x0F, 0xD0, 0x2B, 0x48,
	0x01, 0x7A, 0x07, 0x29, 0x08, 0xD8, 0xE2, 0x6B,
	0x4B, 0x1C, 0x03, 0x72, 0x49, 0x00, 0x08, 0x30,
	0x40, 0x18, 0x27, 0x49, 0x11, 0x40, 0x41, 0x80,
	0x0C, 0x20, 0x01, 0xF0, 0x3D, 0xFD, 0x18, 0x20,
	0x01, 0xF0, 0x50, 0xFD, 0x00, 0x28, 0x22, 0xD0,
	0x03, 0x20, 0x00, 0x04, 0x61, 0x6D, 0x01, 0x40,
	0x01, 0x20, 0x40, 0x04, 0x1F, 0x4D, 0x81, 0x42,
	0x06, 0xD1, 0x00, 0xF0, 0xD3, 0xFF, 0x29, 0x68,
	0x01, 0x28, 0x0E, 0xD1, 0x04, 0x20, 0x0D, 0xE0,
	0xE0, 0x68, 0x29, 0x68, 0x04, 0x22, 0x91, 0x43,
	0x29, 0x60, 0x17, 0x49, 0x01, 0x40, 0x15, 0x48,
	0x41, 0x80, 0x29, 0x68, 0x02, 0x20, 0x81, 0x43,
	0x01, 0xE0, 0x02, 0x20, 0x01, 0x43, 0x29, 0x60,
	0x18, 0x20, 0x01, 0xF0, 0x15, 0xFD, 0x10, 0x20,
	0x01, 0xF0, 0x28, 0xFD, 0x00, 0x28, 0x15, 0xD0,
	0x03, 0x20, 0x00, 0x04, 0x61, 0x6D, 0x01, 0x40,
	0x01, 0x20, 0x42, 0x04, 0x91, 0x42, 0x0A, 0xD1,
	0x00, 0x21, 0x0B, 0x4A, 0x20, 0x29, 0x04, 0xD0,
	0x53, 0x18, 0x20, 0xCC, 0x1D, 0x81, 0x89, 0x1C,
	0xF8, 0xE7, 0x04, 0x49, 0x08, 0x70, 0x10, 0x20,
	0x01, 0xF0, 0xFA, 0xFC, 0xB0, 0xBD, 0xC0, 0x46,
	0x64, 0x70, 0x00, 0x40, 0xDC, 0x04, 0x00, 0x20,
	0xFF, 0x0F, 0x00, 0x00, 0x88, 0xF0, 0x00, 0x40,
	0x7A, 0x05, 0x00, 0x20, 0x80, 0xB5, 0x01, 0xF0,
	0x71, 0xF8, 0x80, 0xBD, 0x80, 0xB5, 0xB0, 0x20,
	0x01, 0xF0, 0xFC, 0xFC, 0x00, 0x28, 0x0C, 0xD0,
	0x00, 0xF0, 0x88, 0xFF, 0x00, 0x28, 0x02, 0xD1,
	0x00, 0x20, 0x03, 0xF0, 0x69, 0xFC, 0x05, 0x20,
	0x03, 0xF0, 0x50, 0xFF, 0xB0, 0x20, 0x01, 0xF0,
	0xD7, 0xFC, 0xAC, 0x20, 0x01, 0xF0, 0xEA, 0xFC,
	0x00, 0x28, 0x0C, 0xD0, 0x00, 0xF0, 0x76, 0xFF,
	0x00, 0x28, 0x02, 0xD1, 0x00, 0x20, 0x03, 0xF0,
	0x57, 0xFC, 0x06, 0x20, 0x03, 0xF0, 0x3E, 0xFF,
	0xAC, 0x20, 0x01, 0xF0, 0xC5, 0xFC, 0x80, 0xBD,
	0x70, 0xB5, 0x01, 0x24, 0x26, 0x04, 0x11, 0x4D,
	0x28, 0x68, 0xC0, 0x03, 0x07, 0xD5, 0x10, 0x48,
	0x81, 0x1D, 0x20, 0x46, 0x01, 0xF0, 0xBE, 0xFA,
	0x28, 0x68, 0x20, 0x43, 0x28, 0x60, 0x68, 0x68,
	0x30, 0x42, 0x07, 0xD0, 0x0A, 0x48, 0x81, 0x1D,
	0x02, 0x20, 0x01, 0xF0, 0xB3, 0xFA, 0x68, 0x68,
	0x20, 0x43, 0x68, 0x60, 0xE8, 0x68, 0x30, 0x42,
	0x07, 0xD0, 0x05, 0x48, 0x81, 0x1D, 0x04, 0x20,
	0x01, 0xF0, 0xA8, 0xFA, 0xE8, 0x68, 0x20, 0x43,
	0xE8, 0x60, 0x70, 0xBD, 0x30, 0x00, 0x03, 0x40,
	0x19, 0x05, 0x00, 0x20, 0x70, 0x47, 0x80, 0xB5,
	0xD0, 0x20, 0x01, 0xF0, 0xAB, 0xFC, 0x00, 0x28,
	0x02, 0xD0, 0xD0, 0x20, 0x01, 0xF0, 0x90, 0xFC,
	0x80, 0xBD, 0x70, 0x47, 0x80, 0xB5, 0x00, 0x20,
	0x01, 0xF0, 0x7A, 0xF9, 0x03, 0x48, 0x00, 0x68,
	0x03, 0x49, 0x88, 0x42, 0x00, 0xD1, 0x80, 0xBD,
	0xFE, 0xE7, 0xC0, 0x46, 0xFC, 0x7F, 0x00, 0x00,
	0x85, 0xE1, 0x24, 0x57, 0x00, 0x20, 0x70, 0x47,
	0x88, 0x13, 0x88, 0x13, 0x88, 0x13, 0x00, 0x00,
	0xD0, 0x07, 0x00, 0x00, 0x78, 0x00, 0xD0, 0x07,
	0x64, 0x00, 0x2C, 0x01, 0xC8, 0x00, 0xAA, 0x00,
	0x07, 0x0B, 0xC8, 0x00, 0xAA, 0x00, 0x00, 0x00,
	0x00, 0x00, 0xAC, 0x0D, 0x70, 0x17, 0xB8, 0x0B,
	0xC4, 0x09, 0xC8, 0x32, 0x0A, 0x12, 0x00, 0x0A,
	0x19, 0x32, 0x4B, 0x64, 0x7D, 0x96, 0xAF, 0x44,
	0x0A, 0x44, 0x0A, 0x44, 0x0A, 0x44, 0x0A, 0x44,
	0x0A, 0x44, 0x0A, 0x44, 0x0A, 0x44, 0x0A, 0x00,
	0x00, 0x00, 0x00, 0x00, 0x03, 0x48, 0x01, 0x68,
	0xC9, 0x07, 0x01, 0xD0, 0x01, 0x21, 0x01, 0x60,
	0x70, 0x47, 0xC0, 0x46, 0x0C, 0x00, 0x00, 0x40,
	0x02, 0x49, 0x48, 0x70, 0x01, 0x20, 0x08, 0x70,
	0x70, 0x47, 0xC0, 0x46, 0x3C, 0x05, 0x00, 0x20,
	0xA0, 0x0F, 0xAC, 0x0D, 0xC8, 0x32, 0xE8, 0x03,
	0xAC, 0x0D, 0x1E, 0x00, 0x14, 0x32, 0x6F, 0x91,
	0x91, 0x32, 0x5A, 0x00, 0xF4, 0x01, 0x0A, 0x04,
	0xDC, 0x05, 0x14, 0x00, 0x19, 0x00, 0x00, 0x00,
	0x00, 0x00, 0x80, 0xB5, 0xC8, 0x20, 0x01, 0xF0,
	0x45, 0xFC, 0x00, 0x28, 0x05, 0xD0, 0x09, 0x20,
	0x03, 0xF0, 0xA0, 0xFE, 0xC8, 0x20, 0x01, 0xF0,
	0x27, 0xFC, 0xCC, 0x20, 0x01, 0xF0, 0x3A, 0xFC,
	0x00, 0x28, 0x05, 0xD0, 0x09, 0x20, 0x03, 0xF0,
	0x95, 0xFE, 0xCC, 0x20, 0x01, 0xF0, 0x1C, 0xFC,
	0x80, 0xBD, 0x80, 0xB5, 0x90, 0x20, 0x01, 0xF0,
	0x2D, 0xFC, 0x00, 0x28, 0x08, 0xD0, 0x03, 0x20,
	0x03, 0xF0, 0x88, 0xFE, 0x00, 0x20, 0x03, 0xF0,
	0x9B, 0xFB, 0x90, 0x20, 0x01, 0xF0, 0x0C, 0xFC,
	0x8C, 0x20, 0x01, 0xF0, 0x1F, 0xFC, 0x00, 0x28,
	0x0E, 0xD0, 0x00, 0xF0, 0xAB, 0xFE, 0x01, 0x28,
	0x02, 0xD1, 0x04, 0xF0, 0xDB, 0xFE, 0x01, 0xE0,
	0x01, 0xF0, 0x6E, 0xFD, 0x02, 0x20, 0x03, 0xF0,
	0x71, 0xFE, 0x8C, 0x20, 0x01, 0xF0, 0xF8, 0xFB,
	0x84, 0x20, 0x01, 0xF0, 0x0B, 0xFC, 0x00, 0x28,
	0x05, 0xD0, 0x04, 0x20, 0x03, 0xF0, 0x66, 0xFE,
	0x84, 0x20, 0x01, 0xF0, 0xED, 0xFB, 0x78, 0x20,
	0x01, 0xF0, 0x00, 0xFC, 0x00, 0x28, 0x05, 0xD0,
	0x00, 0x20, 0x03, 0xF0, 0x5B, 0xFE, 0x78, 0x20,
	0x01, 0xF0, 0xE2, 0xFB, 0x80, 0x20, 0x01, 0xF0,
	0xF5, 0xFB, 0x00, 0x28, 0x02, 0xD0, 0x80, 0x20,
	0x01, 0xF0, 0xDA, 0xFB, 0x74, 0x20, 0x01, 0xF0,
	0xED, 0xFB, 0x00, 0x28, 0x05, 0xD0, 0x01, 0x20,
	0x03, 0xF0, 0x48, 0xFE, 0x74, 0x20, 0x01, 0xF0,
	0xCF, 0xFB, 0x80, 0xBD, 0x10, 0xB5, 0x04, 0x20,
	0x01, 0xF0, 0xE0, 0xFB, 0x00, 0x28, 0x0D, 0xD0,
	0x04, 0x24, 0x01, 0x21, 0x20, 0x46, 0x01, 0xF0,
	0xE1, 0xFB, 0x20, 0x46, 0x01, 0xF0, 0xC0, 0xFB,
	0x01, 0xF0, 0x50, 0xF8, 0x00, 0x21, 0x20, 0x46,
	0x01, 0xF0, 0xD8, 0xFB, 0x08, 0x20, 0x01, 0xF0,
	0xCD, 0xFB, 0x00, 0x28, 0x04, 0xD0, 0x01, 0xF0,
	0x51, 0xF8, 0x08, 0x20, 0x01, 0xF0, 0xB0, 0xFB,
	0x00, 0x20, 0x01, 0xF0, 0xC3, 0xFB, 0x00, 0x28,
	0x0D, 0xD0, 0x00, 0x24, 0x01, 0x21, 0x20, 0x46,
	0x01, 0xF0, 0xC4, 0xFB, 0x20, 0x46, 0x01, 0xF0,
	0xA3, 0xFB, 0x01, 0xF0, 0x3F, 0xFA, 0x20, 0x46,
	0x21, 0x46, 0x01, 0xF0, 0xBB, 0xFB, 0x10, 0xBD,
	0x80, 0xB5, 0x00, 0xF0, 0x3F, 0xFE, 0x01, 0x28,
	0x01, 0xD1, 0x04, 0xF0, 0x6F, 0xFE, 0x68, 0x20,
	0x01, 0xF0, 0xA8, 0xFB, 0x00, 0x28, 0x05, 0xD0,
	0x09, 0x20, 0x03, 0xF0, 0x03, 0xFE, 0x68, 0x20,
	0x01, 0xF0, 0x8A, 0xFB, 0x6C, 0x20, 0x01, 0xF0,
	0x9D, 0xFB, 0x00, 0x28, 0x05, 0xD0, 0x09, 0x20,
	0x03, 0xF0, 0xF8, 0xFD, 0x6C, 0x20, 0x01, 0xF0,
	0x7F, 0xFB, 0x01, 0xF0, 0xFB, 0xFE, 0x80, 0xBD,
	0xB0, 0xB5, 0x46, 0x4D, 0x68, 0x69, 0x00, 0x28,
	0x0C, 0xD1, 0x00, 0x20, 0xC0, 0x43, 0x68, 0x61,
	0x01, 0x20, 0x04, 0x03, 0x20, 0x46, 0x01, 0xF0,
	0xC3, 0xFA, 0x00, 0x28, 0x02, 0xD1, 0x20, 0x46,
	0x01, 0xF0, 0x10, 0xFB, 0x00, 0x20, 0x80, 0x28,
	0x07, 0xD0, 0x29, 0x58, 0x01, 0x29, 0x02, 0xDB,
	0x29, 0x58, 0x49, 0x1E, 0x29, 0x50, 0x00, 0x1D,
	0xF5, 0xE7, 0xB0, 0xBD, 0x03, 0x48, 0x01, 0x68,
	0xC9, 0x07, 0x01, 0xD0, 0x01, 0x21, 0x01, 0x60,
	0x70, 0x47, 0xC0, 0x46, 0x0C, 0x10, 0x00, 0x40,
	0x70, 0xB5, 0x9C, 0x20, 0x01, 0xF0, 0x66, 0xFB,
	0x00, 0x28, 0x43, 0xD0, 0x07, 0x20, 0x03, 0xF0,
	0xC1, 0xFD, 0x19, 0x20, 0x05, 0x01, 0x00, 0xF0,
	0xED, 0xFD, 0x01, 0x28, 0x04, 0xD1, 0x2B, 0x48,
	0x05, 0x65, 0x04, 0xF0, 0x1B, 0xFE, 0x32, 0xE0,
	0x01, 0x24, 0x20, 0x46, 0x21, 0x46, 0x01, 0xF0,
	0xA9, 0xFE, 0xBD, 0x4E, 0x0A, 0x20, 0x30, 0x71,
	0xFF, 0x20, 0x02, 0x30, 0x70, 0x80, 0x9C, 0x20,
	0x01, 0xF0, 0x38, 0xFB, 0x1F, 0x48, 0x00, 0x21,
	0x01, 0x70, 0x02, 0xF0, 0x21, 0xFA, 0x00, 0x28,
	0x09, 0xD0, 0x4E, 0x20, 0x31, 0x5A, 0x00, 0x20,
	0x01, 0xF0, 0xD0, 0xFE, 0x00, 0x28, 0x02, 0xD1,
	0xA0, 0x05, 0x00, 0xF0, 0xFD, 0xFB, 0x00, 0xF0,
	0x9D, 0xFD, 0x17, 0x48, 0x00, 0x78, 0x70, 0x83,
	0x01, 0xF0, 0xB2, 0xF8, 0x15, 0x48, 0x05, 0x65,
	0x3C, 0x21, 0xB1, 0x83, 0x34, 0x70, 0x64, 0x35,
	0xC5, 0x64, 0x20, 0x46, 0x03, 0xF0, 0x3C, 0xFE,
	0x03, 0x20, 0x03, 0xF0, 0x25, 0xFE, 0x9C, 0x20,
	0x01, 0xF0, 0x0A, 0xFB, 0xA8, 0x20, 0x01, 0xF0,
	0x1D, 0xFB, 0x00, 0x28, 0x11, 0xD0, 0x01, 0xF0,
	0x05, 0xFE, 0x00, 0xF0, 0x77, 0xFD, 0xA0, 0x49,
	0x00, 0x20, 0x48, 0x83, 0x01, 0xF0, 0x94, 0xF8,
	0x08, 0x20, 0x03, 0xF0, 0x6F, 0xFD, 0x02, 0x20,
	0x03, 0xF0, 0x22, 0xFE, 0xA8, 0x20, 0x01, 0xF0,
	0xF3, 0xFA, 0x70, 0xBD, 0x5B, 0x04, 0x00, 0x20,
	0x9D, 0x03, 0x00, 0x20, 0xB0, 0x06, 0x00, 0x20,
	0x10, 0xB5, 0x04, 0x46, 0x04, 0xF0, 0xC2, 0xFD,
	0x00, 0x20, 0x04, 0xF0, 0xD7, 0xFC, 0x04, 0x48,
	0x01, 0x68, 0x21, 0x43, 0x01, 0x60, 0x40, 0x20,
	0x00, 0xF0, 0xBA, 0xFB, 0x10, 0xBD, 0xC0, 0x46,
	0x10, 0x01, 0x00, 0x20, 0xF0, 0xB5, 0x00, 0x24,
	0x25, 0x46, 0x9C, 0x42, 0x07, 0xDA, 0x16, 0x5D,
	0x0F, 0x5D, 0xB7, 0x42, 0x01, 0xD0, 0x0E, 0x55,
	0x01, 0x25, 0x64, 0x1C, 0xF5, 0xE7, 0xEA, 0x07,
	0x00, 0xD0, 0xF0, 0xBD, 0x00, 0x22, 0x9A, 0x42,
	0xFB, 0xDA, 0x8C, 0x5C, 0x84, 0x54, 0x52, 0x1C,
	0xF9, 0xE7, 0x00, 0x00, 0x01, 0x46, 0x23, 0x4A,
	0x10, 0x68, 0x08, 0x40, 0x06, 0xD0, 0x13, 0x68,
	0x8B, 0x43, 0x13, 0x60, 0x20, 0x4A, 0x13, 0x68,
	0x8B, 0x43, 0x13, 0x60, 0x41, 0x1E, 0x88, 0x41,
	0x70, 0x47, 0xC0, 0x46, 0x0D, 0x49, 0x08, 0x80,
	0x08, 0x88, 0x01, 0x49, 0x08, 0x80, 0x70, 0x47,
	0x90, 0x00, 0x00, 0x20, 0xB0, 0xB5, 0x2D, 0x4C,
	0x20, 0x46, 0x60, 0x30, 0x2C, 0x4D, 0x14, 0x23,
	0x21, 0x46, 0x2A, 0x46, 0xFF, 0xF7, 0xC6, 0xFF,
	0x90, 0x34, 0x70, 0x35, 0x03, 0x48, 0x4A, 0x23,
	0x21, 0x46, 0x2A, 0x46, 0xFF, 0xF7, 0xBE, 0xFF,
	0xB0, 0xBD, 0xC0, 0x46, 0x70, 0x03, 0x00, 0x20,
	0x0C, 0x49, 0x0A, 0x68, 0x02, 0x43, 0x0A, 0x60,
	0x0B, 0x49, 0x0A, 0x68, 0x02, 0x43, 0x0A, 0x60,
	0x70, 0x47, 0xC0, 0x46, 0x01, 0x46, 0x07, 0x4A,
	0x10, 0x68, 0x08, 0x40, 0x06, 0xD0, 0x13, 0x68,
	0x8B, 0x43, 0x13, 0x60, 0x04, 0x4A, 0x13, 0x68,
	0x8B, 0x43, 0x13, 0x60, 0x41, 0x1E, 0x88, 0x41,
	0x70, 0x47, 0xC0, 0x46, 0x6C, 0x02, 0x00, 0x20,
	0x2C, 0x00, 0x00, 0x20, 0xF8, 0xB5, 0x13, 0x4D,
	0x28, 0x46, 0x60, 0x30, 0x12, 0x4E, 0x14, 0x24,
	0x29, 0x46, 0x32, 0x46, 0x23, 0x46, 0xFF, 0xF7,
	0x91, 0xFF, 0x10, 0x4F, 0x38, 0x46, 0x0C, 0x38,
	0x90, 0x35, 0x70, 0x36, 0x22, 0x23, 0x29, 0x46,
	0x32, 0x46, 0xFF, 0xF7, 0x87, 0xFF, 0x39, 0x78,
	0x0B, 0x48, 0x13, 0x29, 0x00, 0xD8, 0x04, 0x70,
	0x79, 0x79, 0x3A, 0x78, 0x91, 0x42, 0x01, 0xD2,
	0x39, 0x78, 0x41, 0x71, 0x79, 0x79, 0x7A, 0x78,
	0x91, 0x42, 0x01, 0xD9, 0x79, 0x78, 0x41, 0x71,
	0xF8, 0xBD, 0xC0, 0x46, 0x00, 0x02, 0x00, 0x20,
	0x20, 0x00, 0x00, 0x20, 0x7C, 0x03, 0x00, 0x20,
	0x9C, 0x00, 0x00, 0x20, 0xF0, 0xB5, 0x85, 0xB0,
	0x04, 0x91, 0x03, 0x46, 0x0A, 0x20, 0x4D, 0x4E,
	0x01, 0x90, 0x30, 0x5E, 0x54, 0x21, 0x3E, 0x4F,
	0x79, 0x5A, 0x45, 0x1A, 0x00, 0xDA, 0x0D, 0x1A,
	0x00, 0x20, 0x03, 0x90, 0x31, 0x56, 0xC8, 0x17,
	0x0A, 0x46, 0x42, 0x40, 0x10, 0x1A, 0x80, 0x1E,
	0xCC, 0xB2, 0x1B, 0x28, 0x18, 0xD8, 0x02, 0x93,
	0x08, 0x20, 0x30, 0x5E, 0x4E, 0x22, 0xBA, 0x5E,
	0x10, 0x1A, 0xFF, 0xF7, 0x73, 0xFC, 0xA9, 0xB2,
	0x13, 0x29, 0x0C, 0xD8, 0x01, 0x04, 0x31, 0x4A,
	0x91, 0x42, 0x02, 0x9B, 0x08, 0xDB, 0xF2, 0x68,
	0x81, 0xB2, 0x10, 0x46, 0x04, 0xF0, 0x45, 0xFD,
	0x02, 0x9B, 0x34, 0x78, 0x00, 0xE0, 0x02, 0x9B,
	0x00, 0x2B, 0x33, 0xD0, 0x00, 0x2C, 0x31, 0xD0,
	0xA8, 0xB2, 0x31, 0x28, 0x04, 0x99, 0x30, 0xD8,
	0x00, 0x29, 0x2E, 0xD0, 0xB0, 0x78, 0x00, 0x28,
	0x2B, 0xD0, 0x60, 0xB2, 0xC0, 0x11, 0x21, 0x46,
	0x41, 0x40, 0x08, 0x1A, 0xC1, 0xB2, 0x01, 0x20,
	0x01, 0x29, 0x01, 0x46, 0x00, 0xD8, 0x03, 0x99,
	0x5A, 0xB2, 0xD2, 0x11, 0x1D, 0x46, 0x53, 0x40,
	0x9A, 0x1A, 0xD2, 0xB2, 0x01, 0x2A, 0x00, 0xD8,
	0x03, 0x98, 0x08, 0x40, 0x2B, 0x46, 0x6C, 0x40,
	0x61, 0xB2, 0x00, 0x29, 0x22, 0xD4, 0x00, 0x28,
	0x04, 0x99, 0x0E, 0xD0, 0x70, 0x78, 0x40, 0x1C,
	0x70, 0x70, 0xC0, 0xB2, 0x02, 0x28, 0x08, 0xD3,
	0x00, 0x20, 0x70, 0x70, 0xF0, 0x88, 0x80, 0x1E,
	0xF0, 0x80, 0x02, 0xE0, 0x03, 0x98, 0x70, 0x70,
	0x04, 0x99, 0xB1, 0x70, 0x33, 0x70, 0x26, 0x37,
	0x38, 0x8D, 0x30, 0x81, 0xF8, 0x8D, 0x70, 0x81,
	0xF0, 0x88, 0x32, 0x28, 0x00, 0xD3, 0x32, 0x20,
	0x05, 0x28, 0x00, 0xD8, 0x05, 0x20, 0xF0, 0x80,
	0x05, 0xB0, 0xF0, 0xBD, 0x00, 0x21, 0x71, 0x70,
	0x00, 0x28, 0x01, 0x99, 0x00, 0xD1, 0x02, 0x21,
	0xF0, 0x88, 0x40, 0x18, 0xF0, 0x80, 0xE3, 0xE7,
	0x60, 0x07, 0x00, 0x20, 0x01, 0x00, 0x05, 0x00,
	0x70, 0xB5, 0x04, 0x46, 0x09, 0x4D, 0xE8, 0x68,
	0x00, 0x28, 0x03, 0xD1, 0x40, 0x20, 0x04, 0xF0,
	0xB1, 0xFC, 0xE8, 0x60, 0x00, 0x26, 0x40, 0x2E,
	0x05, 0xD2, 0xE8, 0x68, 0x21, 0x46, 0x04, 0xF0,
	0xD8, 0xFC, 0x76, 0x1C, 0xF7, 0xE7, 0x05, 0x20,
	0xE8, 0x80, 0x70, 0xBD, 0x38, 0x04, 0x00, 0x20,
	0x80, 0xB5, 0x00, 0xF0, 0x69, 0xFC, 0x01, 0xF0,
	0xE3, 0xFC, 0x01, 0xF0, 0x91, 0xFA, 0x00, 0xF0,
	0x21, 0xFB, 0x00, 0xF0, 0xDD, 0xFD, 0x00, 0xF0,
	0x65, 0xFF, 0x00, 0xF0, 0x55, 0xFC, 0x01, 0xF0,
	0xBF, 0xF9, 0x80, 0xBD, 0x80, 0xB5, 0x0C, 0x48,
	0x01, 0xF0, 0x76, 0xFB, 0x01, 0xF0, 0x80, 0xFA,
	0x00, 0xF0, 0xB6, 0xFC, 0x00, 0xF0, 0xAA, 0xFC,
	0x00, 0xF0, 0x0C, 0xFB, 0x01, 0xF0, 0x8C, 0xFC,
	0x01, 0xF0, 0x54, 0xFD, 0x01, 0xF0, 0xE6, 0xF9,
	0x00, 0xF0, 0x54, 0xFD, 0x01, 0xF0, 0xBC, 0xF8,
	0x01, 0xF0, 0xB0, 0xFB, 0x80, 0xBD, 0xC0, 0x46,
	0xE0, 0x2E, 0x00, 0x00, 0xF0, 0xB5, 0x97, 0xB0,
	0x8C, 0x4A, 0x50, 0x68, 0x0F, 0x90, 0x8C, 0x49,
	0x08, 0x68, 0x0B, 0x46, 0x0E, 0x90, 0x8B, 0x4D,
	0x28, 0x68, 0x0C, 0x90, 0x8A, 0x49, 0x08, 0x68,
	0x0D, 0x90, 0x68, 0x68, 0x09, 0x90, 0xA8, 0x68,
	0x08, 0x90, 0xE8, 0x68, 0x07, 0x90, 0x08, 0x46,
	0x74, 0x38, 0x0A, 0x90, 0x01, 0x68, 0x0B, 0x91,
	0xD0, 0x68, 0x04, 0x90, 0x10, 0x68, 0x05, 0x90,
	0x01, 0x27, 0xF9, 0x04, 0x06, 0x91, 0x81, 0x48,
	0x01, 0x60, 0x00, 0x20, 0x68, 0x60, 0xA8, 0x60,
	0xE8, 0x60, 0x28, 0x60, 0x50, 0x60, 0x18, 0x60,
	0xD0, 0x60, 0x10, 0x60, 0x7C, 0x48, 0x04, 0x78,
	0x3E, 0x05, 0x30, 0x46, 0x00, 0xF0, 0x2E, 0xFE,
	0x03, 0x20, 0x02, 0x90, 0xC0, 0x03, 0x73, 0x49,
	0x48, 0x60, 0x07, 0x20, 0x04, 0x40, 0x40, 0x05,
	0x20, 0x18, 0x88, 0x60, 0x0F, 0x60, 0x70, 0x49,
	0x08, 0x68, 0x02, 0x22, 0x11, 0x92, 0x10, 0x43,
	0xFA, 0x43, 0x03, 0x92, 0x10, 0x40, 0x08, 0x60,
	0x00, 0xF0, 0x52, 0xFB, 0x30, 0x46, 0x00, 0xF0,
	0x15, 0xFE, 0x6E, 0x4E, 0x30, 0x68, 0x10, 0x23,
	0x10, 0x93, 0x18, 0x43, 0x30, 0x60, 0x68, 0x4A,
	0x10, 0x68, 0x20, 0x21, 0x01, 0x43, 0x11, 0x60,
	0x10, 0x68, 0x18, 0x43, 0x10, 0x60, 0x10, 0x68,
	0x80, 0x24, 0x20, 0x43, 0x10, 0x60, 0x14, 0x20,
	0x00, 0xF0, 0x1C, 0xFE, 0x38, 0x04, 0x64, 0x4A,
	0x11, 0x68, 0x01, 0x43, 0x11, 0x60, 0x01, 0x97,
	0x3F, 0x02, 0x28, 0x68, 0x38, 0x43, 0x28, 0x60,
	0x5B, 0x49, 0x08, 0x68, 0xA0, 0x43, 0x08, 0x60,
	0x30, 0x68, 0x08, 0x24, 0x20, 0x43, 0x30, 0x60,
	0x11, 0x98, 0x00, 0xF0, 0x07, 0xFE, 0x30, 0x68,
	0x10, 0x99, 0x88, 0x43, 0x30, 0x60, 0x30, 0x68,
	0xA0, 0x43, 0x30, 0x60, 0x28, 0x68, 0x10, 0x97,
	0xB8, 0x43, 0x28, 0x60, 0x4D, 0x4A, 0x10, 0x68,
	0x03, 0x99, 0x08, 0x40, 0x10, 0x60, 0x4E, 0x4B,
	0x98, 0x68, 0x04, 0x21, 0x03, 0x91, 0x08, 0x43,
	0x98, 0x60, 0x09, 0x98, 0x68, 0x60, 0x08, 0x98,
	0xA8, 0x60, 0x07, 0x98, 0xE8, 0x60, 0x0C, 0x98,
	0x28, 0x60, 0x04, 0x98, 0xD0, 0x60, 0x0F, 0x98,
	0x50, 0x60, 0x05, 0x98, 0x10, 0x60, 0x0E, 0x98,
	0x41, 0x49, 0x08, 0x60, 0x0D, 0x98, 0x18, 0x60,
	0x0B, 0x98, 0x0A, 0x99, 0x08, 0x60, 0x45, 0x48,
	0x06, 0x99, 0x01, 0x60, 0x12, 0xAE, 0x30, 0x46,
	0x00, 0xF0, 0xEA, 0xFA, 0x37, 0x78, 0x04, 0x2F,
	0x24, 0xD3, 0x7D, 0x20, 0xC6, 0x00, 0x12, 0xAC,
	0x60, 0x88, 0x70, 0x43, 0xA5, 0x1C, 0xF9, 0x1E,
	0x0F, 0x91, 0x49, 0x00, 0x69, 0x5A, 0xFF, 0xF7,
	0xED, 0xFA, 0x0E, 0x90, 0xA0, 0x88, 0x70, 0x43,
	0x79, 0x00, 0x4D, 0x19, 0x29, 0x1F, 0x09, 0x88,
	0xFF, 0xF7, 0xE4, 0xFA, 0x0E, 0x99, 0x47, 0x18,
	0xE0, 0x88, 0x70, 0x43, 0xA9, 0x1E, 0x09, 0x88,
	0xFF, 0xF7, 0xDC, 0xFA, 0x38, 0x18, 0x03, 0x21,
	0xFF, 0xF7, 0xD8, 0xFA, 0x30, 0x4D, 0x0F, 0x99,
	0x4D, 0x43, 0x22, 0xE0, 0x02, 0x2F, 0x17, 0xD0,
	0x03, 0x2F, 0x29, 0x4F, 0x01, 0x98, 0x24, 0xD1,
	0x7D, 0x20, 0xC5, 0x00, 0x12, 0xAC, 0x60, 0x88,
	0x68, 0x43, 0xA6, 0x88, 0x31, 0x46, 0xFF, 0xF7,
	0xC5, 0xFA, 0x0F, 0x90, 0x75, 0x43, 0xE1, 0x88,
	0x28, 0x46, 0xFF, 0xF7, 0xBF, 0xFA, 0x0F, 0x99,
	0x40, 0x18, 0x40, 0x08, 0x22, 0x4D, 0x09, 0xE0,
	0x7D, 0x20, 0xC1, 0x00, 0x12, 0xAA, 0x50, 0x88,
	0x48, 0x43, 0x91, 0x88, 0xFF, 0xF7, 0xB2, 0xFA,
	0x1D, 0x4D, 0x19, 0x4F, 0x80, 0xB2, 0x01, 0xF0,
	0xED, 0xFE, 0x01, 0x46, 0x28, 0x46, 0xFF, 0xF7,
	0xC9, 0xFA, 0x17, 0x4A, 0xD1, 0x68, 0x19, 0x4B,
	0x0B, 0x40, 0x10, 0x99, 0xE0, 0x31, 0x8B, 0x42,
	0x11, 0x99, 0x0D, 0xD3, 0xD9, 0x09, 0x05, 0x29,
	0x02, 0x99, 0x09, 0xD3, 0x19, 0x0A, 0x05, 0x29,
	0x03, 0x99, 0x05, 0xD3, 0x59, 0x0A, 0x05, 0x29,
	0x01, 0xD3, 0x06, 0x21, 0x00, 0xE0, 0x05, 0x21,
	0x39, 0x70, 0x01, 0x21, 0x0B, 0x04, 0x11, 0x68,
	0x99, 0x43, 0x11, 0x60, 0x80, 0xB2, 0x17, 0xB0,
	0xF0, 0xBD, 0xC0, 0x46, 0x00, 0x70, 0x00, 0x40,
	0xB4, 0x70, 0x00, 0x40, 0x0C, 0x00, 0x03, 0x40,
	0x80, 0xF0, 0x00, 0x40, 0x80, 0xE1, 0x00, 0xE0,
	0xAC, 0x06, 0x00, 0x20, 0x90, 0xF0, 0x00, 0x40,
	0x00, 0x48, 0x00, 0x40, 0x00, 0xE1, 0x00, 0xE0,
	0xF4, 0xCA, 0x04, 0x00, 0xF8, 0x0F, 0x00, 0x00,
	0x70, 0xB5, 0x04, 0x46, 0x81, 0x4E, 0xF0, 0x78,
	0x00, 0x28, 0x2F, 0xD0, 0x20, 0x46, 0x00, 0xF0,
	0x19, 0xFC, 0x00, 0x28, 0x19, 0xD0, 0x0D, 0x20,
	0x03, 0xF0, 0xAC, 0xFA, 0x06, 0x20, 0x03, 0xF0,
	0x4B, 0xFB, 0x75, 0x69, 0x00, 0x2D, 0x07, 0xD0,
	0x20, 0x78, 0x01, 0xF0, 0x75, 0xFC, 0x42, 0x1C,
	0x28, 0x46, 0x21, 0x46, 0xFF, 0xF7, 0x32, 0xFA,
	0x00, 0x20, 0xF0, 0x70, 0x00, 0xF0, 0xA6, 0xFB,
	0xBF, 0x48, 0x03, 0x21, 0x41, 0x62, 0x17, 0x21,
	0x81, 0x62, 0xBD, 0x4C, 0x60, 0x68, 0x00, 0x28,
	0x0E, 0xD1, 0x0D, 0x20, 0x03, 0xF0, 0x8E, 0xFA,
	0x06, 0x20, 0x03, 0xF0, 0x2D, 0xFB, 0x00, 0xF0,
	0x95, 0xFB, 0x03, 0x20, 0x60, 0x62, 0x17, 0x20,
	0xA0, 0x62, 0x01, 0xE0, 0x01, 0x20, 0xF0, 0x70,
	0xF0, 0x78, 0x00, 0x28, 0x01, 0xD1, 0x03, 0x20,
	0x70, 0xBD, 0x02, 0x20, 0x70, 0xBD, 0xC0, 0x46,
	0xB0, 0xB5, 0x62, 0x4D, 0x05, 0x9C, 0xAC, 0x87,
	0x04, 0x9C, 0x2C, 0x77, 0xEB, 0x76, 0xAA, 0x76,
	0x69, 0x76, 0x28, 0x76, 0x06, 0x9C, 0x20, 0x78,
	0x01, 0xF0, 0x3E, 0xFC, 0x29, 0x46, 0x1F, 0x31,
	0x42, 0x1C, 0x08, 0x46, 0x21, 0x46, 0xFF, 0xF7,
	0xF9, 0xF9, 0x02, 0x20, 0xA8, 0x77, 0x68, 0x77,
	0xB0, 0xBD, 0xC0, 0x46, 0x80, 0xB5, 0x00, 0xF0,
	0xF7, 0xFE, 0x80, 0xBD, 0xF8, 0xB5, 0x53, 0x4C,
	0x60, 0x7F, 0x05, 0x28, 0x76, 0xD8, 0xC0, 0x46,
	0x78, 0x44, 0x00, 0x79, 0x40, 0x00, 0x87, 0x44,
	0x02, 0x11, 0x1C, 0x22, 0x2C, 0x34, 0x20, 0x78,
	0x00, 0x28, 0x04, 0xD0, 0x00, 0x20, 0x20, 0x70,
	0x60, 0x78, 0x97, 0x49, 0x08, 0x60, 0x96, 0x48,
	0x00, 0x68, 0x00, 0x28, 0x62, 0xDC, 0xA0, 0x78,
	0xA0, 0x77, 0xF8, 0xBD, 0xE0, 0x7E, 0x00, 0x28,
	0x65, 0xD0, 0xA1, 0x78, 0x01, 0x29, 0x5A, 0xD1,
	0x1E, 0x28, 0x00, 0xD8, 0x1E, 0x20, 0x1E, 0x38,
	0x58, 0xE0, 0x60, 0x7E, 0x00, 0x28, 0x3F, 0xD0,
	0x00, 0x21, 0x61, 0x76, 0x0E, 0xE0, 0x00, 0xF0,
	0xF7, 0xFB, 0x03, 0x28, 0x4A, 0xD1, 0xA0, 0x68,
	0x00, 0x28, 0x00, 0xD0, 0x80, 0x47, 0x04, 0x20,
	0x52, 0xE0, 0xA0, 0x7E, 0x00, 0x28, 0x3D, 0xD0,
	0x00, 0x21, 0xA1, 0x76, 0x82, 0x49, 0x08, 0x60,
	0xF8, 0xBD, 0x00, 0x26, 0xF5, 0x43, 0x00, 0xF0,
	0x0F, 0xFE, 0x00, 0x28, 0x01, 0xD0, 0x7E, 0x48,
	0x05, 0x63, 0x7D, 0x4F, 0x38, 0x6B, 0x00, 0x28,
	0x03, 0xD0, 0x00, 0xF0, 0x63, 0xFD, 0x01, 0x28,
	0x01, 0xD1, 0x7E, 0x60, 0x3D, 0x63, 0x00, 0xF0,
	0x5D, 0xFD, 0x03, 0x28, 0x07, 0xD1, 0x03, 0x20,
	0xA0, 0x70, 0xE0, 0x68, 0x00, 0x28, 0x00, 0xD0,
	0x80, 0x47, 0x01, 0x20, 0x2C, 0xE0, 0x78, 0x68,
	0x00, 0x28, 0x1B, 0xD1, 0x00, 0xF0, 0xF6, 0xFD,
	0x20, 0x7E, 0x00, 0x28, 0x32, 0xD0, 0x02, 0x21,
	0x61, 0x77, 0x40, 0x1E, 0x20, 0x76, 0xF8, 0xBD,
	0x6B, 0x48, 0x00, 0x68, 0x00, 0x28, 0x0D, 0xDC,
	0x60, 0x68, 0x00, 0x28, 0x00, 0xD0, 0x80, 0x47,
	0x20, 0x46, 0x1F, 0x30, 0x00, 0xF0, 0x1C, 0xFC,
	0x03, 0x20, 0x11, 0xE0, 0x64, 0x4D, 0x28, 0x68,
	0x00, 0x28, 0x0F, 0xDD, 0xF8, 0xBD, 0x14, 0x28,
	0x00, 0xD3, 0x14, 0x20, 0x00, 0x21, 0xE1, 0x76,
	0xC0, 0xB2, 0x5F, 0x49, 0x08, 0x60, 0x20, 0x69,
	0x00, 0x28, 0x00, 0xD0, 0x80, 0x47, 0x00, 0x20,
	0x60, 0x77, 0xF8, 0xBD, 0x20, 0x7F, 0x00, 0x28,
	0x0B, 0xD0, 0x1E, 0x21, 0x29, 0x63, 0x00, 0xF0,
	0xB3, 0xFD, 0x05, 0x20, 0x60, 0x77, 0xA0, 0x8F,
	0x68, 0x60, 0xF8, 0xBD, 0x01, 0x20, 0x60, 0x77,
	0x02, 0xE0, 0x01, 0x20, 0x60, 0x77, 0x03, 0x20,
	0xA0, 0x70, 0xF8, 0xBD, 0x03, 0x48, 0xC0, 0x7F,
	0x70, 0x47, 0xC0, 0x46, 0x01, 0x48, 0x80, 0x7F,
	0x70, 0x47, 0xC0, 0x46, 0x3C, 0x05, 0x00, 0x20,
	0x10, 0xB5, 0x18, 0x48, 0x41, 0x68, 0x00, 0x29,
	0x11, 0xD0, 0x41, 0x68, 0x02, 0x68, 0x8A, 0x43,
	0x02, 0x60, 0x00, 0x24, 0x44, 0x60, 0x01, 0x68,
	0x13, 0x4A, 0x11, 0x60, 0x40, 0x68, 0x50, 0x60,
	0x01, 0x20, 0x00, 0x03, 0x00, 0xF0, 0xCE, 0xFE,
	0xE0, 0x43, 0x41, 0x49, 0x48, 0x61, 0x10, 0xBD,
	0x10, 0xB5, 0x0C, 0x49, 0x0A, 0x1F, 0x12, 0x68,
	0x02, 0x42, 0x11, 0xD0, 0x0A, 0x68, 0x02, 0x43,
	0x0A, 0x60, 0x08, 0x68, 0x08, 0x49, 0x08, 0x60,
	0x39, 0x48, 0x02, 0x21, 0x41, 0x61, 0x01, 0x20,
	0x04, 0x03, 0x20, 0x46, 0x00, 0xF0, 0xC2, 0xFE,
	0x00, 0x21, 0x20, 0x46, 0x00, 0xF0, 0xCC, 0xFE,
	0x10, 0xBD, 0xC0, 0x46, 0x64, 0x02, 0x00, 0x20,
	0x24, 0x00, 0x00, 0x20, 0xFE, 0xB5, 0x98, 0x4C,
	0x26, 0x78, 0x01, 0x2E, 0x54, 0xD1, 0x05, 0x46,
	0x00, 0x20, 0x00, 0x90, 0x20, 0x70, 0x29, 0x4A,
	0x10, 0x88, 0x02, 0x21, 0x51, 0x5E, 0x28, 0x4B,
	0x1A, 0x89, 0x42, 0x43, 0x02, 0x96, 0x06, 0x26,
	0x72, 0x43, 0x10, 0x0B, 0x47, 0x18, 0xF8, 0x17,
	0x87, 0x43, 0x2F, 0x81, 0x60, 0x88, 0xD9, 0x89,
	0x08, 0x1A, 0x70, 0x43, 0x0A, 0x21, 0x01, 0x91,
	0xFF, 0xF7, 0x34, 0xF9, 0xA1, 0x5F, 0xA2, 0x88,
	0x42, 0x43, 0x10, 0x13, 0x44, 0x18, 0xE0, 0x17,
	0x84, 0x43, 0xEC, 0x81, 0x19, 0x49, 0x88, 0x88,
	0x89, 0x5F, 0x19, 0x4B, 0x5A, 0x89, 0x42, 0x43,
	0x72, 0x43, 0x10, 0x0B, 0x40, 0x18, 0xC1, 0x17,
	0x88, 0x43, 0x68, 0x81, 0x98, 0x89, 0x70, 0x43,
	0x02, 0x9E, 0x01, 0x99, 0xFF, 0xF7, 0xFA, 0xF8,
	0xA8, 0x81, 0x11, 0x48, 0x00, 0x8A, 0x11, 0x49,
	0x09, 0x88, 0x08, 0x1A, 0xFF, 0x21, 0x66, 0x31,
	0x41, 0x43, 0x88, 0x0A, 0x19, 0x30, 0x28, 0x82,
	0x0D, 0x48, 0xC1, 0x6D, 0x00, 0x29, 0x0F, 0xD1,
	0x29, 0x78, 0x4A, 0x00, 0xAA, 0x18, 0x6A, 0x23,
	0xD7, 0x52, 0xCA, 0x23, 0xD4, 0x52, 0x04, 0x22,
	0xC2, 0x65, 0x48, 0x1C, 0xC1, 0xB2, 0x2F, 0x29,
	0x00, 0x99, 0x00, 0xD8, 0x01, 0x46, 0x29, 0x70,
	0x30, 0x46, 0xFE, 0xBD, 0x1C, 0x80, 0x00, 0x00,
	0x7A, 0x05, 0x00, 0x20, 0x5C, 0x80, 0x00, 0x00,
	0xB0, 0x06, 0x00, 0x20, 0x10, 0xB5, 0x0D, 0x4A,
	0x13, 0x78, 0x5C, 0x00, 0x0C, 0x49, 0x08, 0x53,
	0x5B, 0x1C, 0xDC, 0xB2, 0x00, 0x20, 0x4F, 0x2C,
	0x04, 0x46, 0x00, 0xD8, 0x1C, 0x46, 0x14, 0x70,
	0x08, 0x4A, 0xA0, 0x28, 0x07, 0xD0, 0x0B, 0x5A,
	0x92, 0xB2, 0x93, 0x42, 0x00, 0xD3, 0x13, 0x46,
	0x80, 0x1C, 0x1A, 0x46, 0xF5, 0xE7, 0x90, 0xB2,
	0x10, 0xBD, 0xC0, 0x46, 0xEC, 0x09, 0x00, 0x20,
	0xEE, 0x09, 0x00, 0x20, 0xFF, 0xFF, 0x00, 0x00,
	0x42, 0x48, 0x01, 0x68, 0x01, 0x22, 0x91, 0x43,
	0x01, 0x60, 0x70, 0x47, 0xFE, 0xB5, 0x3F, 0x4B,
	0x3F, 0x48, 0x58, 0x60, 0x3F, 0x48, 0x98, 0x60,
	0x3F, 0x48, 0xD8, 0x60, 0x3F, 0x48, 0x18, 0x61,
	0x0F, 0x20, 0x01, 0x90, 0x18, 0x62, 0x3E, 0x48,
	0x00, 0x21, 0x01, 0x60, 0x01, 0x26, 0x34, 0x02,
	0x3C, 0x48, 0x01, 0x68, 0x21, 0x43, 0x01, 0x60,
	0x81, 0x68, 0x21, 0x43, 0x81, 0x60, 0x3A, 0x4A,
	0x50, 0x6F, 0x30, 0x43, 0x50, 0x67, 0xB0, 0x02,
	0xD1, 0x6E, 0x01, 0x43, 0xD1, 0x66, 0xFF, 0x20,
	0x00, 0x02, 0x36, 0x49, 0x0A, 0x68, 0x82, 0x43,
	0xF7, 0x03, 0xD0, 0x19, 0x08, 0x60, 0x34, 0x48,
	0x20, 0x21, 0x01, 0x60, 0x38, 0x68, 0x1F, 0x21,
	0x00, 0x91, 0x0D, 0x02, 0x39, 0x68, 0x29, 0x40,
	0xC0, 0xB2, 0x40, 0x18, 0x05, 0x21, 0xC9, 0x03,
	0x40, 0x18, 0x58, 0x61, 0x78, 0x68, 0x79, 0x68,
	0x29, 0x40, 0xC0, 0xB2, 0x40, 0x18, 0x31, 0x06,
	0x02, 0x91, 0x40, 0x18, 0x98, 0x61, 0x00, 0xF0,
	0xDD, 0xF8, 0x00, 0x28, 0x17, 0xD0, 0x38, 0x69,
	0x01, 0x9A, 0x10, 0x40, 0x22, 0x4B, 0x19, 0x68,
	0x91, 0x43, 0x08, 0x18, 0x18, 0x60, 0xF0, 0x34,
	0x38, 0x69, 0x20, 0x40, 0x00, 0x99, 0x09, 0x01,
	0x1A, 0x68, 0x8A, 0x43, 0x02, 0x43, 0x1A, 0x60,
	0x38, 0x46, 0x36, 0x30, 0x39, 0x46, 0x34, 0x31,
	0x0C, 0x37, 0x1C, 0x46, 0x05, 0xE0, 0x38, 0x46,
	0x2A, 0x30, 0x39, 0x46, 0x28, 0x31, 0x08, 0x37,
	0x15, 0x4C, 0x3A, 0x68, 0x3B, 0x68, 0x2B, 0x40,
	0xD2, 0xB2, 0x1A, 0x43, 0x02, 0x9B, 0x1A, 0x43,
	0x0A, 0x4B, 0xDA, 0x61, 0x00, 0x88, 0x1C, 0x4A,
	0xD0, 0x80, 0x08, 0x88, 0x90, 0x80, 0x1E, 0x60,
	0x10, 0x48, 0x07, 0x21, 0x01, 0x60, 0x00, 0xF0,
	0xA9, 0xF8, 0x01, 0x28, 0x01, 0xD0, 0x02, 0x20,
	0x00, 0xE0, 0x04, 0x20, 0x61, 0x6F, 0x01, 0x43,
	0x61, 0x67, 0xFE, 0xBD, 0x00, 0x70, 0x00, 0x40,
	0x18, 0x00, 0x03, 0x00, 0x03, 0x03, 0x60, 0x07,
	0x0F, 0x00, 0x29, 0x00, 0x03, 0x00, 0x00, 0x07,
	0xB4, 0x70, 0x00, 0x40, 0x10, 0x00, 0x03, 0x40,
	0x14, 0xF0, 0x00, 0x40, 0x04, 0xE4, 0x00, 0xE0,
	0x00, 0xE1, 0x00, 0xE0, 0xC0, 0xF0, 0x00, 0x40,
	0x80, 0xB5, 0x07, 0x49, 0x08, 0x31, 0x12, 0x22,
	0xFE, 0xF7, 0xE8, 0xFF, 0x80, 0xBD, 0xC0, 0x46,
	0x80, 0xB5, 0x03, 0x48, 0x08, 0x30, 0x12, 0x21,
	0xFE, 0xF7, 0xF9, 0xFF, 0x80, 0xBD, 0xC0, 0x46,
	0xDC, 0x04, 0x00, 0x20, 0x02, 0x48, 0x01, 0x68,
	0x01, 0x22, 0x91, 0x43, 0x01, 0x60, 0x70, 0x47,
	0xA0, 0xF0, 0x00, 0x40, 0x02, 0x48, 0x01, 0x68,
	0x01, 0x22, 0x91, 0x43, 0x01, 0x60, 0x70, 0x47,
	0x9C, 0xF0, 0x00, 0x40, 0xBE, 0x49, 0x0A, 0x68,
	0x08, 0x23, 0x9A, 0x43, 0xC0, 0x07, 0x00, 0x0F,
	0x10, 0x18, 0x08, 0x60, 0x70, 0x47, 0xC0, 0x46,
	0x7F, 0x20, 0xC0, 0x03, 0x07, 0x49, 0x0A, 0x68,
	0x82, 0x43, 0x0A, 0x60, 0x70, 0x47, 0xC0, 0x46,
	0x7F, 0x20, 0xC0, 0x03, 0x03, 0x49, 0x0A, 0x68,
	0x82, 0x43, 0x03, 0x20, 0xC0, 0x03, 0x10, 0x18,
	0x08, 0x60, 0x70, 0x47, 0x04, 0xF0, 0x00, 0x40,
	0x07, 0x21, 0x89, 0x05, 0x87, 0x4A, 0x13, 0x68,
	0x8B, 0x43, 0x40, 0x07, 0xC0, 0x09, 0x18, 0x18,
	0x10, 0x60, 0x70, 0x47, 0x02, 0x48, 0x01, 0x68,
	0x01, 0x20, 0x08, 0x40, 0x70, 0x47, 0xC0, 0x46,
	0x10, 0xF1, 0x00, 0x40, 0x02, 0x48, 0x00, 0x68,
	0x80, 0x07, 0xC0, 0x0F, 0x70, 0x47, 0xC0, 0x46,
	0x08, 0xF1, 0x00, 0x40, 0x01, 0x20, 0x80, 0x04,
	0x7A, 0x49, 0x0A, 0x68, 0x82, 0x43, 0x0A, 0x60,
	0x70, 0x47, 0xC0, 0x46, 0x01, 0x20, 0x80, 0x04,
	0x76, 0x49, 0x0A, 0x68, 0x02, 0x43, 0x0A, 0x60,
	0x70, 0x47, 0xC0, 0x46, 0x51, 0x48, 0x01, 0x68,
	0x01, 0x4A, 0x0A, 0x40, 0x02, 0x60, 0x70, 0x47,
	0xFF, 0x0F, 0xE0, 0xFF, 0x01, 0x21, 0x09, 0x03,
	0x81, 0x40, 0x4C, 0x48, 0x02, 0x68, 0x8A, 0x43,
	0x02, 0x60, 0x70, 0x47, 0x01, 0x21, 0x09, 0x03,
	0x81, 0x40, 0x48, 0x48, 0x02, 0x68, 0x0A, 0x43,
	0x02, 0x60, 0x70, 0x47, 0x01, 0x21, 0x08, 0x40,
	0x05, 0x4A, 0x13, 0x68, 0x8B, 0x43, 0x18, 0x18,
	0x10, 0x60, 0x70, 0x47, 0x02, 0x48, 0x01, 0x68,
	0x01, 0x20, 0x08, 0x40, 0x70, 0x47, 0xC0, 0x46,
	0x18, 0xF0, 0x00, 0x40, 0x86, 0x48, 0x01, 0x68,
	0x01, 0x22, 0x91, 0x43, 0x01, 0x60, 0x70, 0x47,
	0x04, 0x48, 0x01, 0x68, 0x49, 0x0A, 0x00, 0x68,
	0xC2, 0x08, 0x0A, 0x40, 0x01, 0x20, 0x10, 0x40,
	0x70, 0x47, 0xC0, 0x46, 0x0C, 0xF1, 0x00, 0x40,
	0x6B, 0x20, 0x80, 0x03, 0x33, 0x49, 0x0A, 0x68,
	0x02, 0x43, 0x0A, 0x60, 0x70, 0x47, 0xC0, 0x46,
	0x01, 0x20, 0xC0, 0x04, 0x51, 0x49, 0x0A, 0x68,
	0x82, 0x43, 0x0A, 0x60, 0x0E, 0x48, 0x01, 0x68,
	0x0E, 0x4A, 0x0A, 0x40, 0x02, 0x60, 0xFF, 0x20,
	0x81, 0x01, 0xDD, 0x48, 0x42, 0x69, 0x8A, 0x43,
	0x11, 0x21, 0x49, 0x02, 0x51, 0x18, 0x41, 0x61,
	0x41, 0x6F, 0x08, 0x22, 0x0A, 0x43, 0x42, 0x67,
	0x03, 0x21, 0x89, 0x04, 0x02, 0x68, 0x8A, 0x43,
	0x02, 0x60, 0x41, 0x69, 0x12, 0x22, 0x0A, 0x43,
	0x2D, 0x21, 0x8A, 0x43, 0x42, 0x61, 0x70, 0x47,
	0x74, 0xF8, 0x00, 0x40, 0xFD, 0xE0, 0xFF, 0xFF,
	0x10, 0xB5, 0x10, 0x49, 0x0A, 0x68, 0x3F, 0x23,
	0x9A, 0x43, 0x0F, 0x4C, 0x24, 0x68, 0x1C, 0x40,
	0xA2, 0x18, 0x0A, 0x60, 0x0F, 0x22, 0x92, 0x01,
	0x0B, 0x68, 0x93, 0x43, 0x00, 0x07, 0x80, 0x0D,
	0x18, 0x18, 0x08, 0x60, 0x03, 0x20, 0xC0, 0x02,
	0x0A, 0x68, 0x02, 0x43, 0x0A, 0x60, 0x01, 0x20,
	0x42, 0x03, 0x0B, 0x68, 0x13, 0x43, 0x0B, 0x60,
	0x80, 0x03, 0x0A, 0x68, 0x42, 0x40, 0x0A, 0x60,
	0x10, 0xBD, 0xC0, 0x46, 0x30, 0xF0, 0x00, 0x40,
	0xB0, 0x80, 0x00, 0x00, 0x03, 0x21, 0x49, 0x07,
	0x03, 0x4A, 0x13, 0x68, 0x8B, 0x43, 0x80, 0x07,
	0x40, 0x08, 0x18, 0x18, 0x10, 0x60, 0x70, 0x47,
	0x1C, 0xF0, 0x00, 0x40, 0x6F, 0x20, 0x80, 0x03,
	0x02, 0x49, 0x0A, 0x68, 0x02, 0x43, 0x0A, 0x60,
	0x70, 0x47, 0xC0, 0x46, 0x80, 0xF0, 0x00, 0x40,
	0x3F, 0x20, 0x81, 0x03, 0x0A, 0x48, 0x02, 0x68,
	0x8A, 0x43, 0x1B, 0x21, 0xC9, 0x03, 0x51, 0x18,
	0x01, 0x60, 0xFF, 0x21, 0x89, 0x01, 0x02, 0x68,
	0x8A, 0x43, 0x07, 0x21, 0x89, 0x01, 0x51, 0x18,
	0x01, 0x60, 0x01, 0x21, 0xC9, 0x04, 0xC2, 0x6E,
	0x8A, 0x43, 0xC2, 0x66, 0x70, 0x47, 0xC0, 0x46,
	0x20, 0xF0, 0x00, 0x40, 0x03, 0x48, 0x01, 0x68,
	0x03, 0x4A, 0x0A, 0x40, 0x03, 0x49, 0x51, 0x18,
	0x01, 0x60, 0x70, 0x47, 0x5C, 0xE7, 0x00, 0x40,
	0x00, 0x00, 0xFF, 0xFF, 0x50, 0x12, 0x00, 0x00,
	0x05, 0x48, 0x00, 0x68, 0x40, 0x07, 0xC0, 0x0F,
	0x70, 0x47, 0xC0, 0x46, 0x02, 0x48, 0x00, 0x68,
	0x80, 0x07, 0xC0, 0x0F, 0x70, 0x47, 0xC0, 0x46,
	0x00, 0xF1, 0x00, 0x40, 0x0C, 0x48, 0x00, 0x68,
	0xC0, 0x06, 0xC0, 0x0F, 0x70, 0x47, 0xC0, 0x46,
	0x02, 0x48, 0x00, 0x68, 0x40, 0x03, 0xC0, 0x0F,
	0x70, 0x47, 0xC0, 0x46, 0x8C, 0xF0, 0x00, 0x40,
	0x05, 0x48, 0x00, 0x68, 0x80, 0x07, 0xC0, 0x0F,
	0x70, 0x47, 0xC0, 0x46, 0x02, 0x48, 0x00, 0x68,
	0x40, 0x07, 0xC0, 0x0F, 0x70, 0x47, 0xC0, 0x46,
	0x04, 0xF1, 0x00, 0x40, 0x54, 0x48, 0x00, 0x21,
	0x41, 0x70, 0x70, 0x47, 0x52, 0x48, 0x00, 0x21,
	0x81, 0x70, 0x70, 0x47, 0x70, 0xB5, 0x07, 0x4E,
	0x74, 0x68, 0x35, 0x68, 0x28, 0x46, 0x21, 0x46,
	0x00, 0xF0, 0x6A, 0xF8, 0x70, 0x68, 0xA0, 0x43,
	0x70, 0x60, 0x30, 0x68, 0xA8, 0x43, 0x30, 0x60,
	0x70, 0xBD, 0xC0, 0x46, 0x34, 0xC8, 0x00, 0x40,
	0x80, 0xB5, 0x11, 0x48, 0x11, 0x49, 0x41, 0x61,
	0x01, 0x68, 0x08, 0x22, 0x0A, 0x43, 0x02, 0x60,
	0x0F, 0x49, 0x81, 0x61, 0x0F, 0x48, 0x10, 0x49,
	0x01, 0x60, 0x17, 0x48, 0x0F, 0x49, 0x01, 0x60,
	0xFF, 0x21, 0x09, 0x06, 0xC1, 0x62, 0x0E, 0x49,
	0x41, 0x64, 0x0E, 0x49, 0x4A, 0x1C, 0x02, 0x63,
	0x0D, 0x48, 0x02, 0x68, 0x0A, 0x40, 0x02, 0x60,
	0x01, 0x20, 0xC1, 0x04, 0x53, 0x4A, 0x11, 0x60,
	0x80, 0x02, 0x00, 0xF0, 0x2F, 0xF9, 0x80, 0xBD,
	0x88, 0xF0, 0x00, 0x40, 0xFF, 0x00, 0x05, 0x00,
	0x23, 0x02, 0x00, 0x00, 0xAC, 0x00, 0x04, 0x40,
	0x10, 0x32, 0x76, 0x98, 0x07, 0x10, 0x5F, 0x00,
	0x01, 0x0A, 0x00, 0x00, 0xFF, 0xFF, 0xFF, 0x00,
	0x10, 0xE4, 0x00, 0xE0, 0x02, 0x48, 0x01, 0x68,
	0x01, 0x22, 0x91, 0x43, 0x01, 0x60, 0x70, 0x47,
	0x00, 0xC8, 0x00, 0x40, 0x80, 0xB5, 0x00, 0xF0,
	0x63, 0xF8, 0x80, 0xBD, 0x26, 0x48, 0xC0, 0x78,
	0x70, 0x47, 0xC0, 0x46, 0xB0, 0xB5, 0x24, 0x4D,
	0x2C, 0x78, 0x00, 0x2C, 0x05, 0xD0, 0x05, 0x49,
	0x1C, 0x22, 0xFE, 0xF7, 0x23, 0xFE, 0x00, 0x20,
	0x28, 0x70, 0x60, 0x1E, 0x84, 0x41, 0x20, 0x46,
	0xB0, 0xBD, 0xC0, 0x46, 0x4C, 0xC8, 0x00, 0x40,
	0x1B, 0x48, 0x80, 0x78, 0x70, 0x47, 0xC0, 0x46,
	0x19, 0x48, 0x40, 0x78, 0x70, 0x47, 0xC0, 0x46,
	0xFC, 0xB5, 0x01, 0x90, 0x01, 0x20, 0x03, 0x06,
	0xC9, 0x01, 0x01, 0xD5, 0x14, 0x49, 0x08, 0x70,
	0x01, 0x99, 0x99, 0x42, 0x23, 0xD3, 0x12, 0x49,
	0x49, 0x78, 0x00, 0x91, 0x00, 0x25, 0x12, 0xA7,
	0x08, 0x2D, 0x1C, 0xD0, 0x19, 0x46, 0xA9, 0x40,
	0x01, 0x9A, 0x11, 0x42, 0x0F, 0xD0, 0x00, 0x99,
	0x00, 0x29, 0x14, 0xD1, 0xA9, 0x00, 0x0B, 0x4A,
	0x56, 0x58, 0x00, 0x21, 0x1F, 0x29, 0x06, 0xD0,
	0x7C, 0x5C, 0x49, 0x1C, 0x32, 0x68, 0xD2, 0xB2,
	0x94, 0x42, 0xF7, 0xD1, 0x01, 0xE0, 0x6D, 0x1C,
	0xE6, 0xE7, 0x03, 0x4A, 0x90, 0x70, 0x31, 0x68,
	0x10, 0x71, 0x50, 0x70, 0xD1, 0x70, 0xFC, 0xBD,
	0x14, 0x05, 0x00, 0x20, 0x0C, 0x04, 0x00, 0x20,
	0x00, 0x01, 0x02, 0x03, 0x04, 0x05, 0x06, 0x07,
	0x09, 0x18, 0x19, 0x20, 0x22, 0x28, 0x29, 0x31,
	0x38, 0x48, 0x51, 0x54, 0x55, 0x58, 0x68, 0x71,
	0x78, 0x81, 0x84, 0xA4, 0xC4, 0xE2, 0xFF, 0x00,
	0x80, 0xB5, 0xFF, 0xF7, 0x59, 0xFF, 0x80, 0xBD,
	0x4E, 0x48, 0x00, 0x78, 0x70, 0x47, 0xC0, 0x46,
	0x80, 0xB5, 0x25, 0x48, 0x01, 0x68, 0x3C, 0x22,
	0x0A, 0x43, 0x02, 0x60, 0x03, 0x20, 0x00, 0x04,
	0x49, 0x49, 0x08, 0x60, 0x80, 0x20, 0x00, 0xF0,
	0x99, 0xF8, 0x05, 0x48, 0x01, 0x68, 0x40, 0x22,
	0x0A, 0x43, 0xBF, 0x21, 0x8A, 0x43, 0x02, 0x60,
	0xD5, 0x48, 0x01, 0x21, 0x01, 0x60, 0x80, 0xBD,
	0x00, 0xE4, 0x00, 0xE0, 0x00, 0xE1, 0x00, 0xE0,
	0x70, 0xB5, 0x03, 0x24, 0x25, 0x05, 0x3E, 0x4B,
	0x1E, 0x68, 0xAE, 0x43, 0xC0, 0x43, 0xC0, 0x07,
	0x85, 0x0A, 0xC0, 0x0A, 0x40, 0x19, 0x80, 0x19,
	0x18, 0x60, 0xC8, 0x43, 0xC0, 0x07, 0x01, 0x0A,
	0x40, 0x0A, 0x40, 0x18, 0xA1, 0x05, 0x1D, 0x68,
	0x8D, 0x43, 0x40, 0x19, 0x18, 0x60, 0xD0, 0x07,
	0xC1, 0x0D, 0xD2, 0x01, 0xD2, 0xB2, 0x51, 0x18,
	0xE2, 0x01, 0x09, 0x4C, 0x25, 0x68, 0x95, 0x43,
	0x49, 0x19, 0x21, 0x60, 0x01, 0x09, 0x42, 0x09,
	0x51, 0x18, 0xC2, 0x08, 0x89, 0x18, 0x80, 0x08,
	0x08, 0x18, 0x0F, 0x21, 0x89, 0x06, 0x1A, 0x68,
	0x8A, 0x43, 0x80, 0x18, 0x18, 0x60, 0x70, 0xBD,
	0x0C, 0xF0, 0x00, 0x40, 0x80, 0xB5, 0x08, 0x20,
	0x00, 0xF0, 0x70, 0xFB, 0x04, 0x20, 0x00, 0xF0,
	0x6D, 0xFB, 0x22, 0x48, 0x03, 0x21, 0x01, 0x70,
	0x80, 0xBD, 0xC0, 0x46, 0x80, 0xB5, 0x1F, 0x48,
	0x41, 0x78, 0xC9, 0x1D, 0x41, 0x70, 0x41, 0x68,
	0x40, 0x78, 0x09, 0x18, 0x1D, 0x48, 0x07, 0x22,
	0xFE, 0xF7, 0x60, 0xFD, 0x80, 0xBD, 0xC0, 0x46,
	0xF8, 0xB5, 0x05, 0x46, 0x00, 0x78, 0x00, 0xF0,
	0x97, 0xFF, 0x04, 0x46, 0x15, 0x4F, 0x00, 0x20,
	0x78, 0x70, 0x28, 0x78, 0x14, 0x4E, 0xB1, 0x68,
	0xFF, 0x22, 0x91, 0x43, 0x08, 0x18, 0xB0, 0x60,
	0x08, 0x2C, 0x04, 0xD3, 0x68, 0x1C, 0x78, 0x60,
	0x08, 0x20, 0x00, 0xF0, 0x4B, 0xFB, 0x69, 0x1C,
	0x0E, 0x48, 0x07, 0x22, 0xFE, 0xF7, 0x42, 0xFD,
	0x02, 0x20, 0x38, 0x70, 0x04, 0x20, 0x00, 0xF0,
	0x41, 0xFB, 0x1F, 0x20, 0x00, 0x02, 0x31, 0x68,
	0x81, 0x43, 0xE0, 0x06, 0xC0, 0x0C, 0x08, 0x18,
	0x30, 0x60, 0x30, 0x68, 0x01, 0x21, 0x08, 0x43,
	0x30, 0x60, 0x00, 0xBF, 0x30, 0x68, 0x88, 0x43,
	0x30, 0x60, 0xF8, 0xBD, 0xA4, 0x06, 0x00, 0x20,
	0x00, 0x90, 0x00, 0x40, 0x09, 0x90, 0x00, 0x40,
	0x38, 0x49, 0x0A, 0x68, 0x82, 0x43, 0x0A, 0x60,
	0x70, 0x47, 0xC0, 0x46, 0x35, 0x49, 0x0A, 0x68,
	0x02, 0x43, 0x0A, 0x60, 0x70, 0x47, 0xC0, 0x46,
	0x07, 0x21, 0x08, 0x40, 0x02, 0x4A, 0x13, 0x68,
	0x8B, 0x43, 0x18, 0x18, 0x10, 0x60, 0x70, 0x47,
	0x00, 0x00, 0x04, 0x40, 0x04, 0x49, 0x0A, 0x68,
	0x40, 0x23, 0x9A, 0x43, 0xC0, 0x07, 0x40, 0x0E,
	0x10, 0x18, 0x08, 0x60, 0x70, 0x47, 0xC0, 0x46,
	0x10, 0x00, 0x04, 0x40, 0x01, 0x04, 0x07, 0xD0,
	0x40, 0x1E, 0x00, 0x21, 0x4A, 0x09, 0x2C, 0x2A,
	0xF8, 0xD8, 0x00, 0xBF, 0x49, 0x1C, 0xF9, 0xE7,
	0x70, 0x47, 0x40, 0x08, 0x01, 0x04, 0x06, 0xD0,
	0x40, 0x1E, 0x00, 0x21, 0x01, 0x29, 0xF9, 0xD8,
	0x00, 0xBF, 0x49, 0x1C, 0xFA, 0xE7, 0x70, 0x47,
	0x70, 0xB5, 0x15, 0x46, 0x0A, 0x46, 0x04, 0x46,
	0x01, 0x20, 0x81, 0x07, 0x19, 0x4E, 0x8C, 0x42,
	0x08, 0xD0, 0x19, 0x48, 0x84, 0x42, 0x04, 0xD0,
	0x18, 0x48, 0x84, 0x42, 0x05, 0xD1, 0x04, 0x20,
	0x00, 0xE0, 0x02, 0x20, 0x31, 0x68, 0x01, 0x43,
	0x31, 0x60, 0x15, 0x49, 0x10, 0x46, 0xFE, 0xF7,
	0xF9, 0xFC, 0x45, 0x43, 0x68, 0x1E, 0x60, 0x60,
	0x20, 0x68, 0x01, 0x21, 0x08, 0x43, 0x20, 0x60,
	0x60, 0x68, 0x00, 0x28, 0xFC, 0xD1, 0x20, 0x68,
	0x88, 0x43, 0x20, 0x60, 0x04, 0x20, 0xC0, 0x43,
	0x89, 0x07, 0x8C, 0x42, 0x06, 0xD0, 0x08, 0x49,
	0x8C, 0x42, 0x05, 0xD0, 0x07, 0x49, 0x8C, 0x42,
	0x03, 0xD0, 0x70, 0xBD, 0xC0, 0x1C, 0x00, 0xE0,
	0x80, 0x1C, 0x31, 0x68, 0x01, 0x40, 0x31, 0x60,
	0x70, 0xBD, 0xC0, 0x46, 0x04, 0x00, 0x04, 0x40,
	0x00, 0x10, 0x00, 0x40, 0x00, 0x18, 0x00, 0x40,
	0x40, 0x42, 0x0F, 0x00, 0xB0, 0xB5, 0x10, 0x4B,
	0x1C, 0x68, 0x3E, 0x25, 0xAC, 0x43, 0xC0, 0x06,
	0x80, 0x0E, 0x20, 0x18, 0x18, 0x60, 0x1F, 0x20,
	0x00, 0x02, 0x1C, 0x68, 0x84, 0x43, 0xC8, 0x06,
	0xC0, 0x0C, 0x20, 0x18, 0x18, 0x60, 0x00, 0x2A,
	0x08, 0xD0, 0x21, 0x48, 0x01, 0x68, 0x02, 0x22,
	0x0A, 0x43, 0x02, 0x60, 0x19, 0x68, 0x01, 0x20,
	0x08, 0x43, 0x02, 0xE0, 0x18, 0x68, 0x01, 0x21,
	0x88, 0x43, 0x18, 0x60, 0xB0, 0xBD, 0xC0, 0x46,
	0x70, 0xF8, 0x00, 0x40, 0x18, 0x48, 0x00, 0x68,
	0x80, 0x07, 0x01, 0xD4, 0x00, 0x20, 0x0A, 0xE0,
	0x14, 0x48, 0x00, 0x68, 0x05, 0x49, 0x0A, 0x88,
	0x40, 0x06, 0xC0, 0x0E, 0x50, 0x43, 0x00, 0x0B,
	0x49, 0x88, 0x40, 0x18, 0x00, 0xB2, 0xC1, 0x17,
	0x88, 0x43, 0x70, 0x47, 0x58, 0x80, 0x00, 0x00,
	0x0C, 0x49, 0x0A, 0x68, 0x7C, 0x23, 0x9A, 0x43,
	0x1F, 0x28, 0x00, 0xD3, 0x1F, 0x20, 0x83, 0x00,
	0x1A, 0x43, 0x0A, 0x60, 0x00, 0x28, 0x08, 0xD0,
	0x07, 0x48, 0x02, 0x68, 0x02, 0x23, 0x13, 0x43,
	0x03, 0x60, 0x0A, 0x68, 0x01, 0x20, 0x10, 0x43,
	0x02, 0xE0, 0x08, 0x68, 0x01, 0x22, 0x90, 0x43,
	0x08, 0x60, 0x70, 0x47, 0x74, 0xF8, 0x00, 0x40,
	0x80, 0xF0, 0x00, 0x40, 0x1F, 0x49, 0x0A, 0x68,
	0x03, 0x4B, 0x13, 0x40, 0x80, 0x00, 0x80, 0xB2,
	0x18, 0x18, 0x08, 0x60, 0x70, 0x47, 0xC0, 0x46,
	0x03, 0x00, 0xFF, 0xFF, 0x80, 0xB5, 0x56, 0x49,
	0x4A, 0x78, 0x89, 0x1D, 0x52, 0x1C, 0xFE, 0xF7,
	0x41, 0xFC, 0x80, 0xBD, 0x52, 0x48, 0x80, 0x78,
	0x70, 0x47, 0xC0, 0x46, 0x70, 0xB5, 0x01, 0x24,
	0x20, 0x03, 0xFF, 0xF7, 0x17, 0xFF, 0x11, 0x48,
	0x52, 0x21, 0x01, 0x60, 0x10, 0x49, 0x81, 0x60,
	0x10, 0x49, 0x41, 0x60, 0xA5, 0x07, 0xC5, 0x60,
	0x02, 0x21, 0x01, 0x61, 0x0E, 0x49, 0x41, 0x61,
	0x0E, 0x48, 0x01, 0x68, 0x21, 0x43, 0x01, 0x60,
	0x30, 0x20, 0x0D, 0x4E, 0xB0, 0x47, 0x34, 0x20,
	0xB0, 0x47, 0x3C, 0x20, 0xB0, 0x47, 0xFF, 0x20,
	0x00, 0x06, 0x0A, 0x49, 0x0A, 0x68, 0x82, 0x43,
	0x50, 0x19, 0x08, 0x60, 0xE0, 0x03, 0x8D, 0x49,
	0x08, 0x60, 0x70, 0xBD, 0x04, 0xA0, 0x00, 0x40,
	0x81, 0x60, 0x06, 0x00, 0xF4, 0x01, 0x13, 0x00,
	0x00, 0x00, 0xFF, 0xFF, 0xA8, 0x00, 0x04, 0x40,
	0x15, 0x1D, 0x00, 0x00, 0x0C, 0xE4, 0x00, 0xE0,
	0x00, 0xE1, 0x00, 0xE0, 0xF8, 0xB5, 0x0C, 0x46,
	0x33, 0x4D, 0xE9, 0x78, 0x03, 0x29, 0x2D, 0xD8,
	0x79, 0x44, 0x09, 0x79, 0x49, 0x00, 0x8F, 0x44,
	0x01, 0x2C, 0x09, 0x1B, 0x02, 0x28, 0x3A, 0xD1,
	0x01, 0x20, 0xE8, 0x70, 0x00, 0x21, 0x29, 0x71,
	0x28, 0x70, 0xF8, 0xBD, 0x04, 0x28, 0x32, 0xD1,
	0x28, 0x79, 0x40, 0x1C, 0x28, 0x71, 0xC0, 0xB2,
	0x2B, 0x49, 0x09, 0x69, 0x21, 0x54, 0x6A, 0x79,
	0x4A, 0x40, 0x6A, 0x71, 0x69, 0x78, 0x88, 0x42,
	0x12, 0xD3, 0x03, 0x20, 0xE8, 0x70, 0xF8, 0xBD,
	0x04, 0x28, 0x20, 0xD1, 0x69, 0x79, 0x24, 0x48,
	0x02, 0x69, 0xD2, 0xB2, 0x91, 0x42, 0x1A, 0xD1,
	0x03, 0x21, 0xA9, 0x70, 0x01, 0x68, 0x01, 0x22,
	0x91, 0x43, 0x12, 0xE0, 0x01, 0x28, 0x12, 0xD0,
	0xF8, 0xBD, 0x04, 0x28, 0x0F, 0xD1, 0x1C, 0x48,
	0x01, 0x69, 0x21, 0x70, 0x03, 0x22, 0xD3, 0x02,
	0x06, 0x69, 0x1E, 0x40, 0x01, 0x23, 0xDF, 0x02,
	0xBE, 0x42, 0x0B, 0xD1, 0xAA, 0x70, 0x01, 0x68,
	0x99, 0x43, 0x01, 0x60, 0xF8, 0xBD, 0x01, 0x20,
	0xA8, 0x70, 0x13, 0x49, 0x0A, 0x68, 0x82, 0x43,
	0x0A, 0x60, 0xF8, 0xBD, 0xC8, 0xB2, 0x00, 0xF0,
	0xEF, 0xFD, 0x68, 0x70, 0x20, 0x78, 0x02, 0x21,
	0xE9, 0x70, 0x68, 0x71, 0xF8, 0xBD, 0xC0, 0x46,
	0x07, 0x48, 0x00, 0x21, 0x01, 0x70, 0xC1, 0x70,
	0x02, 0x21, 0x81, 0x70, 0x08, 0x48, 0x01, 0x68,
	0x01, 0x22, 0x0A, 0x43, 0x02, 0x60, 0x70, 0x47,
	0x01, 0x48, 0x00, 0x78, 0x70, 0x47, 0xC0, 0x46,
	0x19, 0x05, 0x00, 0x20, 0x02, 0x48, 0x01, 0x68,
	0x01, 0x22, 0x91, 0x43, 0x01, 0x60, 0x70, 0x47,
	0x00, 0xA0, 0x00, 0x40, 0x65, 0x4A, 0x91, 0x71,
	0x50, 0x71, 0x70, 0x47, 0x63, 0x48, 0xC1, 0x78,
	0xCA, 0x43, 0xC2, 0x70, 0x00, 0x29, 0x01, 0xD0,
	0x00, 0x21, 0x00, 0xE0, 0x41, 0x79, 0xC9, 0xB2,
	0x82, 0x79, 0x00, 0x2A, 0x00, 0xD1, 0x49, 0x42,
	0xC0, 0x8C, 0x08, 0x18, 0x57, 0x49, 0x01, 0x40,
	0x55, 0x48, 0x02, 0x68, 0x02, 0x4B, 0x13, 0x40,
	0xC9, 0x18, 0x01, 0x60, 0x70, 0x47, 0xC0, 0x46,
	0x00, 0xE0, 0xFF, 0xFF, 0x55, 0x48, 0x00, 0x79,
	0x70, 0x47, 0xC0, 0x46, 0x80, 0xB5, 0x00, 0xF0,
	0x53, 0xFC, 0x52, 0x48, 0x80, 0x78, 0x00, 0xF0,
	0x17, 0xF8, 0x80, 0xBD, 0xB0, 0xB5, 0x4F, 0x4D,
	0x69, 0x78, 0x69, 0x18, 0x4C, 0x7A, 0x00, 0x28,
	0x0B, 0xD0, 0x20, 0x46, 0x00, 0xF0, 0x6A, 0xFD,
	0xC0, 0x07, 0x02, 0xD0, 0x03, 0x20, 0x40, 0x02,
	0x01, 0xE0, 0x01, 0x20, 0x80, 0x02, 0x61, 0x00,
	0x44, 0x18, 0x2C, 0x85, 0xB0, 0xBD, 0xC0, 0x46,
	0x70, 0xB5, 0x04, 0x46, 0x43, 0x4E, 0x75, 0x78,
	0x30, 0x7A, 0x85, 0x42, 0x06, 0xD3, 0x03, 0x20,
	0x30, 0x71, 0x00, 0x25, 0x28, 0x46, 0x00, 0xF0,
	0x3D, 0xF9, 0x75, 0x70, 0x30, 0x79, 0x02, 0x28,
	0x3F, 0xD1, 0x30, 0x78, 0x00, 0x2D, 0x06, 0xD1,
	0x00, 0x28, 0x04, 0xD1, 0x20, 0x46, 0xFF, 0xF7,
	0xD1, 0xFF, 0x75, 0x78, 0x30, 0x78, 0x00, 0x28,
	0x12, 0xD1, 0x00, 0x2D, 0x10, 0xD1, 0xFF, 0xF7,
	0xA1, 0xFF, 0x00, 0xF0, 0x15, 0xFC, 0x30, 0x78,
	0x40, 0x1C, 0x30, 0x70, 0x00, 0x20, 0x00, 0xF0,
	0x29, 0xF9, 0xD5, 0x48, 0x01, 0x21, 0x01, 0x60,
	0x08, 0x20, 0xFF, 0xF7, 0x26, 0xFE, 0x30, 0x78,
	0xC1, 0x07, 0x04, 0xD0, 0x41, 0x08, 0x32, 0x8D,
	0xCA, 0x40, 0xD1, 0x07, 0x02, 0xD0, 0xFF, 0xF7,
	0x89, 0xFF, 0x30, 0x78, 0x40, 0x1C, 0x30, 0x70,
	0xC0, 0xB2, 0x00, 0x2C, 0x0A, 0xD0, 0x16, 0x28,
	0x0F, 0xD3, 0x00, 0x20, 0x30, 0x70, 0x70, 0x78,
	0x40, 0x1C, 0x70, 0x70, 0x20, 0x46, 0xFF, 0xF7,
	0xA1, 0xFF, 0x70, 0xBD, 0x10, 0x28, 0x04, 0xD3,
	0x00, 0x20, 0x30, 0x70, 0x70, 0x78, 0x40, 0x1C,
	0x70, 0x70, 0x70, 0xBD, 0x00, 0xE1, 0x00, 0xE0,
	0x70, 0xB5, 0x04, 0x46, 0x14, 0x48, 0x00, 0x68,
	0x14, 0x49, 0x01, 0x40, 0x17, 0x4E, 0xF1, 0x84,
	0x20, 0x78, 0x70, 0x72, 0x25, 0x78, 0x28, 0x46,
	0x00, 0xF0, 0x2A, 0xFD, 0x00, 0x28, 0x0F, 0xD0,
	0x01, 0x21, 0xB1, 0x70, 0xCA, 0xB2, 0x90, 0x42,
	0x05, 0xD3, 0xA3, 0x5C, 0xB2, 0x18, 0x53, 0x72,
	0x5D, 0x40, 0x49, 0x1C, 0xF6, 0xE7, 0x81, 0x19,
	0x8D, 0x72, 0x81, 0x1C, 0x01, 0x20, 0x02, 0xE0,
	0x00, 0x20, 0xB0, 0x70, 0x01, 0x21, 0x02, 0x22,
	0x32, 0x71, 0x31, 0x72, 0x00, 0x21, 0xF1, 0x70,
	0xFF, 0xF7, 0x82, 0xFF, 0x70, 0xBD, 0xC0, 0x46,
	0x00, 0x50, 0x00, 0x40, 0xFF, 0x1F, 0x00, 0x00,
	0x80, 0xB5, 0x02, 0x48, 0x2A, 0x21, 0xFE, 0xF7,
	0xDE, 0xFA, 0x80, 0xBD, 0x34, 0x07, 0x00, 0x20,
	0x80, 0xB5, 0x04, 0x48, 0x00, 0x68, 0x40, 0x09,
	0x80, 0xB2, 0x0A, 0x21, 0xFE, 0xF7, 0xDE, 0xFA,
	0x80, 0xBD, 0xC0, 0x46, 0x14, 0xA0, 0x00, 0x40,
	0x02, 0x49, 0x09, 0x68, 0x08, 0x40, 0x41, 0x1E,
	0x88, 0x41, 0x70, 0x47, 0x00, 0x00, 0x01, 0x40,
	0x10, 0xB5, 0xFF, 0x20, 0xC0, 0x02, 0xA1, 0x4A,
	0x13, 0x68, 0x83, 0x43, 0x01, 0x21, 0xC8, 0x02,
	0x18, 0x18, 0x10, 0x60, 0xD0, 0x6D, 0x88, 0x43,
	0xD0, 0x65, 0x0D, 0x48, 0x82, 0x1C, 0x2F, 0x4B,
	0x9A, 0x61, 0x1A, 0x68, 0x02, 0x24, 0xA2, 0x43,
	0x1A, 0x60, 0xDC, 0x60, 0x18, 0x61, 0x08, 0x02,
	0x24, 0x4A, 0x13, 0x68, 0x03, 0x43, 0x13, 0x60,
	0x10, 0x68, 0x04, 0x23, 0x98, 0x43, 0x10, 0x60,
	0x08, 0x05, 0x13, 0x68, 0x03, 0x43, 0x13, 0x60,
	0x48, 0x03, 0x00, 0xF0, 0x49, 0xF8, 0x10, 0xBD,
	0x04, 0x30, 0x00, 0x00, 0xB0, 0xB5, 0xFF, 0x20,
	0xC0, 0x02, 0x8C, 0x49, 0x0A, 0x68, 0x82, 0x43,
	0x0A, 0x60, 0x11, 0x48, 0x0A, 0x49, 0x81, 0x60,
	0x2B, 0x4A, 0x53, 0x68, 0x20, 0x24, 0x23, 0x40,
	0x55, 0x68, 0xA5, 0x43, 0x5B, 0x19, 0x1F, 0x24,
	0x1C, 0x43, 0x54, 0x60, 0x13, 0x68, 0x3F, 0x24,
	0x23, 0x40, 0x15, 0x68, 0xA5, 0x43, 0xEB, 0x18,
	0x13, 0x60, 0x01, 0x60, 0xB0, 0xBD, 0xC0, 0x46,
	0x1F, 0x34, 0x00, 0x00, 0x04, 0x49, 0x08, 0x60,
	0xFF, 0x28, 0x04, 0xD8, 0x80, 0x01, 0x09, 0x49,
	0x0A, 0x68, 0x02, 0x43, 0x0A, 0x60, 0x70, 0x47,
	0x14, 0x00, 0x01, 0x40, 0x04, 0x49, 0x08, 0x60,
	0xFF, 0x28, 0x04, 0xD8, 0x80, 0x01, 0x03, 0x49,
	0x0A, 0x68, 0x82, 0x43, 0x0A, 0x60, 0x70, 0x47,
	0x10, 0x00, 0x01, 0x40, 0xA8, 0xF0, 0x00, 0x40,
	0x04, 0x4A, 0x00, 0x29, 0x02, 0xD0, 0x11, 0x68,
	0x01, 0x43, 0x01, 0xE0, 0x11, 0x68, 0x81, 0x43,
	0x11, 0x60, 0x70, 0x47, 0x04, 0x00, 0x01, 0x40,
	0xB0, 0xB5, 0x02, 0x0A, 0x93, 0x01, 0x1C, 0x46,
	0x14, 0x43, 0x0B, 0x48, 0x05, 0x68, 0xA5, 0x43,
	0x05, 0x60, 0x01, 0x29, 0x05, 0xD0, 0x00, 0x29,
	0x0C, 0xD1, 0x01, 0x68, 0x11, 0x43, 0x3F, 0x22,
	0x03, 0xE0, 0x01, 0x68, 0x19, 0x43, 0x3F, 0x22,
	0x92, 0x01, 0x11, 0x40, 0x03, 0x68, 0x93, 0x43,
	0x59, 0x18, 0x01, 0x60, 0xB0, 0xBD, 0xC0, 0x46,
	0xA4, 0xF0, 0x00, 0x40, 0x04, 0x48, 0x81, 0x68,
	0x04, 0x4A, 0x0A, 0x40, 0x04, 0x49, 0x51, 0x18,
	0x81, 0x60, 0x1D, 0x21, 0x01, 0x60, 0x70, 0x47,
	0x00, 0xE0, 0x00, 0x40, 0x00, 0x00, 0xFF, 0xFF,
	0xFF, 0x03, 0x00, 0x00, 0xC8, 0x48, 0x01, 0x68,
	0x01, 0x20, 0x08, 0x40, 0x70, 0x47, 0xC0, 0x46,
	0x14, 0x49, 0x42, 0x58, 0x01, 0x23, 0x13, 0x43,
	0x43, 0x50, 0x70, 0x47, 0x11, 0x49, 0x42, 0x58,
	0x01, 0x23, 0x1B, 0x02, 0x9A, 0x43, 0x42, 0x50,
	0x70, 0x47, 0xC0, 0x46, 0x0D, 0x49, 0x42, 0x58,
	0x01, 0x23, 0x1B, 0x02, 0x13, 0x43, 0x43, 0x50,
	0x70, 0x47, 0xC0, 0x46, 0x09, 0x49, 0x40, 0x58,
	0x01, 0x21, 0x09, 0x04, 0x01, 0x40, 0x08, 0x0C,
	0x70, 0x47, 0xC0, 0x46, 0x10, 0xB5, 0x05, 0x4A,
	0x83, 0x58, 0x01, 0x24, 0x64, 0x02, 0xA3, 0x43,
	0xC9, 0x07, 0x89, 0x0D, 0x59, 0x18, 0x81, 0x50,
	0x10, 0xBD, 0xC0, 0x46, 0x00, 0x00, 0x03, 0x40,
	0x01, 0x20, 0x01, 0x02, 0x2F, 0x4A, 0x53, 0x6B,
	0x0B, 0x43, 0x53, 0x63, 0x13, 0x6C, 0x0B, 0x43,
	0x13, 0x64, 0x93, 0x6A, 0x0B, 0x43, 0x93, 0x62,
	0x53, 0x6A, 0x0B, 0x43, 0x53, 0x62, 0x93, 0x69,
	0x0B, 0x43, 0x93, 0x61, 0xD3, 0x68, 0x0B, 0x43,
	0xD3, 0x60, 0x13, 0x69, 0x0B, 0x43, 0x13, 0x61,
	0xD3, 0x69, 0x0B, 0x43, 0xD3, 0x61, 0x93, 0x6C,
	0x0B, 0x43, 0x93, 0x64, 0x53, 0x6C, 0x0B, 0x43,
	0x53, 0x64, 0x13, 0x6E, 0x0B, 0x43, 0x13, 0x66,
	0x13, 0x68, 0x0B, 0x43, 0x13, 0x60, 0x53, 0x6E,
	0x0B, 0x43, 0x53, 0x66, 0x53, 0x68, 0x0B, 0x43,
	0x53, 0x60, 0x41, 0x07, 0x1A, 0x4A, 0x11, 0x60,
	0x81, 0x07, 0x11, 0x60, 0xC3, 0x07, 0x13, 0x60,
	0x03, 0x07, 0x13, 0x60, 0x40, 0x05, 0x10, 0x60,
	0x11, 0x60, 0x70, 0x47, 0x01, 0x20, 0x01, 0x02,
	0x12, 0x4A, 0x53, 0x6B, 0x0B, 0x43, 0x53, 0x63,
	0x93, 0x6C, 0x0B, 0x43, 0x93, 0x64, 0x53, 0x6C,
	0x0B, 0x43, 0x53, 0x64, 0x53, 0x6A, 0x0B, 0x43,
	0x53, 0x62, 0x13, 0x6E, 0x0B, 0x43, 0x13, 0x66,
	0x13, 0x68, 0x0B, 0x43, 0x13, 0x60, 0x53, 0x6E,
	0x0B, 0x43, 0x53, 0x66, 0x53, 0x68, 0x0B, 0x43,
	0x53, 0x60, 0x41, 0x07, 0x06, 0x4A, 0x11, 0x60,
	0xC1, 0x07, 0x11, 0x60, 0x01, 0x07, 0x11, 0x60,
	0x41, 0x05, 0x11, 0x60, 0x80, 0x07, 0x10, 0x60,
	0x70, 0x47, 0xC0, 0x46, 0x68, 0x00, 0x03, 0x40,
	0x00, 0xE1, 0x00, 0xE0, 0x95, 0x48, 0x00, 0x68,
	0x00, 0x07, 0x80, 0x0F, 0x70, 0x47, 0xC0, 0x46,
	0x92, 0x49, 0x0A, 0x68, 0x0C, 0x23, 0x9A, 0x43,
	0x80, 0x07, 0x00, 0x0F, 0x10, 0x18, 0x08, 0x60,
	0x70, 0x47, 0xC0, 0x46, 0x24, 0xF0, 0x00, 0x40,
	0x01, 0x20, 0x41, 0x03, 0x7E, 0x4A, 0x13, 0x68,
	0x8B, 0x43, 0x13, 0x60, 0x80, 0x03, 0x11, 0x68,
	0x81, 0x43, 0x11, 0x60, 0x70, 0x47, 0xC0, 0x46,
	0x01, 0x20, 0x41, 0x03, 0x78, 0x4A, 0x13, 0x68,
	0x0B, 0x43, 0x13, 0x60, 0x80, 0x03, 0x11, 0x68,
	0x01, 0x43, 0x11, 0x60, 0x70, 0x47, 0xC0, 0x46,
	0x01, 0x20, 0x00, 0x06, 0x93, 0x49, 0x0A, 0x68,
	0x82, 0x43, 0x0A, 0x60, 0x70, 0x47, 0xC0, 0x46,
	0x01, 0x20, 0x00, 0x06, 0x8F, 0x49, 0x0A, 0x68,
	0x02, 0x43, 0x0A, 0x60, 0x70, 0x47, 0xC0, 0x46,
	0x8C, 0x48, 0x01, 0x68, 0x01, 0x22, 0x91, 0x43,
	0x01, 0x60, 0x70, 0x47, 0x89, 0x48, 0x01, 0x68,
	0x01, 0x22, 0x0A, 0x43, 0x02, 0x60, 0x70, 0x47,
	0x01, 0x20, 0xC0, 0x02, 0x64, 0x49, 0x0A, 0x68,
	0x82, 0x43, 0x0A, 0x60, 0x70, 0x47, 0xC0, 0x46,
	0x01, 0x20, 0xC0, 0x02, 0x60, 0x49, 0x0A, 0x68,
	0x02, 0x43, 0x0A, 0x60, 0x70, 0x47, 0xC0, 0x46,
	0x5D, 0x48, 0x01, 0x68, 0x02, 0x22, 0x91, 0x43,
	0x01, 0x60, 0x70, 0x47, 0x5A, 0x48, 0x01, 0x68,
	0x02, 0x22, 0x0A, 0x43, 0x02, 0x60, 0x70, 0x47,
	0xF8, 0xB5, 0x01, 0x24, 0x60, 0x04, 0xFF, 0xF7,
	0xF1, 0xFB, 0x27, 0x4D, 0x28, 0x1F, 0x00, 0x68,
	0x84, 0x49, 0x0B, 0x68, 0x25, 0x4A, 0x1A, 0x40,
	0xC0, 0x07, 0x72, 0x48, 0x25, 0x4F, 0x26, 0x4E,
	0x1F, 0xD1, 0x19, 0x23, 0xDB, 0x04, 0x1A, 0x43,
	0x0A, 0x60, 0x27, 0x49, 0x01, 0x60, 0x27, 0x49,
	0x41, 0x60, 0x37, 0x20, 0x80, 0x03, 0x69, 0x68,
	0x01, 0x43, 0x69, 0x60, 0x1C, 0x48, 0x38, 0x60,
	0x00, 0x20, 0x78, 0x60, 0x2A, 0x20, 0x38, 0x61,
	0x7C, 0x61, 0x7D, 0x20, 0x80, 0x00, 0x00, 0xF0,
	0x89, 0xF8, 0x28, 0x68, 0x19, 0x49, 0x08, 0x40,
	0x28, 0x60, 0x28, 0x68, 0x30, 0x40, 0x28, 0x60,
	0x19, 0xE0, 0x0F, 0x23, 0x5B, 0x04, 0x1A, 0x43,
	0x0A, 0x60, 0x15, 0x49, 0x01, 0x60, 0x08, 0x21,
	0x41, 0x60, 0x26, 0x02, 0x7E, 0x60, 0x13, 0x48,
	0x00, 0xF0, 0x8E, 0xF8, 0x28, 0x68, 0x0F, 0x49,
	0x08, 0x40, 0x30, 0x43, 0x28, 0x60, 0x28, 0x68,
	0x0B, 0x49, 0x08, 0x40, 0xE1, 0x02, 0x01, 0x43,
	0x29, 0x60, 0x07, 0x48, 0x38, 0x60, 0x68, 0x6E,
	0x04, 0x21, 0x01, 0x43, 0x69, 0x66, 0xA0, 0x04,
	0x69, 0x6E, 0x01, 0x43, 0x69, 0x66, 0xF8, 0xBD,
	0x1C, 0xF0, 0x00, 0x40, 0xFF, 0xFF, 0x00, 0xFE,
	0x76, 0x02, 0x00, 0x00, 0x40, 0xF8, 0x00, 0x40,
	0xFF, 0xE3, 0xFF, 0xFF, 0x7F, 0xFC, 0xFF, 0xFF,
	0x30, 0x80, 0x04, 0x00, 0x1C, 0x25, 0x00, 0x00,
	0x36, 0x80, 0xCF, 0x00, 0xF0, 0x11, 0x00, 0x00,
	0x03, 0x21, 0xC9, 0x02, 0x43, 0x4A, 0x13, 0x68,
	0x8B, 0x43, 0x80, 0x07, 0xC0, 0x0C, 0x18, 0x18,
	0x10, 0x60, 0x70, 0x47, 0x01, 0x20, 0x00, 0x02,
	0x02, 0x49, 0x0A, 0x68, 0x02, 0x43, 0x0A, 0x60,
	0x70, 0x47, 0xC0, 0x46, 0x44, 0xF8, 0x00, 0x40,
	0x01, 0x20, 0x40, 0x03, 0x39, 0x49, 0x0A, 0x68,
	0x82, 0x43, 0x0A, 0x60, 0x70, 0x47, 0xC0, 0x46,
	0x01, 0x20, 0x40, 0x03, 0x35, 0x49, 0x0A, 0x68,
	0x02, 0x43, 0x0A, 0x60, 0x70, 0x47, 0xC0, 0x46,
	0x32, 0x48, 0x01, 0x68, 0x02, 0x22, 0x91, 0x43,
	0x01, 0x60, 0x70, 0x47, 0x2F, 0x48, 0x01, 0x68,
	0x02, 0x22, 0x0A, 0x43, 0x02, 0x60, 0x70, 0x47,
	0xB4, 0xF0, 0x00, 0x40, 0x01, 0x20, 0x00, 0x02,
	0x02, 0x49, 0x0A, 0x68, 0x02, 0x43, 0x0A, 0x60,
	0x70, 0x47, 0xC0, 0x46, 0x54, 0xF8, 0x00, 0x40,
	0x05, 0x48, 0x01, 0x68, 0x01, 0x22, 0x91, 0x43,
	0x01, 0x60, 0x70, 0x47, 0x02, 0x48, 0x01, 0x68,
	0x01, 0x22, 0x0A, 0x43, 0x02, 0x60, 0x70, 0x47,
	0xB8, 0xF0, 0x00, 0x40, 0x0A, 0x49, 0x4A, 0x88,
	0x00, 0x23, 0xC9, 0x5E, 0x41, 0x43, 0x08, 0x0B,
	0x10, 0x18, 0x00, 0xB2, 0xC1, 0x17, 0x88, 0x43,
	0x3F, 0x21, 0x3F, 0x28, 0x00, 0xD3, 0x08, 0x46,
	0x40, 0x05, 0x49, 0x05, 0x03, 0x4A, 0x13, 0x68,
	0x8B, 0x43, 0x03, 0x43, 0x13, 0x60, 0x70, 0x47,
	0x14, 0x80, 0x00, 0x00, 0x24, 0xF0, 0x00, 0x40,
	0x80, 0xB5, 0x10, 0x49, 0x0A, 0x68, 0x01, 0x21,
	0x11, 0x40, 0x01, 0xD0, 0x02, 0x23, 0x00, 0xE0,
	0x06, 0x23, 0x0D, 0x4A, 0x9B, 0x5E, 0xC0, 0x1A,
	0x00, 0x29, 0x00, 0xD1, 0x12, 0x1D, 0x11, 0x88,
	0xFE, 0xF7, 0x7C, 0xF8, 0x01, 0xB2, 0x0F, 0x20,
	0x0F, 0x29, 0x00, 0xDB, 0x01, 0x46, 0xCA, 0x17,
	0x91, 0x43, 0xC9, 0x03, 0xC0, 0x03, 0x05, 0x4A,
	0x13, 0x68, 0x83, 0x43, 0x0B, 0x43, 0x13, 0x60,
	0x80, 0xBD, 0xC0, 0x46, 0x18, 0xF0, 0x00, 0x40,
	0x40, 0x80, 0x00, 0x00, 0xB4, 0xF0, 0x00, 0x40,
	0x0C, 0x49, 0x4B, 0x88, 0x4A, 0x88, 0x5B, 0x0A,
	0x02, 0xD0, 0x3F, 0x23, 0x9B, 0x02, 0x1A, 0x43,
	0x12, 0xB2, 0x80, 0x1A, 0x09, 0x88, 0x41, 0x43,
	0x08, 0x13, 0x07, 0x49, 0x88, 0x42, 0x00, 0xDB,
	0x08, 0x46, 0xC1, 0x17, 0x88, 0x43, 0x05, 0x49,
	0x0A, 0x68, 0x05, 0x4B, 0x13, 0x40, 0x03, 0x43,
	0x0B, 0x60, 0x70, 0x47, 0x54, 0x80, 0x00, 0x00,
	0xFF, 0x07, 0x00, 0x00, 0x00, 0x40, 0x00, 0x40,
	0x00, 0xF8, 0xFF, 0xFF, 0x01, 0x48, 0x02, 0x49,
	0x01, 0x60, 0x70, 0x47, 0x00, 0xC0, 0x00, 0x40,
	0x01, 0x47, 0x03, 0x05, 0x6F, 0x48, 0x00, 0x78,
	0x70, 0x47, 0xC0, 0x46, 0x01, 0x20, 0x80, 0x04,
	0x73, 0x49, 0x09, 0x68, 0x01, 0x40, 0x88, 0x0C,
	0x70, 0x47, 0xC0, 0x46, 0x70, 0xB5, 0x0C, 0x46,
	0x05, 0x46, 0x6F, 0x48, 0x00, 0x68, 0x40, 0x03,
	0x02, 0xD4, 0x00, 0x20, 0x28, 0x80, 0x0B, 0xE0,
	0x64, 0x4E, 0x30, 0x69, 0x7D, 0x21, 0xC9, 0x00,
	0xFE, 0xF7, 0x20, 0xF8, 0x28, 0x80, 0x04, 0x20,
	0x30, 0x5E, 0x32, 0x21, 0xFE, 0xF7, 0x1A, 0xF8,
	0x20, 0x70, 0x70, 0xBD, 0x5D, 0x48, 0x00, 0x21,
	0x01, 0x70, 0x70, 0x47, 0xB0, 0xB5, 0x5B, 0x4C,
	0x25, 0x89, 0x85, 0x42, 0x08, 0xD1, 0xA5, 0x89,
	0x8D, 0x42, 0x05, 0xD1, 0x65, 0x69, 0x95, 0x42,
	0x02, 0xD1, 0xA5, 0x69, 0x9D, 0x42, 0x07, 0xD0,
	0x62, 0x61, 0xA3, 0x61, 0xA1, 0x81, 0x20, 0x81,
	0x20, 0x69, 0xA1, 0x88, 0x00, 0xF0, 0x40, 0xF8,
	0xB0, 0xBD, 0xC0, 0x46, 0x80, 0xB5, 0x4F, 0x49,
	0x08, 0x70, 0x08, 0x69, 0x89, 0x88, 0x00, 0xF0,
	0x37, 0xF8, 0x80, 0xBD, 0x80, 0xB5, 0x01, 0x20,
	0x81, 0x04, 0x51, 0x4A, 0x13, 0x68, 0x8B, 0x43,
	0x13, 0x60, 0x00, 0x02, 0xFF, 0xF7, 0x80, 0xFA,
	0x80, 0xBD, 0xC0, 0x46, 0x10, 0xB5, 0x01, 0x24,
	0x20, 0x02, 0xFF, 0xF7, 0x7F, 0xFA, 0xA0, 0x04,
	0x49, 0x49, 0x0A, 0x68, 0x02, 0x43, 0x0A, 0x60,
	0x60, 0x04, 0x0A, 0x68, 0x02, 0x40, 0x0B, 0x68,
	0x83, 0x43, 0x9A, 0x18, 0x42, 0x40, 0x0A, 0x60,
	0x10, 0xBD, 0xC0, 0x46, 0x42, 0x48, 0x01, 0x69,
	0x02, 0x68, 0x30, 0x4B, 0x13, 0x40, 0xC9, 0x00,
	0xC9, 0x0C, 0x59, 0x18, 0x01, 0x60, 0x30, 0x49,
	0x41, 0x60, 0x81, 0x60, 0x01, 0x21, 0x49, 0x04,
	0x02, 0x68, 0x0A, 0x40, 0x03, 0x68, 0x8B, 0x43,
	0x9A, 0x18, 0x4A, 0x40, 0x02, 0x60, 0x70, 0x47,
	0xF8, 0xB5, 0x0A, 0x46, 0x7D, 0x21, 0xCC, 0x00,
	0x2E, 0x4D, 0x6B, 0x69, 0xA9, 0x69, 0x61, 0x43,
	0x63, 0x43, 0x83, 0x42, 0x00, 0xD3, 0x03, 0x46,
	0x81, 0x42, 0x00, 0xD8, 0x19, 0x46, 0x29, 0x61,
	0xA8, 0x89, 0x32, 0x24, 0x60, 0x43, 0x2B, 0x89,
	0x63, 0x43, 0x93, 0x42, 0x00, 0xD3, 0x13, 0x46,
	0x90, 0x42, 0x00, 0xD8, 0x18, 0x46, 0xA8, 0x80,
	0x17, 0x48, 0xFD, 0xF7, 0x9F, 0xFF, 0x04, 0x46,
	0xC9, 0x4F, 0x38, 0x40, 0x26, 0x4E, 0x31, 0x68,
	0x14, 0x4A, 0x0A, 0x40, 0x10, 0x18, 0x30, 0x60,
	0x04, 0x20, 0x28, 0x5E, 0x60, 0x43, 0x12, 0x49,
	0xFD, 0xF7, 0x70, 0xFF, 0x2A, 0x78, 0x11, 0x49,
	0x01, 0x2A, 0x09, 0xD1, 0x62, 0x08, 0x13, 0x04,
	0x0B, 0x40, 0x73, 0x60, 0x07, 0x40, 0x80, 0x18,
	0x00, 0x04, 0x08, 0x40, 0xC0, 0x19, 0x03, 0xE0,
	0x00, 0x04, 0x08, 0x40, 0x70, 0x60, 0x0A, 0x48,
	0xB0, 0x60, 0x01, 0x20, 0x40, 0x04, 0x31, 0x68,
	0x01, 0x40, 0x32, 0x68, 0x82, 0x43, 0x51, 0x18,
	0x41, 0x40, 0x31, 0x60, 0xF8, 0xBD, 0xC0, 0x46,
	0x80, 0xDE, 0x80, 0x02, 0x00, 0xE0, 0xFF, 0xFF,
	0x88, 0x13, 0x00, 0x00, 0x00, 0x00, 0xFF, 0x1F,
	0xFE, 0x1F, 0xFF, 0x1F, 0x80, 0xB5, 0x05, 0x4A,
	0x13, 0x69, 0x18, 0x18, 0x10, 0x61, 0x93, 0x88,
	0x59, 0x18, 0x91, 0x80, 0x89, 0xB2, 0xFF, 0xF7,
	0x9F, 0xFF, 0x80, 0xBD, 0xF8, 0x04, 0x00, 0x20,
	0x01, 0x20, 0x40, 0x04, 0x04, 0x49, 0x0A, 0x68,
	0x02, 0x40, 0x0B, 0x68, 0x83, 0x43, 0x9A, 0x18,
	0x42, 0x40, 0x0A, 0x60, 0x70, 0x47, 0xC0, 0x46,
	0x00, 0x50, 0x00, 0x40, 0x66, 0x48, 0x01, 0x68,
	0x10, 0x22, 0x91, 0x43, 0x01, 0x60, 0x70, 0x47,
	0x10, 0xB5, 0x01, 0x21, 0x0A, 0x04, 0x62, 0x48,
	0x83, 0x68, 0x13, 0x43, 0x83, 0x60, 0x8A, 0x03,
	0x03, 0x68, 0x13, 0x43, 0x03, 0x60, 0x28, 0x4A,
	0x13, 0x68, 0x09, 0x4C, 0x1C, 0x43, 0x14, 0x60,
	0x53, 0x68, 0x3B, 0x24, 0x1C, 0x43, 0x54, 0x60,
	0x03, 0x22, 0xC2, 0x61, 0x02, 0x68, 0x10, 0x23,
	0x9A, 0x43, 0x02, 0x60, 0x09, 0x05, 0x82, 0x68,
	0x0A, 0x43, 0x82, 0x60, 0x10, 0xBD, 0xC0, 0x46,
	0xC3, 0x88, 0x00, 0x00, 0x28, 0x48, 0x01, 0x68,
	0x80, 0x22, 0x91, 0x43, 0x01, 0x60, 0x70, 0x47,
	0x01, 0x20, 0x00, 0x05, 0x3A, 0x49, 0x0A, 0x68,
	0x02, 0x43, 0x0A, 0x60, 0x70, 0x47, 0xC0, 0x46,
	0x21, 0x48, 0x01, 0x68, 0x80, 0x22, 0x0A, 0x43,
	0x02, 0x60, 0x70, 0x47, 0x46, 0x48, 0x00, 0x68,
	0x02, 0x21, 0x01, 0x40, 0x48, 0x08, 0x70, 0x47,
	0x10, 0xB5, 0x01, 0x20, 0x40, 0x05, 0xFF, 0xF7,
	0xA1, 0xF9, 0x0D, 0x48, 0x0D, 0x49, 0x01, 0x60,
	0x17, 0x4C, 0x20, 0x68, 0x0C, 0x49, 0x01, 0x43,
	0x21, 0x60, 0x0C, 0x48, 0x60, 0x60, 0xFF, 0x20,
	0x00, 0x01, 0xA0, 0x60, 0x50, 0x20, 0xFF, 0xF7,
	0xB8, 0xF9, 0x09, 0x48, 0xE0, 0x60, 0x0A, 0x20,
	0xFF, 0xF7, 0xB3, 0xF9, 0x20, 0x68, 0x20, 0x21,
	0x01, 0x43, 0x21, 0x60, 0x10, 0xBD, 0xC0, 0x46,
	0x08, 0xF0, 0x00, 0x40, 0xF3, 0x88, 0x20, 0x08,
	0x80, 0x40, 0xC0, 0x01, 0x60, 0x40, 0x04, 0x00,
	0x20, 0x00, 0x01, 0x00, 0x10, 0xB5, 0x06, 0x4A,
	0x13, 0x68, 0x60, 0x24, 0xA3, 0x43, 0xC0, 0x07,
	0x40, 0x0E, 0xC9, 0x07, 0x89, 0x0E, 0x08, 0x18,
	0xC0, 0x18, 0x10, 0x60, 0x10, 0xBD, 0xC0, 0x46,
	0x8C, 0xF0, 0x00, 0x40, 0x4B, 0x48, 0x01, 0x68,
	0x02, 0x22, 0x11, 0x43, 0x01, 0x60, 0x01, 0x69,
	0x11, 0x43, 0x01, 0x61, 0x70, 0x47, 0xC0, 0x46,
	0x10, 0xB5, 0x0E, 0x49, 0x0A, 0x88, 0x0E, 0x4C,
	0x00, 0x2A, 0x11, 0xD0, 0x02, 0x22, 0x8A, 0x5E,
	0x80, 0x1A, 0x09, 0x88, 0xFD, 0xF7, 0xBA, 0xFE,
	0x0F, 0x21, 0x0F, 0x28, 0x00, 0xDB, 0x08, 0x46,
	0xC2, 0x17, 0x90, 0x43, 0x42, 0x01, 0x49, 0x01,
	0x20, 0x68, 0x88, 0x43, 0x10, 0x43, 0x02, 0xE0,
	0x20, 0x68, 0x02, 0x21, 0x88, 0x43, 0x20, 0x60,
	0x10, 0xBD, 0xC0, 0x46, 0x3C, 0x80, 0x00, 0x00,
	0x98, 0xF0, 0x00, 0x40, 0x02, 0x46, 0x10, 0x48,
	0x00, 0x68, 0x02, 0x23, 0x03, 0x40, 0x01, 0x20,
	0x01, 0x2A, 0x0A, 0xD1, 0x00, 0x2B, 0x15, 0xD1,
	0x7D, 0x22, 0x92, 0x01, 0x91, 0x42, 0x09, 0xD8,
	0x0B, 0x49, 0x0A, 0x68, 0x10, 0x21, 0x11, 0x43,
	0x0A, 0xE0, 0x00, 0x2B, 0x0A, 0xD0, 0x07, 0x4A,
	0x91, 0x42, 0x01, 0xD2, 0x00, 0x20, 0x70, 0x47,
	0x05, 0x49, 0x09, 0x68, 0x10, 0x22, 0x91, 0x43,
	0x03, 0x4A, 0x11, 0x60, 0x70, 0x47, 0xC0, 0x46,
	0x10, 0xF1, 0x00, 0x40, 0x70, 0x17, 0x00, 0x00,
	0x90, 0xF0, 0x00, 0x40, 0x10, 0xB5, 0x01, 0x24,
	0x60, 0x05, 0xFF, 0xF7, 0x13, 0xF9, 0x1B, 0x48,
	0x1B, 0x49, 0x01, 0x60, 0x1B, 0x49, 0x41, 0x60,
	0x01, 0x1F, 0x0A, 0x68, 0x10, 0x23, 0x9A, 0x43,
	0x0A, 0x60, 0x21, 0x05, 0x42, 0x68, 0x0A, 0x43,
	0x42, 0x60, 0x01, 0x68, 0xA0, 0x22, 0x0A, 0x43,
	0x50, 0x21, 0x8A, 0x43, 0x02, 0x60, 0x0F, 0x21,
	0x09, 0x02, 0x02, 0x68, 0x8A, 0x43, 0x05, 0x21,
	0x49, 0x02, 0x51, 0x18, 0x01, 0x60, 0x10, 0x48,
	0xFF, 0xF7, 0x92, 0xFF, 0x0F, 0x48, 0x41, 0x68,
	0x0F, 0x4A, 0x11, 0x40, 0x49, 0x1C, 0x41, 0x60,
	0x41, 0x69, 0x11, 0x40, 0x49, 0x1C, 0x41, 0x61,
	0x01, 0x68, 0x21, 0x43, 0x01, 0x60, 0x01, 0x69,
	0x21, 0x43, 0x01, 0x61, 0x01, 0x68, 0x02, 0x22,
	0x11, 0x43, 0x01, 0x60, 0x01, 0x69, 0x11, 0x43,
	0x01, 0x61, 0x10, 0xBD, 0x94, 0xF0, 0x00, 0x40,
	0x91, 0xF9, 0x02, 0x00, 0x2A, 0x0D, 0x01, 0x00,
	0x08, 0x52, 0x00, 0x00, 0x00, 0xF8, 0x00, 0x40,
	0x00, 0xFE, 0xFF, 0xFF, 0x00, 0x21, 0x00, 0x28,
	0x03, 0xD0, 0x42, 0x1E, 0x10, 0x40, 0x49, 0x1C,
	0xF9, 0xE7, 0xC8, 0xB2, 0x70, 0x47, 0x00, 0x00,
	0xF0, 0xB5, 0x00, 0x26, 0x0E, 0x4A, 0x0F, 0x4B,
	0x34, 0x46, 0x8C, 0x42, 0x16, 0xDA, 0x25, 0x18,
	0xAF, 0x08, 0x97, 0x42, 0x01, 0xD1, 0x35, 0x46,
	0x02, 0xE0, 0x2D, 0x78, 0x2D, 0x02, 0x75, 0x40,
	0x08, 0x26, 0x00, 0x2E, 0x07, 0xD0, 0x6F, 0x00,
	0x2D, 0xB2, 0x00, 0x2D, 0x00, 0xD5, 0x5F, 0x40,
	0x3D, 0x46, 0x76, 0x1E, 0xF5, 0xE7, 0x64, 0x1C,
	0x2E, 0x46, 0xE6, 0xE7, 0xB0, 0xB2, 0xF0, 0xBD,
	0xFF, 0x1F, 0x00, 0x00, 0x21, 0x10, 0x00, 0x00,
	0x20, 0x28, 0x01, 0xD2, 0x01, 0x20, 0x0C, 0xE0,
	0x41, 0xB2, 0x00, 0x29, 0x01, 0xD4, 0x00, 0x09,
	0x07, 0xE0, 0x41, 0x09, 0x06, 0x29, 0x02, 0xD8,
	0xC0, 0x08, 0x08, 0x38, 0x01, 0xE0, 0x80, 0x08,
	0x24, 0x38, 0xC0, 0xB2, 0x70, 0x47, 0xF8, 0xB5,
	0x04, 0x46, 0x45, 0x78, 0x68, 0x18, 0xA1, 0x78,
	0x40, 0x18, 0x21, 0x78, 0x08, 0x1A, 0x41, 0xB2,
	0x01, 0x29, 0x00, 0xDA, 0x30, 0x30, 0x41, 0xB2,
	0x4A, 0x19, 0x00, 0x20, 0x06, 0x46, 0x91, 0x42,
	0x0D, 0xD2, 0x0B, 0x46, 0x2F, 0x29, 0x00, 0xD9,
	0x30, 0x3B, 0x5B, 0x00, 0xE3, 0x18, 0xCA, 0x27,
	0xDF, 0x5B, 0xF6, 0x19, 0x6A, 0x27, 0xDB, 0x5B,
	0xC0, 0x18, 0x49, 0x1C, 0xEF, 0xE7, 0x29, 0x46,
	0xFD, 0xF7, 0xB0, 0xFD, 0xE0, 0x80, 0x30, 0x46,
	0x29, 0x46, 0xFD, 0xF7, 0xAB, 0xFD, 0xA0, 0x80,
	0xF8, 0xBD, 0x00, 0x00, 0x00, 0x20, 0x04, 0x49,
	0x80, 0x28, 0x04, 0xD0, 0x00, 0x22, 0xD2, 0x43,
	0x0A, 0x50, 0x00, 0x1D, 0xF8, 0xE7, 0x70, 0x47,
	0xB0, 0x06, 0x00, 0x20, 0x08, 0x48, 0x09, 0x49,
	0x41, 0x60, 0xFF, 0x21, 0x09, 0x06, 0x08, 0x4A,
	0x13, 0x68, 0x8B, 0x43, 0x03, 0x21, 0x89, 0x07,
	0x59, 0x18, 0x11, 0x60, 0x00, 0x21, 0x81, 0x60,
	0x07, 0x21, 0x01, 0x60, 0x70, 0x47, 0xC0, 0x46,
	0x10, 0xE0, 0x00, 0xE0, 0x0F, 0xA4, 0x00, 0x00,
	0x20, 0xED, 0x00, 0xE0, 0x10, 0xB5, 0x05, 0x48,
	0x04, 0x68, 0x01, 0x20, 0xC0, 0x03, 0xEC, 0x21,
	0xFF, 0xF7, 0x72, 0xFF, 0x84, 0x42, 0x00, 0xD1,
	0x10, 0xBD, 0xFE, 0xE7, 0xEC, 0x80, 0x00, 0x00,
	0x0C, 0x49, 0x0D, 0x4A, 0x0A, 0x60, 0x0D, 0x4A,
	0x10, 0x60, 0x00, 0x20, 0x08, 0x60, 0x70, 0x47,
	0x08, 0x4A, 0x09, 0x4B, 0x13, 0x60, 0x09, 0x4B,
	0x18, 0x60, 0x01, 0x29, 0x01, 0xD1, 0x08, 0x46,
	0x00, 0xE0, 0x03, 0x20, 0x00, 0x29, 0x00, 0xD1,
	0x08, 0x46, 0x98, 0x60, 0x00, 0x20, 0x10, 0x60,
	0x70, 0x47, 0xC0, 0x46, 0x00, 0x84, 0x00, 0x40,
	0x51, 0xE5, 0xCC, 0x1A, 0x00, 0x80, 0x00, 0x40,
	0x1C, 0xB5, 0x04, 0x46, 0x01, 0xA8, 0x69, 0x46,
	0xFF, 0xF7, 0x40, 0xFD, 0x50, 0x2C, 0x20, 0x46,
	0x00, 0xDB, 0x50, 0x20, 0x4F, 0x21, 0xC9, 0x43,
	0x88, 0x42, 0x00, 0xDC, 0x08, 0x46, 0xAC, 0x49,
	0x01, 0x2C, 0x0F, 0xDB, 0x6A, 0x46, 0x12, 0x78,
	0x4B, 0x78, 0x9A, 0x42, 0x21, 0xD3, 0x89, 0x78,
	0x01, 0xAA, 0x12, 0x88, 0x8A, 0x42, 0x28, 0xD9,
	0xC1, 0xB2, 0x64, 0x20, 0x48, 0x43, 0x3B, 0x2C,
	0x0C, 0xD8, 0x0D, 0xE0, 0xCA, 0x78, 0x01, 0xAB,
	0x1B, 0x88, 0x93, 0x42, 0x0C, 0xD2, 0x41, 0xB2,
	0x64, 0x20, 0x48, 0x43, 0x3B, 0x21, 0xC9, 0x43,
	0x8C, 0x42, 0x01, 0xDC, 0x41, 0x10, 0x08, 0x18,
	0x40, 0x42, 0x00, 0xB2, 0x00, 0x21, 0x0E, 0xE0,
	0x6A, 0x46, 0x12, 0x78, 0x09, 0x78, 0x8A, 0x42,
	0x0B, 0xD9, 0x42, 0xB2, 0x80, 0x1C, 0xC0, 0xB2,
	0x05, 0x28, 0x02, 0xD3, 0x05, 0x21, 0x51, 0x43,
	0x00, 0xE0, 0x51, 0x10, 0x00, 0x20, 0xFF, 0xF7,
	0xC9, 0xFD, 0x1C, 0xBD, 0xF8, 0xB5, 0x06, 0x46,
	0x2A, 0x4F, 0xF8, 0x78, 0x01, 0x24, 0x00, 0x28,
	0x03, 0xD1, 0xFC, 0x70, 0x27, 0x20, 0xFE, 0xF7,
	0x1B, 0xF9, 0x05, 0x20, 0x01, 0xF0, 0xE6, 0xFD,
	0x00, 0x28, 0x01, 0xD0, 0x00, 0x26, 0x30, 0xE0,
	0x00, 0x94, 0x4E, 0x20, 0xDC, 0x49, 0x0C, 0x5A,
	0xF8, 0x68, 0x14, 0x21, 0x00, 0x25, 0x2A, 0x46,
	0x02, 0xF0, 0xD9, 0xFD, 0xF9, 0x88, 0x08, 0x18,
	0x81, 0xB2, 0x64, 0x29, 0x00, 0xD3, 0x64, 0x21,
	0x0A, 0x29, 0x00, 0xD8, 0x0A, 0x21, 0x30, 0x1B,
	0x00, 0xB2, 0xFD, 0xF7, 0x07, 0xFD, 0x06, 0xB2,
	0xF1, 0x17, 0x32, 0x46, 0x4A, 0x40, 0x51, 0x1A,
	0x01, 0x29, 0x10, 0xD8, 0x39, 0x79, 0x09, 0x18,
	0x39, 0x71, 0x48, 0xB2, 0xC2, 0x11, 0x51, 0x40,
	0x89, 0x1A, 0xC9, 0xB2, 0x03, 0x29, 0x00, 0x9C,
	0x07, 0xD3, 0x03, 0x21, 0xFD, 0xF7, 0xF2, 0xFC,
	0x40, 0xB2, 0x86, 0x19, 0x00, 0xE0, 0x00, 0x9C,
	0x3D, 0x71, 0x50, 0x2E, 0x00, 0xDB, 0x50, 0x26,
	0x4F, 0x20, 0xC0, 0x43, 0x86, 0x42, 0x00, 0xDC,
	0x06, 0x46, 0xFF, 0xF7, 0x8F, 0xFA, 0x00, 0x28,
	0x03, 0xD0, 0x70, 0xB2, 0x21, 0x46, 0xFE, 0xF7,
	0x49, 0xF8, 0x60, 0x48, 0x06, 0x80, 0x70, 0xB2,
	0xF8, 0xBD, 0xC0, 0x46, 0x38, 0x04, 0x00, 0x20,
	0xF8, 0xB5, 0x04, 0x46, 0xB8, 0x4D, 0x28, 0x46,
	0x26, 0x30, 0x00, 0x27, 0xF9, 0x43, 0xFF, 0xF7,
	0xDA, 0xFE, 0x68, 0x8D, 0x14, 0x21, 0xFD, 0xF7,
	0xA9, 0xFC, 0x22, 0x4B, 0x59, 0x1C, 0x0E, 0x2F,
	0x05, 0xD0, 0x0A, 0x78, 0x90, 0x42, 0x03, 0xD9,
	0x49, 0x1C, 0xBF, 0x1C, 0xF7, 0xE7, 0x0E, 0x27,
	0xDF, 0x19, 0xFE, 0xF7, 0xEF, 0xFF, 0x69, 0x8D,
	0x46, 0x18, 0x0A, 0x36, 0x30, 0x46, 0x70, 0x43,
	0x64, 0x21, 0xFD, 0xF7, 0x93, 0xFC, 0xA9, 0x8D,
	0x3A, 0x7A, 0x42, 0x43, 0x71, 0x43, 0x50, 0x18,
	0x7D, 0x21, 0xCD, 0x00, 0x29, 0x46, 0xFD, 0xF7,
	0x89, 0xFC, 0x09, 0x21, 0x79, 0x56, 0x28, 0x22,
	0x4A, 0x43, 0x80, 0x18, 0xC1, 0x17, 0x88, 0x43,
	0x01, 0x2C, 0x0F, 0xD0, 0x02, 0x2C, 0x0E, 0xD1,
	0xC0, 0x03, 0x29, 0x46, 0xFD, 0xF7, 0x7A, 0xFC,
	0x0A, 0x49, 0x09, 0x78, 0x49, 0x08, 0xFD, 0xF7,
	0x75, 0xFC, 0x39, 0x49, 0x88, 0x42, 0x09, 0xD3,
	0x08, 0x46, 0x07, 0xE0, 0x40, 0x08, 0x14, 0x30,
	0x27, 0x21, 0xFD, 0xF7, 0x6B, 0xFC, 0xFF, 0x28,
	0x00, 0xD3, 0xFF, 0x20, 0x02, 0x49, 0x08, 0x80,
	0x80, 0xB2, 0xF8, 0xBD, 0x9F, 0x03, 0x00, 0x20,
	0x18, 0x01, 0x00, 0x20, 0xF8, 0xB5, 0x15, 0x46,
	0x0C, 0x46, 0x06, 0x46, 0x2B, 0x4F, 0x38, 0x79,
	0x00, 0x28, 0x0C, 0xD0, 0x02, 0x28, 0x1B, 0xD1,
	0x07, 0x21, 0x28, 0x46, 0xFF, 0xF7, 0x7F, 0xFE,
	0x70, 0x08, 0x44, 0x43, 0x7D, 0x20, 0xC0, 0x00,
	0x60, 0x43, 0xC4, 0x0B, 0x10, 0xE0, 0x04, 0x21,
	0x28, 0x46, 0xFF, 0xF7, 0x74, 0xFE, 0x7D, 0x20,
	0xC0, 0x00, 0x70, 0x43, 0xC0, 0x09, 0x44, 0x43,
	0x02, 0xF0, 0xBC, 0xFB, 0x00, 0x28, 0x01, 0xD1,
	0x64, 0x08, 0x01, 0xE0, 0x01, 0x20, 0x84, 0x43,
	0x1B, 0x48, 0x84, 0x42, 0x00, 0xD3, 0x04, 0x46,
	0xE9, 0x88, 0xA8, 0x88, 0x48, 0x43, 0x7D, 0x21,
	0xC9, 0x00, 0xFD, 0xF7, 0x2F, 0xFC, 0x01, 0x1B,
	0x16, 0x4A, 0x12, 0x88, 0xE5, 0x4B, 0x1B, 0x68,
	0x9B, 0x07, 0x02, 0xD4, 0x14, 0x4B, 0x1B, 0x78,
	0x0C, 0xE0, 0x0B, 0xB2, 0x93, 0x42, 0x06, 0xDD,
	0xFB, 0x78, 0x10, 0x2B, 0x03, 0xD0, 0x10, 0x4D,
	0x2B, 0x78, 0x5B, 0x1C, 0x01, 0xE0, 0x0E, 0x4D,
	0x00, 0x23, 0x2B, 0x70, 0x0D, 0x4D, 0xEA, 0x80,
	0x2C, 0x80, 0xA9, 0x80, 0x68, 0x80, 0x2B, 0x72,
	0x09, 0x49, 0x08, 0x78, 0x0A, 0x4A, 0x12, 0x78,
	0x90, 0x42, 0x01, 0xD9, 0x00, 0x23, 0x0B, 0x70,
	0x90, 0x42, 0x01, 0xD8, 0x00, 0x20, 0xF8, 0xBD,
	0x01, 0x20, 0xF8, 0xBD, 0xB6, 0x08, 0x00, 0x20,
	0xFF, 0xFF, 0x00, 0x00, 0x88, 0x03, 0x00, 0x20,
	0x31, 0x07, 0x00, 0x20, 0x16, 0x01, 0x00, 0x20,
	0x87, 0x03, 0x00, 0x20, 0x80, 0xB5, 0x04, 0x4B,
	0x58, 0x78, 0x19, 0x78, 0xDA, 0x78, 0x9B, 0x78,
	0xFF, 0xF7, 0xFC, 0xFB, 0x80, 0xBD, 0xC0, 0x46,
	0x7C, 0x03, 0x00, 0x20, 0x1C, 0xB5, 0xFF, 0xF7,
	0x55, 0xF8, 0x02, 0x28, 0x15, 0xD0, 0x01, 0xAC,
	0x69, 0x46, 0x20, 0x46, 0xFF, 0xF7, 0xD2, 0xFB,
	0x08, 0x48, 0x81, 0x78, 0x22, 0x88, 0x8A, 0x42,
	0x04, 0xD2, 0x69, 0x46, 0x09, 0x78, 0x00, 0x78,
	0x81, 0x42, 0x02, 0xD2, 0x00, 0x20, 0x64, 0x21,
	0x01, 0xE0, 0x32, 0x48, 0x00, 0x21, 0xFF, 0xF7,
	0x89, 0xFC, 0x1C, 0xBD, 0x7D, 0x03, 0x00, 0x20,
	0x80, 0xB5, 0x01, 0xF0, 0x1F, 0xFC, 0x01, 0xF0,
	0x7D, 0xFC, 0x00, 0x28, 0x02, 0xD0, 0x01, 0xF0,
	0x61, 0xFD, 0x01, 0xE0, 0x00, 0xF0, 0xD2, 0xF9,
	0x00, 0x20, 0x80, 0xBD, 0x70, 0xB5, 0x04, 0x46,
	0x00, 0x09, 0x7C, 0x28, 0x11, 0xD8, 0x17, 0x20,
	0xC1, 0x43, 0x20, 0x46, 0x60, 0x43, 0x48, 0x43,
	0x22, 0x49, 0xFD, 0xF7, 0xD3, 0xFB, 0x05, 0x46,
	0x21, 0x48, 0x60, 0x43, 0x7D, 0x21, 0xC9, 0x00,
	0xFD, 0xF7, 0xAC, 0xFB, 0x40, 0x19, 0x1F, 0x49,
	0x29, 0xE0, 0x60, 0x09, 0x7C, 0x28, 0x13, 0xD8,
	0x16, 0x48, 0x60, 0x43, 0x0A, 0x21, 0xFD, 0xF7,
	0xA1, 0xFB, 0x60, 0x43, 0x40, 0x42, 0x14, 0x49,
	0xFD, 0xF7, 0xBC, 0xFB, 0x05, 0x46, 0x13, 0x48,
	0x60, 0x43, 0x7D, 0x21, 0xC9, 0x00, 0xFD, 0xF7,
	0x95, 0xFB, 0x40, 0x19, 0x10, 0x49, 0x12, 0xE0,
	0x6D, 0x20, 0x60, 0x43, 0x7D, 0x21, 0xCD, 0x00,
	0x29, 0x46, 0xFD, 0xF7, 0x8B, 0xFB, 0x60, 0x43,
	0x29, 0x46, 0xFD, 0xF7, 0x87, 0xFB, 0x06, 0x46,
	0x04, 0x48, 0x60, 0x43, 0x29, 0x46, 0xFD, 0xF7,
	0x81, 0xFB, 0x80, 0x1B, 0x02, 0x49, 0x40, 0x18,
	0x70, 0xBD, 0xC0, 0x46, 0xE6, 0x0B, 0x00, 0x00,
	0xE7, 0x0D, 0x00, 0x00, 0x4A, 0x02, 0x00, 0x00,
	0xA0, 0x86, 0x01, 0x00, 0x1A, 0x1B, 0x00, 0x00,
	0x3E, 0xEE, 0xFF, 0xFF, 0x10, 0x27, 0x00, 0x00,
	0x5F, 0x36, 0x00, 0x00, 0x64, 0xD3, 0xFF, 0xFF,
	0x01, 0x48, 0x00, 0x78, 0x70, 0x47, 0xC0, 0x46,
	0x71, 0x00, 0x00, 0x20, 0x80, 0xB5, 0x0F, 0x48,
	0x01, 0x78, 0x6C, 0x29, 0x13, 0xD0, 0x23, 0x29,
	0x17, 0xD1, 0x41, 0x78, 0x80, 0x78, 0x00, 0x02,
	0x40, 0x18, 0x0D, 0x49, 0x08, 0x80, 0x0D, 0x48,
	0x00, 0x88, 0xEA, 0x49, 0x88, 0x82, 0x7D, 0x20,
	0x00, 0x01, 0xE7, 0x49, 0x88, 0x61, 0x05, 0x20,
	0x01, 0xF0, 0x4A, 0xFC, 0x80, 0xBD, 0xE5, 0x48,
	0x00, 0x21, 0x41, 0x70, 0xE2, 0x48, 0x03, 0x49,
	0xC1, 0x62, 0x80, 0xBD, 0x51, 0x00, 0x00, 0x20,
	0x60, 0x07, 0x00, 0x20, 0xDC, 0x05, 0x00, 0x00,
	0xC2, 0x0A, 0x00, 0x20, 0x04, 0x01, 0x00, 0x20,
	0xA1, 0x48, 0x00, 0x78, 0x05, 0x28, 0x01, 0xD3,
	0x00, 0x20, 0x70, 0x47, 0x01, 0x20, 0x70, 0x47,
	0x9D, 0x49, 0x0A, 0x78, 0x82, 0x42, 0x00, 0xD0,
	0x08, 0x70, 0x70, 0x47, 0xF8, 0xB5, 0xD4, 0x4E,
	0x70, 0x6D, 0x00, 0x28, 0x00, 0xD0, 0xF8, 0xBD,
	0xFD, 0xF7, 0x4C, 0xFE, 0xFF, 0xF7, 0xEE, 0xF8,
	0x00, 0x28, 0x0A, 0xD0, 0x5F, 0x48, 0x00, 0x68,
	0x40, 0x06, 0x01, 0xD5, 0x03, 0x20, 0x01, 0xE0,
	0xCC, 0x48, 0x80, 0x7B, 0xC0, 0xB2, 0xFF, 0xF7,
	0x7F, 0xF9, 0x04, 0x20, 0xFD, 0xF7, 0x22, 0xFE,
	0x00, 0x28, 0x06, 0xD0, 0x58, 0x48, 0x00, 0x78,
	0xC6, 0x49, 0x48, 0x71, 0x0E, 0x20, 0x01, 0xF0,
	0x51, 0xFB, 0xFE, 0xF7, 0x9D, 0xF9, 0x08, 0x20,
	0xFD, 0xF7, 0x14, 0xFE, 0x00, 0x28, 0x07, 0xD0,
	0xBF, 0xF3, 0x4F, 0x8F, 0x56, 0x48, 0x57, 0x49,
	0x01, 0x60, 0xBF, 0xF3, 0x4F, 0x8F, 0xFE, 0xE7,
	0x08, 0x20, 0x01, 0xF0, 0xDB, 0xFB, 0x4D, 0x4F,
	0x00, 0x28, 0x33, 0xD0, 0x01, 0x24, 0x20, 0x46,
	0xFD, 0xF7, 0x00, 0xFE, 0x00, 0x28, 0x05, 0xD0,
	0x08, 0x20, 0x01, 0xF0, 0xD5, 0xFB, 0x06, 0x20,
	0xFF, 0xF7, 0xB6, 0xFF, 0x02, 0x25, 0x28, 0x46,
	0xFD, 0xF7, 0xF4, 0xFD, 0x00, 0x28, 0x21, 0xD0,
	0x43, 0x48, 0x01, 0x88, 0x43, 0x4A, 0x53, 0x5F,
	0x15, 0x46, 0x02, 0x88, 0x99, 0x42, 0x03, 0xDC,
	0x9A, 0x42, 0x03, 0xD2, 0x02, 0x88, 0x00, 0x24,
	0x2C, 0x70, 0x6A, 0x80, 0x39, 0x78, 0xFD, 0x22,
	0x0A, 0x40, 0x3A, 0x70, 0x3C, 0x49, 0x38, 0x22,
	0x0A, 0x70, 0x23, 0x22, 0x4A, 0x70, 0x02, 0x88,
	0x8A, 0x70, 0x00, 0x88, 0x00, 0x0A, 0xC8, 0x70,
	0x08, 0x20, 0x01, 0xF0, 0xAD, 0xFB, 0x06, 0x20,
	0xFF, 0xF7, 0x8E, 0xFF, 0x10, 0x20, 0xFD, 0xF7,
	0xCD, 0xFD, 0x00, 0x28, 0x0D, 0xD0, 0x4E, 0x20,
	0x9C, 0x49, 0x09, 0x5A, 0x01, 0x24, 0x20, 0x46,
	0xFF, 0xF7, 0x30, 0xFC, 0x00, 0x28, 0x01, 0xD1,
	0xA0, 0x05, 0x00, 0xE0, 0xE0, 0x05, 0xFE, 0xF7,
	0x5B, 0xF9, 0x20, 0x20, 0xFD, 0xF7, 0xBA, 0xFD,
	0x00, 0x28, 0x0D, 0xD0, 0x4E, 0x20, 0x93, 0x49,
	0x09, 0x5A, 0x00, 0x20, 0xFF, 0xF7, 0x1E, 0xFC,
	0x01, 0x21, 0x00, 0x28, 0x01, 0xD1, 0x88, 0x05,
	0x00, 0xE0, 0xC8, 0x05, 0xFE, 0xF7, 0x48, 0xF9,
	0x1D, 0x48, 0xC0, 0x7E, 0xFE, 0xF7, 0x58, 0xFB,
	0x07, 0x20, 0x01, 0xF0, 0x77, 0xFB, 0x00, 0x28,
	0x09, 0xD0, 0x18, 0x48, 0x00, 0x68, 0x80, 0x06,
	0x03, 0xD4, 0x00, 0x20, 0x00, 0xF0, 0xE8, 0xFF,
	0x01, 0xE0, 0x01, 0xF0, 0x11, 0xF8, 0x19, 0x4D,
	0x28, 0x78, 0x40, 0x00, 0x28, 0x70, 0x01, 0x24,
	0x60, 0x03, 0xFE, 0xF7, 0xA5, 0xFF, 0x29, 0x78,
	0x01, 0x28, 0x01, 0xD1, 0x21, 0x43, 0x29, 0x70,
	0x0F, 0x20, 0x08, 0x40, 0x0F, 0x28, 0x02, 0xD1,
	0x0B, 0x20, 0x01, 0xF0, 0x71, 0xFB, 0xFF, 0xF7,
	0x81, 0xFB, 0x39, 0x78, 0xFE, 0x22, 0x0A, 0x40,
	0x10, 0x18, 0x38, 0x70, 0xFE, 0xF7, 0xF0, 0xFA,
	0x39, 0x78, 0xFB, 0x22, 0x0A, 0x40, 0xC0, 0x07,
	0x40, 0x0F, 0x10, 0x18, 0x38, 0x70, 0x74, 0x65,
	0xF8, 0xBD, 0xC0, 0x46, 0x70, 0x02, 0x00, 0x20,
	0x9E, 0x03, 0x00, 0x20, 0x1C, 0x01, 0x00, 0x20,
	0x72, 0x03, 0x00, 0x20, 0x08, 0x04, 0x00, 0x20,
	0x50, 0x00, 0x00, 0x20, 0x99, 0x0A, 0x00, 0x20,
	0x0C, 0xED, 0x00, 0xE0, 0x04, 0x00, 0xFA, 0x05,
	0x1F, 0xB5, 0x0B, 0x20, 0x01, 0xF0, 0x2E, 0xFB,
	0x00, 0x28, 0x04, 0xD0, 0x01, 0x20, 0x01, 0xF0,
	0x29, 0xFB, 0x00, 0x28, 0x05, 0xD0, 0xFE, 0xF7,
	0xD1, 0xF8, 0x02, 0x28, 0x02, 0xD1, 0xFE, 0xF7,
	0x29, 0xF8, 0x1F, 0xBD, 0x0E, 0x20, 0x01, 0xF0,
	0x6D, 0xFA, 0x00, 0x28, 0x1C, 0xD0, 0x03, 0xA9,
	0x02, 0x20, 0x08, 0x70, 0x59, 0x4C, 0x60, 0x79,
	0x48, 0x70, 0x1E, 0x49, 0x0A, 0x78, 0x00, 0x2A,
	0x05, 0xD1, 0x01, 0x20, 0x08, 0x70, 0x14, 0x20,
	0xFD, 0xF7, 0xAE, 0xFB, 0x60, 0x79, 0x1A, 0x49,
	0x08, 0x80, 0x03, 0xA9, 0x00, 0x20, 0x00, 0x90,
	0x01, 0x90, 0x02, 0x91, 0x1E, 0x22, 0x01, 0x46,
	0x03, 0x46, 0xFD, 0xF7, 0xE9, 0xFF, 0x1F, 0xBD,
	0x11, 0x4C, 0x20, 0x78, 0x40, 0x1E, 0x05, 0x28,
	0xD5, 0xD8, 0xC0, 0x46, 0x78, 0x44, 0x00, 0x79,
	0x40, 0x00, 0x87, 0x44, 0x02, 0x0E, 0x08, 0x0B,
	0x05, 0x11, 0x00, 0xF0, 0x31, 0xFD, 0x0D, 0xE0,
	0x00, 0xF0, 0x6E, 0xFD, 0x0A, 0xE0, 0x00, 0xF0,
	0x4D, 0xFB, 0x07, 0xE0, 0x00, 0xF0, 0x42, 0xFA,
	0x04, 0xE0, 0x00, 0xF0, 0x11, 0xFB, 0x01, 0xE0,
	0x00, 0xF0, 0x82, 0xFE, 0x21, 0x78, 0x81, 0x42,
	0xB9, 0xD0, 0x20, 0x70, 0xB7, 0xE7, 0xC0, 0x46,
	0x2D, 0x04, 0x00, 0x20, 0x30, 0x07, 0x00, 0x20,
	0x1A, 0x01, 0x00, 0x20, 0x82, 0xB0, 0x31, 0x4C,
	0x14, 0x25, 0x20, 0x46, 0x29, 0x46, 0xFD, 0xF7,
	0xDE, 0xF9, 0x2F, 0x48, 0x1E, 0x21, 0xFD, 0xF7,
	0xDA, 0xF9, 0xDE, 0x48, 0x4A, 0x27, 0x39, 0x46,
	0xFD, 0xF7, 0xD5, 0xF9, 0x00, 0x26, 0xF0, 0x43,
	0x20, 0x60, 0x02, 0x20, 0x01, 0x90, 0x20, 0x61,
	0x28, 0x49, 0xD8, 0x48, 0x3A, 0x46, 0xFD, 0xF7,
	0xB1, 0xF9, 0x27, 0x48, 0x21, 0x46, 0x2A, 0x46,
	0xFD, 0xF7, 0xAC, 0xF9, 0x25, 0x48, 0xD3, 0x49,
	0x3A, 0x46, 0xFD, 0xF7, 0xA7, 0xF9, 0x04, 0x24,
	0x20, 0x46, 0x01, 0xF0, 0xC5, 0xFA, 0xCE, 0x48,
	0x06, 0x62, 0x01, 0x25, 0x45, 0x65, 0xC6, 0x65,
	0xFC, 0x4F, 0x3C, 0x21, 0xB9, 0x83, 0xFE, 0x73,
	0x1F, 0x49, 0xB9, 0x81, 0x39, 0x46, 0x26, 0x31,
	0x01, 0x9A, 0x8A, 0x70, 0x10, 0x22, 0x4A, 0x70,
	0x1C, 0x49, 0xB9, 0x60, 0x29, 0x02, 0x39, 0x80,
	0x17, 0x21, 0x41, 0x67, 0xFF, 0xF7, 0x12, 0xF8,
	0xB8, 0x73, 0x3E, 0x71, 0x7E, 0x80, 0xFD, 0xF7,
	0xD7, 0xFD, 0x20, 0x46, 0x29, 0x46, 0xFE, 0xF7,
	0x37, 0xFF, 0x15, 0x48, 0x15, 0x49, 0x01, 0x60,
	0x15, 0x48, 0x16, 0x49, 0x01, 0x60, 0x16, 0x48,
	0x16, 0x49, 0x01, 0x60, 0x16, 0x48, 0x17, 0x49,
	0x01, 0x60, 0x00, 0xF0, 0x59, 0xFE, 0xFF, 0xF7,
	0x97, 0xFA, 0x00, 0xF0, 0x29, 0xF8, 0x00, 0xF0,
	0x61, 0xFF, 0xFF, 0xF7, 0x41, 0xFF, 0xFF, 0xF7,
	0x61, 0xFE, 0xF6, 0xE7, 0x60, 0x02, 0x00, 0x20,
	0x00, 0x01, 0x00, 0x20, 0x00, 0x04, 0x00, 0x00,
	0x20, 0x00, 0x00, 0x20, 0x90, 0x00, 0x00, 0x20,
	0xB0, 0x06, 0x00, 0x20, 0x60, 0x07, 0x00, 0x20,
	0x0A, 0x0A, 0x00, 0x00, 0x14, 0x01, 0x00, 0x20,
	0x44, 0x05, 0x00, 0x20, 0x49, 0x3B, 0x00, 0x00,
	0x40, 0x05, 0x00, 0x20, 0x99, 0x3B, 0x00, 0x00,
	0x48, 0x05, 0x00, 0x20, 0xF9, 0x3B, 0x00, 0x00,
	0x4C, 0x05, 0x00, 0x20, 0xE1, 0x3B, 0x00, 0x00,
	0xF8, 0xB5, 0x02, 0x20, 0x01, 0xF0, 0xA0, 0xF9,
	0x01, 0x25, 0xEC, 0x03, 0x00, 0x28, 0x0A, 0xD0,
	0x20, 0x46, 0xFE, 0xF7, 0x0D, 0xF8, 0xFE, 0xF7,
	0x29, 0xFF, 0x00, 0x28, 0x01, 0xD0, 0xFF, 0xF7,
	0xA3, 0xF8, 0xFF, 0xF7, 0x8F, 0xF8, 0xC9, 0x4F,
	0xF8, 0x69, 0x00, 0x28, 0x08, 0xD1, 0xC5, 0x48,
	0x3C, 0x21, 0x81, 0x83, 0x05, 0x70, 0xA8, 0x03,
	0xFD, 0xF7, 0xFA, 0xFF, 0x32, 0x20, 0xF8, 0x61,
	0x0F, 0x20, 0x01, 0xF0, 0x81, 0xF9, 0x00, 0x28,
	0x3E, 0xD0, 0x00, 0x25, 0x28, 0x46, 0x01, 0xF0,
	0x25, 0xFA, 0x54, 0x21, 0xBB, 0x4E, 0x72, 0x5A,
	0x8A, 0x4B, 0x59, 0x8C, 0x00, 0x28, 0x07, 0xD0,
	0x8A, 0x42, 0x14, 0xD9, 0xF0, 0x8B, 0x31, 0x8C,
	0x81, 0x42, 0x17, 0xD1, 0x64, 0x39, 0x15, 0xE0,
	0x8A, 0x42, 0x29, 0xD9, 0x28, 0x46, 0x01, 0xF0,
	0x2B, 0xFA, 0xFD, 0x61, 0x50, 0x20, 0x31, 0x5A,
	0xF0, 0x8B, 0x64, 0x38, 0x88, 0x42, 0x00, 0xDB,
	0x08, 0x46, 0x30, 0x84, 0x1C, 0xE0, 0x58, 0x8C,
	0x32, 0x38, 0x31, 0x8C, 0x90, 0x42, 0x00, 0xDD,
	0x14, 0x31, 0xF0, 0x8B, 0x8A, 0xB2, 0x7A, 0x49,
	0x8A, 0x42, 0x00, 0xD8, 0x0A, 0x46, 0x32, 0x84,
	0x1A, 0x88, 0x8A, 0x42, 0x04, 0xD3, 0x1A, 0x88,
	0x76, 0x49, 0x8A, 0x42, 0x00, 0xD8, 0x19, 0x88,
	0x81, 0x42, 0x05, 0xD8, 0x28, 0x46, 0x01, 0xF0,
	0xF3, 0xF9, 0xE8, 0x43, 0xF8, 0x61, 0x35, 0x70,
	0x03, 0x25, 0x28, 0x46, 0x01, 0xF0, 0x3C, 0xF9,
	0x00, 0x28, 0x04, 0xD0, 0x20, 0x46, 0xFD, 0xF7,
	0xAB, 0xFF, 0xFF, 0xF7, 0x5B, 0xF8, 0x04, 0x20,
	0x01, 0xF0, 0x32, 0xF9, 0x00, 0x28, 0x05, 0xD0,
	0x00, 0x20, 0x00, 0xF0, 0x51, 0xFE, 0x20, 0x46,
	0xFD, 0xF7, 0x9E, 0xFF, 0x01, 0x26, 0x30, 0x46,
	0x01, 0xF0, 0x26, 0xF9, 0x00, 0x28, 0x02, 0xD0,
	0xB0, 0x04, 0xFD, 0xF7, 0x95, 0xFF, 0x00, 0x24,
	0x20, 0x46, 0x01, 0xF0, 0x1D, 0xF9, 0x00, 0x28,
	0x02, 0xD0, 0xF0, 0x04, 0xFD, 0xF7, 0x8C, 0xFF,
	0xF6, 0x4F, 0x26, 0x37, 0x38, 0x8D, 0x79, 0x8D,
	0x81, 0x42, 0x28, 0xD8, 0x10, 0x20, 0x01, 0xF0,
	0x0F, 0xF9, 0x00, 0x28, 0x23, 0xD0, 0x78, 0x8D,
	0x39, 0x8D, 0x09, 0x1A, 0xF8, 0x8D, 0x48, 0x43,
	0x7D, 0x21, 0xC9, 0x00, 0xFD, 0xF7, 0xEA, 0xF8,
	0x53, 0x49, 0x08, 0x80, 0x4F, 0x49, 0x09, 0x8D,
	0x88, 0x42, 0x12, 0xD9, 0x51, 0x48, 0x01, 0x78,
	0x49, 0x1C, 0x01, 0x70, 0xC9, 0xB2, 0x03, 0x29,
	0x0D, 0xD3, 0x04, 0x70, 0xE4, 0x48, 0x00, 0x6A,
	0x00, 0x28, 0x08, 0xD1, 0x70, 0x04, 0xFD, 0xF7,
	0x63, 0xFF, 0x32, 0x20, 0xE0, 0x49, 0x08, 0x62,
	0x01, 0xE0, 0x48, 0x48, 0x04, 0x70, 0x05, 0x20,
	0x01, 0xF0, 0xE6, 0xF8, 0x00, 0x28, 0xDD, 0x4F,
	0x06, 0xD0, 0x30, 0x03, 0xFD, 0xF7, 0x54, 0xFF,
	0x7D, 0x71, 0x0E, 0x20, 0x01, 0xF0, 0xEA, 0xF8,
	0x06, 0x20, 0x01, 0xF0, 0xD9, 0xF8, 0x00, 0x28,
	0x02, 0xD0, 0x70, 0x03, 0xFD, 0xF7, 0x48, 0xFF,
	0x07, 0x20, 0x01, 0xF0, 0xD1, 0xF8, 0x00, 0x28,
	0xD1, 0x4E, 0x04, 0xD0, 0x7D, 0x20, 0x80, 0x00,
	0x0C, 0x30, 0xFD, 0xF7, 0x3D, 0xFF, 0x01, 0x25,
	0x28, 0x46, 0x01, 0xF0, 0x6F, 0xF9, 0x00, 0x28,
	0x08, 0xD0, 0xF0, 0x6C, 0x00, 0x28, 0x05, 0xD1,
	0xA8, 0x02, 0xFD, 0xF7, 0x31, 0xFF, 0x7D, 0x20,
	0x80, 0x00, 0xF0, 0x64, 0x08, 0x20, 0x01, 0xF0,
	0xB7, 0xF8, 0x00, 0x28, 0x02, 0xD0, 0xE8, 0x02,
	0xFD, 0xF7, 0x26, 0xFF, 0xF8, 0x78, 0x00, 0x28,
	0x03, 0xD1, 0xFE, 0xF7, 0xAB, 0xF8, 0x00, 0x28,
	0x29, 0xD0, 0x28, 0x48, 0x44, 0x70, 0x28, 0x48,
	0x00, 0x68, 0xC0, 0x07, 0x21, 0x4B, 0x0B, 0xD0,
	0x58, 0x89, 0x00, 0x28, 0x05, 0xD0, 0x58, 0x89,
	0x30, 0x64, 0x5C, 0x81, 0x58, 0x89, 0x23, 0x49,
	0x08, 0x81, 0x30, 0x6C, 0x00, 0x28, 0x00, 0xD0,
	0xF8, 0xBD, 0xE0, 0x43, 0x30, 0x64, 0x59, 0x88,
	0x1F, 0x48, 0x21, 0x4A, 0x91, 0x42, 0x28, 0xD3,
	0x1E, 0x49, 0x59, 0x80, 0x59, 0x88, 0x1B, 0x4A,
	0x11, 0x80, 0x98, 0x80, 0x98, 0x88, 0x50, 0x80,
	0x9C, 0x71, 0x98, 0x79, 0x10, 0x71, 0x02, 0x20,
	0xFD, 0xF7, 0x86, 0xFB, 0xF8, 0xBD, 0x13, 0x48,
	0x41, 0x78, 0x49, 0x1C, 0x41, 0x70, 0xC8, 0xB2,
	0x0A, 0x28, 0xD0, 0xD1, 0x00, 0x20, 0x00, 0xF0,
	0x9B, 0xFD, 0x28, 0x05, 0xFD, 0xF7, 0xE8, 0xFE,
	0xA8, 0x07, 0x12, 0x49, 0x12, 0x4A, 0xFE, 0xF7,
	0x23, 0xFB, 0xBF, 0xF3, 0x4F, 0x8F, 0x11, 0x48,
	0x11, 0x49, 0x01, 0x60, 0xBF, 0xF3, 0x4F, 0x8F,
	0xFE, 0xE7, 0xFD, 0xF7, 0x4B, 0xFB, 0xF8, 0xBD,
	0xB0, 0x06, 0x00, 0x20, 0x70, 0x03, 0x00, 0x20,
	0xAC, 0x0D, 0x00, 0x00, 0xE0, 0x2E, 0x00, 0x00,
	0x02, 0x01, 0x00, 0x20, 0x48, 0x04, 0x00, 0x20,
	0x70, 0x02, 0x00, 0x20, 0x92, 0x00, 0x00, 0x20,
	0x88, 0x13, 0x00, 0x00, 0x28, 0x23, 0x00, 0x00,
	0x29, 0x23, 0x00, 0x00, 0x80, 0xDE, 0x80, 0x02,
	0x10, 0x27, 0x00, 0x00, 0x0C, 0xED, 0x00, 0xE0,
	0x04, 0x00, 0xFA, 0x05, 0xB0, 0xB5, 0x01, 0x20,
	0x01, 0xF0, 0xEC, 0xF8, 0x00, 0x28, 0x3B, 0xD0,
	0x03, 0x20, 0x01, 0xF0, 0xE7, 0xF8, 0x00, 0x28,
	0x36, 0xD0, 0x4E, 0x20, 0x87, 0x4D, 0x28, 0x5A,
	0x1B, 0x49, 0x09, 0x88, 0x88, 0x42, 0x0F, 0xD2,
	0x9C, 0x20, 0xFE, 0xF7, 0xD7, 0xFD, 0xFE, 0xF7,
	0x3D, 0xF8, 0x00, 0x20, 0xC1, 0x43, 0x80, 0x4A,
	0xD1, 0x64, 0x11, 0x65, 0x69, 0x8B, 0x08, 0x29,
	0x16, 0xD3, 0xC8, 0x1F, 0x68, 0x83, 0x18, 0xE0,
	0x7B, 0x48, 0x01, 0x6D, 0x00, 0x29, 0x14, 0xD1,
	0x00, 0x21, 0xC9, 0x43, 0x01, 0x65, 0x02, 0x24,
	0x20, 0x46, 0xFE, 0xF7, 0x3F, 0xF8, 0x9C, 0x20,
	0xFE, 0xF7, 0xBC, 0xFD, 0xFE, 0xF7, 0x22, 0xF8,
	0x20, 0x46, 0xFE, 0xF7, 0x3F, 0xF8, 0x04, 0xE0,
	0x28, 0x70, 0x68, 0x83, 0x01, 0x20, 0x01, 0xF0,
	0xBB, 0xF8, 0x54, 0x20, 0x28, 0x5A, 0x06, 0x49,
	0x88, 0x42, 0x01, 0xD3, 0x00, 0x20, 0x68, 0x83,
	0xB0, 0xBD, 0xC0, 0x46, 0x60, 0x07, 0x00, 0x20,
	0x9A, 0x03, 0x00, 0x20, 0xB0, 0x06, 0x00, 0x20,
	0xE9, 0x03, 0x00, 0x00, 0xF0, 0xB5, 0x85, 0xB0,
	0x62, 0x4E, 0x30, 0x78, 0x04, 0x24, 0x02, 0x28,
	0x56, 0xD0, 0x01, 0x28, 0x38, 0xD0, 0x00, 0x28,
	0x00, 0xD0, 0x96, 0xE0, 0x01, 0x25, 0x28, 0x46,
	0x01, 0xF0, 0x94, 0xF8, 0x00, 0x28, 0x02, 0xD0,
	0x03, 0x20, 0x01, 0xF0, 0xA9, 0xF8, 0x5D, 0x48,
	0x40, 0x8A, 0xFF, 0xF7, 0x97, 0xFA, 0x70, 0x70,
	0x58, 0x4A, 0x51, 0x78, 0x49, 0x1C, 0x51, 0x70,
	0x93, 0x78, 0x01, 0x2B, 0xCF, 0xB2, 0x03, 0x94,
	0x01, 0xD1, 0x04, 0x2F, 0x03, 0xD8, 0x02, 0x2B,
	0x56, 0xD1, 0x1B, 0x2F, 0x54, 0xD3, 0x01, 0x25,
	0x35, 0x70, 0x00, 0x21, 0x51, 0x70, 0x17, 0x78,
	0x7F, 0x1C, 0x17, 0x70, 0xFA, 0xB2, 0x02, 0x2A,
	0x00, 0xD8, 0x0D, 0x46, 0x5A, 0x24, 0x42, 0xB2,
	0xD2, 0x11, 0x07, 0x46, 0x57, 0x40, 0xBA, 0x1A,
	0xD2, 0xB2, 0x02, 0x2A, 0x4C, 0xD8, 0x01, 0x2B,
	0x22, 0x46, 0x03, 0x9C, 0x51, 0xD0, 0x49, 0xE0,
	0x02, 0x25, 0x28, 0x46, 0xFF, 0xF7, 0xC4, 0xFA,
	0x04, 0xA9, 0x31, 0x22, 0x0A, 0x70, 0xC8, 0x70,
	0x00, 0x0A, 0x88, 0x70, 0x3F, 0x48, 0x80, 0x78,
	0x48, 0x70, 0x46, 0x20, 0x01, 0x22, 0x00, 0x92,
	0x01, 0x90, 0x02, 0x91, 0x00, 0x20, 0x07, 0x23,
	0x01, 0x46, 0xFD, 0xF7, 0x35, 0xFD, 0x35, 0x70,
	0xB0, 0x78, 0x40, 0x1C, 0xB0, 0x70, 0x44, 0xE0,
	0xFD, 0xF7, 0xF0, 0xFD, 0x03, 0x28, 0x18, 0xD1,
	0x33, 0x48, 0x01, 0x78, 0x33, 0x4D, 0xA8, 0x78,
	0xFF, 0x29, 0x3D, 0xD0, 0xB1, 0x78, 0x0A, 0x29,
	0x0F, 0xD3, 0xF1, 0x78, 0x00, 0x29, 0x0C, 0xD0,
	0x01, 0x28, 0x0A, 0xD1, 0x00, 0x27, 0xF7, 0x70,
	0xB7, 0x70, 0x2F, 0x70, 0x0A, 0x20, 0x01, 0xF0,
	0x47, 0xF8, 0x02, 0x20, 0xA8, 0x70, 0x2A, 0x48,
	0x47, 0x63, 0x00, 0x20, 0x30, 0x70, 0x24, 0xE0,
	0x12, 0x78, 0x02, 0x2A, 0x00, 0xD8, 0x00, 0x25,
	0x1E, 0x24, 0x04, 0x2F, 0xAF, 0xD3, 0x02, 0x2A,
	0xAD, 0xD9, 0x1E, 0x22, 0x01, 0x2B, 0xB4, 0xE7,
	0x22, 0x46, 0x03, 0x9C, 0x02, 0x2B, 0x06, 0xD1,
	0xC9, 0xB2, 0x0D, 0x29, 0x03, 0xD3, 0x00, 0x2D,
	0x01, 0xD0, 0x00, 0x20, 0x70, 0x70, 0x04, 0xA9,
	0x03, 0x23, 0x0B, 0x70, 0x48, 0x70, 0x7D, 0x20,
	0x83, 0x00, 0x00, 0x20, 0x00, 0x90, 0x01, 0x93,
	0x02, 0x91, 0x01, 0x46, 0x03, 0x46, 0xFD, 0xF7,
	0xEB, 0xFC, 0x20, 0x46, 0x05, 0xB0, 0xF0, 0xBD,
	0x02, 0x28, 0x18, 0xD0, 0x01, 0x28, 0xBD, 0xD1,
	0x70, 0x78, 0x41, 0xB2, 0xC9, 0x11, 0x48, 0x40,
	0x40, 0x1A, 0xC0, 0xB2, 0x05, 0x28, 0x10, 0xD8,
	0x28, 0x78, 0x02, 0x28, 0x0D, 0xD3, 0x00, 0x27,
	0xF7, 0x70, 0xB7, 0x70, 0x2F, 0x70, 0x0A, 0x20,
	0x01, 0xF0, 0x02, 0xF8, 0x02, 0x20, 0xA8, 0x70,
	0x07, 0x49, 0x4F, 0x63, 0xA6, 0xE7, 0x05, 0x24,
	0xDF, 0xE7, 0xF0, 0x78, 0x40, 0x1C, 0xF0, 0x70,
	0x01, 0x20, 0x9F, 0xE7, 0x4A, 0x04, 0x00, 0x20,
	0x70, 0x00, 0x00, 0x20, 0x2E, 0x04, 0x00, 0x20,
	0xB0, 0x06, 0x00, 0x20, 0x60, 0x07, 0x00, 0x20,
	0xB0, 0xB5, 0x88, 0xB0, 0x64, 0x20, 0x07, 0x90,
	0x15, 0x48, 0x06, 0x90, 0x04, 0xA8, 0x82, 0x21,
	0x01, 0x71, 0x14, 0x48, 0x04, 0x90, 0x14, 0x4D,
	0x28, 0x78, 0x01, 0x28, 0x0F, 0xD0, 0x02, 0x24,
	0x00, 0x28, 0x1A, 0xD1, 0x06, 0xA9, 0x00, 0x20,
	0x00, 0x90, 0x01, 0x90, 0x02, 0x91, 0x07, 0x22,
	0x01, 0x46, 0x03, 0x46, 0xFD, 0xF7, 0xA0, 0xFC,
	0x01, 0x20, 0x28, 0x70, 0x0D, 0xE0, 0x04, 0xA8,
	0x80, 0x21, 0x41, 0x71, 0x46, 0x21, 0x01, 0x22,
	0x00, 0x92, 0x01, 0x91, 0x02, 0x90, 0x00, 0x20,
	0x07, 0x23, 0x01, 0x46, 0xFD, 0xF7, 0x90, 0xFC,
	0x03, 0x24, 0x20, 0x46, 0x08, 0xB0, 0xB0, 0xBD,
	0x71, 0x13, 0x00, 0x18, 0x51, 0x0A, 0x00, 0x00,
	0x8E, 0x0A, 0x00, 0x20, 0xF0, 0xB5, 0x85, 0xB0,
	0xFD, 0xF7, 0x44, 0xFD, 0xE1, 0x4E, 0xF1, 0x6F,
	0x00, 0x29, 0x3A, 0xD0, 0xB1, 0x6F, 0x00, 0x29,
	0x39, 0xD0, 0xDF, 0x4F, 0x39, 0x78, 0x01, 0x29,
	0x05, 0xD1, 0x00, 0x20, 0x38, 0x70, 0x78, 0x78,
	0xB9, 0x78, 0xDC, 0x4A, 0x11, 0x70, 0xDC, 0x49,
	0x09, 0x78, 0x03, 0x24, 0x0A, 0x29, 0x00, 0xD9,
	0x72, 0xE1, 0x49, 0x00, 0x79, 0x44, 0x89, 0x88,
	0x49, 0x00, 0x8F, 0x44, 0x0A, 0x00, 0xAC, 0x00,
	0x6B, 0x00, 0x87, 0x00, 0x2C, 0x00, 0xC5, 0x00,
	0xE8, 0x00, 0xA1, 0x00, 0x39, 0x01, 0x4A, 0x00,
	0x26, 0x01, 0x03, 0x28, 0x00, 0xD0, 0xF9, 0xE0,
	0x04, 0xA8, 0x32, 0x21, 0x81, 0x70, 0x22, 0x21,
	0x01, 0x80, 0x46, 0x21, 0x01, 0x25, 0x00, 0x95,
	0x01, 0x91, 0x02, 0x90, 0x00, 0x21, 0x07, 0x23,
	0x28, 0x46, 0x2A, 0x46, 0xFD, 0xF7, 0x48, 0xFC,
	0xB8, 0x7A, 0x00, 0x28, 0x00, 0xD0, 0x49, 0xE1,
	0xA0, 0xE0, 0x01, 0x24, 0x48, 0xE1, 0xC2, 0x49,
	0x48, 0x70, 0x01, 0x20, 0x08, 0x70, 0xC1, 0x48,
	0x00, 0x78, 0x88, 0x70, 0xE4, 0xE0, 0x00, 0x21,
	0x03, 0x28, 0x00, 0xD0, 0xD7, 0xE0, 0xBD, 0x48,
	0x02, 0x78, 0xFF, 0x2A, 0x00, 0xD0, 0xD2, 0xE0,
	0xF9, 0x7A, 0x00, 0x29, 0x00, 0xD1, 0x46, 0xE1,
	0x78, 0x7A, 0xDD, 0x49, 0x49, 0x7B, 0x88, 0x42,
	0x00, 0xD1, 0xF7, 0xE0, 0x04, 0xA9, 0x88, 0x70,
	0x09, 0x20, 0x40, 0x01, 0x08, 0x80, 0x46, 0x22,
	0x01, 0x20, 0x00, 0x90, 0x01, 0x92, 0x02, 0x91,
	0x55, 0xE1, 0x03, 0x28, 0x00, 0xD0, 0xB9, 0xE0,
	0xAE, 0x48, 0x00, 0x78, 0xFF, 0x28, 0x00, 0xD0,
	0x14, 0xE1, 0xD1, 0x4C, 0x02, 0x20, 0xE0, 0x73,
	0xAD, 0x48, 0x01, 0x68, 0x10, 0x22, 0x0A, 0x43,
	0x02, 0x60, 0x60, 0x7B, 0xAB, 0x49, 0x08, 0x70,
	0xAB, 0x48, 0xFD, 0xF7, 0x57, 0xF9, 0x15, 0x20,
	0x00, 0x01, 0x01, 0x21, 0x21, 0x54, 0xF8, 0x7A,
	0x00, 0x28, 0x00, 0xD1, 0x2C, 0xE1, 0x00, 0x20,
	0xF8, 0x72, 0xA5, 0xE0, 0x01, 0x21, 0x03, 0x28,
	0x00, 0xD0, 0x98, 0xE0, 0x9D, 0x48, 0x00, 0x78,
	0xFF, 0x28, 0x00, 0xD0, 0x93, 0xE0, 0x04, 0xA8,
	0xA2, 0x49, 0x01, 0x80, 0xAF, 0x21, 0x49, 0x00,
	0x02, 0x22, 0x00, 0x92, 0x01, 0x91, 0x02, 0x90,
	0x00, 0x21, 0x01, 0x20, 0x07, 0x23, 0x02, 0x46,
	0xFD, 0xF7, 0xE2, 0xFB, 0x03, 0x24, 0x94, 0x48,
	0x04, 0x70, 0xE5, 0xE0, 0x03, 0x28, 0x7D, 0xD1,
	0x04, 0xA8, 0x96, 0x49, 0x01, 0x80, 0x8F, 0x48,
	0x40, 0x78, 0x13, 0x28, 0x01, 0xD3, 0x01, 0x20,
	0xB8, 0x72, 0x04, 0xA8, 0x02, 0x21, 0xAF, 0x22,
	0x52, 0x00, 0x00, 0x91, 0x01, 0x92, 0x02, 0x90,
	0x00, 0x25, 0x01, 0x20, 0x07, 0x23, 0x29, 0x46,
	0x02, 0x46, 0xFD, 0xF7, 0xC5, 0xFB, 0xC9, 0xE0,
	0x00, 0x21, 0x03, 0x28, 0x63, 0xD1, 0x83, 0x48,
	0x00, 0x78, 0xFF, 0x28, 0x5F, 0xD1, 0x78, 0x7A,
	0xA5, 0x49, 0x48, 0x73, 0x49, 0xE0, 0x00, 0x21,
	0x03, 0x28, 0x58, 0xD1, 0x7D, 0x48, 0x00, 0x78,
	0xFF, 0x28, 0x54, 0xD1, 0x04, 0xA9, 0x69, 0x20,
	0x88, 0x70, 0x91, 0x20, 0x40, 0x00, 0x08, 0x80,
	0x46, 0x22, 0x01, 0x20, 0x00, 0x90, 0x01, 0x92,
	0x02, 0x91, 0x00, 0x21, 0x07, 0x23, 0x02, 0x46,
	0xFD, 0xF7, 0xA2, 0xFB, 0x04, 0x20, 0xA2, 0xE0,
	0x03, 0x28, 0x3F, 0xD1, 0x71, 0x48, 0x01, 0x78,
	0xFF, 0x29, 0x00, 0xD1, 0x82, 0xE0, 0x00, 0x78,
	0x00, 0x28, 0x00, 0xD0, 0x9C, 0xE0, 0xF8, 0x79,
	0x79, 0x7A, 0x81, 0x42, 0x21, 0xD9, 0x78, 0x72,
	0x0A, 0x28, 0x19, 0xD0, 0x04, 0xA9, 0x88, 0x70,
	0x09, 0x20, 0x40, 0x01, 0x08, 0x80, 0x46, 0x22,
	0x01, 0x20, 0x00, 0x90, 0x01, 0x92, 0x02, 0x91,
	0x00, 0x21, 0x07, 0x23, 0x02, 0x46, 0xFD, 0xF7,
	0x7F, 0xFB, 0x06, 0x20, 0x7F, 0xE0, 0x03, 0x28,
	0x1C, 0xD1, 0x60, 0x48, 0x00, 0x78, 0xFF, 0x28,
	0x02, 0xD1, 0x78, 0x7A, 0x82, 0x49, 0x08, 0x73,
	0x38, 0x7A, 0x81, 0x49, 0x49, 0x7B, 0x81, 0x42,
	0x5C, 0xD1, 0x04, 0xA9, 0x31, 0x20, 0x88, 0x70,
	0x11, 0x20, 0x40, 0x01, 0x08, 0x80, 0x46, 0x22,
	0x01, 0x20, 0x00, 0x90, 0x01, 0x92, 0x02, 0x91,
	0x00, 0x21, 0x07, 0x23, 0x02, 0x46, 0xFD, 0xF7,
	0x5F, 0xFB, 0x5F, 0xE0, 0x00, 0x21, 0xF8, 0x7A,
	0x00, 0x28, 0x07, 0xD0, 0x00, 0x20, 0xF8, 0x72,
	0x02, 0x20, 0xC0, 0x43, 0x80, 0x1C, 0xF0, 0x67,
	0x05, 0x24, 0x59, 0xE0, 0x15, 0x20, 0x00, 0x01,
	0x6F, 0x4A, 0x00, 0x23, 0x13, 0x54, 0xD3, 0x73,
	0x4F, 0x48, 0x90, 0x81, 0xB8, 0x7A, 0x05, 0x24,
	0x00, 0x28, 0x01, 0xD0, 0x20, 0x46, 0x00, 0xE0,
	0x01, 0x20, 0x00, 0x29, 0x48, 0xD1, 0x04, 0x46,
	0x46, 0xE0, 0x04, 0xA9, 0x09, 0x20, 0x08, 0x70,
	0x46, 0x22, 0x01, 0x20, 0x00, 0x90, 0x01, 0x92,
	0x02, 0x91, 0x0A, 0x21, 0x00, 0x25, 0x2A, 0x46,
	0x2B, 0x46, 0xFD, 0xF7, 0x31, 0xFB, 0xBD, 0x71,
	0x3C, 0x48, 0xF0, 0x67, 0x05, 0x20, 0x2E, 0xE0,
	0x00, 0x21, 0x03, 0x28, 0xCB, 0xD1, 0xED, 0x48,
	0x00, 0x78, 0xFF, 0x28, 0xC7, 0xD1, 0xB8, 0x79,
	0x02, 0x21, 0xC9, 0x43, 0x00, 0x29, 0x2A, 0xD0,
	0x7A, 0x18, 0x93, 0x7A, 0x95, 0x79, 0x9D, 0x42,
	0x02, 0xD0, 0x93, 0x71, 0x40, 0x1C, 0xB8, 0x71,
	0x49, 0x1C, 0xF3, 0xE7, 0x78, 0x7A, 0xE2, 0x49,
	0x08, 0x73, 0x38, 0x7A, 0x78, 0x72, 0x04, 0xA9,
	0x88, 0x70, 0x21, 0x20, 0x40, 0x01, 0x08, 0x80,
	0x46, 0x22, 0x01, 0x20, 0x00, 0x90, 0x01, 0x92,
	0x02, 0x91, 0x00, 0x21, 0x07, 0x25, 0x02, 0x46,
	0x2B, 0x46, 0xFD, 0xF7, 0x01, 0xFB, 0xF8, 0x7A,
	0x00, 0x28, 0x03, 0xD0, 0x08, 0x20, 0xD8, 0x49,
	0x08, 0x70, 0x01, 0xE0, 0xD6, 0x48, 0x05, 0x70,
	0x20, 0x46, 0x05, 0xB0, 0xF0, 0xBD, 0x04, 0xA9,
	0x88, 0x70, 0x20, 0x20, 0x08, 0x80, 0x46, 0x22,
	0x01, 0x20, 0x00, 0x90, 0x01, 0x92, 0x02, 0x91,
	0x00, 0x21, 0x07, 0x23, 0x02, 0x46, 0xFD, 0xF7,
	0xE7, 0xFA, 0x09, 0x20, 0xE7, 0xE7, 0x41, 0x78,
	0x3F, 0x22, 0x11, 0x40, 0xF9, 0x71, 0x80, 0x78,
	0x10, 0x40, 0x38, 0x72, 0x1E, 0x28, 0x01, 0x46,
	0x00, 0xD3, 0x1E, 0x21, 0x79, 0x72, 0x0A, 0x28,
	0x08, 0xD1, 0xC3, 0x48, 0x40, 0x7B, 0x0A, 0x28,
	0x00, 0xD1, 0x62, 0xE7, 0x0A, 0x20, 0xBD, 0xE7,
	0x04, 0x24, 0xD5, 0xE7, 0x04, 0xAA, 0x91, 0x70,
	0x09, 0x20, 0x40, 0x01, 0x10, 0x80, 0x46, 0x21,
	0x01, 0x20, 0x00, 0xAB, 0x07, 0xC3, 0x00, 0x21,
	0x07, 0x23, 0x02, 0x46, 0xFD, 0xF7, 0xC0, 0xFA,
	0x90, 0xE7, 0xC0, 0x46, 0xB0, 0x06, 0x00, 0x20,
	0x4E, 0x04, 0x00, 0x20, 0x70, 0x00, 0x00, 0x20,
	0x2C, 0x04, 0x00, 0x20, 0x88, 0x13, 0x00, 0x00,
	0x30, 0x00, 0x00, 0x20, 0xBF, 0x00, 0x00, 0x20,
	0x10, 0x27, 0x00, 0x00, 0x07, 0x31, 0x00, 0x00,
	0x0A, 0x0A, 0x00, 0x00, 0x07, 0x30, 0x00, 0x00,
	0xF0, 0xB5, 0x85, 0xB0, 0x4E, 0x20, 0xFA, 0x4E,
	0x34, 0x5A, 0xFF, 0x27, 0x38, 0x46, 0xF6, 0x30,
	0x01, 0x25, 0x84, 0x42, 0x28, 0xD3, 0xF7, 0x48,
	0x40, 0x6F, 0x00, 0x28, 0x24, 0xD1, 0x15, 0x48,
	0x84, 0x42, 0x04, 0xD3, 0x04, 0xA8, 0x15, 0x49,
	0x01, 0x80, 0x01, 0x25, 0x12, 0xE0, 0x04, 0xAD,
	0x01, 0x20, 0x28, 0x70, 0x27, 0x21, 0x20, 0x46,
	0xFC, 0xF7, 0xBC, 0xFC, 0xFF, 0x28, 0x00, 0xD3,
	0x38, 0x46, 0x0D, 0x49, 0x8C, 0x42, 0x01, 0xD9,
	0x00, 0x20, 0xC0, 0x43, 0x68, 0x70, 0xB1, 0x68,
	0x08, 0x70, 0x02, 0x25, 0x04, 0xA9, 0x00, 0x20,
	0x00, 0x90, 0x01, 0x90, 0x02, 0x91, 0x07, 0x22,
	0x01, 0x46, 0x03, 0x46, 0xFD, 0xF7, 0x74, 0xFA,
	0x28, 0x46, 0x05, 0xB0, 0xF0, 0xBD, 0xC0, 0x46,
	0x60, 0x07, 0x00, 0x20, 0x99, 0x3A, 0x00, 0x00,
	0x0F, 0x27, 0x00, 0x00, 0x02, 0x04, 0x00, 0x00,
	0xF0, 0xB5, 0x87, 0xB0, 0x08, 0x20, 0x00, 0xF0,
	0x7F, 0xFD, 0xFD, 0xF7, 0x23, 0xFB, 0x86, 0x4F,
	0x79, 0x79, 0x00, 0x29, 0x23, 0xD0, 0x85, 0x48,
	0x00, 0x21, 0x01, 0x70, 0x03, 0x24, 0x05, 0x94,
	0x82, 0x4E, 0xB0, 0x78, 0x00, 0x28, 0x04, 0xD1,
	0x01, 0x20, 0xB0, 0x70, 0x0A, 0x20, 0x00, 0xF0,
	0x7F, 0xFD, 0x06, 0xAC, 0x03, 0x20, 0x20, 0x70,
	0xE0, 0x4F, 0x78, 0x8A, 0xFE, 0xF7, 0x6A, 0xFF,
	0x60, 0x70, 0x01, 0x25, 0x28, 0x46, 0x00, 0xF0,
	0x59, 0xFD, 0x00, 0x28, 0x2B, 0xD0, 0x70, 0x78,
	0x00, 0x28, 0x21, 0xD0, 0xFD, 0xF7, 0xA8, 0xFD,
	0x00, 0x28, 0x1E, 0xD1, 0x20, 0xE0, 0x73, 0x4E,
	0x31, 0x78, 0x05, 0x24, 0x03, 0x29, 0x4E, 0xD8,
	0x79, 0x44, 0x09, 0x79, 0x49, 0x00, 0x8F, 0x44,
	0x01, 0x02, 0x4D, 0x70, 0xD3, 0xE7, 0x05, 0x94,
	0xD0, 0x4C, 0xE0, 0x7B, 0xFE, 0xF7, 0xA4, 0xFF,
	0xE1, 0x7B, 0x02, 0x29, 0x00, 0xD0, 0x86, 0xE0,
	0x06, 0xA9, 0x6C, 0x4A, 0x0A, 0x80, 0x02, 0x0A,
	0x8A, 0x70, 0x01, 0x21, 0x03, 0x22, 0x83, 0xE0,
	0x75, 0x70, 0x06, 0xA8, 0x9C, 0x21, 0x41, 0x70,
	0x03, 0x20, 0x00, 0xF0, 0x45, 0xFD, 0xFD, 0xF7,
	0x79, 0xFD, 0x00, 0x28, 0x04, 0xD1, 0x02, 0x20,
	0x00, 0xF0, 0x24, 0xFD, 0x00, 0x28, 0x05, 0xD0,
	0x02, 0x20, 0x00, 0xF0, 0x25, 0xFD, 0x06, 0xA8,
	0x80, 0x21, 0x41, 0x70, 0x00, 0x20, 0x30, 0x70,
	0xAA, 0x4C, 0xA0, 0x6D, 0x00, 0x28, 0x04, 0xD0,
	0x3D, 0x7F, 0x08, 0x20, 0x00, 0xF0, 0x2C, 0xFD,
	0x04, 0xE0, 0x78, 0x78, 0x00, 0x28, 0xF7, 0xD0,
	0x35, 0x70, 0x5A, 0x25, 0x06, 0xA8, 0x02, 0x21,
	0x7D, 0x22, 0x92, 0x00, 0x00, 0x91, 0x01, 0x92,
	0x02, 0x90, 0xEB, 0xB2, 0x00, 0x20, 0x01, 0x22,
	0x01, 0x46, 0xFD, 0xF7, 0xE9, 0xF9, 0x4B, 0x20,
	0xC0, 0x00, 0xA0, 0x67, 0x05, 0x9C, 0x20, 0x46,
	0x07, 0xB0, 0xF0, 0xBD, 0xF1, 0x78, 0x00, 0x29,
	0x29, 0xD0, 0x00, 0x25, 0xF5, 0x70, 0x05, 0x24,
	0x03, 0x28, 0x7C, 0xD1, 0x15, 0x20, 0x02, 0x01,
	0xA6, 0x49, 0x89, 0x5C, 0x01, 0x29, 0x76, 0xD1,
	0x04, 0x92, 0xB0, 0x4A, 0x13, 0x78, 0x00, 0x2B,
	0x71, 0xD0, 0xFF, 0x21, 0x30, 0x2B, 0x05, 0x94,
	0x4E, 0xD0, 0x31, 0x2B, 0x4B, 0xD1, 0x53, 0x78,
	0x3F, 0x24, 0x23, 0x40, 0x7B, 0x70, 0x92, 0x78,
	0x22, 0x40, 0xFA, 0x70, 0xBA, 0x70, 0x01, 0x24,
	0x43, 0xE0, 0x03, 0x28, 0x05, 0xD1, 0xA5, 0x48,
	0x00, 0x78, 0x33, 0x28, 0x01, 0xD1, 0x02, 0x20,
	0x60, 0xE0, 0x00, 0x20, 0x5E, 0xE0, 0x15, 0x20,
	0x01, 0x01, 0x94, 0x4A, 0x51, 0x5C, 0x01, 0x29,
	0xC9, 0xD1, 0x06, 0xA9, 0x33, 0x22, 0x4A, 0x70,
	0x08, 0x70, 0x01, 0x22, 0xF2, 0x70, 0x7D, 0x20,
	0x00, 0x01, 0x02, 0x23, 0x00, 0x93, 0x01, 0x90,
	0x02, 0x91, 0x00, 0x20, 0x96, 0x23, 0x01, 0x46,
	0xFD, 0xF7, 0x9E, 0xF9, 0xB7, 0xE7, 0x06, 0xA9,
	0x04, 0x22, 0x0A, 0x70, 0x00, 0x21, 0x01, 0x22,
	0x06, 0xAB, 0x9A, 0x18, 0x10, 0x70, 0x7D, 0x20,
	0x80, 0x00, 0x00, 0x91, 0x01, 0x90, 0x02, 0x93,
	0x00, 0x25, 0x01, 0x22, 0x28, 0x23, 0x28, 0x46,
	0x29, 0x46, 0xFD, 0xF7, 0x89, 0xF9, 0xAF, 0x20,
	0xC0, 0x00, 0x6C, 0x49, 0x88, 0x65, 0x38, 0x79,
	0x00, 0x28, 0x05, 0x9C, 0x01, 0xD0, 0x03, 0x20,
	0x28, 0xE0, 0x35, 0x70, 0x97, 0xE7, 0x55, 0x21,
	0x2C, 0x46, 0x06, 0xAA, 0x51, 0x70, 0x10, 0x70,
	0x7D, 0x20, 0x80, 0x00, 0x00, 0x95, 0x01, 0x90,
	0x02, 0x92, 0x96, 0x23, 0x28, 0x46, 0x29, 0x46,
	0x2A, 0x46, 0xFD, 0xF7, 0x6D, 0xF9, 0x00, 0x2C,
	0x0C, 0xD0, 0x04, 0x98, 0x6F, 0x49, 0x08, 0x5C,
	0x01, 0x28, 0x05, 0x9C, 0x07, 0xD1, 0x01, 0x20,
	0x78, 0x71, 0x0B, 0x48, 0x0A, 0x21, 0x01, 0x70,
	0x03, 0x24, 0x00, 0xE0, 0x05, 0x9C, 0x35, 0x70,
	0x56, 0x48, 0x80, 0x6D, 0x00, 0x28, 0x00, 0xD0,
	0x71, 0xE7, 0x01, 0x20, 0x30, 0x70, 0x6E, 0xE7,
	0x54, 0x04, 0x00, 0x20, 0x5A, 0x04, 0x00, 0x20,
	0x60, 0x07, 0x00, 0x20, 0x70, 0x00, 0x00, 0x20,
	0x2C, 0x04, 0x00, 0x20, 0x31, 0x04, 0x00, 0x00,
	0x7F, 0xB5, 0x1B, 0x4E, 0x30, 0x78, 0x01, 0x28,
	0x16, 0xD0, 0x00, 0x28, 0x20, 0xD1, 0x20, 0x48,
	0x00, 0x68, 0x00, 0x28, 0x00, 0xD0, 0x80, 0x47,
	0x16, 0x48, 0x02, 0x21, 0x7D, 0x22, 0x92, 0x00,
	0x00, 0x91, 0x01, 0x92, 0x02, 0x90, 0x00, 0x20,
	0x01, 0x25, 0x1E, 0x23, 0x01, 0x46, 0x2A, 0x46,
	0xFD, 0xF7, 0x2E, 0xF9, 0x06, 0x24, 0x16, 0xE0,
	0xFD, 0xF7, 0xEC, 0xF9, 0x03, 0x28, 0x09, 0xD1,
	0x11, 0x48, 0x00, 0x68, 0x05, 0x24, 0x00, 0x25,
	0x00, 0x28, 0x0C, 0xD0, 0x80, 0x47, 0x0A, 0xE0,
	0x06, 0x24, 0x09, 0xE0, 0xFD, 0xF7, 0xDE, 0xF9,
	0x05, 0x24, 0x00, 0x25, 0x01, 0x28, 0x02, 0xD1,
	0x80, 0x20, 0xFD, 0xF7, 0xF5, 0xF9, 0x35, 0x70,
	0x20, 0x46, 0x04, 0xB0, 0x70, 0xBD, 0xC0, 0x46,
	0x98, 0x0A, 0x00, 0x20, 0x50, 0x00, 0x00, 0x20,
	0x03, 0x48, 0x04, 0x49, 0x01, 0x60, 0x04, 0x48,
	0x04, 0x49, 0x01, 0x60, 0x70, 0x47, 0xC0, 0x46,
	0x90, 0x0A, 0x00, 0x20, 0x81, 0x2A, 0x00, 0x00,
	0x94, 0x0A, 0x00, 0x20, 0x8D, 0x2A, 0x00, 0x00,
	0x10, 0xB5, 0x11, 0x4C, 0x20, 0x88, 0x00, 0x28,
	0x1D, 0xD0, 0x12, 0x20, 0x00, 0xF0, 0x60, 0xFB,
	0x00, 0x28, 0x08, 0xD0, 0x0D, 0x48, 0x01, 0x78,
	0x49, 0x1C, 0x01, 0x70, 0xC9, 0xB2, 0x03, 0x29,
	0x11, 0xD3, 0x00, 0x21, 0x01, 0x70, 0x20, 0x88,
	0x84, 0x08, 0x7D, 0x2C, 0x01, 0xD3, 0x07, 0x20,
	0x00, 0xE0, 0x01, 0x20, 0xFD, 0xF7, 0x40, 0xFB,
	0x7D, 0x2C, 0x01, 0xD3, 0x00, 0x20, 0x00, 0xE0,
	0x15, 0x20, 0xFD, 0xF7, 0x93, 0xFE, 0x10, 0xBD,
	0x0E, 0x01, 0x00, 0x20, 0x9A, 0x0A, 0x00, 0x20,
	0x80, 0xB5, 0x24, 0x48, 0x80, 0x7D, 0xFD, 0xF7,
	0x6B, 0xFE, 0x21, 0x49, 0x08, 0x78, 0x49, 0x78,
	0x00, 0x22, 0xFD, 0xF7, 0x2B, 0xFE, 0x06, 0x20,
	0x00, 0xF0, 0xE2, 0xFB, 0x0D, 0x20, 0x00, 0xF0,
	0x3D, 0xFB, 0xFD, 0xF7, 0x7F, 0xF9, 0x01, 0x28,
	0x02, 0xD1, 0x01, 0x20, 0xFD, 0xF7, 0x9C, 0xF9,
	0xFD, 0xF7, 0x78, 0xF9, 0x51, 0x28, 0x06, 0xD1,
	0x7D, 0x20, 0xC0, 0x00, 0x03, 0x49, 0x48, 0x63,
	0xAF, 0x20, 0xC0, 0x00, 0x88, 0x65, 0x80, 0xBD,
	0x60, 0x07, 0x00, 0x20, 0xB0, 0x06, 0x00, 0x20,
	0x10, 0xB5, 0x52, 0x4C, 0x20, 0x68, 0x21, 0x68,
	0x22, 0x68, 0x80, 0x07, 0xC0, 0x0F, 0x49, 0x07,
	0xC9, 0x0F, 0x12, 0x07, 0xD2, 0x0F, 0xFD, 0xF7,
	0x03, 0xFD, 0x09, 0x49, 0x08, 0x78, 0x49, 0x78,
	0x22, 0x68, 0xD2, 0xB2, 0xD2, 0x09, 0xFD, 0xF7,
	0xF9, 0xFD, 0x06, 0x48, 0x00, 0x7E, 0xFD, 0xF7,
	0x2F, 0xFE, 0x06, 0x20, 0x00, 0xF0, 0xC0, 0xFB,
	0x0C, 0x20, 0x00, 0xF0, 0x07, 0xFB, 0x10, 0xBD,
	0xB7, 0x03, 0x00, 0x20, 0x60, 0x07, 0x00, 0x20,
	0x80, 0xB5, 0xFD, 0xF7, 0x43, 0xF9, 0x03, 0x28,
	0x05, 0xD1, 0x0A, 0x20, 0x00, 0xF0, 0xFA, 0xFA,
	0x0B, 0x20, 0x00, 0xF0, 0xF7, 0xFA, 0x80, 0xBD,
	0x80, 0xB5, 0x04, 0x48, 0xFD, 0xF7, 0x3E, 0xFE,
	0x01, 0x20, 0x00, 0x02, 0xFD, 0xF7, 0x54, 0xF9,
	0x80, 0xBD, 0xC0, 0x46, 0x70, 0x00, 0x00, 0x20,
	0xB0, 0xB5, 0x04, 0x46, 0xFE, 0xF7, 0x6A, 0xF8,
	0x00, 0x28, 0x24, 0xD0, 0xFE, 0xF7, 0x04, 0xFA,
	0xFE, 0xF7, 0xDA, 0xF9, 0xFE, 0xF7, 0x50, 0xF9,
	0x04, 0x25, 0x28, 0x46, 0xFD, 0xF7, 0xF2, 0xFA,
	0x02, 0x20, 0xFE, 0xF7, 0xBD, 0xF9, 0xFE, 0xF7,
	0x2B, 0xF9, 0xFE, 0xF7, 0xDD, 0xF9, 0xFE, 0xF7,
	0x17, 0xF9, 0x28, 0x46, 0xFD, 0xF7, 0x34, 0xF9,
	0x00, 0x20, 0xFE, 0xF7, 0xB1, 0xF9, 0x00, 0x2C,
	0x09, 0xD1, 0x20, 0x20, 0xC0, 0x43, 0x23, 0x49,
	0x0A, 0x68, 0x02, 0x40, 0x0A, 0x60, 0x22, 0x49,
	0x0A, 0x68, 0x02, 0x40, 0x0A, 0x60, 0xB0, 0xBD,
	0xB0, 0xB5, 0xFE, 0xF7, 0x3F, 0xF8, 0x00, 0x28,
	0x00, 0xD0, 0xB0, 0xBD, 0x02, 0x20, 0xFE, 0xF7,
	0x9B, 0xF9, 0xFE, 0xF7, 0xED, 0xF8, 0xFE, 0xF7,
	0x13, 0xF9, 0xFE, 0xF7, 0x19, 0xF9, 0xFE, 0xF7,
	0xFB, 0xF8, 0xFE, 0xF7, 0xBB, 0xF9, 0xFE, 0xF7,
	0x05, 0xF9, 0x08, 0x20, 0xFD, 0xF7, 0x0C, 0xF9,
	0x12, 0x48, 0x01, 0x68, 0x20, 0x22, 0x11, 0x43,
	0x01, 0x60, 0x11, 0x48, 0x01, 0x68, 0x11, 0x43,
	0x01, 0x60, 0x01, 0x20, 0x84, 0x07, 0x0F, 0x4D,
	0x0F, 0x4A, 0x20, 0x46, 0x29, 0x46, 0xFD, 0xF7,
	0x3B, 0xFD, 0xFE, 0xF7, 0xC1, 0xF8, 0x7D, 0x20,
	0xC2, 0x00, 0x20, 0x46, 0x29, 0x46, 0xFD, 0xF7,
	0x33, 0xFD, 0xFE, 0xF7, 0x8D, 0xF9, 0xFE, 0xF7,
	0xB1, 0xF9, 0xFE, 0xF7, 0xFF, 0xF8, 0x00, 0x20,
	0xFE, 0xF7, 0x6A, 0xF9, 0x04, 0x20, 0xFD, 0xF7,
	0xA1, 0xFA, 0xB0, 0xBD, 0x70, 0x02, 0x00, 0x20,
	0x30, 0x00, 0x00, 0x20, 0x80, 0xDE, 0x80, 0x02,
	0x10, 0x27, 0x00, 0x00, 0xF0, 0xB5, 0x87, 0xB0,
	0xFD, 0xF7, 0x6E, 0xFB, 0x00, 0x28, 0x04, 0xD1,
	0xFD, 0xF7, 0x5C, 0xFB, 0x00, 0x28, 0x00, 0xD1,
	0xCD, 0xE0, 0xF5, 0x48, 0x0A, 0x21, 0x01, 0x71,
	0x01, 0x21, 0xC1, 0x70, 0x0C, 0x20, 0x00, 0xF0,
	0x57, 0xFA, 0x00, 0x28, 0x04, 0xD1, 0x0D, 0x20,
	0x00, 0xF0, 0x52, 0xFA, 0x00, 0x28, 0x05, 0xD0,
	0xEE, 0x48, 0x0A, 0x21, 0x81, 0x64, 0xEE, 0x48,
	0x02, 0x21, 0x01, 0x70, 0xEB, 0x48, 0x80, 0x6C,
	0x00, 0x28, 0x08, 0xD1, 0x00, 0x20, 0xC0, 0x43,
	0xE8, 0x49, 0x88, 0x64, 0x06, 0x20, 0x00, 0xF0,
	0xE9, 0xFA, 0xE7, 0x49, 0x08, 0x70, 0xE4, 0x4F,
	0x38, 0x46, 0x26, 0x30, 0x01, 0x90, 0xFD, 0xF7,
	0xC9, 0xF8, 0xE4, 0x4E, 0x00, 0x28, 0x62, 0xD0,
	0xE1, 0x4C, 0x20, 0x78, 0x00, 0x28, 0x09, 0xD0,
	0x01, 0x28, 0x5C, 0xD1, 0x38, 0x46, 0x6E, 0x30,
	0x39, 0x46, 0x2E, 0x31, 0x20, 0x22, 0xFC, 0xF7,
	0xC9, 0xF9, 0x54, 0xE0, 0x39, 0x46, 0x2E, 0x31,
	0x01, 0x9D, 0x28, 0x46, 0x28, 0x30, 0x20, 0x22,
	0xFC, 0xF7, 0xC0, 0xF9, 0x28, 0x8D, 0xB0, 0x80,
	0xA8, 0x8D, 0xF0, 0x80, 0xE8, 0x8D, 0x12, 0x21,
	0x00, 0x29, 0x04, 0xD0, 0x62, 0x18, 0x93, 0x88,
	0xD3, 0x80, 0x89, 0x1E, 0xF8, 0xE7, 0xE0, 0x80,
	0xA1, 0x1D, 0x02, 0xA8, 0x14, 0x22, 0xFC, 0xF7,
	0xAD, 0xF9, 0x00, 0x20, 0x09, 0x21, 0x09, 0x28,
	0x0F, 0xD0, 0x02, 0xAA, 0x0B, 0x46, 0x00, 0x2B,
	0x08, 0xD0, 0x54, 0x88, 0x15, 0x88, 0xA5, 0x42,
	0x01, 0xD9, 0x55, 0x80, 0x14, 0x80, 0x92, 0x1C,
	0x5B, 0x1E, 0xF4, 0xE7, 0x49, 0x1E, 0x40, 0x1C,
	0xED, 0xE7, 0x00, 0x20, 0x04, 0x21, 0x10, 0x29,
	0x04, 0xD0, 0x02, 0xAA, 0x52, 0x5A, 0x80, 0x18,
	0x89, 0x1C, 0xF8, 0xE7, 0x06, 0x21, 0xFC, 0xF7,
	0xB1, 0xF9, 0x30, 0x81, 0x01, 0x99, 0x48, 0x8D,
	0x70, 0x81, 0x08, 0x8E, 0xB0, 0x81, 0xFD, 0xF7,
	0xC3, 0xFE, 0x00, 0x28, 0x02, 0xD0, 0xFD, 0xF7,
	0xBF, 0xFE, 0xF0, 0x81, 0x54, 0x20, 0x38, 0x5A,
	0xFD, 0xF7, 0xD0, 0xF8, 0x8E, 0x21, 0x78, 0x52,
	0x0F, 0x20, 0xD9, 0x4C, 0xA0, 0x47, 0x12, 0x20,
	0xA0, 0x47, 0x10, 0x20, 0xA0, 0x47, 0x8E, 0x25,
	0x78, 0x5B, 0xD6, 0x4C, 0xA1, 0x8A, 0x88, 0x42,
	0x0E, 0xD9, 0x0B, 0x20, 0x00, 0xF0, 0xC8, 0xF9,
	0x00, 0x28, 0x10, 0xD0, 0x38, 0x8B, 0x00, 0x28,
	0x01, 0xD0, 0x40, 0x1E, 0x38, 0x83, 0xF8, 0x8A,
	0x00, 0x28, 0x08, 0xD0, 0x40, 0x1E, 0x05, 0xE0,
	0xE1, 0x8A, 0x88, 0x42, 0x03, 0xD2, 0x60, 0x7E,
	0x38, 0x83, 0x20, 0x7E, 0xF8, 0x82, 0x78, 0x8B,
	0x21, 0x7E, 0x88, 0x42, 0x06, 0xD9, 0xF8, 0x82,
	0x61, 0x7E, 0x80, 0x1C, 0x88, 0x42, 0x03, 0xD9,
	0x38, 0x83, 0x01, 0xE0, 0x00, 0x20, 0x78, 0x83,
	0x72, 0xB6, 0xF8, 0x78, 0x00, 0x28, 0x01, 0xD0,
	0x62, 0xB6, 0x32, 0xE0, 0x78, 0x5B, 0x61, 0x8B,
	0x88, 0x42, 0x06, 0xD8, 0x54, 0x21, 0x79, 0x5A,
	0x7D, 0x22, 0x92, 0x00, 0x64, 0x32, 0x91, 0x42,
	0x15, 0xD9, 0xB8, 0x78, 0x00, 0x28, 0x23, 0xD1,
	0x20, 0x26, 0x01, 0x25, 0x17, 0xE0, 0xB2, 0x4C,
	0x20, 0x79, 0x00, 0x28, 0x00, 0xD1, 0x31, 0xE7,
	0x40, 0x1E, 0x20, 0x71, 0x00, 0x06, 0x00, 0xD0,
	0x2C, 0xE7, 0x9C, 0x20, 0xFD, 0xF7, 0x2A, 0xFF,
	0x00, 0x20, 0xE0, 0x70, 0x26, 0xE7, 0xA1, 0x8B,
	0x88, 0x42, 0x0D, 0xD2, 0xB8, 0x78, 0x00, 0x28,
	0x0A, 0xD0, 0x40, 0x26, 0x00, 0x25, 0x01, 0x21,
	0x28, 0x46, 0xFE, 0xF7, 0x7B, 0xFA, 0x30, 0x46,
	0xFC, 0xF7, 0xE6, 0xFF, 0xBD, 0x70, 0xA5, 0x4E,
	0x62, 0xB6, 0x4E, 0x25, 0x78, 0x5F, 0x12, 0x21,
	0x79, 0x5E, 0x08, 0x1A, 0xC1, 0x17, 0x48, 0x40,
	0x40, 0x1A, 0x4B, 0x21, 0x89, 0x00, 0x00, 0x91,
	0x88, 0x42, 0x04, 0xD9, 0xB8, 0x8B, 0x96, 0x28,
	0x0B, 0xD1, 0x3C, 0x20, 0x08, 0xE0, 0xC7, 0x28,
	0x07, 0xD8, 0xB8, 0x8B, 0x3C, 0x28, 0x04, 0xD1,
	0x38, 0x78, 0x00, 0x28, 0x01, 0xD1, 0x96, 0x20,
	0xB8, 0x83, 0x05, 0x20, 0x00, 0xF0, 0xFA, 0xF9,
	0x00, 0x28, 0x35, 0xD0, 0x96, 0x48, 0x00, 0x78,
	0x00, 0x28, 0x03, 0xD0, 0x14, 0x20, 0x38, 0x5E,
	0x79, 0x5F, 0x02, 0xE0, 0x78, 0x5F, 0x14, 0x21,
	0x79, 0x5E, 0x08, 0x1A, 0x21, 0x89, 0x88, 0x42,
	0x1B, 0xDD, 0xA0, 0x88, 0xFC, 0xF7, 0x22, 0xFC,
	0x30, 0x7F, 0x02, 0x21, 0x01, 0x43, 0x31, 0x77,
	0xA6, 0x79, 0xFE, 0xF7, 0x0B, 0xFA, 0x01, 0x2E,
	0x03, 0xD1, 0x00, 0x28, 0x06, 0xD1, 0x10, 0x20,
	0x02, 0xE0, 0x00, 0x28, 0x02, 0xD0, 0x20, 0x20,
	0xFC, 0xF7, 0x2E, 0xFC, 0x00, 0x20, 0xC0, 0x43,
	0x7E, 0x49, 0x88, 0x61, 0x05, 0x20, 0x00, 0xF0,
	0xD3, 0xF9, 0x7C, 0x48, 0x80, 0x69, 0x00, 0x28,
	0x06, 0xD1, 0x00, 0x20, 0xC0, 0x43, 0x79, 0x49,
	0x88, 0x61, 0x05, 0x20, 0x00, 0xF0, 0xC8, 0xF9,
	0x7C, 0x4E, 0x30, 0x68, 0xC0, 0x06, 0x01, 0xD5,
	0x02, 0x20, 0xF8, 0x73, 0x0A, 0x20, 0x00, 0xF0,
	0x0F, 0xF9, 0x00, 0x28, 0x36, 0xD0, 0xFF, 0xF7,
	0xC5, 0xF8, 0x70, 0x48, 0xC0, 0x6A, 0x00, 0x28,
	0x05, 0xD1, 0x01, 0x20, 0x78, 0x70, 0x00, 0x20,
	0xC0, 0x43, 0x6C, 0x49, 0xC8, 0x62, 0x07, 0x20,
	0x00, 0xF0, 0xA8, 0xF9, 0x00, 0x28, 0x25, 0xD1,
	0x0A, 0x20, 0x00, 0xF0, 0xA3, 0xF9, 0x00, 0x28,
	0x20, 0xD0, 0x78, 0x5B, 0x6C, 0x49, 0x88, 0x42,
	0x04, 0xD8, 0x00, 0x99, 0xC8, 0x31, 0x63, 0x48,
	0x41, 0x63, 0x02, 0xE0, 0x69, 0x49, 0x88, 0x42,
	0x03, 0xD8, 0x60, 0x48, 0x40, 0x6B, 0x00, 0x28,
	0x10, 0xD1, 0x02, 0x20, 0xFC, 0xF7, 0x58, 0xFF,
	0x07, 0x20, 0x00, 0xF0, 0xA5, 0xF9, 0x30, 0x68,
	0x20, 0x21, 0x08, 0x43, 0x30, 0x60, 0x30, 0x68,
	0x08, 0x40, 0x61, 0x4A, 0x13, 0x68, 0x8B, 0x43,
	0x18, 0x18, 0x10, 0x60, 0x00, 0x26, 0x30, 0x46,
	0x00, 0xF0, 0x7C, 0xF9, 0x00, 0x28, 0x01, 0xD0,
	0x3D, 0x8C, 0x08, 0xE0, 0x20, 0x88, 0x5B, 0x4D,
	0xA8, 0x42, 0x04, 0xD3, 0x20, 0x88, 0x5A, 0x4D,
	0xA8, 0x42, 0x00, 0xD8, 0x25, 0x88, 0x4E, 0x4F,
	0xBD, 0x80, 0x4B, 0x4C, 0xE0, 0x8B, 0xA8, 0x42,
	0x04, 0xD0, 0x28, 0x46, 0xFE, 0xF7, 0x3C, 0xF8,
	0xBD, 0x88, 0xE5, 0x83, 0x78, 0x78, 0x53, 0x49,
	0x8D, 0x42, 0x4A, 0x4C, 0x04, 0xD3, 0x00, 0x28,
	0x0E, 0xD1, 0x7D, 0x20, 0x80, 0x00, 0x03, 0xE0,
	0x00, 0x28, 0x09, 0xD0, 0x7D, 0x20, 0x00, 0x01,
	0x4D, 0x49, 0x8D, 0x42, 0x00, 0xD9, 0x01, 0x26,
	0x7E, 0x70, 0xE0, 0x81, 0x4B, 0x49, 0x08, 0x80,
	0x54, 0x20, 0x3B, 0x49, 0x0E, 0x5A, 0x20, 0x8A,
	0x86, 0x42, 0x01, 0xD2, 0xE0, 0x89, 0x1F, 0xE0,
	0x60, 0x8A, 0x86, 0x42, 0x16, 0xD2, 0xE0, 0x89,
	0xA1, 0x89, 0x41, 0x1A, 0x64, 0x20, 0x48, 0x43,
	0x61, 0x8A, 0x22, 0x8A, 0x89, 0x1A, 0xFC, 0xF7,
	0x75, 0xF8, 0x81, 0xB2, 0xE0, 0x89, 0x00, 0x90,
	0x20, 0x8A, 0x30, 0x1A, 0x48, 0x43, 0x63, 0x21,
	0xC9, 0x43, 0xFC, 0xF7, 0x6B, 0xF8, 0x00, 0x99,
	0x08, 0x18, 0x05, 0xE0, 0x03, 0x20, 0x70, 0x43,
	0x64, 0x21, 0xFC, 0xF7, 0x43, 0xF8, 0x1E, 0x30,
	0xA2, 0x89, 0x81, 0xB2, 0x91, 0x42, 0x29, 0x4B,
	0x0A, 0xD2, 0x0C, 0x34, 0x0C, 0xE0, 0xC0, 0x46,
	0x60, 0x07, 0x00, 0x20, 0xB0, 0x06, 0x00, 0x20,
	0x5E, 0x04, 0x00, 0x20, 0x00, 0x01, 0x00, 0x20,
	0xE2, 0x89, 0x91, 0x42, 0x01, 0xD9, 0x0E, 0x34,
	0x20, 0x88, 0x1D, 0x4C, 0x20, 0x82, 0x41, 0x19,
	0x61, 0x82, 0x8A, 0xB2, 0x2A, 0x49, 0x8A, 0x42,
	0x02, 0xD9, 0x61, 0x82, 0x48, 0x1B, 0x20, 0x82,
	0x18, 0x80, 0xFF, 0xF7, 0xF1, 0xFC, 0x01, 0x99,
	0x08, 0x8D, 0xC9, 0x8D, 0xAA, 0x29, 0x10, 0xD8,
	0x24, 0x4A, 0x90, 0x42, 0x0D, 0xD3, 0xB8, 0x78,
	0x00, 0x28, 0x1E, 0xD1, 0x01, 0x20, 0xB8, 0x70,
	0x19, 0x48, 0x01, 0x68, 0x02, 0x22, 0x91, 0x43,
	0x01, 0x60, 0x01, 0x68, 0x04, 0x20, 0x08, 0x43,
	0x11, 0xE0, 0xC8, 0x29, 0x02, 0xD8, 0x1C, 0x49,
	0x88, 0x42, 0x0E, 0xD8, 0xB8, 0x78, 0x01, 0x28,
	0x0B, 0xD1, 0x00, 0x20, 0xB8, 0x70, 0x10, 0x48,
	0x01, 0x68, 0x02, 0x22, 0x0A, 0x43, 0x02, 0x60,
	0x00, 0x68, 0x04, 0x21, 0x88, 0x43, 0x0C, 0x49,
	0x08, 0x60, 0x07, 0xB0, 0xF0, 0xBD, 0xC0, 0x46,
	0x60, 0x07, 0x00, 0x20, 0xB0, 0x06, 0x00, 0x20,
	0x5E, 0x04, 0x00, 0x20, 0x00, 0x01, 0x00, 0x20,
	0xE5, 0x41, 0x00, 0x00, 0x70, 0x03, 0x00, 0x20,
	0x08, 0x04, 0x00, 0x20, 0x70, 0x02, 0x00, 0x20,
	0x87, 0x13, 0x00, 0x00, 0x18, 0x15, 0x00, 0x00,
	0x30, 0x00, 0x00, 0x20, 0xAC, 0x0D, 0x00, 0x00,
	0xE0, 0x2E, 0x00, 0x00, 0x59, 0x1B, 0x00, 0x00,
	0x58, 0x1B, 0x00, 0x00, 0x9E, 0x00, 0x00, 0x20,
	0xD4, 0x30, 0x00, 0x00, 0x29, 0x23, 0x00, 0x00,
	0x33, 0x21, 0x00, 0x00, 0x0E, 0x49, 0x09, 0x68,
	0xC1, 0x40, 0x01, 0x20, 0x08, 0x40, 0x70, 0x47,
	0x01, 0x21, 0x81, 0x40, 0x0A, 0x4A, 0x10, 0x68,
	0x08, 0x40, 0x04, 0xD0, 0x72, 0xB6, 0x13, 0x68,
	0x8B, 0x43, 0x13, 0x60, 0x62, 0xB6, 0x41, 0x1E,
	0x88, 0x41, 0x70, 0x47, 0x01, 0x21, 0x81, 0x40,
	0x72, 0xB6, 0x03, 0x48, 0x02, 0x68, 0x0A, 0x43,
	0x02, 0x60, 0x62, 0xB6, 0x70, 0x47, 0xC0, 0x46,
	0x9C, 0x0A, 0x00, 0x20, 0xF8, 0xB5, 0xFD, 0xF7,
	0xC1, 0xF8, 0xFD, 0xF7, 0x83, 0xFF, 0xFD, 0xF7,
	0x61, 0xFD, 0xFF, 0x20, 0xC0, 0x02, 0x26, 0x4B,
	0x5A, 0x68, 0x82, 0x43, 0x1F, 0x20, 0x81, 0x01,
	0x08, 0x46, 0x40, 0x30, 0x12, 0x18, 0x5A, 0x60,
	0x1A, 0x6E, 0x01, 0x24, 0xA2, 0x43, 0x1A, 0x66,
	0xDD, 0x68, 0x20, 0x4A, 0x15, 0x40, 0xDD, 0x60,
	0xDD, 0x68, 0x3F, 0x26, 0xB5, 0x43, 0xDD, 0x60,
	0x07, 0x25, 0xED, 0x05, 0x1E, 0x68, 0xAE, 0x43,
	0x1E, 0x60, 0x03, 0x23, 0x1B, 0x03, 0x1D, 0x1D,
	0x19, 0x4E, 0xB5, 0x61, 0x35, 0x68, 0x04, 0x27,
	0xBD, 0x43, 0x35, 0x60, 0xF7, 0x60, 0x33, 0x61,
	0x41, 0x23, 0x5B, 0x01, 0x15, 0x4D, 0x2E, 0x68,
	0x9E, 0x43, 0x2E, 0x60, 0x2B, 0x68, 0x0B, 0x40,
	0x29, 0x68, 0x11, 0x40, 0x59, 0x18, 0x08, 0x18,
	0x28, 0x60, 0xFE, 0xF7, 0xEB, 0xF9, 0xFE, 0xF7,
	0xC5, 0xF9, 0xFE, 0xF7, 0xCF, 0xF9, 0x20, 0x46,
	0xFD, 0xF7, 0x34, 0xFA, 0x0C, 0x48, 0x41, 0x7F,
	0x02, 0x7F, 0x09, 0x02, 0x89, 0x18, 0x62, 0x07,
	0x11, 0x80, 0x00, 0x68, 0x50, 0x60, 0x00, 0x20,
	0x90, 0x70, 0x4F, 0x21, 0xD1, 0x70, 0x50, 0x72,
	0x06, 0x21, 0x11, 0x72, 0x90, 0x72, 0xF8, 0xBD,
	0x20, 0xF0, 0x00, 0x40, 0x3F, 0xF0, 0xFF, 0xFF,
	0x04, 0x00, 0x01, 0x40, 0xA4, 0xF0, 0x00, 0x40,
	0xD8, 0x80, 0x00, 0x00, 0xB0, 0xB5, 0x00, 0x20,
	0xFC, 0xF7, 0xB0, 0xFF, 0x04, 0x20, 0xFC, 0xF7,
	0xAD, 0xFF, 0xFC, 0xF7, 0x7B, 0xFF, 0x04, 0x46,
	0xFD, 0xF7, 0x6C, 0xF8, 0x00, 0x2C, 0x07, 0xD1,
	0x01, 0x25, 0x00, 0x28, 0x06, 0xD0, 0xFD, 0xF7,
	0x81, 0xF8, 0x00, 0x28, 0xF1, 0xD0, 0x01, 0xE0,
	0x45, 0x42, 0x45, 0x41, 0x0A, 0x4C, 0x25, 0x70,
	0x00, 0x20, 0xFC, 0xF7, 0x8F, 0xFF, 0x04, 0x20,
	0xFC, 0xF7, 0x8C, 0xFF, 0x20, 0x78, 0x00, 0x28,
	0x01, 0xD0, 0x01, 0x20, 0x00, 0xE0, 0x03, 0x20,
	0x61, 0x1E, 0x08, 0x70, 0x20, 0x78, 0xFC, 0xF7,
	0x91, 0xFF, 0x20, 0x78, 0xB0, 0xBD, 0xC0, 0x46,
	0x0B, 0x00, 0x00, 0x20, 0x11, 0x49, 0x09, 0x68,
	0xC1, 0x40, 0x01, 0x20, 0x08, 0x40, 0x70, 0x47,
	0x01, 0x21, 0x81, 0x40, 0x72, 0xB6, 0x0D, 0x48,
	0x02, 0x68, 0x8A, 0x43, 0x02, 0x60, 0x62, 0xB6,
	0x70, 0x47, 0xC0, 0x46, 0x09, 0x48, 0x00, 0x21,
	0x01, 0x60, 0x72, 0xB6, 0x01, 0x68, 0x10, 0x22,
	0x0A, 0x43, 0x02, 0x60, 0x62, 0xB6, 0x70, 0x47,
	0x01, 0x21, 0x81, 0x40, 0x72, 0xB6, 0x03, 0x48,
	0x02, 0x68, 0x0A, 0x43, 0x02, 0x60, 0x62, 0xB6,
	0x70, 0x47, 0xC0, 0x46, 0xA0, 0x0A, 0x00, 0x20,
	0x70, 0xB5, 0xF0, 0x4E, 0x70, 0x6D, 0x00, 0x28,
	0x00, 0xD0, 0x70, 0xBD, 0xFC, 0xF7, 0x4A, 0xFA,
	0xFD, 0xF7, 0xAE, 0xF8, 0x00, 0x28, 0x33, 0xD1,
	0xFD, 0xF7, 0x54, 0xFB, 0x02, 0x28, 0x2F, 0xD0,
	0x20, 0x20, 0xFC, 0xF7, 0x2B, 0xFA, 0x00, 0x28,
	0x0B, 0xD0, 0xFD, 0xF7, 0xC3, 0xFE, 0x01, 0x28,
	0x26, 0xD0, 0x01, 0x25, 0x6C, 0x02, 0x7D, 0x20,
	0xC3, 0x00, 0x20, 0x48, 0x81, 0x1C, 0x21, 0x4A,
	0x10, 0xE0, 0x40, 0x20, 0xFC, 0xF7, 0x1A, 0xFA,
	0x00, 0x28, 0x19, 0xD0, 0xFD, 0xF7, 0xB2, 0xFE,
	0x00, 0x28, 0x15, 0xD0, 0x01, 0x20, 0x84, 0x02,
	0x18, 0x48, 0xC1, 0x1C, 0x40, 0x1C, 0x00, 0x25,
	0x32, 0x22, 0x17, 0x4B, 0x00, 0x78, 0x58, 0x43,
	0x00, 0xB2, 0x09, 0x78, 0x51, 0x43, 0x09, 0xB2,
	0xFD, 0xF7, 0x74, 0xFF, 0x28, 0x46, 0xFD, 0xF7,
	0xDD, 0xFE, 0x20, 0x46, 0xFC, 0xF7, 0x64, 0xFD,
	0x02, 0x20, 0xFC, 0xF7, 0xFB, 0xF9, 0x00, 0x28,
	0x0D, 0xD0, 0x01, 0x20, 0x80, 0x07, 0xD1, 0x49,
	0xD1, 0x4A, 0xFD, 0xF7, 0x99, 0xF9, 0xBF, 0xF3,
	0x4F, 0x8F, 0xD0, 0x48, 0xD0, 0x49, 0x01, 0x60,
	0xBF, 0xF3, 0x4F, 0x8F, 0xFE, 0xE7, 0xFC, 0xF7,
	0x37, 0xFD, 0x04, 0x48, 0x00, 0x79, 0xFC, 0xF7,
	0x85, 0xFF, 0xFE, 0xF7, 0xA3, 0xFA, 0x01, 0x20,
	0x70, 0x65, 0x70, 0xBD, 0x8C, 0x03, 0x00, 0x20,
	0x18, 0xFC, 0x00, 0x00, 0xCE, 0xFF, 0x00, 0x00,
	0x10, 0xB5, 0xCF, 0x48, 0x80, 0x68, 0x00, 0x28,
	0x00, 0xDD, 0x10, 0xBD, 0x12, 0x4C, 0x20, 0x78,
	0x61, 0x78, 0x81, 0x42, 0x07, 0xD0, 0x60, 0x70,
	0x81, 0x00, 0x61, 0x18, 0x49, 0x68, 0x00, 0x29,
	0x01, 0xD0, 0x88, 0x47, 0x20, 0x78, 0x05, 0x28,
	0xEF, 0xD8, 0xC0, 0x46, 0x78, 0x44, 0x00, 0x79,
	0x40, 0x00, 0x87, 0x44, 0x03, 0x09, 0x06, 0x02,
	0x02, 0x0C, 0xE6, 0xE7, 0x00, 0xF0, 0x22, 0xFE,
	0x07, 0xE0, 0x00, 0xF0, 0x9D, 0xFB, 0x04, 0xE0,
	0x00, 0xF0, 0x8E, 0xFC, 0x01, 0xE0, 0x00, 0xF0,
	0x29, 0xFD, 0x00, 0xF0, 0x2B, 0xFE, 0x10, 0xBD,
	0x8C, 0x04, 0x00, 0x20, 0x8A, 0xB0, 0x9C, 0x48,
	0x14, 0x27, 0x39, 0x46, 0xFB, 0xF7, 0x53, 0xFE,
	0x9A, 0x48, 0x22, 0x24, 0x21, 0x46, 0xFB, 0xF7,
	0x4E, 0xFE, 0x99, 0x48, 0x20, 0x25, 0x29, 0x46,
	0xFB, 0xF7, 0x49, 0xFE, 0x97, 0x4A, 0x10, 0x46,
	0x0C, 0x38, 0x00, 0x21, 0x01, 0x91, 0xCE, 0x43,
	0x06, 0x60, 0x55, 0x60, 0x94, 0x48, 0x90, 0x49,
	0x3A, 0x46, 0xFB, 0xF7, 0x23, 0xFE, 0x93, 0x4D,
	0x8E, 0x48, 0x90, 0x4F, 0x29, 0x46, 0x22, 0x46,
	0xFB, 0xF7, 0x1C, 0xFE, 0x90, 0x48, 0x29, 0x46,
	0x22, 0x46, 0x34, 0x46, 0xFB, 0xF7, 0x16, 0xFE,
	0x8E, 0x48, 0x20, 0x30, 0x8E, 0x49, 0x08, 0x60,
	0xFF, 0xF7, 0x28, 0xFF, 0x00, 0xF0, 0x2E, 0xF9,
	0x01, 0x25, 0x28, 0x46, 0xFC, 0xF7, 0xDC, 0xFC,
	0x02, 0x95, 0x8A, 0x48, 0xFE, 0xF7, 0xB4, 0xF8,
	0x9B, 0x48, 0x40, 0x6C, 0x00, 0x28, 0x07, 0xD1,
	0xFD, 0xF7, 0x90, 0xFA, 0x02, 0x28, 0x01, 0xD0,
	0x00, 0xF0, 0xFC, 0xFA, 0x96, 0x48, 0x44, 0x64,
	0xFF, 0xF7, 0x26, 0xFF, 0x00, 0xF0, 0xF0, 0xFD,
	0x00, 0xF0, 0x72, 0xF9, 0x82, 0x48, 0x00, 0x78,
	0x78, 0x44, 0x00, 0x79, 0x40, 0x00, 0x87, 0x44,
	0x02, 0x55, 0x1D, 0x2D, 0x19, 0x78, 0x02, 0x26,
	0x7A, 0x48, 0x31, 0x46, 0xFE, 0xF7, 0x9C, 0xF8,
	0x79, 0x48, 0x06, 0x70, 0x78, 0x68, 0xC0, 0x07,
	0x69, 0xD0, 0x28, 0x46, 0xFC, 0xF7, 0x12, 0xFE,
	0x00, 0xF0, 0x9A, 0xFE, 0x28, 0x46, 0x00, 0xF0,
	0xB7, 0xFD, 0x00, 0x20, 0x00, 0xF0, 0xBE, 0xFD,
	0x2E, 0x46, 0x9C, 0xE0, 0x00, 0xF0, 0x38, 0xFE,
	0x05, 0x26, 0x98, 0xE0, 0x00, 0xF0, 0x9E, 0xFE,
	0x00, 0x26, 0x30, 0x46, 0xFC, 0xF7, 0xFE, 0xFD,
	0x00, 0xF0, 0x7C, 0xFE, 0x6A, 0x48, 0x05, 0x70,
	0x68, 0x48, 0x31, 0x46, 0xFE, 0xF7, 0x78, 0xF8,
	0x03, 0x26, 0x88, 0xE0, 0x01, 0x26, 0x30, 0x46,
	0xFC, 0xF7, 0x28, 0xF9, 0x00, 0x28, 0x05, 0xD0,
	0xF1, 0x03, 0x00, 0x20, 0xFD, 0xF7, 0xD0, 0xFF,
	0x61, 0x49, 0x48, 0x80, 0x02, 0x20, 0xFC, 0xF7,
	0x1D, 0xF9, 0x00, 0x28, 0x00, 0xD0, 0x9A, 0xE0,
	0x25, 0x46, 0x08, 0x20, 0xFC, 0xF7, 0x16, 0xF9,
	0x39, 0x46, 0x07, 0x46, 0x5D, 0x48, 0x00, 0x78,
	0x0C, 0x46, 0x49, 0x68, 0xC9, 0x05, 0x5A, 0xD4,
	0x00, 0x28, 0x60, 0xD0, 0x00, 0x20, 0x59, 0x49,
	0x08, 0x70, 0x00, 0xF0, 0x6B, 0xFE, 0x00, 0xF0,
	0x4D, 0xFE, 0x58, 0xE0, 0xFC, 0xF7, 0x7C, 0xFF,
	0x00, 0x28, 0x06, 0xD1, 0x38, 0x68, 0x40, 0x07,
	0x03, 0xD5, 0x61, 0x48, 0x40, 0x6A, 0x00, 0x28,
	0x58, 0xD0, 0xFF, 0xF7, 0x1D, 0xFF, 0x10, 0x20,
	0xFC, 0xF7, 0xF4, 0xF8, 0x00, 0x28, 0x2E, 0x46,
	0x03, 0xD0, 0x00, 0x20, 0x00, 0xF0, 0x6A, 0xFD,
	0x02, 0x26, 0x78, 0x68, 0xC0, 0x07, 0x46, 0xD1,
	0x00, 0xF0, 0x4C, 0xFE, 0x00, 0xF0, 0x2E, 0xFE,
	0x00, 0x20, 0x00, 0xF0, 0x5F, 0xFD, 0x04, 0x26,
	0x3D, 0xE0, 0xFC, 0xF7, 0xCF, 0xFD, 0x00, 0x28,
	0x08, 0xD0, 0x42, 0x48, 0x40, 0x78, 0x00, 0x28,
	0x04, 0xD1, 0x40, 0x48, 0x45, 0x70, 0x80, 0x20,
	0xFC, 0xF7, 0x3A, 0xFC, 0x00, 0xF0, 0xE2, 0xFD,
	0x78, 0x68, 0xC0, 0x07, 0x01, 0xD1, 0x05, 0x26,
	0x09, 0xE0, 0x01, 0x9E, 0x39, 0x48, 0x46, 0x70,
	0x00, 0xF0, 0x7C, 0xF8, 0x01, 0x20, 0xFC, 0xF7,
	0x8D, 0xFD, 0x00, 0xF0, 0xB9, 0xFD, 0x10, 0x20,
	0xFC, 0xF7, 0xC0, 0xF8, 0x00, 0x28, 0x1A, 0xD0,
	0x00, 0x20, 0x32, 0x49, 0x48, 0x70, 0x00, 0xF0,
	0x35, 0xFD, 0x00, 0xF0, 0x6B, 0xF8, 0x00, 0xF0,
	0xAB, 0xFD, 0x02, 0x26, 0x0F, 0xE0, 0x00, 0x28,
	0x05, 0xD1, 0x2C, 0x48, 0x06, 0x70, 0x00, 0xF0,
	0xFF, 0xFD, 0x00, 0xF0, 0x79, 0xF8, 0x00, 0x2F,
	0x01, 0xD1, 0x03, 0x26, 0x00, 0xE0, 0x00, 0x26,
	0x27, 0x46, 0x2C, 0x46, 0x02, 0x9D, 0x24, 0x48,
	0x06, 0x70, 0x2A, 0xE7, 0x32, 0x48, 0x80, 0x6A,
	0x00, 0x28, 0xA2, 0xD0, 0x00, 0xF0, 0xD6, 0xFC,
	0x00, 0x28, 0x9E, 0xD0, 0x19, 0x48, 0x00, 0x78,
	0xFD, 0xF7, 0x66, 0xFF, 0x00, 0x21, 0xCA, 0xB2,
	0x90, 0x42, 0x05, 0xD3, 0x15, 0x4B, 0x9B, 0x5C,
	0x03, 0xAE, 0xB3, 0x54, 0x49, 0x1C, 0xF6, 0xE7,
	0x38, 0x68, 0x04, 0x21, 0x88, 0x43, 0x38, 0x60,
	0x38, 0x68, 0x17, 0x49, 0x08, 0x60, 0x03, 0xA8,
	0xFC, 0xF7, 0x20, 0xFB, 0x85, 0xE7, 0xB0, 0x07,
	0x14, 0x49, 0x15, 0x4A, 0xFD, 0xF7, 0x20, 0xF8,
	0xBF, 0xF3, 0x4F, 0x8F, 0x13, 0x48, 0x14, 0x49,
	0x01, 0x60, 0xBF, 0xF3, 0x4F, 0x8F, 0xFE, 0xE7,
	0x60, 0x02, 0x00, 0x20, 0x70, 0x03, 0x00, 0x20,
	0x00, 0x01, 0x00, 0x20, 0x6C, 0x02, 0x00, 0x20,
	0x20, 0x00, 0x00, 0x20, 0x70, 0x04, 0x00, 0x00,
	0x90, 0x00, 0x00, 0x20, 0x50, 0x00, 0x00, 0x20,
	0x50, 0x05, 0x00, 0x20, 0x00, 0xF4, 0x06, 0x14,
	0x0A, 0x00, 0x00, 0x20, 0xB0, 0x06, 0x00, 0x20,
	0x31, 0x04, 0x00, 0x20, 0x78, 0x04, 0x00, 0x20,
	0x2C, 0x00, 0x00, 0x20, 0x80, 0xDE, 0x80, 0x02,
	0x88, 0x13, 0x00, 0x00, 0x0C, 0xED, 0x00, 0xE0,
	0x04, 0x00, 0xFA, 0x05, 0x80, 0xB5, 0xFC, 0xF7,
	0x41, 0xF9, 0x00, 0xF0, 0x05, 0xFA, 0x00, 0xF0,
	0x51, 0xF8, 0xE6, 0x48, 0x01, 0x21, 0x41, 0x65,
	0x03, 0x21, 0x41, 0x62, 0x17, 0x21, 0x81, 0x62,
	0x00, 0x21, 0xC1, 0x65, 0x80, 0xBD, 0xC0, 0x46,
	0xB0, 0x06, 0x00, 0x20, 0x01, 0x48, 0x00, 0x79,
	0x70, 0x47, 0xC0, 0x46, 0xC8, 0x04, 0x00, 0x20,
	0xB0, 0xB5, 0xFC, 0xF7, 0xF5, 0xFE, 0x16, 0x48,
	0x00, 0x68, 0x80, 0x06, 0x0C, 0xD5, 0xDC, 0x48,
	0xC0, 0x8A, 0x14, 0x49, 0x88, 0x42, 0x01, 0xD2,
	0x01, 0x20, 0x03, 0xE0, 0x12, 0x49, 0x88, 0x42,
	0x02, 0xD3, 0x00, 0x20, 0xFD, 0xF7, 0xFA, 0xFC,
	0x10, 0x4D, 0x28, 0x78, 0xAA, 0x78, 0x6B, 0x78,
	0x0A, 0x24, 0x21, 0x46, 0xFD, 0xF7, 0xDA, 0xFC,
	0x7D, 0x21, 0xCA, 0x00, 0xE8, 0x78, 0x50, 0x43,
	0x89, 0x00, 0xFD, 0xF7, 0x29, 0xFD, 0x00, 0xF0,
	0x83, 0xFD, 0xE4, 0xB2, 0x28, 0x79, 0x84, 0x42,
	0x05, 0xD2, 0x00, 0x20, 0x32, 0x21, 0xFD, 0xF7,
	0x75, 0xFD, 0x64, 0x1C, 0xF5, 0xE7, 0xB0, 0xBD,
	0x70, 0x02, 0x00, 0x20, 0x70, 0x17, 0x00, 0x00,
	0x59, 0x1B, 0x00, 0x00, 0x7D, 0x03, 0x00, 0x20,
	0xBF, 0x48, 0xC0, 0x68, 0x41, 0x1E, 0x88, 0x41,
	0x70, 0x47, 0xC0, 0x46, 0xBC, 0x48, 0x00, 0x21,
	0x41, 0x60, 0x81, 0x60, 0xC1, 0x60, 0x70, 0x47,
	0xF8, 0xB5, 0xB9, 0x4D, 0x28, 0x7B, 0x80, 0x07,
	0x0B, 0xD4, 0xFC, 0xF7, 0xCB, 0xFD, 0x00, 0x28,
	0x07, 0xD0, 0x01, 0x20, 0x00, 0x02, 0xFB, 0xF7,
	0x7F, 0xFF, 0x28, 0x7B, 0x02, 0x21, 0x01, 0x43,
	0x29, 0x73, 0xFC, 0xF7, 0xD5, 0xFD, 0x00, 0x28,
	0x13, 0xD0, 0xB0, 0x48, 0x01, 0x6D, 0x00, 0x29,
	0x13, 0xD1, 0x00, 0x21, 0xC9, 0x43, 0x01, 0x65,
	0x02, 0x24, 0x20, 0x46, 0xFC, 0xF7, 0xE6, 0xFC,
	0x9C, 0x20, 0xFD, 0xF7, 0x63, 0xFA, 0xFC, 0xF7,
	0xC9, 0xFC, 0x20, 0x46, 0xFC, 0xF7, 0xE6, 0xFC,
	0x03, 0xE0, 0x00, 0x20, 0xC0, 0x43, 0xA5, 0x49,
	0x08, 0x65, 0x68, 0x78, 0x00, 0x28, 0x0A, 0xD0,
	0xA2, 0x4C, 0xE0, 0x6B, 0x00, 0x28, 0x29, 0xD1,
	0xFC, 0xF7, 0xB2, 0xFD, 0x00, 0x28, 0x16, 0xD0,
	0x00, 0x20, 0x28, 0x72, 0x20, 0xE0, 0x07, 0x20,
	0xFF, 0xF7, 0xA2, 0xFC, 0x00, 0x28, 0x1D, 0xD0,
	0x28, 0x7B, 0x80, 0x21, 0x01, 0x43, 0x29, 0x73,
	0x01, 0x24, 0xA0, 0x03, 0xFB, 0xF7, 0x44, 0xFF,
	0x00, 0x20, 0x28, 0x72, 0x95, 0x48, 0x0A, 0x21,
	0xC1, 0x63, 0x6C, 0x70, 0x0E, 0xE0, 0x28, 0x7A,
	0x40, 0x1C, 0x28, 0x72, 0xC0, 0xB2, 0x0A, 0x28,
	0x06, 0xD3, 0x00, 0x20, 0x28, 0x72, 0x68, 0x70,
	0x28, 0x7B, 0x7F, 0x21, 0x01, 0x40, 0x29, 0x73,
	0x0A, 0x20, 0xE0, 0x63, 0x8C, 0x48, 0x00, 0x78,
	0x01, 0x28, 0x00, 0xD1, 0x0F, 0xE1, 0x09, 0x20,
	0xFF, 0xF7, 0x24, 0xFD, 0x00, 0x28, 0x57, 0xD0,
	0x29, 0x7B, 0x88, 0x07, 0x07, 0xD5, 0xFC, 0xF7,
	0x65, 0xFD, 0x29, 0x7B, 0x00, 0x28, 0x02, 0xD1,
	0xFD, 0x20, 0x01, 0x40, 0x29, 0x73, 0xC8, 0x07,
	0x07, 0xD0, 0xFC, 0xF7, 0x55, 0xFD, 0x00, 0x28,
	0x03, 0xD1, 0x28, 0x7B, 0xFE, 0x21, 0x01, 0x40,
	0x29, 0x73, 0xFF, 0xF7, 0x37, 0xFF, 0x00, 0x28,
	0x17, 0xD0, 0x28, 0x7B, 0x01, 0x07, 0x1A, 0xD4,
	0x7A, 0x49, 0xC9, 0x88, 0x7A, 0x4A, 0x52, 0x8B,
	0x8A, 0x42, 0x12, 0xD9, 0xA9, 0x78, 0x49, 0x1C,
	0xA9, 0x70, 0xC9, 0xB2, 0x03, 0x29, 0x0E, 0xD3,
	0x01, 0x20, 0xC0, 0x02, 0xFB, 0xF7, 0xF8, 0xFE,
	0x29, 0x7B, 0x08, 0x20, 0x08, 0x43, 0x28, 0x73,
	0x05, 0xE0, 0x00, 0x20, 0xA8, 0x70, 0x28, 0x7B,
	0x01, 0xE0, 0x00, 0x21, 0xA9, 0x70, 0x41, 0x07,
	0x02, 0xD4, 0x6D, 0x49, 0x49, 0x8B, 0x11, 0xE0,
	0x00, 0x21, 0x6A, 0x4A, 0x53, 0x5E, 0xFA, 0x49,
	0x49, 0x8B, 0x7D, 0x24, 0xE4, 0x00, 0xA3, 0x42,
	0x08, 0xDB, 0x12, 0x88, 0x67, 0x4B, 0xD2, 0x18,
	0x12, 0xB2, 0x8A, 0x42, 0x02, 0xDD, 0xFB, 0x22,
	0x10, 0x40, 0x28, 0x73, 0x02, 0x07, 0x04, 0xD5,
	0x95, 0x29, 0x02, 0xD8, 0xF7, 0x21, 0x08, 0x40,
	0x28, 0x73, 0x09, 0x20, 0xFF, 0xF7, 0xD0, 0xFC,
	0x28, 0x7B, 0xC0, 0x07, 0x0A, 0xD1, 0xFC, 0xF7,
	0x07, 0xFD, 0x00, 0x28, 0x06, 0xD0, 0x80, 0x20,
	0xFB, 0xF7, 0xC2, 0xFE, 0x28, 0x7B, 0x01, 0x21,
	0x01, 0x43, 0x29, 0x73, 0x02, 0x24, 0x20, 0x46,
	0xFF, 0xF7, 0x0E, 0xFC, 0x69, 0x7B, 0xAA, 0x7B,
	0x12, 0x02, 0x51, 0x18, 0xEA, 0x7B, 0x12, 0x04,
	0x89, 0x18, 0x01, 0x26, 0x0A, 0x46, 0x32, 0x40,
	0x00, 0x28, 0x19, 0xD0, 0x00, 0x2A, 0x17, 0xD1,
	0x00, 0xF0, 0x84, 0xFB, 0x01, 0x28, 0x01, 0xD8,
	0xF0, 0x02, 0x00, 0xE0, 0x40, 0x20, 0xFB, 0xF7,
	0xA3, 0xFE, 0xFD, 0xF7, 0xF3, 0xFA, 0xEA, 0x48,
	0x0A, 0x21, 0x81, 0x63, 0x68, 0x7B, 0xA9, 0x7B,
	0x09, 0x02, 0x08, 0x18, 0xE9, 0x7B, 0x09, 0x04,
	0x41, 0x18, 0x31, 0x43, 0x69, 0x73, 0x32, 0x46,
	0x00, 0x2A, 0x0D, 0xD0, 0xDB, 0x48, 0x40, 0x8B,
	0x95, 0x28, 0x09, 0xD8, 0xE0, 0x48, 0x80, 0x6B,
	0x00, 0x28, 0x05, 0xD1, 0x08, 0x0A, 0xA8, 0x73,
	0x08, 0x0C, 0xB1, 0x43, 0x69, 0x73, 0xE8, 0x73,
	0x05, 0x20, 0xFF, 0xF7, 0xD5, 0xFB, 0x00, 0x28,
	0x09, 0xD0, 0x7D, 0x20, 0xC0, 0x00, 0x18, 0x30,
	0xFB, 0xF7, 0x7A, 0xFE, 0x28, 0x7B, 0x10, 0x21,
	0x01, 0x43, 0x29, 0x73, 0x02, 0xE0, 0x28, 0x7B,
	0xC0, 0x06, 0x07, 0xD5, 0xFC, 0xF7, 0xCA, 0xFB,
	0x00, 0x28, 0x03, 0xD1, 0x28, 0x7B, 0xEF, 0x21,
	0x01, 0x40, 0x29, 0x73, 0x06, 0x20, 0xFF, 0xF7,
	0xBB, 0xFB, 0x00, 0x28, 0x02, 0xD0, 0x30, 0x02,
	0xFC, 0xF7, 0x2A, 0xFA, 0xFD, 0xF7, 0x62, 0xFB,
	0x00, 0x28, 0x03, 0xD0, 0xC8, 0x48, 0x0A, 0x21,
	0x01, 0x66, 0x13, 0xE0, 0xC6, 0x4F, 0x38, 0x6E,
	0x00, 0x28, 0x0F, 0xD1, 0xFC, 0xF7, 0xA6, 0xFB,
	0x00, 0x28, 0x0B, 0xD0, 0x00, 0x20, 0xC1, 0x43,
	0x39, 0x66, 0x00, 0xF0, 0x2B, 0xFB, 0x80, 0x20,
	0xFC, 0xF7, 0x12, 0xFA, 0x28, 0x7B, 0x40, 0x21,
	0x01, 0x43, 0x29, 0x73, 0x28, 0x7B, 0x40, 0x06,
	0x07, 0xD5, 0xFC, 0xF7, 0x93, 0xFB, 0x00, 0x28,
	0x03, 0xD1, 0x28, 0x7B, 0xBF, 0x21, 0x01, 0x40,
	0x29, 0x73, 0x09, 0x20, 0xFF, 0xF7, 0x8C, 0xFB,
	0x69, 0x7B, 0x21, 0x40, 0x00, 0x28, 0x08, 0xD0,
	0x00, 0x29, 0x06, 0xD1, 0x70, 0x03, 0xFB, 0xF7,
	0x2F, 0xFE, 0x68, 0x7B, 0x20, 0x43, 0x68, 0x73,
	0x01, 0xE0, 0x00, 0x29, 0x0C, 0xD0, 0xFB, 0xF7,
	0x95, 0xFC, 0x00, 0x28, 0x08, 0xD1, 0x68, 0x7B,
	0xA9, 0x7B, 0x09, 0x02, 0x08, 0x18, 0xE9, 0x7B,
	0x09, 0x04, 0x40, 0x18, 0xA0, 0x43, 0x68, 0x73,
	0xE8, 0x68, 0x07, 0x49, 0x08, 0x80, 0xF8, 0xBD,
	0x7C, 0x04, 0x00, 0x20, 0xB0, 0x06, 0x00, 0x20,
	0x0A, 0x00, 0x00, 0x20, 0x70, 0x03, 0x00, 0x20,
	0xB6, 0x08, 0x00, 0x20, 0x18, 0xFC, 0xFF, 0xFF,
	0xE8, 0x03, 0x00, 0x20, 0xB0, 0xB5, 0x10, 0x4A,
	0x10, 0x88, 0x10, 0x49, 0x0B, 0x88, 0x4C, 0x88,
	0xE3, 0x18, 0x0F, 0x4C, 0x83, 0x42, 0x01, 0xD2,
	0xFB, 0x20, 0x0B, 0xE0, 0xE0, 0x78, 0x43, 0xB2,
	0x00, 0x2B, 0x00, 0xD4, 0x00, 0x23, 0x12, 0x88,
	0x4D, 0x88, 0xAA, 0x18, 0x09, 0x88, 0x8A, 0x42,
	0x00, 0xD3, 0x18, 0x46, 0x07, 0x49, 0x09, 0x68,
	0x49, 0x07, 0x04, 0xD4, 0x40, 0xB2, 0xFD, 0xF7,
	0xAF, 0xFD, 0x00, 0x20, 0xA0, 0x72, 0xB0, 0xBD,
	0x04, 0x01, 0x00, 0x20, 0x78, 0x03, 0x00, 0x20,
	0xCD, 0x04, 0x00, 0x20, 0x6C, 0x02, 0x00, 0x20,
	0x0A, 0x48, 0x0B, 0x49, 0x41, 0x63, 0x0B, 0x49,
	0x0B, 0x4A, 0x0C, 0x4B, 0x03, 0x62, 0x42, 0x62,
	0x81, 0x62, 0x0B, 0x49, 0x81, 0x61, 0x0B, 0x49,
	0x0B, 0x4A, 0x0C, 0x4B, 0x43, 0x60, 0x82, 0x60,
	0xC1, 0x60, 0x05, 0x21, 0x09, 0x02, 0x01, 0x80,
	0x70, 0x47, 0xC0, 0x46, 0x8C, 0x04, 0x00, 0x20,
	0x3D, 0x50, 0x00, 0x00, 0x71, 0x4D, 0x00, 0x00,
	0xC9, 0x4E, 0x00, 0x00, 0xC1, 0x50, 0x00, 0x00,
	0x2D, 0x50, 0x00, 0x00, 0x55, 0x4D, 0x00, 0x00,
	0xB1, 0x4E, 0x00, 0x00, 0xDB, 0x03, 0x00, 0x00,
	0xB0, 0xB5, 0xFC, 0xF7, 0x95, 0xFC, 0x00, 0x28,
	0x0C, 0xD0, 0xFC, 0xF7, 0x77, 0xFC, 0xFD, 0xF7,
	0xE3, 0xFC, 0x0B, 0x21, 0x41, 0x43, 0x0B, 0x31,
	0x48, 0x08, 0x0F, 0x30, 0xB4, 0x49, 0x48, 0x60,
	0xFC, 0xF7, 0x10, 0xFC, 0xB1, 0x4C, 0x20, 0x46,
	0xFC, 0xF7, 0x4A, 0xF8, 0x03, 0x28, 0x1E, 0xD1,
	0x20, 0x78, 0x02, 0x28, 0x00, 0xD1, 0x84, 0xE0,
	0x06, 0x28, 0x21, 0xD0, 0x51, 0x28, 0x3D, 0xD0,
	0x81, 0x28, 0x31, 0xD0, 0x71, 0x28, 0x5C, 0xD1,
	0x5B, 0x48, 0x01, 0x78, 0x00, 0x29, 0x13, 0xD1,
	0xA7, 0x49, 0x5A, 0x22, 0x4A, 0x60, 0x00, 0x21,
	0x41, 0x70, 0x62, 0x78, 0x57, 0x49, 0xCA, 0x70,
	0x04, 0x22, 0xA2, 0x56, 0x02, 0x25, 0x00, 0x2A,
	0x72, 0xDA, 0x2A, 0x46, 0x71, 0xE0, 0xA0, 0x48,
	0x40, 0x68, 0x00, 0x28, 0x00, 0xD0, 0x87, 0xE0,
	0x00, 0xF0, 0xB0, 0xF8, 0x00, 0x25, 0x84, 0xE0,
	0x4D, 0x48, 0x01, 0x78, 0x03, 0x29, 0xF7, 0xD1,
	0x99, 0x49, 0x5A, 0x22, 0x4A, 0x60, 0x41, 0x78,
	0x49, 0x1C, 0x41, 0x70, 0x60, 0x78, 0xCD, 0x28,
	0x00, 0xD3, 0xCD, 0x20, 0x05, 0x28, 0x00, 0xD8,
	0x05, 0x20, 0xF1, 0x49, 0x88, 0x70, 0x6F, 0xE0,
	0x43, 0x48, 0x01, 0x78, 0x02, 0x29, 0xE3, 0xD1,
	0xEB, 0x49, 0x5A, 0x22, 0x4A, 0x60, 0x03, 0x21,
	0x01, 0x70, 0x65, 0xE0, 0x21, 0x79, 0x07, 0x20,
	0xCA, 0x08, 0x01, 0x40, 0xE8, 0x4B, 0x99, 0x73,
	0x5A, 0x73, 0x3B, 0x49, 0x0A, 0x78, 0x03, 0x2A,
	0xD2, 0xD1, 0xE2, 0x78, 0x02, 0x40, 0x48, 0x78,
	0x90, 0x42, 0xCD, 0xD1, 0x61, 0x79, 0x88, 0x06,
	0x80, 0x0F, 0x2C, 0x4A, 0x10, 0x5C, 0x49, 0x06,
	0xC9, 0x0F, 0xFC, 0xF7, 0xA7, 0xFE, 0x60, 0x78,
	0x3F, 0x21, 0x01, 0x40, 0x28, 0x48, 0x01, 0x70,
	0x10, 0x20, 0xFC, 0xF7, 0x01, 0xF9, 0x05, 0x25,
	0x43, 0xE0, 0x2D, 0x49, 0x0A, 0x78, 0x03, 0x2A,
	0x38, 0xD1, 0x02, 0x46, 0x28, 0x3A, 0x10, 0x2A,
	0x2F, 0xD9, 0x02, 0x46, 0x68, 0x3A, 0x1C, 0x2A,
	0x25, 0xD9, 0x02, 0x46, 0x18, 0x3A, 0x02, 0x2A,
	0x2C, 0xD3, 0x48, 0x28, 0x2A, 0xD0, 0x58, 0x28,
	0x28, 0xD0, 0xA4, 0x28, 0x26, 0xD0, 0xC4, 0x28,
	0x24, 0xD0, 0xE2, 0x28, 0x22, 0xD0, 0x00, 0xF0,
	0x51, 0xF8, 0xC9, 0x48, 0x32, 0x21, 0x81, 0x60,
	0x9C, 0xE7, 0x60, 0x78, 0xC7, 0x49, 0x08, 0x70,
	0x04, 0x20, 0xFB, 0xF7, 0x11, 0xFD, 0x95, 0xE7,
	0x03, 0x22, 0x02, 0x70, 0xE0, 0x78, 0xA2, 0x78,
	0x12, 0x02, 0x10, 0x18, 0x48, 0x81, 0x08, 0x20,
	0xFC, 0xF7, 0xCE, 0xF8, 0x11, 0xE0, 0x01, 0x23,
	0x93, 0x40, 0x0D, 0x4A, 0x13, 0x42, 0x05, 0xD1,
	0xD3, 0xE7, 0x01, 0x23, 0x93, 0x40, 0x09, 0x4A,
	0x13, 0x42, 0xCA, 0xD0, 0xDE, 0x48, 0x5A, 0x22,
	0x42, 0x60, 0x48, 0x78, 0x40, 0x1C, 0x48, 0x70,
	0x02, 0x25, 0x28, 0x46, 0xB0, 0xBD, 0xC0, 0x46,
	0xB6, 0x08, 0x00, 0x20, 0xF0, 0x53, 0x00, 0x00,
	0xA6, 0x00, 0x00, 0x20, 0x03, 0x00, 0x01, 0x00,
	0x01, 0x00, 0x01, 0x10, 0x04, 0x48, 0x00, 0x21,
	0x41, 0x70, 0x01, 0x70, 0xAE, 0x48, 0x41, 0x81,
	0x05, 0x21, 0x81, 0x70, 0x70, 0x47, 0xC0, 0x46,
	0xB4, 0x08, 0x00, 0x20, 0xB6, 0x08, 0x00, 0x20,
	0x05, 0x28, 0x07, 0xD1, 0xCC, 0x48, 0xCD, 0x49,
	0x01, 0x61, 0xCD, 0x49, 0xC1, 0x60, 0x19, 0x21,
	0x49, 0x01, 0x41, 0x60, 0x70, 0x47, 0xC0, 0x46,
	0xB0, 0x06, 0x00, 0x20, 0x80, 0xB5, 0x01, 0x20,
	0xFB, 0xF7, 0xC6, 0xFC, 0x80, 0xBD, 0x00, 0x00,
	0xF8, 0xB5, 0xCD, 0x4E, 0xF0, 0x78, 0x01, 0x24,
	0x02, 0x28, 0x22, 0xD0, 0x01, 0x28, 0x0E, 0xD0,
	0x00, 0x28, 0x72, 0xD1, 0x3F, 0x4C, 0x60, 0x88,
	0x00, 0x28, 0x03, 0xD0, 0x00, 0xF0, 0x7A, 0xFA,
	0x00, 0x20, 0x30, 0x71, 0x60, 0x88, 0xBA, 0x49,
	0x88, 0x60, 0x01, 0x27, 0x63, 0xE0, 0x37, 0x48,
	0x00, 0x68, 0x00, 0x07, 0x03, 0xD5, 0xFB, 0xF7,
	0x1D, 0xFE, 0x35, 0x49, 0x08, 0x80, 0x01, 0x24,
	0x34, 0x71, 0xFF, 0xF7, 0xD1, 0xFC, 0x33, 0x48,
	0x00, 0x88, 0xB1, 0x49, 0x48, 0x60, 0x02, 0x27,
	0x52, 0xE0, 0x88, 0x4D, 0x28, 0x46, 0xFB, 0xF7,
	0x3F, 0xFF, 0x03, 0x28, 0x28, 0xD1, 0x28, 0x78,
	0x02, 0x28, 0x3F, 0xD0, 0x01, 0x28, 0x42, 0xD1,
	0x00, 0x27, 0x77, 0x70, 0x00, 0xF0, 0x26, 0xF9,
	0x00, 0x28, 0x0C, 0xD0, 0xB0, 0x78, 0x69, 0x78,
	0x09, 0x1A, 0xCA, 0x17, 0x51, 0x40, 0x8C, 0x1A,
	0x06, 0x21, 0xFB, 0xF7, 0x9B, 0xF9, 0x84, 0x42,
	0x39, 0xD3, 0x00, 0xF0, 0xFF, 0xF8, 0x68, 0x78,
	0xB0, 0x70, 0x21, 0x28, 0x33, 0xD3, 0xE2, 0x48,
	0x5A, 0x21, 0x41, 0x60, 0xFC, 0xF7, 0xDE, 0xFA,
	0x68, 0x78, 0x76, 0x49, 0x48, 0x70, 0x04, 0x20,
	0xFC, 0xF7, 0x36, 0xF8, 0x02, 0x24, 0x23, 0xE0,
	0xDB, 0x48, 0x40, 0x68, 0x00, 0x28, 0x20, 0xD1,
	0x00, 0xF0, 0x00, 0xF9, 0x00, 0x28, 0x09, 0xD0,
	0x70, 0x78, 0x40, 0x1C, 0x70, 0x70, 0xC0, 0xB2,
	0x02, 0x28, 0x03, 0xD3, 0x00, 0x20, 0x70, 0x70,
	0x00, 0xF0, 0xDC, 0xF8, 0x00, 0xF0, 0x1E, 0xFA,
	0x02, 0x20, 0xFC, 0xF7, 0x1D, 0xF8, 0x01, 0x24,
	0x00, 0x27, 0x09, 0xE0, 0x68, 0x78, 0x65, 0x49,
	0x08, 0x70, 0x04, 0x20, 0x00, 0xE0, 0x01, 0x20,
	0xFB, 0xF7, 0x4A, 0xFC, 0x00, 0x27, 0x3C, 0x46,
	0xF7, 0x70, 0x20, 0x46, 0xF8, 0xBD, 0x01, 0x24,
	0xFA, 0xE7, 0xC0, 0x46, 0xA4, 0x0A, 0x00, 0x20,
	0xB0, 0x06, 0x00, 0x20, 0x70, 0x02, 0x00, 0x20,
	0x14, 0x01, 0x00, 0x20, 0x82, 0x03, 0x00, 0x20,
	0x87, 0x48, 0x02, 0x78, 0x00, 0x21, 0x00, 0x2A,
	0x0A, 0x46, 0x02, 0xD0, 0x00, 0x22, 0x02, 0x70,
	0x01, 0x22, 0x01, 0x71, 0xC2, 0x70, 0x70, 0x47,
	0x01, 0x28, 0x02, 0xD0, 0x80, 0x48, 0x00, 0x21,
	0x01, 0x71, 0x70, 0x47, 0x70, 0xB5, 0x00, 0xF0,
	0xCB, 0xF8, 0x4C, 0x4D, 0x28, 0x46, 0xFB, 0xF7,
	0xC7, 0xFE, 0x03, 0x28, 0x1E, 0xD1, 0x61, 0x4E,
	0x00, 0x24, 0xB4, 0x72, 0x19, 0x22, 0x50, 0x01,
	0xB1, 0x49, 0x48, 0x60, 0x28, 0x78, 0x43, 0x1E,
	0x06, 0x2B, 0x15, 0xD9, 0x01, 0x46, 0x51, 0x39,
	0x04, 0x29, 0x1B, 0xD9, 0x20, 0x28, 0x1D, 0xD0,
	0x22, 0x28, 0x1B, 0xD0, 0x81, 0x28, 0x19, 0xD0,
	0x71, 0x28, 0x17, 0xD0, 0x31, 0x28, 0x39, 0xD0,
	0x01, 0x20, 0xB0, 0x72, 0x20, 0x20, 0xFB, 0xF7,
	0xC7, 0xFF, 0x10, 0xE0, 0x00, 0x24, 0x0E, 0xE0,
	0x7B, 0x44, 0x1B, 0x79, 0x5B, 0x00, 0x9F, 0x44,
	0x03, 0x45, 0x4A, 0x2D, 0x0A, 0x09, 0x09, 0x00,
	0x02, 0x24, 0x04, 0xE0, 0x01, 0x23, 0x8B, 0x40,
	0x13, 0x42, 0xDF, 0xD0, 0x01, 0x24, 0x9C, 0x4D,
	0x68, 0x68, 0x00, 0x28, 0x07, 0xD1, 0xFD, 0xF7,
	0x15, 0xFD, 0x19, 0x20, 0x40, 0x01, 0x68, 0x60,
	0x44, 0x48, 0x01, 0x21, 0x01, 0x73, 0xE8, 0x68,
	0x00, 0x28, 0x06, 0xD0, 0x28, 0x69, 0x00, 0x28,
	0x08, 0xD0, 0x00, 0x2C, 0x09, 0xD1, 0x05, 0x20,
	0x70, 0xBD, 0x00, 0x20, 0xC0, 0x43, 0xE8, 0x60,
	0x08, 0x24, 0x02, 0xE0, 0x4B, 0x48, 0x28, 0x61,
	0x10, 0x24, 0x20, 0x46, 0xFB, 0xF7, 0xCC, 0xFB,
	0x00, 0x20, 0x70, 0xBD, 0x8C, 0x4A, 0x11, 0x79,
	0x31, 0x28, 0x01, 0xD1, 0x00, 0x29, 0x03, 0xD0,
	0x04, 0x28, 0x1F, 0xD1, 0x02, 0x29, 0x1D, 0xD1,
	0xB0, 0x78, 0x42, 0x1C, 0xD1, 0xB2, 0x00, 0x20,
	0x02, 0x29, 0x03, 0x46, 0x00, 0xD8, 0x13, 0x46,
	0xB3, 0x70, 0x02, 0x29, 0x00, 0xD9, 0x01, 0x20,
	0x44, 0x01, 0xC4, 0xE7, 0x68, 0x78, 0x15, 0x49,
	0x08, 0x70, 0x04, 0x24, 0xBF, 0xE7, 0x68, 0x78,
	0x12, 0x4A, 0x90, 0x70, 0x01, 0x22, 0xB2, 0x72,
	0xF2, 0x71, 0xF0, 0x70, 0x7A, 0x48, 0x80, 0x78,
	0x48, 0x64, 0xB4, 0xE7, 0x00, 0x24, 0xB4, 0x70,
	0x31, 0x28, 0x04, 0xD1, 0xE8, 0x78, 0xA9, 0x78,
	0x09, 0x02, 0x08, 0x18, 0x00, 0xE0, 0x68, 0x78,
	0x0A, 0x49, 0x08, 0x80, 0x0A, 0x48, 0x00, 0x78,
	0x09, 0x88, 0x0C, 0x32, 0xFD, 0xF7, 0x4A, 0xFC,
	0x00, 0x28, 0xA0, 0xD0, 0x01, 0x20, 0xF0, 0x72,
	0x44, 0x02, 0x9C, 0xE7, 0xA4, 0x0A, 0x00, 0x20,
	0xB0, 0x06, 0x00, 0x20, 0x0B, 0x01, 0x00, 0x20,
	0xB6, 0x08, 0x00, 0x20, 0x0E, 0x01, 0x00, 0x20,
	0x86, 0x03, 0x00, 0x20, 0x11, 0x48, 0x00, 0x21,
	0xC1, 0x72, 0x70, 0x47, 0x80, 0xB5, 0x0F, 0x48,
	0xC0, 0x1C, 0x0A, 0x21, 0xFB, 0xF7, 0x83, 0xF8,
	0x80, 0xBD, 0xC0, 0x46, 0x05, 0x28, 0x03, 0xD0,
	0x0A, 0x48, 0x00, 0x21, 0x81, 0x72, 0xC1, 0x71,
	0x70, 0x47, 0xC0, 0x46, 0x07, 0x48, 0x00, 0x7A,
	0x70, 0x47, 0xC0, 0x46, 0x05, 0x48, 0xC0, 0x7A,
	0x70, 0x47, 0xC0, 0x46, 0x03, 0x48, 0x80, 0x7A,
	0x70, 0x47, 0xC0, 0x46, 0x01, 0x48, 0xC0, 0x79,
	0x70, 0x47, 0xC0, 0x46, 0xCD, 0x04, 0x00, 0x20,
	0x80, 0xB5, 0xFC, 0xF7, 0x35, 0xFA, 0x00, 0x28,
	0x14, 0xD0, 0xFC, 0xF7, 0x17, 0xFA, 0x03, 0x28,
	0x03, 0xD1, 0x4D, 0x48, 0x0A, 0x49, 0xC1, 0x60,
	0x0A, 0xE0, 0xFC, 0xF7, 0x0F, 0xFA, 0x04, 0x28,
	0x03, 0xD0, 0xFC, 0xF7, 0x0B, 0xFA, 0x31, 0x28,
	0x02, 0xD1, 0x47, 0x48, 0x03, 0x49, 0x01, 0x61,
	0xFC, 0xF7, 0xA8, 0xF9, 0x80, 0xBD, 0xC0, 0x46,
	0xB0, 0x06, 0x00, 0x20, 0xC0, 0x5D, 0x00, 0x00,
	0xA4, 0x06, 0x00, 0x00, 0x80, 0xB5, 0xFF, 0xF7,
	0x9B, 0xFB, 0x01, 0x21, 0x48, 0x40, 0x80, 0xBD,
	0x80, 0xB5, 0xFD, 0xF7, 0x97, 0xF9, 0x80, 0xBD,
	0x01, 0x49, 0x08, 0x70, 0x70, 0x47, 0xC0, 0x46,
	0xC8, 0x04, 0x00, 0x20, 0x09, 0x48, 0x00, 0x78,
	0x70, 0x47, 0xC0, 0x46, 0xB0, 0xB5, 0x04, 0x46,
	0x06, 0x4D, 0x28, 0x78, 0xA0, 0x42, 0x07, 0xD0,
	0x80, 0x00, 0x28, 0x18, 0x01, 0x6A, 0x00, 0x29,
	0x01, 0xD0, 0x20, 0x46, 0x88, 0x47, 0x2C, 0x70,
	0xB0, 0xBD, 0xC0, 0x46, 0x8C, 0x04, 0x00, 0x20,
	0x70, 0xB5, 0x0C, 0x20, 0xFF, 0xF7, 0x60, 0xF8,
	0x00, 0x28, 0x04, 0xD1, 0x0D, 0x20, 0xFF, 0xF7,
	0x5B, 0xF8, 0x00, 0x28, 0x05, 0xD0, 0x28, 0x48,
	0x0A, 0x21, 0x81, 0x64, 0x27, 0x48, 0x02, 0x21,
	0x41, 0x70, 0x25, 0x48, 0x81, 0x6C, 0x00, 0x29,
	0x0E, 0xD1, 0x00, 0x24, 0xE1, 0x43, 0x81, 0x64,
	0x06, 0x20, 0xFF, 0xF7, 0xF3, 0xF8, 0x00, 0x28,
	0x03, 0xD0, 0x20, 0x48, 0x01, 0x21, 0x41, 0x70,
	0x02, 0xE0, 0x1E, 0x48, 0x04, 0x70, 0x44, 0x70,
	0x1D, 0x4C, 0x20, 0x46, 0x0C, 0x30, 0xFB, 0xF7,
	0xCD, 0xFE, 0x00, 0x28, 0x29, 0xD0, 0x09, 0x20,
	0xFF, 0xF7, 0xFA, 0xF8, 0x19, 0x4D, 0x28, 0x46,
	0x08, 0x30, 0x29, 0x46, 0x0A, 0x31, 0xFC, 0xF7,
	0xE5, 0xFF, 0x14, 0x4E, 0x70, 0x78, 0x00, 0x28,
	0x02, 0xD1, 0x30, 0x78, 0x01, 0x28, 0x07, 0xD1,
	0x13, 0x48, 0x00, 0x78, 0x01, 0x28, 0x03, 0xD0,
	0xFF, 0xF7, 0x70, 0xFF, 0x00, 0x28, 0x10, 0xD1,
	0x20, 0x46, 0x34, 0x30, 0x21, 0x46, 0x14, 0x31,
	0x20, 0x22, 0xFA, 0xF7, 0xBB, 0xFF, 0xA0, 0x8E,
	0x68, 0x80, 0x60, 0x8F, 0xA8, 0x80, 0xE0, 0x8E,
	0x28, 0x80, 0xA0, 0x8F, 0xE8, 0x80, 0x01, 0x20,
	0x30, 0x70, 0x08, 0x48, 0x00, 0x68, 0x40, 0x08,
	0x02, 0x21, 0x01, 0x40, 0x21, 0x71, 0x70, 0xBD,
	0xB0, 0x06, 0x00, 0x20, 0xDA, 0x04, 0x00, 0x20,
	0xB6, 0x08, 0x00, 0x20, 0x00, 0x01, 0x00, 0x20,
	0x0A, 0x00, 0x00, 0x20, 0x70, 0x02, 0x00, 0x20,
	0x80, 0xB5, 0xFB, 0xF7, 0xD9, 0xFF, 0x80, 0xBD,
	0x80, 0xB5, 0xFB, 0xF7, 0xDD, 0xFF, 0xFB, 0xF7,
	0xC1, 0xFF, 0xFB, 0xF7, 0xB7, 0xFF, 0xFB, 0xF7,
	0x07, 0xFF, 0xFC, 0xF7, 0x0B, 0xF8, 0xFC, 0xF7,
	0x31, 0xF8, 0x00, 0x20, 0xFB, 0xF7, 0xBE, 0xFF,
	0xFC, 0xF7, 0x4C, 0xF9, 0x00, 0xF0, 0x3A, 0xF8,
	0x80, 0xBD, 0x00, 0x00, 0xF8, 0xB5, 0xFB, 0xF7,
	0x3B, 0xFE, 0x18, 0x4E, 0x30, 0x68, 0x7D, 0x21,
	0x0D, 0x01, 0x2C, 0x46, 0x30, 0x34, 0x20, 0x42,
	0x00, 0xD0, 0xF8, 0xBD, 0xF0, 0x68, 0xC0, 0x06,
	0xFB, 0xD5, 0xFC, 0xF7, 0xEF, 0xFC, 0x01, 0x27,
	0x87, 0xF3, 0x10, 0x88, 0xFA, 0xF7, 0x50, 0xFF,
	0x00, 0x20, 0x00, 0x90, 0x80, 0xF3, 0x10, 0x88,
	0xFC, 0xF7, 0xBA, 0xFC, 0x0C, 0x48, 0x01, 0x68,
	0x21, 0x43, 0x01, 0x60, 0x00, 0x68, 0x30, 0x60,
	0x3E, 0x03, 0x30, 0x46, 0xFC, 0xF7, 0x06, 0xFD,
	0x30, 0x46, 0x00, 0x99, 0xFC, 0xF7, 0x10, 0xFD,
	0xB8, 0x07, 0x25, 0x49, 0x2A, 0x46, 0xFC, 0xF7,
	0x67, 0xFA, 0x30, 0x46, 0xFC, 0xF7, 0xEE, 0xFC,
	0xF8, 0xBD, 0xC0, 0x46, 0x24, 0x00, 0x00, 0x20,
	0x64, 0x02, 0x00, 0x20, 0x80, 0xB5, 0xFC, 0xF7,
	0xAF, 0xFE, 0xFC, 0xF7, 0x09, 0xFE, 0xFC, 0xF7,
	0xBB, 0xFE, 0xFC, 0xF7, 0xF5, 0xFD, 0x80, 0xBD,
	0x80, 0xB5, 0xFC, 0xF7, 0xF9, 0xFD, 0xFC, 0xF7,
	0xB9, 0xFE, 0xFC, 0xF7, 0x03, 0xFE, 0x01, 0x20,
	0x80, 0x07, 0x7D, 0x21, 0xCA, 0x00, 0x14, 0x49,
	0xFC, 0xF7, 0x46, 0xFA, 0xFC, 0xF7, 0xA0, 0xFE,
	0x80, 0xBD, 0xC0, 0x46, 0x80, 0xB5, 0xFC, 0xF7,
	0x9D, 0xFF, 0x01, 0x20, 0x80, 0x07, 0x0E, 0x49,
	0xC8, 0x22, 0xFC, 0xF7, 0x39, 0xFA, 0xFC, 0xF7,
	0x75, 0xFF, 0xFD, 0xF7, 0x43, 0xF8, 0x00, 0x20,
	0x01, 0x46, 0xFD, 0xF7, 0x83, 0xF8, 0x80, 0xBD,
	0x10, 0xB5, 0xFD, 0xF7, 0x49, 0xF8, 0x01, 0x24,
	0x20, 0x46, 0x21, 0x46, 0xFD, 0xF7, 0x7A, 0xF8,
	0xA0, 0x07, 0x03, 0x49, 0x96, 0x22, 0xFC, 0xF7,
	0x23, 0xFA, 0xFC, 0xF7, 0x6B, 0xFF, 0x10, 0xBD,
	0x80, 0xDE, 0x80, 0x02, 0x70, 0xB5, 0x04, 0x46,
	0x08, 0x20, 0x00, 0xF0, 0x43, 0xF8, 0x00, 0x26,
	0x00, 0x28, 0x0A, 0xD0, 0x05, 0x46, 0x60, 0x00,
	0x00, 0xF0, 0x3C, 0xF8, 0x00, 0x28, 0x04, 0xD0,
	0x00, 0x21, 0xE9, 0x80, 0xAC, 0x80, 0x28, 0x60,
	0x2E, 0x46, 0x30, 0x46, 0x70, 0xBD, 0x70, 0xB5,
	0xCB, 0x43, 0x9A, 0x1A, 0xC3, 0x88, 0xD3, 0x18,
	0x00, 0x22, 0x14, 0x46, 0xA5, 0xB2, 0x8D, 0x42,
	0x0A, 0xD2, 0x85, 0x88, 0x6D, 0x1E, 0x1D, 0x40,
	0xAD, 0xB2, 0x6D, 0x00, 0x06, 0x68, 0x75, 0x5B,
	0x52, 0x19, 0x64, 0x1C, 0x5B, 0x1C, 0xF1, 0xE7,
	0x10, 0x46, 0xFA, 0xF7, 0x03, 0xFF, 0x80, 0xB2,
	0x70, 0xBD, 0xC2, 0x88, 0x53, 0x1C, 0xC3, 0x80,
	0x83, 0x88, 0x5B, 0x1E, 0x13, 0x40, 0x5A, 0x00,
	0x00, 0x68, 0x81, 0x52, 0x70, 0x47, 0x02, 0xE0,
	0x08, 0xC8, 0x12, 0x1F, 0x08, 0xC1, 0x00, 0x2A,
	0xFA, 0xD1, 0x70, 0x47, 0x70, 0x47, 0x00, 0x20,
	0x01, 0xE0, 0x01, 0xC1, 0x12, 0x1F, 0x00, 0x2A,
	0xFB, 0xD1, 0x70, 0x47, 0xF0, 0xB5, 0x0B, 0x30,
	0xC1, 0x08, 0xC9, 0x00, 0x14, 0x4F, 0x00, 0x26,
	0x14, 0x4A, 0x0F, 0xE0, 0x03, 0x68, 0x8B, 0x42,
	0x0B, 0xD3, 0x8B, 0x42, 0x05, 0xD9, 0x5C, 0x1A,
	0x43, 0x18, 0x45, 0x68, 0x30, 0xC3, 0x08, 0x3B,
	0x00, 0xE0, 0x43, 0x68, 0x13, 0x60, 0x02, 0xC0,
	0x04, 0xE0, 0x02, 0x1D, 0x10, 0x68, 0x00, 0x28,
	0xEC, 0xD1, 0x30, 0x46, 0x00, 0x28, 0x03, 0xD1,
	0x38, 0x68, 0x00, 0x28, 0x01, 0xD0, 0x00, 0x20,
	0xF0, 0xBD, 0x06, 0x4A, 0x06, 0x48, 0x10, 0x60,
	0x06, 0x4A, 0x12, 0x1A, 0xD2, 0x08, 0xD2, 0x00,
	0x44, 0xC0, 0x01, 0x20, 0x38, 0x60, 0xD7, 0xE7,
	0x04, 0x04, 0x00, 0x20, 0x00, 0x04, 0x00, 0x20,
	0xCC, 0x0A, 0x00, 0x20, 0xC8, 0x0B, 0x00, 0x20,
	0x02, 0x03, 0x06, 0x0B, 0x28, 0x54, 0x00, 0x00,
	0x00, 0x00, 0x00, 0x20, 0x38, 0x04, 0x00, 0x00,
	0x14, 0x02, 0x00, 0x00, 0x00, 0x7E, 0x00, 0x00,
	0x00, 0x16, 0x00, 0x20, 0xA0, 0x00, 0x00, 0x00,
	0x66, 0x53, 0x00, 0x00, 0x60, 0x54, 0x00, 0x00,
	0x38, 0x04, 0x00, 0x20, 0x90, 0x09, 0x00, 0x00,
	0x76, 0x53, 0x00, 0x00, 0x00, 0x00, 0x00, 0x00,
	0x01, 0xFF, 0x01, 0xFF, 0x01, 0xFF, 0x01, 0xFF,
	0x01, 0x11, 0x2F, 0x01, 0x00, 0x88, 0x13, 0x0C,
	0xC8, 0x00, 0x40, 0x10, 0xC8, 0x00, 0x40, 0x14,
	0xC8, 0x2C, 0x40, 0x18, 0xC8, 0x00, 0x40, 0x1C,
	0xC8, 0x00, 0x40, 0x20, 0xC8, 0x3C, 0x40, 0x24,
	0xC8, 0x00, 0x40, 0x28, 0xC8, 0x00, 0x40, 0x02,
	0x01, 0x73, 0x01, 0x02, 0x00, 0x00, 0x00, 0x00,
	0x00, 0x00, 0x00, 0x00, 0x00, 0x00, 0x00, 0x00,
	0x00, 0x00, 0x00, 0x00, 0x00, 0x00, 0x00, 0x00,
	0x00, 0x00, 0x00, 0x00, 0x00, 0x00, 0x00, 0x00,
	0x00, 0x00, 0x00, 0x00, 0x00, 0x00, 0x00, 0x00,
	0x00, 0x00, 0x00, 0x00, 0x00, 0x00, 0x00, 0x00,
	0x00, 0x00, 0x00, 0x00, 0x00, 0x00, 0x00, 0x00,
	0x00, 0x00, 0x00, 0x00, 0x00, 0x00, 0x00, 0x00,
	0x00, 0x00, 0x00, 0x00, 0x00, 0x00, 0x00, 0x00,
	0x00, 0x00, 0x00, 0x00, 0x00, 0x00, 0x00, 0x00,
	0x00, 0x00, 0x00, 0x00, 0x00, 0x00, 0x00, 0x00,
	0x00, 0x00, 0x00, 0x00, 0x00, 0x00, 0x00, 0x00,
	0x00, 0x00, 0x00, 0x00, 0x00, 0x00, 0x00, 0x00,
	0x00, 0x00, 0x00, 0x00, 0x00, 0x00, 0x00, 0x00,
	0x00, 0x00, 0x00, 0x00, 0x00, 0x00, 0x00, 0x00,
	0x00, 0x00, 0x00, 0x00, 0x00, 0x00, 0x00, 0x00,
	0x00, 0x00, 0x00, 0x00, 0x00, 0x00, 0x00, 0x00,
	0x00, 0x00, 0x00, 0x00, 0x00, 0x00, 0x00, 0x00,
	0x00, 0x00, 0x00, 0x00, 0x00, 0x00, 0x00, 0x00,
	0x00, 0x00, 0x00, 0x00, 0x00, 0x00, 0x00, 0x00,
	0x00, 0x00, 0x00, 0x00, 0x00, 0x00, 0x00, 0x00,
	0x00, 0x00, 0x00, 0x00, 0x00, 0x00, 0x00, 0x00,
	0x00, 0x00, 0x00, 0x00, 0x00, 0x00, 0x00, 0x00,
	0x00, 0x00, 0x00, 0x00, 0x00, 0x00, 0x00, 0x00,
	0x00, 0x00, 0x00, 0x00, 0x00, 0x00, 0x00, 0x00,
	0x00, 0x00, 0x00, 0x00, 0x00, 0x00, 0x00, 0x00,
	0x00, 0x00, 0x00, 0x00, 0x00, 0x00, 0x00, 0x00,
	0x00, 0x00, 0x00, 0x00, 0x00, 0x00, 0x00, 0x00,
	0x00, 0x00, 0x00, 0x00, 0x00, 0x00, 0x00, 0x00,
	0x00, 0x00, 0x00, 0x00, 0x00, 0x00, 0x00, 0x00,
	0x00, 0x00, 0x00, 0x00, 0x00, 0x00, 0x00, 0x00,
	0x00, 0x00, 0x00, 0x00, 0x00, 0x00, 0x00, 0x00,
	0x00, 0x00, 0x00, 0x00, 0x00, 0x00, 0x00, 0x00,
	0x00, 0x00, 0x00, 0x00, 0x00, 0x00, 0x00, 0x00,
	0x00, 0x00, 0x00, 0x00, 0x00, 0x00, 0x00, 0x00,
	0x00, 0x00, 0x00, 0x00, 0x00, 0x00, 0x00, 0x00,
	0x00, 0x00, 0x00, 0x00, 0x00, 0x00, 0x00, 0x00,
	0x00, 0x00, 0x00, 0x00, 0x00, 0x00, 0x00, 0x00,
	0x00, 0x00, 0x00, 0x00, 0x00, 0x00, 0x00, 0x00,
	0x00, 0x00, 0x00, 0x00, 0x00, 0x00, 0x00, 0x00,
	0x00, 0x00, 0x00, 0x00, 0x00, 0x00, 0x00, 0x00,
	0x00, 0x00, 0x00, 0x00, 0x00, 0x00, 0x00, 0x00,
	0x00, 0x00, 0x00, 0x00, 0x00, 0x00, 0x00, 0x00,
	0x00, 0x00, 0x00, 0x00, 0x00, 0x00, 0x00, 0x00,
	0x00, 0x00, 0x00, 0x00, 0x00, 0x00, 0x00, 0x00,
	0x00, 0x00, 0x00, 0x00, 0x00, 0x00, 0x00, 0x00,
	0x00, 0x00, 0x00, 0x00, 0x00, 0x00, 0x00, 0x00,
	0x00, 0x00, 0x00, 0x00, 0x00, 0x00, 0x00, 0x00,
	0x00, 0x00, 0x00, 0x00, 0x00, 0x00, 0x00, 0x00,
	0x00, 0x00, 0x00, 0x00, 0x00, 0x00, 0x00, 0x00,
	0x00, 0x00, 0x00, 0x00, 0x00, 0x00, 0x00, 0x00,
	0x00, 0x00, 0x00, 0x00, 0x00, 0x00, 0x00, 0x00,
	0x00, 0x00, 0x00, 0x00, 0x00, 0x00, 0x00, 0x00,
	0x00, 0x00, 0x00, 0x00, 0x00, 0x00, 0x00, 0x00,
	0x00, 0x00, 0x00, 0x00, 0x00, 0x00, 0x00, 0x00,
	0x00, 0x00, 0x00, 0x00, 0x00, 0x00, 0x00, 0x00,
	0x00, 0x00, 0x00, 0x00, 0x00, 0x00, 0x00, 0x00,
	0x00, 0x00, 0x00, 0x00, 0x00, 0x00, 0x00, 0x00,
	0x00, 0x00, 0x00, 0x00, 0x00, 0x00, 0x00, 0x00,
	0x00, 0x00, 0x00, 0x00, 0x00, 0x00, 0x00, 0x00,
	0x00, 0x00, 0x00, 0x00, 0x00, 0x00, 0x00, 0x00,
	0x00, 0x00, 0x00, 0x00, 0x00, 0x00, 0x00, 0x00,
	0x00, 0x00, 0x00, 0x00, 0x00, 0x00, 0x00, 0x00,
	0x00, 0x00, 0x00, 0x00, 0x00, 0x00, 0x00, 0x00,
	0x00, 0x00, 0x00, 0x00, 0x00, 0x00, 0x00, 0x00,
	0x00, 0x00, 0x00, 0x00, 0x00, 0x00, 0x00, 0x00,
	0x00, 0x00, 0x00, 0x00, 0x00, 0x00, 0x00, 0x00,
	0x00, 0x00, 0x00, 0x00, 0x00, 0x00, 0x00, 0x00,
	0x00, 0x00, 0x00, 0x00, 0x00, 0x00, 0x00, 0x00,
	0x00, 0x00, 0x00, 0x00, 0x00, 0x00, 0x00, 0x00,
	0x00, 0x00, 0x00, 0x00, 0x00, 0x00, 0x00, 0x00,
	0x00, 0x00, 0x00, 0x00, 0x00, 0x00, 0x00, 0x00,
	0x00, 0x00, 0x00, 0x00, 0x00, 0x00, 0x00, 0x00,
	0x00, 0x00, 0x00, 0x00, 0x00, 0x00, 0x00, 0x00,
	0x00, 0x00, 0x00, 0x00, 0x00, 0x00, 0x00, 0x00,
	0x00, 0x00, 0x00, 0x00, 0x00, 0x00, 0x00, 0x00,
	0x00, 0x00, 0x00, 0x00, 0x00, 0x00, 0x00, 0x00,
	0x00, 0x00, 0x00, 0x00, 0x00, 0x00, 0x00, 0x00,
	0x00, 0x00, 0x00, 0x00, 0x00, 0x00, 0x00, 0x00,
	0x00, 0x00, 0x00, 0x00, 0x00, 0x00, 0x00, 0x00,
	0x00, 0x00, 0x00, 0x00, 0x00, 0x00, 0x00, 0x00,
	0x00, 0x00, 0x00, 0x00, 0x00, 0x00, 0x00, 0x00,
	0x00, 0x00, 0x00, 0x00, 0x00, 0x00, 0x00, 0x00,
	0x00, 0x00, 0x00, 0x00, 0x00, 0x00, 0x00, 0x00,
	0x00, 0x00, 0x00, 0x00, 0x00, 0x00, 0x00, 0x00,
	0x00, 0x00, 0x00, 0x00, 0x00, 0x00, 0x00, 0x00,
	0x00, 0x00, 0x00, 0x00, 0x00, 0x00, 0x00, 0x00,
	0x00, 0x00, 0x00, 0x00, 0x00, 0x00, 0x00, 0x00,
	0x00, 0x00, 0x00, 0x00, 0x00, 0x00, 0x00, 0x00,
	0x00, 0x00, 0x00, 0x00, 0x00, 0x00, 0x00, 0x00,
	0x00, 0x00, 0x00, 0x00, 0x00, 0x00, 0x00, 0x00,
	0x00, 0x00, 0x00, 0x00, 0x00, 0x00, 0x00, 0x00,
	0x00, 0x00, 0x00, 0x00, 0x00, 0x00, 0x00, 0x00,
	0x00, 0x00, 0x00, 0x00, 0x00, 0x00, 0x00, 0x00,
	0x00, 0x00, 0x00, 0x00, 0x00, 0x00, 0x00, 0x00,
	0x00, 0x00, 0x00, 0x00, 0x00, 0x00, 0x00, 0x00,
	0x00, 0x00, 0x00, 0x00, 0x00, 0x00, 0x00, 0x00,
	0x00, 0x00, 0x00, 0x00, 0x00, 0x00, 0x00, 0x00,
	0x00, 0x00, 0x00, 0x00, 0x00, 0x00, 0x00, 0x00,
	0x00, 0x00, 0x00, 0x00, 0x00, 0x00, 0x00, 0x00,
	0x00, 0x00, 0x00, 0x00, 0x00, 0x00, 0x00, 0x00,
	0x00, 0x00, 0x00, 0x00, 0x00, 0x00, 0x00, 0x00,
	0x00, 0x00, 0x00, 0x00, 0x00, 0x00, 0x00, 0x00,
	0x00, 0x00, 0x00, 0x00, 0x00, 0x00, 0x00, 0x00,
	0x00, 0x00, 0x00, 0x00, 0x00, 0x00, 0x00, 0x00,
	0x00, 0x00, 0x00, 0x00, 0x00, 0x00, 0x00, 0x00,
	0x00, 0x00, 0x00, 0x00, 0x00, 0x00, 0x00, 0x00,
	0x00, 0x00, 0x00, 0x00, 0x00, 0x00, 0x00, 0x00,
	0x00, 0x00, 0x00, 0x00, 0x00, 0x00, 0x00, 0x00,
	0x00, 0x00, 0x00, 0x00, 0x00, 0x00, 0x00, 0x00,
	0x00, 0x00, 0x00, 0x00, 0x00, 0x00, 0x00, 0x00,
	0x00, 0x00, 0x00, 0x00, 0x00, 0x00, 0x00, 0x00,
	0x00, 0x00, 0x00, 0x00, 0x00, 0x00, 0x00, 0x00,
	0x00, 0x00, 0x00, 0x00, 0x00, 0x00, 0x00, 0x00,
	0x00, 0x00, 0x00, 0x00, 0x00, 0x00, 0x00, 0x00,
	0x00, 0x00, 0x00, 0x00, 0x00, 0x00, 0x00, 0x00,
	0x00, 0x00, 0x00, 0x00, 0x00, 0x00, 0x00, 0x00,
	0x00, 0x00, 0x00, 0x00, 0x00, 0x00, 0x00, 0x00,
	0x00, 0x00, 0x00, 0x00, 0x00, 0x00, 0x00, 0x00,
	0x00, 0x00, 0x00, 0x00, 0x00, 0x00, 0x00, 0x00,
	0x00, 0x00, 0x00, 0x00, 0x00, 0x00, 0x00, 0x00,
	0x00, 0x00, 0x00, 0x00, 0x00, 0x00, 0x00, 0x00,
	0x00, 0x00, 0x00, 0x00, 0x00, 0x00, 0x00, 0x00,
	0x00, 0x00, 0x00, 0x00, 0x00, 0x00, 0x00, 0x00,
	0x00, 0x00, 0x00, 0x00, 0x00, 0x00, 0x00, 0x00,
	0x00, 0x00, 0x00, 0x00, 0x00, 0x00, 0x00, 0x00,
	0x00, 0x00, 0x00, 0x00, 0x00, 0x00, 0x00, 0x00,
	0x00, 0x00, 0x00, 0x00, 0x00, 0x00, 0x00, 0x00,
	0x00, 0x00, 0x00, 0x00, 0x00, 0x00, 0x00, 0x00,
	0x00, 0x00, 0x00, 0x00, 0x00, 0x00, 0x00, 0x00,
	0x00, 0x00, 0x00, 0x00, 0x00, 0x00, 0x00, 0x00,
	0x00, 0x00, 0x00, 0x00, 0x00, 0x00, 0x00, 0x00,
	0x00, 0x00, 0x00, 0x00, 0x00, 0x00, 0x00, 0x00,
	0x00, 0x00, 0x00, 0x00, 0x00, 0x00, 0x00, 0x00,
	0x00, 0x00, 0x00, 0x00, 0x00, 0x00, 0x00, 0x00,
	0x00, 0x00, 0x00, 0x00, 0x00, 0x00, 0x00, 0x00,
	0x00, 0x00, 0x00, 0x00, 0x00, 0x00, 0x00, 0x00,
	0x00, 0x00, 0x00, 0x00, 0x00, 0x00, 0x00, 0x00,
	0x00, 0x00, 0x00, 0x00, 0x00, 0x00, 0x00, 0x00,
	0x00, 0x00, 0x00, 0x00, 0x00, 0x00, 0x00, 0x00,
	0x00, 0x00, 0x00, 0x00, 0x00, 0x00, 0x00, 0x00,
	0x00, 0x00, 0x00, 0x00, 0x00, 0x00, 0x00, 0x00,
	0x00, 0x00, 0x00, 0x00, 0x00, 0x00, 0x00, 0x00,
	0x00, 0x00, 0x00, 0x00, 0x00, 0x00, 0x00, 0x00,
	0x00, 0x00, 0x00, 0x00, 0x00, 0x00, 0x00, 0x00,
	0x00, 0x00, 0x00, 0x00, 0x00, 0x00, 0x00, 0x00,
	0x00, 0x00, 0x00, 0x00, 0x00, 0x00, 0x00, 0x00,
	0x00, 0x00, 0x00, 0x00, 0x00, 0x00, 0x00, 0x00,
	0x00, 0x00, 0x00, 0x00, 0x00, 0x00, 0x00, 0x00,
	0x00, 0x00, 0x00, 0x00, 0x00, 0x00, 0x00, 0x00,
	0x00, 0x00, 0x00, 0x00, 0x00, 0x00, 0x00, 0x00,
	0x00, 0x00, 0x00, 0x00, 0x00, 0x00, 0x00, 0x00,
	0x00, 0x00, 0x00, 0x00, 0x00, 0x00, 0x00, 0x00,
	0x00, 0x00, 0x00, 0x00, 0x00, 0x00, 0x00, 0x00,
	0x00, 0x00, 0x00, 0x00, 0x00, 0x00, 0x00, 0x00,
	0x00, 0x00, 0x00, 0x00, 0x00, 0x00, 0x00, 0x00,
	0x00, 0x00, 0x00, 0x00, 0x00, 0x00, 0x00, 0x00,
	0x00, 0x00, 0x00, 0x00, 0x00, 0x00, 0x00, 0x00,
	0x00, 0x00, 0x00, 0x00, 0x00, 0x00, 0x00, 0x00,
	0x00, 0x00, 0x00, 0x00, 0x00, 0x00, 0x00, 0x00,
	0x00, 0x00, 0x00, 0x00, 0x00, 0x00, 0x00, 0x00,
	0x00, 0x00, 0x00, 0x00, 0x00, 0x00, 0x00, 0x00,
	0x00, 0x00, 0x00, 0x00, 0x00, 0x00, 0x00, 0x00,
	0x00, 0x00, 0x00, 0x00, 0x00, 0x00, 0x00, 0x00,
	0x00, 0x00, 0x00, 0x00, 0x00, 0x00, 0x00, 0x00,
	0x00, 0x00, 0x00, 0x00, 0x00, 0x00, 0x00, 0x00,
	0x00, 0x00, 0x00, 0x00, 0x00, 0x00, 0x00, 0x00,
	0x00, 0x00, 0x00, 0x00, 0x00, 0x00, 0x00, 0x00,
	0x00, 0x00, 0x00, 0x00, 0x00, 0x00, 0x00, 0x00,
	0x00, 0x00, 0x00, 0x00, 0x00, 0x00, 0x00, 0x00,
	0x00, 0x00, 0x00, 0x00, 0x00, 0x00, 0x00, 0x00,
	0x00, 0x00, 0x00, 0x00, 0x00, 0x00, 0x00, 0x00,
	0x00, 0x00, 0x00, 0x00, 0x00, 0x00, 0x00, 0x00,
	0x00, 0x00, 0x00, 0x00, 0x00, 0x00, 0x00, 0x00,
	0x00, 0x00, 0x00, 0x00, 0x00, 0x00, 0x00, 0x00,
	0x00, 0x00, 0x00, 0x00, 0x00, 0x00, 0x00, 0x00,
	0x00, 0x00, 0x00, 0x00, 0x00, 0x00, 0x00, 0x00,
	0x00, 0x00, 0x00, 0x00, 0x00, 0x00, 0x00, 0x00,
	0x00, 0x00, 0x00, 0x00, 0x00, 0x00, 0x00, 0x00,
	0x00, 0x00, 0x00, 0x00, 0x00, 0x00, 0x00, 0x00,
	0x00, 0x00, 0x00, 0x00, 0x00, 0x00, 0x00, 0x00,
	0x00, 0x00, 0x00, 0x00, 0x00, 0x00, 0x00, 0x00,
	0x00, 0x00, 0x00, 0x00, 0x00, 0x00, 0x00, 0x00,
	0x00, 0x00, 0x00, 0x00, 0x00, 0x00, 0x00, 0x00,
	0x00, 0x00, 0x00, 0x00, 0x00, 0x00, 0x00, 0x00,
	0x00, 0x00, 0x00, 0x00, 0x00, 0x00, 0x00, 0x00,
	0x00, 0x00, 0x00, 0x00, 0x00, 0x00, 0x00, 0x00,
	0x00, 0x00, 0x00, 0x00, 0x00, 0x00, 0x00, 0x00,
	0x00, 0x00, 0x00, 0x00, 0x00, 0x00, 0x00, 0x00,
	0x00, 0x00, 0x00, 0x00, 0x00, 0x00, 0x00, 0x00,
	0x00, 0x00, 0x00, 0x00, 0x00, 0x00, 0x00, 0x00,
	0x00, 0x00, 0x00, 0x00, 0x00, 0x00, 0x00, 0x00,
	0x00, 0x00, 0x00, 0x00, 0x00, 0x00, 0x00, 0x00,
	0x00, 0x00, 0x00, 0x00, 0x00, 0x00, 0x00, 0x00,
	0x00, 0x00, 0x00, 0x00, 0x00, 0x00, 0x00, 0x00,
	0x00, 0x00, 0x00, 0x00, 0x00, 0x00, 0x00, 0x00,
	0x00, 0x00, 0x00, 0x00, 0x00, 0x00, 0x00, 0x00,
	0x00, 0x00, 0x00, 0x00, 0x00, 0x00, 0x00, 0x00,
	0x00, 0x00, 0x00, 0x00, 0x00, 0x00, 0x00, 0x00,
	0x00, 0x00, 0x00, 0x00, 0x00, 0x00, 0x00, 0x00,
	0x00, 0x00, 0x00, 0x00, 0x00, 0x00, 0x00, 0x00,
	0x00, 0x00, 0x00, 0x00, 0x00, 0x00, 0x00, 0x00,
	0x00, 0x00, 0x00, 0x00, 0x00, 0x00, 0x00, 0x00,
	0x00, 0x00, 0x00, 0x00, 0x00, 0x00, 0x00, 0x00,
	0x00, 0x00, 0x00, 0x00, 0x00, 0x00, 0x00, 0x00,
	0x00, 0x00, 0x00, 0x00, 0x00, 0x00, 0x00, 0x00,
	0x00, 0x00, 0x00, 0x00, 0x00, 0x00, 0x00, 0x00,
	0x00, 0x00, 0x00, 0x00, 0x00, 0x00, 0x00, 0x00,
	0x00, 0x00, 0x00, 0x00, 0x00, 0x00, 0x00, 0x00,
	0x00, 0x00, 0x00, 0x00, 0x00, 0x00, 0x00, 0x00,
	0x00, 0x00, 0x00, 0x00, 0x00, 0x00, 0x00, 0x00,
	0x00, 0x00, 0x00, 0x00, 0x00, 0x00, 0x00, 0x00,
	0x00, 0x00, 0x00, 0x00, 0x00, 0x00, 0x00, 0x00,
	0x00, 0x00, 0x00, 0x00, 0x00, 0x00, 0x00, 0x00,
	0x00, 0x00, 0x00, 0x00, 0x00, 0x00, 0x00, 0x00,
	0x00, 0x00, 0x00, 0x00, 0x00, 0x00, 0x00, 0x00,
	0x00, 0x00, 0x00, 0x00, 0x00, 0x00, 0x00, 0x00,
	0x00, 0x00, 0x00, 0x00, 0x00, 0x00, 0x00, 0x00,
	0x00, 0x00, 0x00, 0x00, 0x00, 0x00, 0x00, 0x00,
	0x00, 0x00, 0x00, 0x00, 0x00, 0x00, 0x00, 0x00,
	0x00, 0x00, 0x00, 0x00, 0x00, 0x00, 0x00, 0x00,
	0x00, 0x00, 0x00, 0x00, 0x00, 0x00, 0x00, 0x00,
	0x00, 0x00, 0x00, 0x00, 0x00, 0x00, 0x00, 0x00,
	0x00, 0x00, 0x00, 0x00, 0x00, 0x00, 0x00, 0x00,
	0x00, 0x00, 0x00, 0x00, 0x00, 0x00, 0x00, 0x00,
	0x00, 0x00, 0x00, 0x00, 0x00, 0x00, 0x00, 0x00,
	0x00, 0x00, 0x00, 0x00, 0x00, 0x00, 0x00, 0x00,
	0x00, 0x00, 0x00, 0x00, 0x00, 0x00, 0x00, 0x00,
	0x00, 0x00, 0x00, 0x00, 0x00, 0x00, 0x00, 0x00,
	0x00, 0x00, 0x00, 0x00, 0x00, 0x00, 0x00, 0x00,
	0x00, 0x00, 0x00, 0x00, 0x00, 0x00, 0x00, 0x00,
	0x00, 0x00, 0x00, 0x00, 0x00, 0x00, 0x00, 0x00,
	0x00, 0x00, 0x00, 0x00, 0x00, 0x00, 0x00, 0x00,
	0x00, 0x00, 0x00, 0x00, 0x00, 0x00, 0x00, 0x00,
	0x00, 0x00, 0x00, 0x00, 0x00, 0x00, 0x00, 0x00,
	0x00, 0x00, 0x00, 0x00, 0x00, 0x00, 0x00, 0x00,
	0x00, 0x00, 0x00, 0x00, 0x00, 0x00, 0x00, 0x00,
	0x00, 0x00, 0x00, 0x00, 0x00, 0x00, 0x00, 0x00,
	0x00, 0x00, 0x00, 0x00, 0x00, 0x00, 0x00, 0x00,
	0x00, 0x00, 0x00, 0x00, 0x00, 0x00, 0x00, 0x00,
	0x00, 0x00, 0x00, 0x00, 0x00, 0x00, 0x00, 0x00,
	0x00, 0x00, 0x00, 0x00, 0x00, 0x00, 0x00, 0x00,
	0x00, 0x00, 0x00, 0x00, 0x00, 0x00, 0x00, 0x00,
	0x00, 0x00, 0x00, 0x00, 0x00, 0x00, 0x00, 0x00,
	0x00, 0x00, 0x00, 0x00, 0x00, 0x00, 0x00, 0x00,
	0x00, 0x00, 0x00, 0x00, 0x00, 0x00, 0x00, 0x00,
	0x00, 0x00, 0x00, 0x00, 0x00, 0x00, 0x00, 0x00,
	0x00, 0x00, 0x00, 0x00, 0x00, 0x00, 0x00, 0x00,
	0x00, 0x00, 0x00, 0x00, 0x00, 0x00, 0x00, 0x00,
	0x00, 0x00, 0x00, 0x00, 0x00, 0x00, 0x00, 0x00,
	0x00, 0x00, 0x00, 0x00, 0x00, 0x00, 0x00, 0x00,
	0x00, 0x00, 0x00, 0x00, 0x00, 0x00, 0x00, 0x00,
	0x00, 0x00, 0x00, 0x00, 0x00, 0x00, 0x00, 0x00,
	0x00, 0x00, 0x00, 0x00, 0x00, 0x00, 0x00, 0x00,
	0x00, 0x00, 0x00, 0x00, 0x00, 0x00, 0x00, 0x00,
	0x00, 0x00, 0x00, 0x00, 0x00, 0x00, 0x00, 0x00,
	0x00, 0x00, 0x00, 0x00, 0x00, 0x00, 0x00, 0x00,
	0x00, 0x00, 0x00, 0x00, 0x00, 0x00, 0x00, 0x00,
	0x00, 0x00, 0x00, 0x00, 0x00, 0x00, 0x00, 0x00,
	0x00, 0x00, 0x00, 0x00, 0x00, 0x00, 0x00, 0x00,
	0x00, 0x00, 0x00, 0x00, 0x00, 0x00, 0x00, 0x00,
	0x00, 0x00, 0x00, 0x00, 0x00, 0x00, 0x00, 0x00,
	0x00, 0x00, 0x00, 0x00, 0x00, 0x00, 0x00, 0x00,
	0x00, 0x00, 0x00, 0x00, 0x00, 0x00, 0x00, 0x00,
	0x00, 0x00, 0x00, 0x00, 0x00, 0x00, 0x00, 0x00,
	0x00, 0x00, 0x00, 0x00, 0x00, 0x00, 0x00, 0x00,
	0x00, 0x00, 0x00, 0x00, 0x00, 0x00, 0x00, 0x00,
	0x00, 0x00, 0x00, 0x00, 0x00, 0x00, 0x00, 0x00,
	0x00, 0x00, 0x00, 0x00, 0x00, 0x00, 0x00, 0x00,
	0x00, 0x00, 0x00, 0x00, 0x00, 0x00, 0x00, 0x00,
	0x00, 0x00, 0x00, 0x00, 0x00, 0x00, 0x00, 0x00,
	0x00, 0x00, 0x00, 0x00, 0x00, 0x00, 0x00, 0x00,
	0x00, 0x00, 0x00, 0x00, 0x00, 0x00, 0x00, 0x00,
	0x00, 0x00, 0x00, 0x00, 0x00, 0x00, 0x00, 0x00,
	0x00, 0x00, 0x00, 0x00, 0x00, 0x00, 0x00, 0x00,
	0x00, 0x00, 0x00, 0x00, 0x00, 0x00, 0x00, 0x00,
	0x00, 0x00, 0x00, 0x00, 0x00, 0x00, 0x00, 0x00,
	0x00, 0x00, 0x00, 0x00, 0x00, 0x00, 0x00, 0x00,
	0x00, 0x00, 0x00, 0x00, 0x00, 0x00, 0x00, 0x00,
	0x00, 0x00, 0x00, 0x00, 0x00, 0x00, 0x00, 0x00,
	0x00, 0x00, 0x00, 0x00, 0x00, 0x00, 0x00, 0x00,
	0x00, 0x00, 0x00, 0x00, 0x00, 0x00, 0x00, 0x00,
	0x00, 0x00, 0x00, 0x00, 0x00, 0x00, 0x00, 0x00,
	0x00, 0x00, 0x00, 0x00, 0x00, 0x00, 0x00, 0x00,
	0x00, 0x00, 0x00, 0x00, 0x00, 0x00, 0x00, 0x00,
	0x00, 0x00, 0x00, 0x00, 0x00, 0x00, 0x00, 0x00,
	0x00, 0x00, 0x00, 0x00, 0x00, 0x00, 0x00, 0x00,
	0x00, 0x00, 0x00, 0x00, 0x00, 0x00, 0x00, 0x00,
	0x00, 0x00, 0x00, 0x00, 0x00, 0x00, 0x00, 0x00,
	0x00, 0x00, 0x00, 0x00, 0x00, 0x00, 0x00, 0x00,
	0x00, 0x00, 0x00, 0x00, 0x00, 0x00, 0x00, 0x00,
	0x00, 0x00, 0x00, 0x00, 0x00, 0x00, 0x00, 0x00,
	0x00, 0x00, 0x00, 0x00, 0x00, 0x00, 0x00, 0x00,
	0x00, 0x00, 0x00, 0x00, 0x00, 0x00, 0x00, 0x00,
	0x00, 0x00, 0x00, 0x00, 0x00, 0x00, 0x00, 0x00,
	0x00, 0x00, 0x00, 0x00, 0x00, 0x00, 0x00, 0x00,
	0x00, 0x00, 0x00, 0x00, 0x00, 0x00, 0x00, 0x00,
	0x00, 0x00, 0x00, 0x00, 0x00, 0x00, 0x00, 0x00,
	0x00, 0x00, 0x00, 0x00, 0x00, 0x00, 0x00, 0x00,
	0x00, 0x00, 0x00, 0x00, 0x00, 0x00, 0x00, 0x00,
	0x00, 0x00, 0x00, 0x00, 0x00, 0x00, 0x00, 0x00,
	0x00, 0x00, 0x00, 0x00, 0x00, 0x00, 0x00, 0x00,
	0x00, 0x00, 0x00, 0x00, 0x00, 0x00, 0x00, 0x00,
	0x00, 0x00, 0x00, 0x00, 0x00, 0x00, 0x00, 0x00,
	0x00, 0x00, 0x00, 0x00, 0x00, 0x00, 0x00, 0x00,
	0x00, 0x00, 0x00, 0x00, 0x00, 0x00, 0x00, 0x00,
	0x00, 0x00, 0x00, 0x00, 0x00, 0x00, 0x00, 0x00,
	0x00, 0x00, 0x00, 0x00, 0x00, 0x00, 0x00, 0x00,
	0x00, 0x00, 0x00, 0x00, 0x00, 0x00, 0x00, 0x00,
	0x00, 0x00, 0x00, 0x00, 0x00, 0x00, 0x00, 0x00,
	0x00, 0x00, 0x00, 0x00, 0x00, 0x00, 0x00, 0x00,
	0x00, 0x00, 0x00, 0x00, 0x00, 0x00, 0x00, 0x00,
	0x00, 0x00, 0x00, 0x00, 0x00, 0x00, 0x00, 0x00,
	0x00, 0x00, 0x00, 0x00, 0x00, 0x00, 0x00, 0x00,
	0x00, 0x00, 0x00, 0x00, 0x00, 0x00, 0x00, 0x00,
	0x00, 0x00, 0x00, 0x00, 0x00, 0x00, 0x00, 0x00,
	0x00, 0x00, 0x00, 0x00, 0x00, 0x00, 0x00, 0x00,
	0x00, 0x00, 0x00, 0x00, 0x00, 0x00, 0x00, 0x00,
	0x00, 0x00, 0x00, 0x00, 0x00, 0x00, 0x00, 0x00,
	0x00, 0x00, 0x00, 0x00, 0x00, 0x00, 0x00, 0x00,
	0x00, 0x00, 0x00, 0x00, 0x00, 0x00, 0x00, 0x00,
	0x00, 0x00, 0x00, 0x00, 0x00, 0x00, 0x00, 0x00,
	0x00, 0x00, 0x00, 0x00, 0x00, 0x00, 0x00, 0x00,
	0x00, 0x00, 0x00, 0x00, 0x00, 0x00, 0x00, 0x00,
	0x00, 0x00, 0x00, 0x00, 0x00, 0x00, 0x00, 0x00,
	0x00, 0x00, 0x00, 0x00, 0x00, 0x00, 0x00, 0x00,
	0x00, 0x00, 0x00, 0x00, 0x00, 0x00, 0x00, 0x00,
	0x00, 0x00, 0x00, 0x00, 0x00, 0x00, 0x00, 0x00,
	0x00, 0x00, 0x00, 0x00, 0x00, 0x00, 0x00, 0x00,
	0x00, 0x00, 0x00, 0x00, 0x00, 0x00, 0x00, 0x00,
	0x00, 0x00, 0x00, 0x00, 0x00, 0x00, 0x00, 0x00,
	0x00, 0x00, 0x00, 0x00, 0x00, 0x00, 0x00, 0x00,
	0x00, 0x00, 0x00, 0x00, 0x00, 0x00, 0x00, 0x00,
	0x00, 0x00, 0x00, 0x00, 0x00, 0x00, 0x00, 0x00,
	0x00, 0x00, 0x00, 0x00, 0x00, 0x00, 0x00, 0x00,
	0x00, 0x00, 0x00, 0x00, 0x00, 0x00, 0x00, 0x00,
	0x00, 0x00, 0x00, 0x00, 0x00, 0x00, 0x00, 0x00,
	0x00, 0x00, 0x00, 0x00, 0x00, 0x00, 0x00, 0x00,
	0x00, 0x00, 0x00, 0x00, 0x00, 0x00, 0x00, 0x00,
	0x00, 0x00, 0x00, 0x00, 0x00, 0x00, 0x00, 0x00,
	0x00, 0x00, 0x00, 0x00, 0x00, 0x00, 0x00, 0x00,
	0x00, 0x00, 0x00, 0x00, 0x00, 0x00, 0x00, 0x00,
	0x00, 0x00, 0x00, 0x00, 0x00, 0x00, 0x00, 0x00,
	0x00, 0x00, 0x00, 0x00, 0x00, 0x00, 0x00, 0x00,
	0x00, 0x00, 0x00, 0x00, 0x00, 0x00, 0x00, 0x00,
	0x00, 0x00, 0x00, 0x00, 0x00, 0x00, 0x00, 0x00,
	0x00, 0x00, 0x00, 0x00, 0x00, 0x00, 0x00, 0x00,
	0x00, 0x00, 0x00, 0x00, 0x00, 0x00, 0x00, 0x00,
	0x00, 0x00, 0x00, 0x00, 0x00, 0x00, 0x00, 0x00,
	0x00, 0x00, 0x00, 0x00, 0x00, 0x00, 0x00, 0x00,
	0x00, 0x00, 0x00, 0x00, 0x00, 0x00, 0x00, 0x00,
	0x00, 0x00, 0x00, 0x00, 0x00, 0x00, 0x00, 0x00,
	0x00, 0x00, 0x00, 0x00, 0x00, 0x00, 0x00, 0x00,
	0x00, 0x00, 0x00, 0x00, 0x00, 0x00, 0x00, 0x00,
	0x00, 0x00, 0x00, 0x00, 0x00, 0x00, 0x00, 0x00,
	0x00, 0x00, 0x00, 0x00, 0x00, 0x00, 0x00, 0x00,
	0x00, 0x00, 0x00, 0x00, 0x00, 0x00, 0x00, 0x00,
	0x00, 0x00, 0x00, 0x00, 0x00, 0x00, 0x00, 0x00,
	0x00, 0x00, 0x00, 0x00, 0x00, 0x00, 0x00, 0x00,
	0x00, 0x00, 0x00, 0x00, 0x00, 0x00, 0x00, 0x00,
	0x00, 0x00, 0x00, 0x00, 0x00, 0x00, 0x00, 0x00,
	0x00, 0x00, 0x00, 0x00, 0x00, 0x00, 0x00, 0x00,
	0x00, 0x00, 0x00, 0x00, 0x00, 0x00, 0x00, 0x00,
	0x00, 0x00, 0x00, 0x00, 0x00, 0x00, 0x00, 0x00,
	0x00, 0x00, 0x00, 0x00, 0x00, 0x00, 0x00, 0x00,
	0x00, 0x00, 0x00, 0x00, 0x00, 0x00, 0x00, 0x00,
	0x00, 0x00, 0x00, 0x00, 0x00, 0x00, 0x00, 0x00,
	0x00, 0x00, 0x00, 0x00, 0x00, 0x00, 0x00, 0x00,
	0x00, 0x00, 0x00, 0x00, 0x00, 0x00, 0x00, 0x00,
	0x00, 0x00, 0x00, 0x00, 0x00, 0x00, 0x00, 0x00,
	0x00, 0x00, 0x00, 0x00, 0x00, 0x00, 0x00, 0x00,
	0x00, 0x00, 0x00, 0x00, 0x00, 0x00, 0x00, 0x00,
	0x00, 0x00, 0x00, 0x00, 0x00, 0x00, 0x00, 0x00,
	0x00, 0x00, 0x00, 0x00, 0x00, 0x00, 0x00, 0x00,
	0x00, 0x00, 0x00, 0x00, 0x00, 0x00, 0x00, 0x00,
	0x00, 0x00, 0x00, 0x00, 0x00, 0x00, 0x00, 0x00,
	0x00, 0x00, 0x00, 0x00, 0x00, 0x00, 0x00, 0x00,
	0x00, 0x00, 0x00, 0x00, 0x00, 0x00, 0x00, 0x00,
	0x00, 0x00, 0x00, 0x00, 0x00, 0x00, 0x00, 0x00,
	0x00, 0x00, 0x00, 0x00, 0x00, 0x00, 0x00, 0x00,
	0x00, 0x00, 0x00, 0x00, 0x00, 0x00, 0x00, 0x00,
	0x00, 0x00, 0x00, 0x00, 0x00, 0x00, 0x00, 0x00,
	0x00, 0x00, 0x00, 0x00, 0x00, 0x00, 0x00, 0x00,
	0x00, 0x00, 0x00, 0x00, 0x00, 0x00, 0x00, 0x00,
	0x00, 0x00, 0x00, 0x00, 0x00, 0x00, 0x00, 0x00,
	0x00, 0x00, 0x00, 0x00, 0x00, 0x00, 0x00, 0x00,
	0x00, 0x00, 0x00, 0x00, 0x00, 0x00, 0x00, 0x00,
	0x00, 0x00, 0x00, 0x00, 0x00, 0x00, 0x00, 0x00,
	0x00, 0x00, 0x00, 0x00, 0x00, 0x00, 0x00, 0x00,
	0x00, 0x00, 0x00, 0x00, 0x00, 0x00, 0x00, 0x00,
	0x00, 0x00, 0x00, 0x00, 0x00, 0x00, 0x00, 0x00,
	0x00, 0x00, 0x00, 0x00, 0x00, 0x00, 0x00, 0x00,
	0x00, 0x00, 0x00, 0x00, 0x00, 0x00, 0x00, 0x00,
	0x00, 0x00, 0x00, 0x00, 0x00, 0x00, 0x00, 0x00,
	0x00, 0x00, 0x00, 0x00, 0x00, 0x00, 0x00, 0x00,
	0x00, 0x00, 0x00, 0x00, 0x00, 0x00, 0x00, 0x00,
	0x00, 0x00, 0x00, 0x00, 0x00, 0x00, 0x00, 0x00,
	0x00, 0x00, 0x00, 0x00, 0x00, 0x00, 0x00, 0x00,
	0x00, 0x00, 0x00, 0x00, 0x00, 0x00, 0x00, 0x00,
	0x00, 0x00, 0x00, 0x00, 0x00, 0x00, 0x00, 0x00,
	0x00, 0x00, 0x00, 0x00, 0x00, 0x00, 0x00, 0x00,
	0x00, 0x00, 0x00, 0x00, 0x00, 0x00, 0x00, 0x00,
	0x00, 0x00, 0x00, 0x00, 0x00, 0x00, 0x00, 0x00,
	0x00, 0x00, 0x00, 0x00, 0x00, 0x00, 0x00, 0x00,
	0x00, 0x00, 0x00, 0x00, 0x00, 0x00, 0x00, 0x00,
	0x00, 0x00, 0x00, 0x00, 0x00, 0x00, 0x00, 0x00,
	0x00, 0x00, 0x00, 0x00, 0x00, 0x00, 0x00, 0x00,
	0x00, 0x00, 0x00, 0x00, 0x00, 0x00, 0x00, 0x00,
	0x00, 0x00, 0x00, 0x00, 0x00, 0x00, 0x00, 0x00,
	0x00, 0x00, 0x00, 0x00, 0x00, 0x00, 0x00, 0x00,
	0x00, 0x00, 0x00, 0x00, 0x00, 0x00, 0x00, 0x00,
	0x00, 0x00, 0x00, 0x00, 0x00, 0x00, 0x00, 0x00,
	0x00, 0x00, 0x00, 0x00, 0x00, 0x00, 0x00, 0x00,
	0x00, 0x00, 0x00, 0x00, 0x00, 0x00, 0x00, 0x00,
	0x00, 0x00, 0x00, 0x00, 0x00, 0x00, 0x00, 0x00,
	0x00, 0x00, 0x00, 0x00, 0x00, 0x00, 0x00, 0x00,
	0x00, 0x00, 0x00, 0x00, 0x00, 0x00, 0x00, 0x00,
	0x00, 0x00, 0x00, 0x00, 0x00, 0x00, 0x00, 0x00,
	0x00, 0x00, 0x00, 0x00, 0x00, 0x00, 0x00, 0x00,
	0x00, 0x00, 0x00, 0x00, 0x00, 0x00, 0x00, 0x00,
	0x00, 0x00, 0x00, 0x00, 0x00, 0x00, 0x00, 0x00,
	0x00, 0x00, 0x00, 0x00, 0x00, 0x00, 0x00, 0x00,
	0x00, 0x00, 0x00, 0x00, 0x00, 0x00, 0x00, 0x00,
	0x00, 0x00, 0x00, 0x00, 0x00, 0x00, 0x00, 0x00,
	0x00, 0x00, 0x00, 0x00, 0x00, 0x00, 0x00, 0x00,
	0x00, 0x00, 0x00, 0x00, 0x00, 0x00, 0x00, 0x00,
	0x00, 0x00, 0x00, 0x00, 0x00, 0x00, 0x00, 0x00,
	0x00, 0x00, 0x00, 0x00, 0x00, 0x00, 0x00, 0x00,
	0x00, 0x00, 0x00, 0x00, 0x00, 0x00, 0x00, 0x00,
	0x00, 0x00, 0x00, 0x00, 0x00, 0x00, 0x00, 0x00,
	0x00, 0x00, 0x00, 0x00, 0x00, 0x00, 0x00, 0x00,
	0x00, 0x00, 0x00, 0x00, 0x00, 0x00, 0x00, 0x00,
	0x00, 0x00, 0x00, 0x00, 0x00, 0x00, 0x00, 0x00,
	0x00, 0x00, 0x00, 0x00, 0x00, 0x00, 0x00, 0x00,
	0x00, 0x00, 0x00, 0x00, 0x00, 0x00, 0x00, 0x00,
	0x00, 0x00, 0x00, 0x00, 0x00, 0x00, 0x00, 0x00,
	0x00, 0x00, 0x00, 0x00, 0x00, 0x00, 0x00, 0x00,
	0x00, 0x00, 0x00, 0x00, 0x00, 0x00, 0x00, 0x00,
	0x00, 0x00, 0x00, 0x00, 0x00, 0x00, 0x00, 0x00,
	0x00, 0x00, 0x00, 0x00, 0x00, 0x00, 0x00, 0x00,
	0x00, 0x00, 0x00, 0x00, 0x00, 0x00, 0x00, 0x00,
	0x00, 0x00, 0x00, 0x00, 0x00, 0x00, 0x00, 0x00,
	0x00, 0x00, 0x00, 0x00, 0x00, 0x00, 0x00, 0x00,
	0x00, 0x00, 0x00, 0x00, 0x00, 0x00, 0x00, 0x00,
	0x00, 0x00, 0x00, 0x00, 0x00, 0x00, 0x00, 0x00,
	0x00, 0x00, 0x00, 0x00, 0x00, 0x00, 0x00, 0x00,
	0x00, 0x00, 0x00, 0x00, 0x00, 0x00, 0x00, 0x00,
	0x00, 0x00, 0x00, 0x00, 0x00, 0x00, 0x00, 0x00,
	0x00, 0x00, 0x00, 0x00, 0x00, 0x00, 0x00, 0x00,
	0x00, 0x00, 0x00, 0x00, 0x00, 0x00, 0x00, 0x00,
	0x00, 0x00, 0x00, 0x00, 0x00, 0x00, 0x00, 0x00,
	0x00, 0x00, 0x00, 0x00, 0x00, 0x00, 0x00, 0x00,
	0x00, 0x00, 0x00, 0x00, 0x00, 0x00, 0x00, 0x00,
	0x00, 0x00, 0x00, 0x00, 0x00, 0x00, 0x00, 0x00,
	0x00, 0x00, 0x00, 0x00, 0x00, 0x00, 0x00, 0x00,
	0x00, 0x00, 0x00, 0x00, 0x00, 0x00, 0x00, 0x00,
	0x00, 0x00, 0x00, 0x00, 0x00, 0x00, 0x00, 0x00,
	0x00, 0x00, 0x00, 0x00, 0x00, 0x00, 0x00, 0x00,
	0x00, 0x00, 0x00, 0x00, 0x00, 0x00, 0x00, 0x00,
	0x00, 0x00, 0x00, 0x00, 0x00, 0x00, 0x00, 0x00,
	0x00, 0x00, 0x00, 0x00, 0x00, 0x00, 0x00, 0x00,
	0x00, 0x00, 0x00, 0x00, 0x00, 0x00, 0x00, 0x00,
	0x00, 0x00, 0x00, 0x00, 0x00, 0x00, 0x00, 0x00,
	0x00, 0x00, 0x00, 0x00, 0x00, 0x00, 0x00, 0x00,
	0x00, 0x00, 0x00, 0x00, 0x00, 0x00, 0x00, 0x00,
	0x00, 0x00, 0x00, 0x00, 0x00, 0x00, 0x00, 0x00,
	0x00, 0x00, 0x00, 0x00, 0x00, 0x00, 0x00, 0x00,
	0x00, 0x00, 0x00, 0x00, 0x00, 0x00, 0x00, 0x00,
	0x00, 0x00, 0x00, 0x00, 0x00, 0x00, 0x00, 0x00,
	0x00, 0x00, 0x00, 0x00, 0x00, 0x00, 0x00, 0x00,
	0x00, 0x00, 0x00, 0x00, 0x00, 0x00, 0x00, 0x00,
	0x00, 0x00, 0x00, 0x00, 0x00, 0x00, 0x00, 0x00,
	0x00, 0x00, 0x00, 0x00, 0x00, 0x00, 0x00, 0x00,
	0x00, 0x00, 0x00, 0x00, 0x00, 0x00, 0x00, 0x00,
	0x00, 0x00, 0x00, 0x00, 0x00, 0x00, 0x00, 0x00,
	0x00, 0x00, 0x00, 0x00, 0x00, 0x00, 0x00, 0x00,
	0x00, 0x00, 0x00, 0x00, 0x00, 0x00, 0x00, 0x00,
	0x00, 0x00, 0x00, 0x00, 0x00, 0x00, 0x00, 0x00,
	0x00, 0x00, 0x00, 0x00, 0x00, 0x00, 0x00, 0x00,
	0x00, 0x00, 0x00, 0x00, 0x00, 0x00, 0x00, 0x00,
	0x00, 0x00, 0x00, 0x00, 0x00, 0x00, 0x00, 0x00,
	0x00, 0x00, 0x00, 0x00, 0x00, 0x00, 0x00, 0x00,
	0x00, 0x00, 0x00, 0x00, 0x00, 0x00, 0x00, 0x00,
	0x00, 0x00, 0x00, 0x00, 0x00, 0x00, 0x00, 0x00,
	0x00, 0x00, 0x00, 0x00, 0x00, 0x00, 0x00, 0x00,
	0x00, 0x00, 0x00, 0x00, 0x00, 0x00, 0x00, 0x00,
	0x00, 0x00, 0x00, 0x00, 0x00, 0x00, 0x00, 0x00,
	0x00, 0x00, 0x00, 0x00, 0x00, 0x00, 0x00, 0x00,
	0x00, 0x00, 0x00, 0x00, 0x00, 0x00, 0x00, 0x00,
	0x00, 0x00, 0x00, 0x00, 0x00, 0x00, 0x00, 0x00,
	0x00, 0x00, 0x00, 0x00, 0x00, 0x00, 0x00, 0x00,
	0x00, 0x00, 0x00, 0x00, 0x00, 0x00, 0x00, 0x00,
	0x00, 0x00, 0x00, 0x00, 0x00, 0x00, 0x00, 0x00,
	0x00, 0x00, 0x00, 0x00, 0x00, 0x00, 0x00, 0x00,
	0x00, 0x00, 0x00, 0x00, 0x00, 0x00, 0x00, 0x00,
	0x00, 0x00, 0x00, 0x00, 0x00, 0x00, 0x00, 0x00,
	0x00, 0x00, 0x00, 0x00, 0x00, 0x00, 0x00, 0x00,
	0x00, 0x00, 0x00, 0x00, 0x00, 0x00, 0x00, 0x00,
	0x00, 0x00, 0x00, 0x00, 0x00, 0x00, 0x00, 0x00,
	0x00, 0x00, 0x00, 0x00, 0x00, 0x00, 0x00, 0x00,
	0x00, 0x00, 0x00, 0x00, 0x00, 0x00, 0x00, 0x00,
	0x00, 0x00, 0x00, 0x00, 0x00, 0x00, 0x00, 0x00,
	0x00, 0x00, 0x00, 0x00, 0x00, 0x00, 0x00, 0x00,
	0x00, 0x00, 0x00, 0x00, 0x00, 0x00, 0x00, 0x00,
	0x00, 0x00, 0x00, 0x00, 0x00, 0x00, 0x00, 0x00,
	0x00, 0x00, 0x00, 0x00, 0x00, 0x00, 0x00, 0x00,
	0x00, 0x00, 0x00, 0x00, 0x00, 0x00, 0x00, 0x00,
	0x00, 0x00, 0x00, 0x00, 0x00, 0x00, 0x00, 0x00,
	0x00, 0x00, 0x00, 0x00, 0x00, 0x00, 0x00, 0x00,
	0x00, 0x00, 0x00, 0x00, 0x00, 0x00, 0x00, 0x00,
	0x00, 0x00, 0x00, 0x00, 0x00, 0x00, 0x00, 0x00,
	0x00, 0x00, 0x00, 0x00, 0x00, 0x00, 0x00, 0x00,
	0x00, 0x00, 0x00, 0x00, 0x00, 0x00, 0x00, 0x00,
	0x00, 0x00, 0x00, 0x00, 0x00, 0x00, 0x00, 0x00,
	0x00, 0x00, 0x00, 0x00, 0x00, 0x00, 0x00, 0x00,
	0x00, 0x00, 0x00, 0x00, 0x00, 0x00, 0x00, 0x00,
	0x00, 0x00, 0x00, 0x00, 0x00, 0x00, 0x00, 0x00,
	0x00, 0x00, 0x00, 0x00, 0x00, 0x00, 0x00, 0x00,
	0x00, 0x00, 0x00, 0x00, 0x00, 0x00, 0x00, 0x00,
	0x00, 0x00, 0x00, 0x00, 0x00, 0x00, 0x00, 0x00,
	0x00, 0x00, 0x00, 0x00, 0x00, 0x00, 0x00, 0x00,
	0x00, 0x00, 0x00, 0x00, 0x00, 0x00, 0x00, 0x00,
	0x00, 0x00, 0x00, 0x00, 0x00, 0x00, 0x00, 0x00,
	0x00, 0x00, 0x00, 0x00, 0x00, 0x00, 0x00, 0x00,
	0x00, 0x00, 0x00, 0x00, 0x00, 0x00, 0x00, 0x00,
	0x00, 0x00, 0x00, 0x00, 0x00, 0x00, 0x00, 0x00,
	0x00, 0x00, 0x00, 0x00, 0x00, 0x00, 0x00, 0x00,
	0x00, 0x00, 0x00, 0x00, 0x00, 0x00, 0x00, 0x00,
	0x00, 0x00, 0x00, 0x00, 0x00, 0x00, 0x00, 0x00,
	0x00, 0x00, 0x00, 0x00, 0x00, 0x00, 0x00, 0x00,
	0x00, 0x00, 0x00, 0x00, 0x00, 0x00, 0x00, 0x00,
	0x00, 0x00, 0x00, 0x00, 0x00, 0x00, 0x00, 0x00,
	0x00, 0x00, 0x00, 0x00, 0x00, 0x00, 0x00, 0x00,
	0x00, 0x00, 0x00, 0x00, 0x00, 0x00, 0x00, 0x00,
	0x00, 0x00, 0x00, 0x00, 0x00, 0x00, 0x00, 0x00,
	0x00, 0x00, 0x00, 0x00, 0x00, 0x00, 0x00, 0x00,
	0x00, 0x00, 0x00, 0x00, 0x00, 0x00, 0x00, 0x00,
	0x00, 0x00, 0x00, 0x00, 0x00, 0x00, 0x00, 0x00,
	0x00, 0x00, 0x00, 0x00, 0x00, 0x00, 0x00, 0x00,
	0x00, 0x00, 0x00, 0x00, 0x00, 0x00, 0x00, 0x00,
	0x00, 0x00, 0x00, 0x00, 0x00, 0x00, 0x00, 0x00,
	0x00, 0x00, 0x00, 0x00, 0x00, 0x00, 0x00, 0x00,
	0x00, 0x00, 0x00, 0x00, 0x00, 0x00, 0x00, 0x00,
	0x00, 0x00, 0x00, 0x00, 0x00, 0x00, 0x00, 0x00,
	0x00, 0x00, 0x00, 0x00, 0x00, 0x00, 0x00, 0x00,
	0x00, 0x00, 0x00, 0x00, 0x00, 0x00, 0x00, 0x00,
	0x00, 0x00, 0x00, 0x00, 0x00, 0x00, 0x00, 0x00,
	0x00, 0x00, 0x00, 0x00, 0x00, 0x00, 0x00, 0x00,
	0x00, 0x00, 0x00, 0x00, 0x00, 0x00, 0x00, 0x00,
	0x00, 0x00, 0x00, 0x00, 0x00, 0x00, 0x00, 0x00,
	0x00, 0x00, 0x00, 0x00, 0x00, 0x00, 0x00, 0x00,
	0x00, 0x00, 0x00, 0x00, 0x00, 0x00, 0x00, 0x00,
	0x00, 0x00, 0x00, 0x00, 0x00, 0x00, 0x00, 0x00,
	0x00, 0x00, 0x00, 0x00, 0x00, 0x00, 0x00, 0x00,
	0x00, 0x00, 0x00, 0x00, 0x00, 0x00, 0x00, 0x00,
	0x00, 0x00, 0x00, 0x00, 0x00, 0x00, 0x00, 0x00,
	0x00, 0x00, 0x00, 0x00, 0x00, 0x00, 0x00, 0x00,
	0x00, 0x00, 0x00, 0x00, 0x00, 0x00, 0x00, 0x00,
	0x00, 0x00, 0x00, 0x00, 0x00, 0x00, 0x00, 0x00,
	0x00, 0x00, 0x00, 0x00, 0x00, 0x00, 0x00, 0x00,
	0x00, 0x00, 0x00, 0x00, 0x00, 0x00, 0x00, 0x00,
	0x00, 0x00, 0x00, 0x00, 0x00, 0x00, 0x00, 0x00,
	0x00, 0x00, 0x00, 0x00, 0x00, 0x00, 0x00, 0x00,
	0x00, 0x00, 0x00, 0x00, 0x00, 0x00, 0x00, 0x00,
	0x00, 0x00, 0x00, 0x00, 0x00, 0x00, 0x00, 0x00,
	0x00, 0x00, 0x00, 0x00, 0x00, 0x00, 0x00, 0x00,
	0x00, 0x00, 0x00, 0x00, 0x00, 0x00, 0x00, 0x00,
	0x00, 0x00, 0x00, 0x00, 0x00, 0x00, 0x00, 0x00,
	0x00, 0x00, 0x00, 0x00, 0x00, 0x00, 0x00, 0x00,
	0x00, 0x00, 0x00, 0x00, 0x00, 0x00, 0x00, 0x00,
	0x00, 0x00, 0x00, 0x00, 0x00, 0x00, 0x00, 0x00,
	0x00, 0x00, 0x00, 0x00, 0x00, 0x00, 0x00, 0x00,
	0x00, 0x00, 0x00, 0x00, 0x00, 0x00, 0x00, 0x00,
	0x00, 0x00, 0x00, 0x00, 0x00, 0x00, 0x00, 0x00,
	0x00, 0x00, 0x00, 0x00, 0x00, 0x00, 0x00, 0x00,
	0x00, 0x00, 0x00, 0x00, 0x00, 0x00, 0x00, 0x00,
	0x00, 0x00, 0x00, 0x00, 0x00, 0x00, 0x00, 0x00,
	0x00, 0x00, 0x00, 0x00, 0x00, 0x00, 0x00, 0x00,
	0x00, 0x00, 0x00, 0x00, 0x00, 0x00, 0x00, 0x00,
	0x00, 0x00, 0x00, 0x00, 0x00, 0x00, 0x00, 0x00,
	0x00, 0x00, 0x00, 0x00, 0x00, 0x00, 0x00, 0x00,
	0x00, 0x00, 0x00, 0x00, 0x00, 0x00, 0x00, 0x00,
	0x00, 0x00, 0x00, 0x00, 0x00, 0x00, 0x00, 0x00,
	0x00, 0x00, 0x00, 0x00, 0x00, 0x00, 0x00, 0x00,
	0x00, 0x00, 0x00, 0x00, 0x00, 0x00, 0x00, 0x00,
	0x00, 0x00, 0x00, 0x00, 0x00, 0x00, 0x00, 0x00,
	0x00, 0x00, 0x00, 0x00, 0x00, 0x00, 0x00, 0x00,
	0x00, 0x00, 0x00, 0x00, 0x00, 0x00, 0x00, 0x00,
	0x00, 0x00, 0x00, 0x00, 0x00, 0x00, 0x00, 0x00,
	0x00, 0x00, 0x00, 0x00, 0x00, 0x00, 0x00, 0x00,
	0x00, 0x00, 0x00, 0x00, 0x00, 0x00, 0x00, 0x00,
	0x00, 0x00, 0x00, 0x00, 0x00, 0x00, 0x00, 0x00,
	0x00, 0x00, 0x00, 0x00, 0x00, 0x00, 0x00, 0x00,
	0x00, 0x00, 0x00, 0x00, 0x00, 0x00, 0x00, 0x00,
	0x00, 0x00, 0x00, 0x00, 0x00, 0x00, 0x00, 0x00,
	0x00, 0x00, 0x00, 0x00, 0x00, 0x00, 0x00, 0x00,
	0x00, 0x00, 0x00, 0x00, 0x00, 0x00, 0x00, 0x00,
	0x00, 0x00, 0x00, 0x00, 0x00, 0x00, 0x00, 0x00,
	0x00, 0x00, 0x00, 0x00, 0x00, 0x00, 0x00, 0x00,
	0x00, 0x00, 0x00, 0x00, 0x00, 0x00, 0x00, 0x00,
	0x00, 0x00, 0x00, 0x00, 0x00, 0x00, 0x00, 0x00,
	0x00, 0x00, 0x00, 0x00, 0x00, 0x00, 0x00, 0x00,
	0x00, 0x00, 0x00, 0x00, 0x00, 0x00, 0x00, 0x00,
	0x00, 0x00, 0x00, 0x00, 0x00, 0x00, 0x00, 0x00,
	0x00, 0x00, 0x00, 0x00, 0x00, 0x00, 0x00, 0x00,
	0x00, 0x00, 0x00, 0x00, 0x00, 0x00, 0x00, 0x00,
	0x00, 0x00, 0x00, 0x00, 0x00, 0x00, 0x00, 0x00,
	0x00, 0x00, 0x00, 0x00, 0x00, 0x00, 0x00, 0x00,
	0x00, 0x00, 0x00, 0x00, 0x00, 0x00, 0x00, 0x00,
	0x00, 0x00, 0x00, 0x00, 0x00, 0x00, 0x00, 0x00,
	0x00, 0x00, 0x00, 0x00, 0x00, 0x00, 0x00, 0x00,
	0x00, 0x00, 0x00, 0x00, 0x00, 0x00, 0x00, 0x00,
	0x00, 0x00, 0x00, 0x00, 0x00, 0x00, 0x00, 0x00,
	0x00, 0x00, 0x00, 0x00, 0x00, 0x00, 0x00, 0x00,
	0x00, 0x00, 0x00, 0x00, 0x00, 0x00, 0x00, 0x00,
	0x00, 0x00, 0x00, 0x00, 0x00, 0x00, 0x00, 0x00,
	0x00, 0x00, 0x00, 0x00, 0x00, 0x00, 0x00, 0x00,
	0x00, 0x00, 0x00, 0x00, 0x00, 0x00, 0x00, 0x00,
	0x00, 0x00, 0x00, 0x00, 0x00, 0x00, 0x00, 0x00,
	0x00, 0x00, 0x00, 0x00, 0x00, 0x00, 0x00, 0x00,
	0x00, 0x00, 0x00, 0x00, 0x00, 0x00, 0x00, 0x00,
	0x00, 0x00, 0x00, 0x00, 0x00, 0x00, 0x00, 0x00,
	0x00, 0x00, 0x00, 0x00, 0x00, 0x00, 0x00, 0x00,
	0x00, 0x00, 0x00, 0x00, 0x00, 0x00, 0x00, 0x00,
	0x00, 0x00, 0x00, 0x00, 0x00, 0x00, 0x00, 0x00,
	0x00, 0x00, 0x00, 0x00, 0x00, 0x00, 0x00, 0x00,
	0x00, 0x00, 0x00, 0x00, 0x00, 0x00, 0x00, 0x00,
	0x00, 0x00, 0x00, 0x00, 0x00, 0x00, 0x00, 0x00,
	0x00, 0x00, 0x00, 0x00, 0x00, 0x00, 0x00, 0x00,
	0x00, 0x00, 0x00, 0x00, 0x00, 0x00, 0x00, 0x00,
	0x00, 0x00, 0x00, 0x00, 0x00, 0x00, 0x00, 0x00,
	0x00, 0x00, 0x00, 0x00, 0x00, 0x00, 0x00, 0x00,
	0x00, 0x00, 0x00, 0x00, 0x00, 0x00, 0x00, 0x00,
	0x00, 0x00, 0x00, 0x00, 0x00, 0x00, 0x00, 0x00,
	0x00, 0x00, 0x00, 0x00, 0x00, 0x00, 0x00, 0x00,
	0x00, 0x00, 0x00, 0x00, 0x00, 0x00, 0x00, 0x00,
	0x00, 0x00, 0x00, 0x00, 0x00, 0x00, 0x00, 0x00,
	0x00, 0x00, 0x00, 0x00, 0x00, 0x00, 0x00, 0x00,
	0x00, 0x00, 0x00, 0x00, 0x00, 0x00, 0x00, 0x00,
	0x00, 0x00, 0x00, 0x00, 0x00, 0x00, 0x00, 0x00,
	0x00, 0x00, 0x00, 0x00, 0x00, 0x00, 0x00, 0x00,
	0x00, 0x00, 0x00, 0x00, 0x00, 0x00, 0x00, 0x00,
	0x00, 0x00, 0x00, 0x00, 0x00, 0x00, 0x00, 0x00,
	0x00, 0x00, 0x00, 0x00, 0x00, 0x00, 0x00, 0x00,
	0x00, 0x00, 0x00, 0x00, 0x00, 0x00, 0x00, 0x00,
	0x00, 0x00, 0x00, 0x00, 0x00, 0x00, 0x00, 0x00,
	0x00, 0x00, 0x00, 0x00, 0x00, 0x00, 0x00, 0x00,
	0x00, 0x00, 0x00, 0x00, 0x00, 0x00, 0x00, 0x00,
	0x00, 0x00, 0x00, 0x00, 0x00, 0x00, 0x00, 0x00,
	0x00, 0x00, 0x00, 0x00, 0x00, 0x00, 0x00, 0x00,
	0x00, 0x00, 0x00, 0x00, 0x00, 0x00, 0x00, 0x00,
	0x00, 0x00, 0x00, 0x00, 0x00, 0x00, 0x00, 0x00,
	0x00, 0x00, 0x00, 0x00, 0x00, 0x00, 0x00, 0x00,
	0x00, 0x00, 0x00, 0x00, 0x00, 0x00, 0x00, 0x00,
	0x00, 0x00, 0x00, 0x00, 0x00, 0x00, 0x00, 0x00,
	0x00, 0x00, 0x00, 0x00, 0x00, 0x00, 0x00, 0x00,
	0x00, 0x00, 0x00, 0x00, 0x00, 0x00, 0x00, 0x00,
	0x00, 0x00, 0x00, 0x00, 0x00, 0x00, 0x00, 0x00,
	0x00, 0x00, 0x00, 0x00, 0x00, 0x00, 0x00, 0x00,
	0x00, 0x00, 0x00, 0x00, 0x00, 0x00, 0x00, 0x00,
	0x00, 0x00, 0x00, 0x00, 0x00, 0x00, 0x00, 0x00,
	0x00, 0x00, 0x00, 0x00, 0x00, 0x00, 0x00, 0x00,
	0x00, 0x00, 0x00, 0x00, 0x00, 0x00, 0x00, 0x00,
	0x00, 0x00, 0x00, 0x00, 0x00, 0x00, 0x00, 0x00,
	0x00, 0x00, 0x00, 0x00, 0x00, 0x00, 0x00, 0x00,
	0x00, 0x00, 0x00, 0x00, 0x00, 0x00, 0x00, 0x00,
	0x00, 0x00, 0x00, 0x00, 0x00, 0x00, 0x00, 0x00,
	0x00, 0x00, 0x00, 0x00, 0x00, 0x00, 0x00, 0x00,
	0x00, 0x00, 0x00, 0x00, 0x00, 0x00, 0x00, 0x00,
	0x00, 0x00, 0x00, 0x00, 0x00, 0x00, 0x00, 0x00,
	0x00, 0x00, 0x00, 0x00, 0x00, 0x00, 0x00, 0x00,
	0x00, 0x00, 0x00, 0x00, 0x00, 0x00, 0x00, 0x00,
	0x00, 0x00, 0x00, 0x00, 0x00, 0x00, 0x00, 0x00,
	0x00, 0x00, 0x00, 0x00, 0x00, 0x00, 0x00, 0x00,
	0x00, 0x00, 0x00, 0x00, 0x00, 0x00, 0x00, 0x00,
	0x00, 0x00, 0x00, 0x00, 0x00, 0x00, 0x00, 0x00,
	0x00, 0x00, 0x00, 0x00, 0x00, 0x00, 0x00, 0x00,
	0x00, 0x00, 0x00, 0x00, 0x00, 0x00, 0x00, 0x00,
	0x00, 0x00, 0x00, 0x00, 0x00, 0x00, 0x00, 0x00,
	0x00, 0x00, 0x00, 0x00, 0x00, 0x00, 0x00, 0x00,
	0x00, 0x00, 0x00, 0x00, 0x00, 0x00, 0x00, 0x00,
	0x00, 0x00, 0x00, 0x00, 0x00, 0x00, 0x00, 0x00,
	0x00, 0x00, 0x00, 0x00, 0x00, 0x00, 0x00, 0x00,
	0x00, 0x00, 0x00, 0x00, 0x00, 0x00, 0x00, 0x00,
	0x00, 0x00, 0x00, 0x00, 0x00, 0x00, 0x00, 0x00,
	0x00, 0x00, 0x00, 0x00, 0x00, 0x00, 0x00, 0x00,
	0x00, 0x00, 0x00, 0x00, 0x00, 0x00, 0x00, 0x00,
	0x00, 0x00, 0x00, 0x00, 0x00, 0x00, 0x00, 0x00,
	0x00, 0x00, 0x00, 0x00, 0x00, 0x00, 0x00, 0x00,
	0x00, 0x00, 0x00, 0x00, 0x00, 0x00, 0x00, 0x00,
	0x00, 0x00, 0x00, 0x00, 0x00, 0x00, 0x00, 0x00,
	0x00, 0x00, 0x00, 0x00, 0x00, 0x00, 0x00, 0x00,
	0x00, 0x00, 0x00, 0x00, 0x00, 0x00, 0x00, 0x00,
	0x00, 0x00, 0x00, 0x00, 0x00, 0x00, 0x00, 0x00,
	0x00, 0x00, 0x00, 0x00, 0x00, 0x00, 0x00, 0x00,
	0x00, 0x00, 0x00, 0x00, 0x00, 0x00, 0x00, 0x00,
	0x00, 0x00, 0x00, 0x00, 0x00, 0x00, 0x00, 0x00,
	0x00, 0x00, 0x00, 0x00, 0x00, 0x00, 0x00, 0x00,
	0x00, 0x00, 0x00, 0x00, 0x00, 0x00, 0x00, 0x00,
	0x00, 0x00, 0x00, 0x00, 0x00, 0x00, 0x00, 0x00,
	0x00, 0x00, 0x00, 0x00, 0x00, 0x00, 0x00, 0x00,
	0x00, 0x00, 0x00, 0x00, 0x00, 0x00, 0x00, 0x00,
	0x00, 0x00, 0x00, 0x00, 0x00, 0x00, 0x00, 0x00,
	0x00, 0x00, 0x00, 0x00, 0x00, 0x00, 0x00, 0x00,
	0x00, 0x00, 0x00, 0x00, 0x00, 0x00, 0x00, 0x00,
	0x00, 0x00, 0x00, 0x00, 0x00, 0x00, 0x00, 0x00,
	0x00, 0x00, 0x00, 0x00, 0x00, 0x00, 0x00, 0x00,
	0x00, 0x00, 0x00, 0x00, 0x00, 0x00, 0x00, 0x00,
	0x00, 0x00, 0x00, 0x00, 0x00, 0x00, 0x00, 0x00,
	0x00, 0x00, 0x00, 0x00, 0x00, 0x00, 0x00, 0x00,
	0x00, 0x00, 0x00, 0x00, 0x00, 0x00, 0x00, 0x00,
	0x00, 0x00, 0x00, 0x00, 0x00, 0x00, 0x00, 0x00,
	0x00, 0x00, 0x00, 0x00, 0x00, 0x00, 0x00, 0x00,
	0x00, 0x00, 0x00, 0x00, 0x00, 0x00, 0x00, 0x00,
	0x00, 0x00, 0x00, 0x00, 0x00, 0x00, 0x00, 0x00,
	0x00, 0x00, 0x00, 0x00, 0x00, 0x00, 0x00, 0x00,
	0x00, 0x00, 0x00, 0x00, 0x00, 0x00, 0x00, 0x00,
	0x00, 0x00, 0x00, 0x00, 0x00, 0x00, 0x00, 0x00,
	0x00, 0x00, 0x00, 0x00, 0x00, 0x00, 0x00, 0x00,
	0x00, 0x00, 0x00, 0x00, 0x00, 0x00, 0x00, 0x00,
	0x00, 0x00, 0x00, 0x00, 0x00, 0x00, 0x00, 0x00,
	0x00, 0x00, 0x00, 0x00, 0x00, 0x00, 0x00, 0x00,
	0x00, 0x00, 0x00, 0x00, 0x00, 0x00, 0x00, 0x00,
	0x00, 0x00, 0x00, 0x00, 0x00, 0x00, 0x00, 0x00,
	0x00, 0x00, 0x00, 0x00, 0x00, 0x00, 0x00, 0x00,
	0x00, 0x00, 0x00, 0x00, 0x00, 0x00, 0x00, 0x00,
	0x00, 0x00, 0x00, 0x00, 0x00, 0x00, 0x00, 0x00,
	0x00, 0x00, 0x00, 0x00, 0x00, 0x00, 0x00, 0x00,
	0x00, 0x00, 0x00, 0x00, 0x00, 0x00, 0x00, 0x00,
	0x00, 0x00, 0x00, 0x00, 0x00, 0x00, 0x00, 0x00,
	0x00, 0x00, 0x00, 0x00, 0x00, 0x00, 0x00, 0x00,
	0x00, 0x00, 0x00, 0x00, 0x00, 0x00, 0x00, 0x00,
	0x00, 0x00, 0x00, 0x00, 0x00, 0x00, 0x00, 0x00,
	0x00, 0x00, 0x00, 0x00, 0x00, 0x00, 0x00, 0x00,
	0x00, 0x00, 0x00, 0x00, 0x00, 0x00, 0x00, 0x00,
	0x00, 0x00, 0x00, 0x00, 0x00, 0x00, 0x00, 0x00,
	0x00, 0x00, 0x00, 0x00, 0x00, 0x00, 0x00, 0x00,
	0x00, 0x00, 0x00, 0x00, 0x00, 0x00, 0x00, 0x00,
	0x00, 0x00, 0x00, 0x00, 0x00, 0x00, 0x00, 0x00,
	0x00, 0x00, 0x00, 0x00, 0x00, 0x00, 0x00, 0x00,
	0x00, 0x00, 0x00, 0x00, 0x00, 0x00, 0x00, 0x00,
	0x00, 0x00, 0x00, 0x00, 0x00, 0x00, 0x00, 0x00,
	0x00, 0x00, 0x00, 0x00, 0x00, 0x00, 0x00, 0x00,
	0x00, 0x00, 0x00, 0x00, 0x00, 0x00, 0x00, 0x00,
	0x00, 0x00, 0x00, 0x00, 0x00, 0x00, 0x00, 0x00,
	0x00, 0x00, 0x00, 0x00, 0x00, 0x00, 0x00, 0x00,
	0x00, 0x00, 0x00, 0x00, 0x00, 0x00, 0x00, 0x00,
	0x00, 0x00, 0x00, 0x00, 0x00, 0x00, 0x00, 0x00,
	0x00, 0x00, 0x00, 0x00, 0x00, 0x00, 0x00, 0x00,
	0x00, 0x00, 0x00, 0x00, 0x00, 0x00, 0x00, 0x00,
	0x00, 0x00, 0x00, 0x00, 0x00, 0x00, 0x00, 0x00,
	0x00, 0x00, 0x00, 0x00, 0x00, 0x00, 0x00, 0x00,
	0x00, 0x00, 0x00, 0x00, 0x00, 0x00, 0x00, 0x00,
	0x00, 0x00, 0x00, 0x00, 0x00, 0x00, 0x00, 0x00,
	0x00, 0x00, 0x00, 0x00, 0x00, 0x00, 0x00, 0x00,
	0x00, 0x00, 0x00, 0x00, 0x00, 0x00, 0x00, 0x00,
	0x00, 0x00, 0x00, 0x00, 0x00, 0x00, 0x00, 0x00,
	0x00, 0x00, 0x00, 0x00, 0x00, 0x00, 0x00, 0x00,
	0x00, 0x00, 0x00, 0x00, 0x00, 0x00, 0x00, 0x00,
	0x00, 0x00, 0x00, 0x00, 0x00, 0x00, 0x00, 0x00,
	0x00, 0x00, 0x00, 0x00, 0x00, 0x00, 0x00, 0x00,
	0x00, 0x00, 0x00, 0x00, 0x00, 0x00, 0x00, 0x00,
	0x00, 0x00, 0x00, 0x00, 0x00, 0x00, 0x00, 0x00,
	0x00, 0x00, 0x00, 0x00, 0x00, 0x00, 0x00, 0x00,
	0x00, 0x00, 0x00, 0x00, 0x00, 0x00, 0x00, 0x00,
	0x00, 0x00, 0x00, 0x00, 0x00, 0x00, 0x00, 0x00,
	0x00, 0x00, 0x00, 0x00, 0x00, 0x00, 0x00, 0x00,
	0x00, 0x00, 0x00, 0x00, 0x00, 0x00, 0x00, 0x00,
	0x00, 0x00, 0x00, 0x00, 0x00, 0x00, 0x00, 0x00,
	0x00, 0x00, 0x00, 0x00, 0x00, 0x00, 0x00, 0x00,
	0x00, 0x00, 0x00, 0x00, 0x00, 0x00, 0x00, 0x00,
	0x00, 0x00, 0x00, 0x00, 0x00, 0x00, 0x00, 0x00,
	0x00, 0x00, 0x00, 0x00, 0x00, 0x00, 0x00, 0x00,
	0x00, 0x00, 0x00, 0x00, 0x00, 0x00, 0x00, 0x00,
	0x00, 0x00, 0x00, 0x00, 0x00, 0x00, 0x00, 0x00,
	0x00, 0x00, 0x00, 0x00, 0x00, 0x00, 0x00, 0x00,
	0x00, 0x00, 0x00, 0x00, 0x00, 0x00, 0x00, 0x00,
	0x00, 0x00, 0x00, 0x00, 0x00, 0x00, 0x00, 0x00,
	0x00, 0x00, 0x00, 0x00, 0x00, 0x00, 0x00, 0x00,
	0x00, 0x00, 0x00, 0x00, 0x00, 0x00, 0x00, 0x00,
	0x00, 0x00, 0x00, 0x00, 0x00, 0x00, 0x00, 0x00,
	0x00, 0x00, 0x00, 0x00, 0x00, 0x00, 0x00, 0x00,
	0x00, 0x00, 0x00, 0x00, 0x00, 0x00, 0x00, 0x00,
	0x00, 0x00, 0x00, 0x00, 0x00, 0x00, 0x00, 0x00,
	0x00, 0x00, 0x00, 0x00, 0x00, 0x00, 0x00, 0x00,
	0x00, 0x00, 0x00, 0x00, 0x00, 0x00, 0x00, 0x00,
	0x00, 0x00, 0x00, 0x00, 0x00, 0x00, 0x00, 0x00,
	0x00, 0x00, 0x00, 0x00, 0x00, 0x00, 0x00, 0x00,
	0x00, 0x00, 0x00, 0x00, 0x00, 0x00, 0x00, 0x00,
	0x00, 0x00, 0x00, 0x00, 0x00, 0x00, 0x00, 0x00,
	0x00, 0x00, 0x00, 0x00, 0x00, 0x00, 0x00, 0x00,
	0x00, 0x00, 0x00, 0x00, 0x00, 0x00, 0x00, 0x00,
	0x00, 0x00, 0x00, 0x00, 0x00, 0x00, 0x00, 0x00,
	0x00, 0x00, 0x00, 0x00, 0x00, 0x00, 0x00, 0x00,
	0x00, 0x00, 0x00, 0x00, 0x00, 0x00, 0x00, 0x00,
	0x00, 0x00, 0x00, 0x00, 0x00, 0x00, 0x00, 0x00,
	0x00, 0x00, 0x00, 0x00, 0x00, 0x00, 0x00, 0x00,
	0x00, 0x00, 0x00, 0x00, 0x00, 0x00, 0x00, 0x00,
	0x00, 0x00, 0x00, 0x00, 0x00, 0x00, 0x00, 0x00,
	0x00, 0x00, 0x00, 0x00, 0x00, 0x00, 0x00, 0x00,
	0x00, 0x00, 0x00, 0x00, 0x00, 0x00, 0x00, 0x00,
	0x00, 0x00, 0x00, 0x00, 0x00, 0x00, 0x00, 0x00,
	0x00, 0x00, 0x00, 0x00, 0x00, 0x00, 0x00, 0x00,
	0x00, 0x00, 0x00, 0x00, 0x00, 0x00, 0x00, 0x00,
	0x00, 0x00, 0x00, 0x00, 0x00, 0x00, 0x00, 0x00,
	0x00, 0x00, 0x00, 0x00, 0x00, 0x00, 0x00, 0x00,
	0x00, 0x00, 0x00, 0x00, 0x00, 0x00, 0x00, 0x00,
	0x00, 0x00, 0x00, 0x00, 0x00, 0x00, 0x00, 0x00,
	0x00, 0x00, 0x00, 0x00, 0x00, 0x00, 0x00, 0x00,
	0x00, 0x00, 0x00, 0x00, 0x00, 0x00, 0x00, 0x00,
	0x00, 0x00, 0x00, 0x00, 0x00, 0x00, 0x00, 0x00,
	0x00, 0x00, 0x00, 0x00, 0x00, 0x00, 0x00, 0x00,
	0x00, 0x00, 0x00, 0x00, 0x00, 0x00, 0x00, 0x00,
	0x00, 0x00, 0x00, 0x00, 0x00, 0x00, 0x00, 0x00,
	0x00, 0x00, 0x00, 0x00, 0x00, 0x00, 0x00, 0x00,
	0x00, 0x00, 0x00, 0x00, 0x00, 0x00, 0x00, 0x00,
	0x00, 0x00, 0x00, 0x00, 0x00, 0x00, 0x00, 0x00,
	0x00, 0x00, 0x00, 0x00, 0x00, 0x00, 0x00, 0x00,
	0x00, 0x00, 0x00, 0x00, 0x00, 0x00, 0x00, 0x00,
	0x00, 0x00, 0x00, 0x00, 0x00, 0x00, 0x00, 0x00,
	0x00, 0x00, 0x00, 0x00, 0x00, 0x00, 0x00, 0x00,
	0x00, 0x00, 0x00, 0x00, 0x00, 0x00, 0x00, 0x00,
	0x00, 0x00, 0x00, 0x00, 0x00, 0x00, 0x00, 0x00,
	0x00, 0x00, 0x00, 0x00, 0x00, 0x00, 0x00, 0x00,
	0x00, 0x00, 0x00, 0x00, 0x00, 0x00, 0x00, 0x00,
	0x00, 0x00, 0x00, 0x00, 0x00, 0x00, 0x00, 0x00,
	0x00, 0x00, 0x00, 0x00, 0x00, 0x00, 0x00, 0x00,
	0x00, 0x00, 0x00, 0x00, 0x00, 0x00, 0x00, 0x00,
	0x00, 0x00, 0x00, 0x00, 0x00, 0x00, 0x00, 0x00,
	0x00, 0x00, 0x00, 0x00, 0x00, 0x00, 0x00, 0x00,
	0x00, 0x00, 0x00, 0x00, 0x00, 0x00, 0x00, 0x00,
	0x00, 0x00, 0x00, 0x00, 0x00, 0x00, 0x00, 0x00,
	0x00, 0x00, 0x00, 0x00, 0x00, 0x00, 0x00, 0x00,
	0x00, 0x00, 0x00, 0x00, 0x00, 0x00, 0x00, 0x00,
	0x00, 0x00, 0x00, 0x00, 0x00, 0x00, 0x00, 0x00,
	0x00, 0x00, 0x00, 0x00, 0x00, 0x00, 0x00, 0x00,
	0x00, 0x00, 0x00, 0x00, 0x00, 0x00, 0x00, 0x00,
	0x00, 0x00, 0x00, 0x00, 0x00, 0x00, 0x00, 0x00,
	0x00, 0x00, 0x00, 0x00, 0x00, 0x00, 0x00, 0x00,
	0x00, 0x00, 0x00, 0x00, 0x00, 0x00, 0x00, 0x00,
	0x00, 0x00, 0x00, 0x00, 0x00, 0x00, 0x00, 0x00,
	0x00, 0x00, 0x00, 0x00, 0x00, 0x00, 0x00, 0x00,
	0x00, 0x00, 0x00, 0x00, 0x00, 0x00, 0x00, 0x00,
	0x00, 0x00, 0x00, 0x00, 0x00, 0x00, 0x00, 0x00,
	0x00, 0x00, 0x00, 0x00, 0x00, 0x00, 0x00, 0x00,
	0x00, 0x00, 0x00, 0x00, 0x00, 0x00, 0x00, 0x00,
	0x00, 0x00, 0x00, 0x00, 0x00, 0x00, 0x00, 0x00,
	0x00, 0x00, 0x00, 0x00, 0x00, 0x00, 0x00, 0x00,
	0x00, 0x00, 0x00, 0x00, 0x00, 0x00, 0x00, 0x00,
	0x00, 0x00, 0x00, 0x00, 0x00, 0x00, 0x00, 0x00,
	0x00, 0x00, 0x00, 0x00, 0x00, 0x00, 0x00, 0x00,
	0x00, 0x00, 0x00, 0x00, 0x00, 0x00, 0x00, 0x00,
	0x00, 0x00, 0x00, 0x00, 0x00, 0x00, 0x00, 0x00,
	0x00, 0x00, 0x00, 0x00, 0x00, 0x00, 0x00, 0x00,
	0x00, 0x00, 0x00, 0x00, 0x00, 0x00, 0x00, 0x00,
	0x00, 0x00, 0x00, 0x00, 0x00, 0x00, 0x00, 0x00,
	0x00, 0x00, 0x00, 0x00, 0x00, 0x00, 0x00, 0x00,
	0x00, 0x00, 0x00, 0x00, 0x00, 0x00, 0x00, 0x00,
	0x00, 0x00, 0x00, 0x00, 0x00, 0x00, 0x00, 0x00,
	0x00, 0x00, 0x00, 0x00, 0x00, 0x00, 0x00, 0x00,
	0x00, 0x00, 0x00, 0x00, 0x00, 0x00, 0x00, 0x00,
	0x00, 0x00, 0x00, 0x00, 0x00, 0x00, 0x00, 0x00,
	0x00, 0x00, 0x00, 0x00, 0x00, 0x00, 0x00, 0x00,
	0x00, 0x00, 0x00, 0x00, 0x00, 0x00, 0x00, 0x00,
	0x00, 0x00, 0x00, 0x00, 0x00, 0x00, 0x00, 0x00,
	0x00, 0x00, 0x00, 0x00, 0x00, 0x00, 0x00, 0x00,
	0x00, 0x00, 0x00, 0x00, 0x00, 0x00, 0x00, 0x00,
	0x00, 0x00, 0x00, 0x00, 0x00, 0x00, 0x00, 0x00,
	0x00, 0x00, 0x00, 0x00, 0x00, 0x00, 0x00, 0x00,
	0x00, 0x00, 0x00, 0x00, 0x00, 0x00, 0x00, 0x00,
	0x00, 0x00, 0x00, 0x00, 0x00, 0x00, 0x00, 0x00,
	0x00, 0x00, 0x00, 0x00, 0x00, 0x00, 0x00, 0x00,
	0x00, 0x00, 0x00, 0x00, 0x00, 0x00, 0x00, 0x00,
	0x00, 0x00, 0x00, 0x00, 0x00, 0x00, 0x00, 0x00,
	0x00, 0x00, 0x00, 0x00, 0x00, 0x00, 0x00, 0x00,
	0x00, 0x00, 0x00, 0x00, 0x00, 0x00, 0x00, 0x00,
	0x00, 0x00, 0x00, 0x00, 0x00, 0x00, 0x00, 0x00,
	0x00, 0x00, 0x00, 0x00, 0x00, 0x00, 0x00, 0x00,
	0x00, 0x00, 0x00, 0x00, 0x00, 0x00, 0x00, 0x00,
	0x00, 0x00, 0x00, 0x00, 0x00, 0x00, 0x00, 0x00,
	0x00, 0x00, 0x00, 0x00, 0x00, 0x00, 0x00, 0x00,
	0x00, 0x00, 0x00, 0x00, 0x00, 0x00, 0x00, 0x00,
	0x00, 0x00, 0x00, 0x00, 0x00, 0x00, 0x00, 0x00,
	0x00, 0x00, 0x00, 0x00, 0x00, 0x00, 0x00, 0x00,
	0x00, 0x00, 0x00, 0x00, 0x00, 0x00, 0x00, 0x00,
	0x00, 0x00, 0x00, 0x00, 0x00, 0x00, 0x00, 0x00,
	0x00, 0x00, 0x00, 0x00, 0x00, 0x00, 0x00, 0x00,
	0x00, 0x00, 0x00, 0x00, 0x00, 0x00, 0x00, 0x00,
	0x00, 0x00, 0x00, 0x00, 0x00, 0x00, 0x00, 0x00,
	0x00, 0x00, 0x00, 0x00, 0x00, 0x00, 0x00, 0x00,
	0x00, 0x00, 0x00, 0x00, 0x00, 0x00, 0x00, 0x00,
	0x00, 0x00, 0x00, 0x00, 0x00, 0x00, 0x00, 0x00,
	0x00, 0x00, 0x00, 0x00, 0x00, 0x00, 0x00, 0x00,
	0x00, 0x00, 0x00, 0x00, 0x00, 0x00, 0x00, 0x00,
	0x00, 0x00, 0x00, 0x00, 0x00, 0x00, 0x00, 0x00,
	0x00, 0x00, 0x00, 0x00, 0x00, 0x00, 0x00, 0x00,
	0x00, 0x00, 0x00, 0x00, 0x00, 0x00, 0x00, 0x00,
	0x00, 0x00, 0x00, 0x00, 0x00, 0x00, 0x00, 0x00,
	0x00, 0x00, 0x00, 0x00, 0x00, 0x00, 0x00, 0x00,
	0x00, 0x00, 0x00, 0x00, 0x00, 0x00, 0x00, 0x00,
	0x00, 0x00, 0x00, 0x00, 0x00, 0x00, 0x00, 0x00,
	0x00, 0x00, 0x00, 0x00, 0x00, 0x00, 0x00, 0x00,
	0x00, 0x00, 0x00, 0x00, 0x00, 0x00, 0x00, 0x00,
	0x00, 0x00, 0x00, 0x00, 0x00, 0x00, 0x00, 0x00,
	0x00, 0x00, 0x00, 0x00, 0x00, 0x00, 0x00, 0x00,
	0x00, 0x00, 0x00, 0x00, 0x00, 0x00, 0x00, 0x00,
	0x00, 0x00, 0x00, 0x00, 0x00, 0x00, 0x00, 0x00,
	0x00, 0x00, 0x00, 0x00, 0x00, 0x00, 0x00, 0x00,
	0x00, 0x00, 0x00, 0x00, 0x00, 0x00, 0x00, 0x00,
	0x00, 0x00, 0x00, 0x00, 0x00, 0x00, 0x00, 0x00,
	0x00, 0x00, 0x00, 0x00, 0x00, 0x00, 0x00, 0x00,
	0x00, 0x00, 0x00, 0x00, 0x00, 0x00, 0x00, 0x00,
	0x00, 0x00, 0x00, 0x00, 0x00, 0x00, 0x00, 0x00,
	0x00, 0x00, 0x00, 0x00, 0x00, 0x00, 0x00, 0x00,
	0x00, 0x00, 0x00, 0x00, 0x00, 0x00, 0x00, 0x00,
	0x00, 0x00, 0x00, 0x00, 0x00, 0x00, 0x00, 0x00,
	0x00, 0x00, 0x00, 0x00, 0x00, 0x00, 0x00, 0x00,
	0x00, 0x00, 0x00, 0x00, 0x00, 0x00, 0x00, 0x00,
	0x00, 0x00, 0x00, 0x00, 0x00, 0x00, 0x00, 0x00,
	0x00, 0x00, 0x00, 0x00, 0x00, 0x00, 0x00, 0x00,
	0x00, 0x00, 0x00, 0x00, 0x00, 0x00, 0x00, 0x00,
	0x00, 0x00, 0x00, 0x00, 0x00, 0x00, 0x00, 0x00,
	0x00, 0x00, 0x00, 0x00, 0x00, 0x00, 0x00, 0x00,
	0x00, 0x00, 0x00, 0x00, 0x00, 0x00, 0x00, 0x00,
	0x00, 0x00, 0x00, 0x00, 0x00, 0x00, 0x00, 0x00,
	0x00, 0x00, 0x00, 0x00, 0x00, 0x00, 0x00, 0x00,
	0x00, 0x00, 0x00, 0x00, 0x00, 0x00, 0x00, 0x00,
	0x00, 0x00, 0x00, 0x00, 0x00, 0x00, 0x00, 0x00,
	0x00, 0x00, 0x00, 0x00, 0x00, 0x00, 0x00, 0x00,
	0x00, 0x00, 0x00, 0x00, 0x00, 0x00, 0x00, 0x00,
	0x00, 0x00, 0x00, 0x00, 0x00, 0x00, 0x00, 0x00,
	0x00, 0x00, 0x00, 0x00, 0x00, 0x00, 0x00, 0x00,
	0x00, 0x00, 0x00, 0x00, 0x00, 0x00, 0x00, 0x00,
	0x00, 0x00, 0x00, 0x00, 0x00, 0x00, 0x00, 0x00,
	0x00, 0x00, 0x00, 0x00, 0x00, 0x00, 0x00, 0x00,
	0x00, 0x00, 0x00, 0x00, 0x00, 0x00, 0x00, 0x00,
	0x00, 0x00, 0x00, 0x00, 0x00, 0x00, 0x00, 0x00,
	0x00, 0x00, 0x00, 0x00, 0x00, 0x00, 0x00, 0x00,
	0x00, 0x00, 0x00, 0x00, 0x00, 0x00, 0x00, 0x00,
	0x00, 0x00, 0x00, 0x00, 0x00, 0x00, 0x00, 0x00,
	0x00, 0x00, 0x00, 0x00, 0x00, 0x00, 0x00, 0x00,
	0x00, 0x00, 0x00, 0x00, 0x00, 0x00, 0x00, 0x00,
	0x00, 0x00, 0x00, 0x00, 0x00, 0x00, 0x00, 0x00,
	0x00, 0x00, 0x00, 0x00, 0x00, 0x00, 0x00, 0x00,
	0x00, 0x00, 0x00, 0x00, 0x00, 0x00, 0x00, 0x00,
	0x00, 0x00, 0x00, 0x00, 0x00, 0x00, 0x00, 0x00,
	0x00, 0x00, 0x00, 0x00, 0x00, 0x00, 0x00, 0x00,
	0x00, 0x00, 0x00, 0x00, 0x00, 0x00, 0x00, 0x00,
	0x00, 0x00, 0x00, 0x00, 0x00, 0x00, 0x00, 0x00,
	0x00, 0x00, 0x00, 0x00, 0x00, 0x00, 0x00, 0x00,
	0x00, 0x00, 0x00, 0x00, 0x00, 0x00, 0x00, 0x00,
	0x00, 0x00, 0x00, 0x00, 0x00, 0x00, 0x00, 0x00,
	0x00, 0x00, 0x00, 0x00, 0x00, 0x00, 0x00, 0x00,
	0x00, 0x00, 0x00, 0x00, 0x00, 0x00, 0x00, 0x00,
	0x00, 0x00, 0x00, 0x00, 0x00, 0x00, 0x00, 0x00,
	0x00, 0x00, 0x00, 0x00, 0x00, 0x00, 0x00, 0x00,
	0x00, 0x00, 0x00, 0x00, 0x00, 0x00, 0x00, 0x00,
	0x00, 0x00, 0x00, 0x00, 0x00, 0x00, 0x00, 0x00,
	0x00, 0x00, 0x00, 0x00, 0x00, 0x00, 0x00, 0x00,
	0x00, 0x00, 0x00, 0x00, 0x00, 0x00, 0x00, 0x00,
	0x00, 0x00, 0x00, 0x00, 0x00, 0x00, 0x00, 0x00,
	0x00, 0x00, 0x00, 0x00, 0x00, 0x00, 0x00, 0x00,
	0x00, 0x00, 0x00, 0x00, 0x00, 0x00, 0x00, 0x00,
	0x00, 0x00, 0x00, 0x00, 0x00, 0x00, 0x00, 0x00,
	0x00, 0x00, 0x00, 0x00, 0x00, 0x00, 0x00, 0x00,
	0x00, 0x00, 0x00, 0x00, 0x00, 0x00, 0x00, 0x00,
	0x00, 0x00, 0x00, 0x00, 0x00, 0x00, 0x00, 0x00,
	0x00, 0x00, 0x00, 0x00, 0x00, 0x00, 0x00, 0x00,
	0x00, 0x00, 0x00, 0x00, 0x00, 0x00, 0x00, 0x00,
	0x00, 0x00, 0x00, 0x00, 0x00, 0x00, 0x00, 0x00,
	0x00, 0x00, 0x00, 0x00, 0x00, 0x00, 0x00, 0x00,
	0x00, 0x00, 0x00, 0x00, 0x00, 0x00, 0x00, 0x00,
	0x00, 0x00, 0x00, 0x00, 0x00, 0x00, 0x00, 0x00,
	0x00, 0x00, 0x00, 0x00, 0x00, 0x00, 0x00, 0x00,
	0x00, 0x00, 0x00, 0x00, 0x00, 0x00, 0x00, 0x00,
	0x00, 0x00, 0x00, 0x00, 0x00, 0x00, 0x00, 0x00,
	0x00, 0x00, 0x00, 0x00, 0x00, 0x00, 0x00, 0x00,
	0x00, 0x00, 0x00, 0x00, 0x00, 0x00, 0x00, 0x00,
	0x00, 0x00, 0x00, 0x00, 0x00, 0x00, 0x00, 0x00,
	0x00, 0x00, 0x00, 0x00, 0x00, 0x00, 0x00, 0x00,
	0x00, 0x00, 0x00, 0x00, 0x00, 0x00, 0x00, 0x00,
	0x00, 0x00, 0x00, 0x00, 0x00, 0x00, 0x00, 0x00,
	0x00, 0x00, 0x00, 0x00, 0x00, 0x00, 0x00, 0x00,
	0x00, 0x00, 0x00, 0x00, 0x00, 0x00, 0x00, 0x00,
	0x00, 0x00, 0x00, 0x00, 0x00, 0x00, 0x00, 0x00,
	0x00, 0x00, 0x00, 0x00, 0x00, 0x00, 0x00, 0x00,
	0x00, 0x00, 0x00, 0x00, 0x00, 0x00, 0x00, 0x00,
	0x00, 0x00, 0x00, 0x00, 0x00, 0x00, 0x00, 0x00,
	0x00, 0x00, 0x00, 0x00, 0x00, 0x00, 0x00, 0x00,
	0x00, 0x00, 0x00, 0x00, 0x00, 0x00, 0x00, 0x00,
	0x00, 0x00, 0x00, 0x00, 0x00, 0x00, 0x00, 0x00,
	0x00, 0x00, 0x00, 0x00, 0x00, 0x00, 0x00, 0x00,
	0x00, 0x00, 0x00, 0x00, 0x00, 0x00, 0x00, 0x00,
	0x00, 0x00, 0x00, 0x00, 0x00, 0x00, 0x00, 0x00,
	0x00, 0x00, 0x00, 0x00, 0x00, 0x00, 0x00, 0x00,
	0x00, 0x00, 0x00, 0x00, 0x00, 0x00, 0x00, 0x00,
	0x00, 0x00, 0x00, 0x00, 0x00, 0x00, 0x00, 0x00,
	0x00, 0x00, 0x00, 0x00, 0x00, 0x00, 0x00, 0x00,
	0x00, 0x00, 0x00, 0x00, 0x00, 0x00, 0x00, 0x00,
	0x00, 0x00, 0x00, 0x00, 0x00, 0x00, 0x00, 0x00,
	0x00, 0x00, 0x00, 0x00, 0x00, 0x00, 0x00, 0x00,
	0x00, 0x00, 0x00, 0x00, 0x00, 0x00, 0x00, 0x00,
	0x00, 0x00, 0x00, 0x00, 0x00, 0x00, 0x00, 0x00,
	0x00, 0x00, 0x00, 0x00, 0x00, 0x00, 0x00, 0x00,
	0x00, 0x00, 0x00, 0x00, 0x00, 0x00, 0x00, 0x00,
	0x00, 0x00, 0x00, 0x00, 0x00, 0x00, 0x00, 0x00,
	0x00, 0x00, 0x00, 0x00, 0x00, 0x00, 0x00, 0x00,
	0x00, 0x00, 0x00, 0x00, 0x00, 0x00, 0x00, 0x00,
	0x00, 0x00, 0x00, 0x00, 0x00, 0x00, 0x00, 0x00,
	0x00, 0x00, 0x00, 0x00, 0x00, 0x00, 0x00, 0x00,
	0x00, 0x00, 0x00, 0x00, 0x00, 0x00, 0x00, 0x00,
	0x00, 0x00, 0x00, 0x00, 0x00, 0x00, 0x00, 0x00,
	0x00, 0x00, 0x00, 0x00, 0x00, 0x00, 0x00, 0x00,
	0x00, 0x00, 0x00, 0x00, 0x00, 0x00, 0x00, 0x00,
	0x00, 0x00, 0x00, 0x00, 0x00, 0x00, 0x00, 0x00,
	0x00, 0x00, 0x00, 0x00, 0x00, 0x00, 0x00, 0x00,
	0x00, 0x00, 0x00, 0x00, 0x00, 0x00, 0x00, 0x00,
	0x00, 0x00, 0x00, 0x00, 0x00, 0x00, 0x00, 0x00,
	0x00, 0x00, 0x00, 0x00, 0x00, 0x00, 0x00, 0x00,
	0x00, 0x00, 0x00, 0x00, 0x00, 0x00, 0x00, 0x00,
	0x00, 0x00, 0x00, 0x00, 0x00, 0x00, 0x00, 0x00,
	0x00, 0x00, 0x00, 0x00, 0x00, 0x00, 0x00, 0x00,
	0x00, 0x00, 0x00, 0x00, 0x00, 0x00, 0x00, 0x00,
	0x00, 0x00, 0x00, 0x00, 0x00, 0x00, 0x00, 0x00,
	0x00, 0x00, 0x00, 0x00, 0x00, 0x00, 0x00, 0x00,
	0x00, 0x00, 0x00, 0x00, 0x00, 0x00, 0x00, 0x00,
	0x00, 0x00, 0x00, 0x00, 0x00, 0x00, 0x00, 0x00,
	0x00, 0x00, 0x00, 0x00, 0x00, 0x00, 0x00, 0x00,
	0x00, 0x00, 0x00, 0x00, 0x00, 0x00, 0x00, 0x00,
	0x00, 0x00, 0x00, 0x00, 0x00, 0x00, 0x00, 0x00,
	0x00, 0x00, 0x00, 0x00, 0x00, 0x00, 0x00, 0x00,
	0x00, 0x00, 0x00, 0x00, 0x00, 0x00, 0x00, 0x00,
	0x00, 0x00, 0x00, 0x00, 0x00, 0x00, 0x00, 0x00,
	0x00, 0x00, 0x00, 0x00, 0x00, 0x00, 0x00, 0x00,
	0x00, 0x00, 0x00, 0x00, 0x00, 0x00, 0x00, 0x00,
	0x00, 0x00, 0x00, 0x00, 0x00, 0x00, 0x00, 0x00,
	0x00, 0x00, 0x00, 0x00, 0x00, 0x00, 0x00, 0x00,
	0x00, 0x00, 0x00, 0x00, 0x00, 0x00, 0x00, 0x00,
	0x00, 0x00, 0x00, 0x00, 0x00, 0x00, 0x00, 0x00,
	0x00, 0x00, 0x00, 0x00, 0x00, 0x00, 0x00, 0x00,
	0x00, 0x00, 0x00, 0x00, 0x00, 0x00, 0x00, 0x00,
	0x00, 0x00, 0x00, 0x00, 0x00, 0x00, 0x00, 0x00,
	0x00, 0x00, 0x00, 0x00, 0x00, 0x00, 0x00, 0x00,
	0x00, 0x00, 0x00, 0x00, 0x00, 0x00, 0x00, 0x00,
	0x00, 0x00, 0x00, 0x00, 0x00, 0x00, 0x00, 0x00,
	0x00, 0x00, 0x00, 0x00, 0x00, 0x00, 0x00, 0x00,
	0x00, 0x00, 0x00, 0x00, 0x00, 0x00, 0x00, 0x00,
	0x00, 0x00, 0x00, 0x00, 0x00, 0x00, 0x00, 0x00,
	0x00, 0x00, 0x00, 0x00, 0x00, 0x00, 0x00, 0x00,
	0x00, 0x00, 0x00, 0x00, 0x00, 0x00, 0x00, 0x00,
	0x00, 0x00, 0x00, 0x00, 0x00, 0x00, 0x00, 0x00,
	0x00, 0x00, 0x00, 0x00, 0x00, 0x00, 0x00, 0x00,
	0x00, 0x00, 0x00, 0x00, 0x00, 0x00, 0x00, 0x00,
	0x00, 0x00, 0x00, 0x00, 0x00, 0x00, 0x00, 0x00,
	0x00, 0x00, 0x00, 0x00, 0x00, 0x00, 0x00, 0x00,
	0x00, 0x00, 0x00, 0x00, 0x00, 0x00, 0x00, 0x00,
	0x00, 0x00, 0x00, 0x00, 0x00, 0x00, 0x00, 0x00,
	0x00, 0x00, 0x00, 0x00, 0x00, 0x00, 0x00, 0x00,
	0x00, 0x00, 0x00, 0x00, 0x00, 0x00, 0x00, 0x00,
	0x00, 0x00, 0x00, 0x00, 0x00, 0x00, 0x00, 0x00,
	0x00, 0x00, 0x00, 0x00, 0x00, 0x00, 0x00, 0x00,
	0x00, 0x00, 0x00, 0x00, 0x00, 0x00, 0x00, 0x00,
	0x00, 0x00, 0x00, 0x00, 0x00, 0x00, 0x00, 0x00,
	0x00, 0x00, 0x00, 0x00, 0x00, 0x00, 0x00, 0x00,
	0x00, 0x00, 0x00, 0x00, 0x00, 0x00, 0x00, 0x00,
	0x00, 0x00, 0x00, 0x00, 0x00, 0x00, 0x00, 0x00,
	0x00, 0x00, 0x00, 0x00, 0x00, 0x00, 0x00, 0x00,
	0x00, 0x00, 0x00, 0x00, 0x00, 0x00, 0x00, 0x00,
	0x00, 0x00, 0x00, 0x00, 0x00, 0x00, 0x00, 0x00,
	0x00, 0x00, 0x00, 0x00, 0x00, 0x00, 0x00, 0x00,
	0x00, 0x00, 0x00, 0x00, 0x00, 0x00, 0x00, 0x00,
	0x00, 0x00, 0x00, 0x00, 0x00, 0x00, 0x00, 0x00,
	0x00, 0x00, 0x00, 0x00, 0x00, 0x00, 0x00, 0x00,
	0x00, 0x00, 0x00, 0x00, 0x00, 0x00, 0x00, 0x00,
	0x00, 0x00, 0x00, 0x00, 0x00, 0x00, 0x00, 0x00,
	0x00, 0x00, 0x00, 0x00, 0x00, 0x00, 0x00, 0x00,
	0x00, 0x00, 0x00, 0x00, 0x00, 0x00, 0x00, 0x00,
	0x00, 0x00, 0x00, 0x00, 0x00, 0x00, 0x00, 0x00,
	0x00, 0x00, 0x00, 0x00, 0x00, 0x00, 0x00, 0x00,
	0x00, 0x00, 0x00, 0x00, 0x00, 0x00, 0x00, 0x00,
	0x00, 0x00, 0x00, 0x00, 0x00, 0x00, 0x00, 0x00,
	0x00, 0x00, 0x00, 0x00, 0x00, 0x00, 0x00, 0x00,
	0x00, 0x00, 0x00, 0x00, 0x00, 0x00, 0x00, 0x00,
	0x00, 0x00, 0x00, 0x00, 0x00, 0x00, 0x00, 0x00,
	0x00, 0x00, 0x00, 0x00, 0x00, 0x00, 0x00, 0x00,
	0x00, 0x00, 0x00, 0x00, 0x00, 0x00, 0x00, 0x00,
	0x00, 0x00, 0x00, 0x00, 0x00, 0x00, 0x00, 0x00,
	0x00, 0x00, 0x00, 0x00, 0x00, 0x00, 0x00, 0x00,
	0x00, 0x00, 0x00, 0x00, 0x00, 0x00, 0x00, 0x00,
	0x00, 0x00, 0x00, 0x00, 0x00, 0x00, 0x00, 0x00,
	0x00, 0x00, 0x00, 0x00, 0x00, 0x00, 0x00, 0x00,
	0x00, 0x00, 0x00, 0x00, 0x00, 0x00, 0x00, 0x00,
	0x00, 0x00, 0x00, 0x00, 0x00, 0x00, 0x00, 0x00,
	0x00, 0x00, 0x00, 0x00, 0x00, 0x00, 0x00, 0x00,
	0x00, 0x00, 0x00, 0x00, 0x00, 0x00, 0x00, 0x00,
	0x00, 0x00, 0x00, 0x00, 0x00, 0x00, 0x00, 0x00,
	0x00, 0x00, 0x00, 0x00, 0x00, 0x00, 0x00, 0x00,
	0x00, 0x00, 0x00, 0x00, 0x00, 0x00, 0x00, 0x00,
	0x00, 0x00, 0x00, 0x00, 0x00, 0x00, 0x00, 0x00,
	0x00, 0x00, 0x00, 0x00, 0x00, 0x00, 0x00, 0x00,
	0x00, 0x00, 0x00, 0x00, 0x00, 0x00, 0x00, 0x00,
	0x00, 0x00, 0x00, 0x00, 0x00, 0x00, 0x00, 0x00,
	0x00, 0x00, 0x00, 0x00, 0x00, 0x00, 0x00, 0x00,
	0x00, 0x00, 0x00, 0x00, 0x00, 0x00, 0x00, 0x00,
	0x00, 0x00, 0x00, 0x00, 0x00, 0x00, 0x00, 0x00,
	0x00, 0x00, 0x00, 0x00, 0x00, 0x00, 0x00, 0x00,
	0x00, 0x00, 0x00, 0x00, 0x00, 0x00, 0x00, 0x00,
	0x00, 0x00, 0x00, 0x00, 0x00, 0x00, 0x00, 0x00,
	0x00, 0x00, 0x00, 0x00, 0x00, 0x00, 0x00, 0x00,
	0x00, 0x00, 0x00, 0x00, 0x00, 0x00, 0x00, 0x00,
	0x00, 0x00, 0x00, 0x00, 0x00, 0x00, 0x00, 0x00,
	0x00, 0x00, 0x00, 0x00, 0x00, 0x00, 0x00, 0x00,
	0x00, 0x00, 0x00, 0x00, 0x00, 0x00, 0x00, 0x00,
	0x00, 0x00, 0x00, 0x00, 0x00, 0x00, 0x00, 0x00,
	0x00, 0x00, 0x00, 0x00, 0x00, 0x00, 0x00, 0x00,
	0x00, 0x00, 0x00, 0x00, 0x00, 0x00, 0x00, 0x00,
	0x00, 0x00, 0x00, 0x00, 0x00, 0x00, 0x00, 0x00,
	0x00, 0x00, 0x00, 0x00, 0x00, 0x00, 0x00, 0x00,
	0x00, 0x00, 0x00, 0x00, 0x00, 0x00, 0x00, 0x00,
	0x00, 0x00, 0x00, 0x00, 0x00, 0x00, 0x00, 0x00,
	0x00, 0x00, 0x00, 0x00, 0x00, 0x00, 0x00, 0x00,
	0x00, 0x00, 0x00, 0x00, 0x00, 0x00, 0x00, 0x00,
	0x00, 0x00, 0x00, 0x00, 0x00, 0x00, 0x00, 0x00,
	0x00, 0x00, 0x00, 0x00, 0x00, 0x00, 0x00, 0x00,
	0x00, 0x00, 0x00, 0x00, 0x00, 0x00, 0x00, 0x00,
	0x00, 0x00, 0x00, 0x00, 0x00, 0x00, 0x00, 0x00,
	0x00, 0x00, 0x00, 0x00, 0x00, 0x00, 0x00, 0x00,
	0x00, 0x00, 0x00, 0x00, 0x00, 0x00, 0x00, 0x00,
	0x00, 0x00, 0x00, 0x00, 0x00, 0x00, 0x00, 0x00,
	0x00, 0x00, 0x00, 0x00, 0x00, 0x00, 0x00, 0x00,
	0x00, 0x00, 0x00, 0x00, 0x00, 0x00, 0x00, 0x00,
	0x00, 0x00, 0x00, 0x00, 0x00, 0x00, 0x00, 0x00,
	0x00, 0x00, 0x00, 0x00, 0x00, 0x00, 0x00, 0x00,
	0x00, 0x00, 0x00, 0x00, 0x00, 0x00, 0x00, 0x00,
	0x00, 0x00, 0x00, 0x00, 0x00, 0x00, 0x00, 0x00,
	0x00, 0x00, 0x00, 0x00, 0x00, 0x00, 0x00, 0x00,
	0x00, 0x00, 0x00, 0x00, 0x00, 0x00, 0x00, 0x00,
	0x00, 0x00, 0x00, 0x00, 0x00, 0x00, 0x00, 0x00,
	0x00, 0x00, 0x00, 0x00, 0x00, 0x00, 0x00, 0x00,
	0x00, 0x00, 0x00, 0x00, 0x00, 0x00, 0x00, 0x00,
	0x00, 0x00, 0x00, 0x00, 0x00, 0x00, 0x00, 0x00,
	0x00, 0x00, 0x00, 0x00, 0x00, 0x00, 0x00, 0x00,
	0x00, 0x00, 0x00, 0x00, 0x00, 0x00, 0x00, 0x00,
	0x00, 0x00, 0x00, 0x00, 0x00, 0x00, 0x00, 0x00,
	0x00, 0x00, 0x00, 0x00, 0x00, 0x00, 0x00, 0x00,
	0x00, 0x00, 0x00, 0x00, 0x00, 0x00, 0x00, 0x00,
	0x00, 0x00, 0x00, 0x00, 0x00, 0x00, 0x00, 0x00,
	0x00, 0x00, 0x00, 0x00, 0x00, 0x00, 0x00, 0x00,
	0x00, 0x00, 0x00, 0x00, 0x00, 0x00, 0x00, 0x00,
	0x00, 0x00, 0x00, 0x00, 0x00, 0x00, 0x00, 0x00,
	0x00, 0x00, 0x00, 0x00, 0x00, 0x00, 0x00, 0x00,
	0x00, 0x00, 0x00, 0x00, 0x00, 0x00, 0x00, 0x00,
	0x00, 0x00, 0x00, 0x00, 0x00, 0x00, 0x00, 0x00,
	0x00, 0x00, 0x00, 0x00, 0x00, 0x00, 0x00, 0x00,
	0x00, 0x00, 0x00, 0x00, 0x00, 0x00, 0x00, 0x00,
	0x00, 0x00, 0x00, 0x00, 0x00, 0x00, 0x00, 0x00,
	0x00, 0x00, 0x00, 0x00, 0x00, 0x00, 0x00, 0x00,
	0x00, 0x00, 0x00, 0x00, 0x00, 0x00, 0x00, 0x00,
	0x00, 0x00, 0x00, 0x00, 0x00, 0x00, 0x00, 0x00,
	0x00, 0x00, 0x00, 0x00, 0x00, 0x00, 0x00, 0x00,
	0x00, 0x00, 0x00, 0x00, 0x00, 0x00, 0x00, 0x00,
	0x00, 0x00, 0x00, 0x00, 0x00, 0x00, 0x00, 0x00,
	0x00, 0x00, 0x00, 0x00, 0x00, 0x00, 0x00, 0x00,
	0x00, 0x00, 0x00, 0x00, 0x00, 0x00, 0x00, 0x00,
	0x00, 0x00, 0x00, 0x00, 0x00, 0x00, 0x00, 0x00,
	0x00, 0x00, 0x00, 0x00, 0x00, 0x00, 0x00, 0x00,
	0x00, 0x00, 0x00, 0x00, 0x00, 0x00, 0x00, 0x00,
	0x00, 0x00, 0x00, 0x00, 0x00, 0x00, 0x00, 0x00,
	0x00, 0x00, 0x00, 0x00, 0x00, 0x00, 0x00, 0x00,
	0x00, 0x00, 0x00, 0x00, 0x00, 0x00, 0x00, 0x00,
	0x00, 0x00, 0x00, 0x00, 0x00, 0x00, 0x00, 0x00,
	0x00, 0x00, 0x00, 0x00, 0x00, 0x00, 0x00, 0x00,
	0x00, 0x00, 0x00, 0x00, 0x00, 0x00, 0x00, 0x00,
	0x00, 0x00, 0x00, 0x00, 0x00, 0x00, 0x00, 0x00,
	0x00, 0x00, 0x00, 0x00, 0x00, 0x00, 0x00, 0x00,
	0x00, 0x00, 0x00, 0x00, 0x00, 0x00, 0x00, 0x00,
	0x00, 0x00, 0x00, 0x00, 0x00, 0x00, 0x00, 0x00,
	0x00, 0x00, 0x00, 0x00, 0x00, 0x00, 0x00, 0x00,
	0x00, 0x00, 0x00, 0x00, 0x00, 0x00, 0x00, 0x00,
	0x00, 0x00, 0x00, 0x00, 0x00, 0x00, 0x00, 0x00,
	0x00, 0x00, 0x00, 0x00, 0x00, 0x00, 0x00, 0x00,
	0x00, 0x00, 0x00, 0x00, 0x00, 0x00, 0x00, 0x00,
	0x00, 0x00, 0x00, 0x00, 0x00, 0x00, 0x00, 0x00,
	0x00, 0x00, 0x00, 0x00, 0x00, 0x00, 0x00, 0x00,
	0x00, 0x00, 0x00, 0x00, 0x00, 0x00, 0x00, 0x00,
	0x00, 0x00, 0x00, 0x00, 0x00, 0x00, 0x00, 0x00,
	0x00, 0x00, 0x00, 0x00, 0x00, 0x00, 0x00, 0x00,
	0x00, 0x00, 0x00, 0x00, 0x00, 0x00, 0x00, 0x00,
	0x00, 0x00, 0x00, 0x00, 0x00, 0x00, 0x00, 0x00,
	0x00, 0x00, 0x00, 0x00, 0x00, 0x00, 0x00, 0x00,
	0x00, 0x00, 0x00, 0x00, 0x00, 0x00, 0x00, 0x00,
	0x00, 0x00, 0x00, 0x00, 0x00, 0x00, 0x00, 0x00,
	0x00, 0x00, 0x00, 0x00, 0x00, 0x00, 0x00, 0x00,
	0x00, 0x00, 0x00, 0x00, 0x00, 0x00, 0x00, 0x00,
	0x00, 0x00, 0x00, 0x00, 0x00, 0x00, 0x00, 0x00,
	0x00, 0x00, 0x00, 0x00, 0x00, 0x00, 0x00, 0x00,
	0x00, 0x00, 0x00, 0x00, 0x00, 0x00, 0x00, 0x00,
	0x00, 0x00, 0x00, 0x00, 0x00, 0x00, 0x00, 0x00,
	0x00, 0x00, 0x00, 0x00, 0x00, 0x00, 0x00, 0x00,
	0x00, 0x00, 0x00, 0x00, 0x00, 0x00, 0x00, 0x00,
	0x00, 0x00, 0x00, 0x00, 0x00, 0x00, 0x00, 0x00,
	0x00, 0x00, 0x00, 0x00, 0x00, 0x00, 0x00, 0x00,
	0x00, 0x00, 0x00, 0x00, 0x00, 0x00, 0x00, 0x00,
	0x00, 0x00, 0x00, 0x00, 0x00, 0x00, 0x00, 0x00,
	0x00, 0x00, 0x00, 0x00, 0x00, 0x00, 0x00, 0x00,
	0x00, 0x00, 0x00, 0x00, 0x00, 0x00, 0x00, 0x00,
	0x00, 0x00, 0x00, 0x00, 0x00, 0x00, 0x00, 0x00,
	0x00, 0x00, 0x00, 0x00, 0x00, 0x00, 0x00, 0x00,
	0x00, 0x00, 0x00, 0x00, 0x00, 0x00, 0x00, 0x00,
	0x00, 0x00, 0x00, 0x00, 0x00, 0x00, 0x00, 0x00,
	0x00, 0x00, 0x00, 0x00, 0x00, 0x00, 0x00, 0x00,
	0x00, 0x00, 0x00, 0x00, 0x00, 0x00, 0x00, 0x00,
	0x00, 0x00, 0x00, 0x00, 0x00, 0x00, 0x00, 0x00,
	0x00, 0x00, 0x00, 0x00, 0x00, 0x00, 0x00, 0x00,
	0x00, 0x00, 0x00, 0x00, 0x00, 0x00, 0x00, 0x00,
	0x00, 0x00, 0x00, 0x00, 0x00, 0x00, 0x00, 0x00,
	0x00, 0x00, 0x00, 0x00, 0x00, 0x00, 0x00, 0x00,
	0x00, 0x00, 0x00, 0x00, 0x00, 0x00, 0x00, 0x00,
	0x00, 0x00, 0x00, 0x00, 0x00, 0x00, 0x00, 0x00,
	0x00, 0x00, 0x00, 0x00, 0x00, 0x00, 0x00, 0x00,
	0x00, 0x00, 0x00, 0x00, 0x00, 0x00, 0x00, 0x00,
	0x00, 0x00, 0x00, 0x00, 0x00, 0x00, 0x00, 0x00,
	0x00, 0x00, 0x00, 0x00, 0x00, 0x00, 0x00, 0x00,
	0x00, 0x00, 0x00, 0x00, 0x00, 0x00, 0x00, 0x00,
	0x00, 0x00, 0x00, 0x00, 0x00, 0x00, 0x00, 0x00,
	0x00, 0x00, 0x00, 0x00, 0x00, 0x00, 0x00, 0x00,
	0x00, 0x00, 0x00, 0x00, 0x00, 0x00, 0x00, 0x00,
	0x00, 0x00, 0x00, 0x00, 0x00, 0x00, 0x00, 0x00,
	0x00, 0x00, 0x00, 0x00, 0x00, 0x00, 0x00, 0x00,
	0x00, 0x00, 0x00, 0x00, 0x00, 0x00, 0x00, 0x00,
	0x00, 0x00, 0x00, 0x00, 0x00, 0x00, 0x00, 0x00,
	0x00, 0x00, 0x00, 0x00, 0x00, 0x00, 0x00, 0x00,
	0x00, 0x00, 0x00, 0x00, 0x00, 0x00, 0x00, 0x00,
	0x00, 0x00, 0x00, 0x00, 0x00, 0x00, 0x00, 0x00,
	0x00, 0x00, 0x00, 0x00, 0x00, 0x00, 0x00, 0x00,
	0x00, 0x00, 0x00, 0x00, 0x00, 0x00, 0x00, 0x00,
	0x00, 0x00, 0x00, 0x00, 0x00, 0x00, 0x00, 0x00,
	0x00, 0x00, 0x00, 0x00, 0x00, 0x00, 0x00, 0x00,
	0x00, 0x00, 0x00, 0x00, 0x00, 0x00, 0x00, 0x00,
	0x00, 0x00, 0x00, 0x00, 0x00, 0x00, 0x00, 0x00,
	0x00, 0x00, 0x00, 0x00, 0x00, 0x00, 0x00, 0x00,
	0x00, 0x00, 0x00, 0x00, 0x00, 0x00, 0x00, 0x00,
	0x00, 0x00, 0x00, 0x00, 0x00, 0x00, 0x00, 0x00,
	0x00, 0x00, 0x00, 0x00, 0x00, 0x00, 0x00, 0x00,
	0x00, 0x00, 0x00, 0x00, 0x00, 0x00, 0x00, 0x00,
	0x00, 0x00, 0x00, 0x00, 0x00, 0x00, 0x00, 0x00,
	0x00, 0x00, 0x00, 0x00, 0x00, 0x00, 0x00, 0x00,
	0x00, 0x00, 0x00, 0x00, 0x00, 0x00, 0x00, 0x00,
	0x00, 0x00, 0x00, 0x00, 0x00, 0x00, 0x00, 0x00,
	0x00, 0x00, 0x00, 0x00, 0x00, 0x00, 0x00, 0x00,
	0x00, 0x00, 0x00, 0x00, 0x00, 0x00, 0x00, 0x00,
	0x00, 0x00, 0x00, 0x00, 0x00, 0x00, 0x00, 0x00,
	0x00, 0x00, 0x00, 0x00, 0x00, 0x00, 0x00, 0x00,
	0x00, 0x00, 0x00, 0x00, 0x00, 0x00, 0x00, 0x00,
	0x00, 0x00, 0x00, 0x00, 0x00, 0x00, 0x00, 0x00,
	0x00, 0x00, 0x00, 0x00, 0x00, 0x00, 0x00, 0x00,
	0x00, 0x00, 0x00, 0x00, 0x00, 0x00, 0x00, 0x00,
	0x00, 0x00, 0x00, 0x00, 0x00, 0x00, 0x00, 0x00,
	0x00, 0x00, 0x00, 0x00, 0x00, 0x00, 0x00, 0x00,
	0x00, 0x00, 0x00, 0x00, 0x00, 0x00, 0x00, 0x00,
	0x00, 0x00, 0x00, 0x00, 0x00, 0x00, 0x00, 0x00,
	0x00, 0x00, 0x00, 0x00, 0x00, 0x00, 0x00, 0x00,
	0x00, 0x00, 0x00, 0x00, 0x00, 0x00, 0x00, 0x00,
	0x00, 0x00, 0x00, 0x00, 0x00, 0x00, 0x00, 0x00,
	0x00, 0x00, 0x00, 0x00, 0x00, 0x00, 0x00, 0x00,
	0x00, 0x00, 0x00, 0x00, 0x00, 0x00, 0x00, 0x00,
	0x00, 0x00, 0x00, 0x00, 0x00, 0x00, 0x00, 0x00,
	0x00, 0x00, 0x00, 0x00, 0x00, 0x00, 0x00, 0x00,
	0x00, 0x00, 0x00, 0x00, 0x00, 0x00, 0x00, 0x00,
	0x00, 0x00, 0x00, 0x00, 0x00, 0x00, 0x00, 0x00,
	0x00, 0x00, 0x00, 0x00, 0x00, 0x00, 0x00, 0x00,
	0x00, 0x00, 0x00, 0x00, 0x00, 0x00, 0x00, 0x00,
	0x00, 0x00, 0x00, 0x00, 0x00, 0x00, 0x00, 0x00,
	0x00, 0x00, 0x00, 0x00, 0x00, 0x00, 0x00, 0x00,
	0x00, 0x00, 0x00, 0x00, 0x00, 0x00, 0x00, 0x00,
	0x00, 0x00, 0x00, 0x00, 0x00, 0x00, 0x00, 0x00,
	0x00, 0x00, 0x00, 0x00, 0x00, 0x00, 0x00, 0x00,
	0x00, 0x00, 0x00, 0x00, 0x00, 0x00, 0x00, 0x00,
	0x00, 0x00, 0x00, 0x00, 0x00, 0x00, 0x00, 0x00,
	0x00, 0x00, 0x00, 0x00, 0x00, 0x00, 0x00, 0x00,
	0x00, 0x00, 0x00, 0x00, 0x00, 0x00, 0x00, 0x00,
	0x00, 0x00, 0x00, 0x00, 0x00, 0x00, 0x00, 0x00,
	0x00, 0x00, 0x00, 0x00, 0x00, 0x00, 0x00, 0x00,
	0x00, 0x00, 0x00, 0x00, 0x00, 0x00, 0x00, 0x00,
	0x00, 0x00, 0x00, 0x00, 0x00, 0x00, 0x00, 0x00,
	0x00, 0x00, 0x00, 0x00, 0x00, 0x00, 0x00, 0x00,
	0x00, 0x00, 0x00, 0x00, 0x00, 0x00, 0x00, 0x00,
	0x00, 0x00, 0x00, 0x00, 0x00, 0x00, 0x00, 0x00,
	0x00, 0x00, 0x00, 0x00, 0x00, 0x00, 0x00, 0x00,
	0x00, 0x00, 0x00, 0x00, 0x00, 0x00, 0x00, 0x00,
	0x00, 0x00, 0x00, 0x00, 0x00, 0x00, 0x00, 0x00,
	0x00, 0x00, 0x00, 0x00, 0x00, 0x00, 0x00, 0x00,
	0x00, 0x00, 0x00, 0x00, 0x00, 0x00, 0x00, 0x00,
	0x00, 0x00, 0x00, 0x00, 0x00, 0x00, 0x00, 0x00,
	0x00, 0x00, 0x00, 0x00, 0x00, 0x00, 0x00, 0x00,
	0x00, 0x00, 0x00, 0x00, 0x00, 0x00, 0x00, 0x00,
	0x00, 0x00, 0x00, 0x00, 0x00, 0x00, 0x00, 0x00,
	0x00, 0x00, 0x00, 0x00, 0x00, 0x00, 0x00, 0x00,
	0x00, 0x00, 0x00, 0x00, 0x00, 0x00, 0x00, 0x00,
	0x00, 0x00, 0x00, 0x00, 0x00, 0x00, 0x00, 0x00,
	0x00, 0x00, 0x00, 0x00, 0x00, 0x00, 0x00, 0x00,
	0x00, 0x00, 0x00, 0x00, 0x00, 0x00, 0x00, 0x00,
	0x00, 0x00, 0x00, 0x00, 0x00, 0x00, 0x00, 0x00,
	0x00, 0x00, 0x00, 0x00, 0x00, 0x00, 0x00, 0x00,
	0x00, 0x00, 0x00, 0x00, 0x00, 0x00, 0x00, 0x00,
	0x00, 0x00, 0x00, 0x00, 0x00, 0x00, 0x00, 0x00,
	0x00, 0x00, 0x00, 0x00, 0x00, 0x00, 0x00, 0x00,
	0x00, 0x00, 0x00, 0x00, 0x00, 0x00, 0x00, 0x00,
	0x00, 0x00, 0x00, 0x00, 0x00, 0x00, 0x00, 0x00,
	0x00, 0x00, 0x00, 0x00, 0x00, 0x00, 0x00, 0x00,
	0x00, 0x00, 0x00, 0x00, 0x00, 0x00, 0x00, 0x00,
	0x00, 0x00, 0x00, 0x00, 0x00, 0x00, 0x00, 0x00,
	0x00, 0x00, 0x00, 0x00, 0x00, 0x00, 0x00, 0x00,
	0x00, 0x00, 0x00, 0x00, 0x00, 0x00, 0x00, 0x00,
	0x00, 0x00, 0x00, 0x00, 0x00, 0x00, 0x00, 0x00,
	0x00, 0x00, 0x00, 0x00, 0x00, 0x00, 0x00, 0x00,
	0x00, 0x00, 0x00, 0x00, 0x00, 0x00, 0x00, 0x00,
	0x00, 0x00, 0x00, 0x00, 0x00, 0x00, 0x00, 0x00,
	0x00, 0x00, 0x00, 0x00, 0x00, 0x00, 0x00, 0x00,
	0x00, 0x00, 0x00, 0x00, 0x00, 0x00, 0x00, 0x00,
	0x00, 0x00, 0x00, 0x00, 0x00, 0x00, 0x00, 0x00,
	0x00, 0x00, 0x00, 0x00, 0x00, 0x00, 0x00, 0x00,
	0x00, 0x00, 0x00, 0x00, 0x00, 0x00, 0x00, 0x00,
	0x00, 0x00, 0x00, 0x00, 0x00, 0x00, 0x00, 0x00,
	0x00, 0x00, 0x00, 0x00, 0x00, 0x00, 0x00, 0x00,
	0x00, 0x00, 0x00, 0x00, 0x00, 0x00, 0x00, 0x00,
	0x00, 0x00, 0x00, 0x00, 0x00, 0x00, 0x00, 0x00,
	0x00, 0x00, 0x00, 0x00, 0x00, 0x00, 0x00, 0x00,
	0x00, 0x00, 0x00, 0x00, 0x00, 0x00, 0x00, 0x00,
	0x00, 0x00, 0x00, 0x00, 0x00, 0x00, 0x00, 0x00,
	0x00, 0x00, 0x00, 0x00, 0x00, 0x00, 0x00, 0x00,
	0x00, 0x00, 0x00, 0x00, 0x00, 0x00, 0x00, 0x00,
	0x00, 0x00, 0x00, 0x00, 0x00, 0x00, 0x00, 0x00,
	0xF8, 0xB5, 0x7D, 0x20, 0xC0, 0x00, 0x69, 0x46,
	0x08, 0x80, 0x08, 0x80, 0x69, 0x46, 0x0A, 0x88,
	0x53, 0x1E, 0x0B, 0x80, 0x00, 0x2A, 0xF9, 0xD1,
	0x1C, 0x49, 0x0B, 0x68, 0x1C, 0x4A, 0x13, 0x40,
	0x1C, 0x4C, 0x1B, 0x19, 0x0B, 0x60, 0x6B, 0x46,
	0x18, 0x80, 0x6B, 0x46, 0x1C, 0x88, 0x65, 0x1E,
	0x1D, 0x80, 0x00, 0x2C, 0xF9, 0xD1, 0x01, 0x25,
	0xEC, 0x02, 0x17, 0x4B, 0x1E, 0x68, 0xA6, 0x43,
	0x1E, 0x60, 0x16, 0x46, 0xFF, 0x36, 0x15, 0x4F,
	0x3A, 0x68, 0x32, 0x40, 0x1F, 0x26, 0x36, 0x02,
	0x16, 0x43, 0x3E, 0x60, 0x3A, 0x68, 0x2A, 0x43,
	0x3A, 0x60, 0x6A, 0x46, 0x10, 0x80, 0x6A, 0x46,
	0x15, 0x88, 0x6E, 0x1E, 0x16, 0x80, 0x00, 0x2D,
	0xF9, 0xD1, 0x1A, 0x68, 0x22, 0x43, 0x1A, 0x60,
	0x0A, 0x68, 0x07, 0x4B, 0x1A, 0x40, 0x0A, 0x60,
	0x69, 0x46, 0x08, 0x80, 0x68, 0x46, 0x01, 0x88,
	0x4A, 0x1E, 0x02, 0x80, 0x00, 0x29, 0xF9, 0xD1,
	0xF8, 0xBD, 0xC0, 0x46, 0xF8, 0x20, 0x01, 0x40,
	0x00, 0x00, 0xFF, 0xFF, 0x78, 0x56, 0x00, 0x00,
	0x14, 0x20, 0x01, 0x40, 0x30, 0xF8, 0x00, 0x40,
	0x79, 0x12, 0x00, 0x00, 0x00, 0x00, 0x00, 0x00,
	0x00, 0x00, 0x00, 0x00, 0x00, 0x00, 0x00, 0x00,
	0x00, 0x00, 0x00, 0x00, 0x00, 0x00, 0x00, 0x00,
	0x00, 0x00, 0x00, 0x00, 0x00, 0x00, 0x00, 0x00,
	0x00, 0x00, 0x00, 0x00, 0x00, 0x00, 0x00, 0x00,
	0x00, 0x00, 0x00, 0x00, 0x00, 0x00, 0x00, 0x00,
	0x00, 0x00, 0x00, 0x00, 0x00, 0x00, 0x00, 0x00,
	0x00, 0x00, 0x00, 0x00, 0x00, 0x00, 0x00, 0x00,
	0x00, 0x00, 0x00, 0x00, 0x00, 0x00, 0x00, 0x00,
	0x00, 0x00, 0x00, 0x00, 0x00, 0x00, 0x00, 0x00,
	0x00, 0x00, 0x00, 0x00, 0x00, 0x00, 0x00, 0x00,
	0x00, 0x00, 0x00, 0x00, 0x00, 0x00, 0x00, 0x00,
	0x00, 0x00, 0x00, 0x00, 0x00, 0x00, 0x00, 0x00,
	0x00, 0x00, 0x00, 0x00, 0x00, 0x00, 0x00, 0x00,
	0x00, 0x00, 0x00, 0x00, 0x00, 0x00, 0x00, 0x00,
	0x00, 0x00, 0x00, 0x00, 0x00, 0x00, 0x00, 0x00,
	0x00, 0x00, 0x00, 0x00, 0x00, 0x00, 0x00, 0x00,
	0x00, 0x00, 0x00, 0x00, 0x00, 0x00, 0x00, 0x00,
	0x00, 0x00, 0x00, 0x00, 0x00, 0x00, 0x00, 0x00,
	0x00, 0x00, 0x00, 0x00, 0x00, 0x00, 0x00, 0x00,
	0x00, 0x00, 0x00, 0x00, 0x00, 0x00, 0x00, 0x00,
	0x00, 0x00, 0x00, 0x00, 0x00, 0x00, 0x00, 0x00,
	0x00, 0x00, 0x00, 0x00, 0x00, 0x00, 0x00, 0x00,
	0x00, 0x00, 0x00, 0x00, 0x00, 0x00, 0x00, 0x00,
	0x00, 0x00, 0x00, 0x00, 0x00, 0x00, 0x00, 0x00,
	0x00, 0x00, 0x00, 0x00, 0x00, 0x00, 0x00, 0x00,
	0x00, 0x00, 0x00, 0x00, 0x00, 0x00, 0x00, 0x00,
	0x00, 0x00, 0x00, 0x00, 0x00, 0x00, 0x00, 0x00,
	0x00, 0x00, 0x00, 0x00, 0x00, 0x00, 0x00, 0x00,
	0x00, 0x00, 0x00, 0x00, 0x00, 0x00, 0x00, 0x00,
	0x00, 0x00, 0x00, 0x00, 0x00, 0x00, 0x00, 0x00,
	0x00, 0x00, 0x00, 0x00, 0x00, 0x00, 0x00, 0x00,
	0x00, 0x00, 0x00, 0x00, 0x00, 0x00, 0x00, 0x00,
	0x00, 0x00, 0x00, 0x00, 0x00, 0x00, 0x00, 0x00,
	0x00, 0x00, 0x00, 0x00, 0x00, 0x00, 0x00, 0x00,
	0x00, 0x00, 0x00, 0x00, 0x00, 0x00, 0x00, 0x00,
	0x00, 0x00, 0x00, 0x00, 0x00, 0x00, 0x00, 0x00,
	0x00, 0x00, 0x00, 0x00, 0x00, 0x00, 0x00, 0x00,
	0x00, 0x00, 0x00, 0x00, 0x00, 0x00, 0x00, 0x00,
	0x00, 0x00, 0x00, 0x00, 0x00, 0x00, 0x00, 0x00,
	0x00, 0x00, 0x00, 0x00, 0x00, 0x00, 0x00, 0x00,
	0x00, 0x00, 0x00, 0x00, 0x00, 0x00, 0x00, 0x00,
	0x00, 0x00, 0x00, 0x00, 0x00, 0x00, 0x00, 0x00,
	0x00, 0x00, 0x00, 0x00, 0x00, 0x00, 0x00, 0x00,
};


#endif
